t,start,end,cause,vn,ws,ue,rain,blh_max,blh_before,rh,hour,south_before,south_after
2013-12-08 16:00:00,310.9,107.1,north wind,4.094453728751369,5.1253846153846165,-2.905596256455368,0.0,1230.0,46.42857142857143,46.0,16,,
2013-12-10 16:00:00,69.1,8.8,north wind,5.229204366461075,7.5976923076923075,-5.184569874828341,0.0,2320.0,42.857142857142854,26.384615384615383,16,,
2013-12-12 06:00:00,66.7,21.9,north wind,4.8909566183085325,5.247692307692308,-1.3816357976850275,0.0,2160.0,32.142857142857146,32.46153846153846,6,,
2013-12-14 08:00:00,87.8,29.5,weak north wind,3.4565502871226013,3.6923076923076925,0.16774957390300246,0.0,1175.0,25.0,30.53846153846154,8,,
2013-12-17 09:00:00,190.5,65.6,weak north wind,2.730369338858843,3.548461538461538,2.245271587806442,0.0,1080.0,32.857142857142854,49.0,9,,
2013-12-25 17:00:00,280.3,91.1,north wind,5.084880973693542,6.496923076923077,-3.9661507914179928,0.0,1570.0,74.28571428571429,35.46153846153846,17,,
2013-12-31 12:00:00,99.7,37.7,lid lifted (daytime mixing),1.0991253796865499,5.694615384615385,-5.204917605256176,0.0,2510.0,32.857142857142854,25.46153846153846,12,,
2014-01-03 04:00:00,190.7,47.7,north wind,5.488730990256685,5.706153846153845,-1.3033377186603632,0.0,500.0,35.0,45.69230769230769,4,,
2014-01-05 12:00:00,126.8,47.1,weak north wind,1.903772476845455,3.4315384615384614,0.7556180863532512,0.0,965.0,35.714285714285715,47.30769230769231,12,,
2014-01-07 12:00:00,193.3,56.1,north wind,4.315995994641925,4.499230769230769,0.052493193600755994,0.0,1225.0,29.285714285714285,49.07692307692308,12,,
2014-01-12 00:00:00,174.4,52.8,north wind,3.8393139684681943,5.879999999999999,-2.330983552003301,0.0,225.0,377.85714285714283,35.38461538461539,0,,
2014-01-17 06:00:00,319.1,124.6,unclear,-0.7023722800563588,1.7530769230769228,0.5201372949587745,0.0,1080.0,92.14285714285714,83.3076923076923,6,,
2014-01-19 21:00:00,176.4,44.3,north wind,3.16759623734502,7.253846153846154,-5.479527373264452,0.0,1515.0,596.4285714285714,33.23076923076923,21,,
2014-01-24 15:00:00,223.8,87.3,north wind,4.927034353171384,5.099230769230768,0.32278971724193195,0.0,490.0,34.285714285714285,29.153846153846153,15,,
2014-01-27 18:00:00,136.7,44.7,north wind,4.078326249447071,4.823846153846154,-1.8967368904927433,0.0,770.0,156.42857142857142,29.0,18,,
2014-01-30 05:00:00,210.2,58.0,north wind,4.498686421316541,4.712307692307692,-1.093056371561893,0.0,825.0,30.714285714285715,49.69230769230769,5,,
2014-02-02 11:00:00,159.0,44.4,north wind,5.13177056157678,5.401538461538463,-0.3880123026167812,0.0,1795.0,79.28571428571429,49.53846153846154,11,,
2014-02-08 12:00:00,110.9,34.1,north wind,4.510139361060848,4.786153846153846,-0.932084457158503,0.0,2445.0,188.57142857142858,57.46153846153846,12,,
2014-02-19 12:00:00,87.3,23.9,lid lifted (daytime mixing),1.07601873607671,2.8330769230769235,0.45974795872028246,0.0,1950.0,46.42857142857143,45.30769230769231,12,,
2014-02-26 20:00:00,503.9,131.6,north wind,4.015140796925834,5.315384615384615,-2.7739732385397016,1.5000000000000002,755.0,367.14285714285717,69.84615384615384,20,,
2014-03-01 10:00:00,144.1,57.4,lid lifted (daytime mixing),1.9943880961883562,2.828461538461539,-1.8430250918137394,0.0,2400.0,20.714285714285715,45.38461538461539,10,,
2014-03-04 06:00:00,224.2,50.9,north wind,4.96746664932007,5.3476923076923075,-1.835114446297078,0.0,2905.0,72.85714285714286,50.07692307692308,6,,
2014-03-07 12:00:00,70.8,18.4,lid lifted (daytime mixing),1.3309126911977127,3.0007692307692304,1.057569789515738,0.0,1705.0,47.857142857142854,31.53846153846154,12,,
2014-03-09 02:00:00,170.9,63.3,unclear,1.0422336529761949,3.033846153846153,1.7833549921318788,0.0,100.0,684.2857142857143,54.46153846153846,2,,
2014-03-11 21:00:00,208.6,39.7,north wind,6.312346521982743,6.835384615384614,1.7575144824691586,0.0,1115.0,615.0,38.92307692307692,21,,
2014-03-17 13:00:00,143.6,53.4,north wind,5.151440352152779,7.933846153846153,-5.98014138117913,0.0,1960.0,22.857142857142858,30.846153846153847,13,,
2014-03-22 13:00:00,71.1,21.6,north wind,3.6144063246913403,4.512307692307692,0.5555784862128323,0.0,2690.0,35.0,19.692307692307693,13,,
2014-03-27 18:00:00,300.8,115.4,unclear,-1.9928543342700187,4.136923076923077,3.2514664183496738,0.0,1155.0,518.5714285714286,52.30769230769231,18,,
2014-03-29 04:00:00,169.1,54.2,north wind,3.930296800878207,4.493076923076924,0.028276477180917695,0.0,1125.0,400.7142857142857,60.92307692307692,4,,
2014-03-31 18:00:00,213.3,68.3,unclear,-0.08445804788086578,2.6453846153846152,-0.37121377644312237,0.0,2455.0,358.57142857142856,46.30769230769231,18,,
2014-04-03 05:00:00,71.2,28.4,weak north wind,1.8098269755277718,3.845384615384615,-1.4517687449644354,0.0,2780.0,555.0,39.69230769230769,5,,
2014-04-04 17:00:00,64.9,18.3,north wind,5.835373025436365,6.9569230769230765,1.102052375382814,0.0,3570.0,305.7142857142857,11.846153846153847,17,,
2014-04-09 14:00:00,172.1,61.6,lid lifted (daytime mixing),2.2222026217986874,5.7992307692307685,1.5990007273308546,0.0,2715.0,75.0,24.46153846153846,14,,
2014-05-01 21:00:00,161.2,62.1,north wind,4.874898587581475,9.438461538461539,-5.2969200146168145,0.9,2085.0,1470.0,35.46153846153846,21,,
2014-05-07 11:00:00,119.5,32.2,north wind,4.44650250445946,4.769230769230768,-0.26275451595215366,0.0,3345.0,114.28571428571429,35.53846153846154,11,,
2014-05-16 10:00:00,79.3,29.3,north wind,3.905687530711913,4.126153846153845,0.9484194729191364,0.0,3235.0,95.0,19.384615384615383,10,67.61904761904762,61.285714285714285
2014-05-20 09:00:00,188.0,45.6,lid lifted (daytime mixing),3.1437331174608327,3.476153846153846,1.3832933858796603,0.0,3520.0,35.0,29.53846153846154,9,114.14285714285715,66.14285714285714
2014-05-22 15:00:00,246.1,79.2,lid lifted (daytime mixing),-6.3490571887163805,6.766153846153847,-1.8525749242421565,0.0,2910.0,210.71428571428572,21.923076923076923,15,139.79591836734693,78.71428571428571
2014-05-25 13:00:00,129.7,36.9,north wind,4.433958290513543,8.279230769230768,-6.9489352596573735,0.0,3950.0,171.42857142857142,27.384615384615383,13,121.20408163265304,37.57142857142857
2014-05-27 13:00:00,84.9,14.4,north wind,7.225836525030941,10.034615384615385,-6.3830373533542595,0.0,3565.0,72.14285714285714,18.153846153846153,13,42.57142857142856,15.142857142857142
2014-06-01 02:00:00,139.3,53.2,north wind,3.6313151874092022,5.649230769230769,-2.4627939979807696,0.0,525.0,1713.5714285714287,52.53846153846154,2,109.79591836734696,72.42857142857143
2014-06-06 14:00:00,92.8,7.9,north wind,4.317324722554714,5.0,-1.2266478811633492,7.7,1425.0,262.14285714285717,62.23076923076923,14,103.54761904761905,65.28571428571429
2014-06-11 10:00:00,87.6,27.8,lid lifted (daytime mixing),2.523577715886904,3.039230769230769,1.4097452542322846,0.0,2495.0,122.14285714285714,53.76923076923077,10,87.45238095238095,39.285714285714285
2014-06-17 05:00:00,154.1,26.6,light rain,-0.47816774107844573,2.1792307692307693,0.6131624573533577,0.6000000000000001,665.0,479.2857142857143,80.15384615384616,5,127.6734693877551,146.28571428571428
2014-06-21 20:00:00,80.3,29.5,rain,-2.38796314090408,2.7046153846153844,0.9979723982054148,4.1000000000000005,1720.0,1144.2857142857142,57.53846153846154,20,59.171428571428564,63.0
2014-06-27 04:00:00,63.4,23.1,north wind,5.423009928587557,5.5200000000000005,-0.5940335827775888,0.0,2025.0,555.0,52.38461538461539,4,62.775510204081634,66.28571428571429
2014-07-01 23:00:00,134.5,39.1,rain,-0.6693622061920533,3.227692307692308,2.9374637702982724,18.2,1715.0,1563.5714285714287,86.3076923076923,23,114.1190476190476,52.42857142857143
2014-07-08 12:00:00,168.0,45.4,lid lifted (daytime mixing),3.553383057480921,3.7146153846153847,-0.5095276534375612,0.0,1640.0,78.57142857142857,44.69230769230769,12,166.22448979591834,114.42857142857143
2014-07-11 10:00:00,63.0,21.2,north wind,4.243998621204958,4.343076923076923,-0.6996011839434301,0.0,3785.0,132.85714285714286,35.61538461538461,10,106.9795918367347,40.857142857142854
2014-07-16 20:00:00,144.2,52.9,rain,-0.43400961521678416,3.2607692307692315,2.0399770517886147,5.6,1345.0,969.2857142857143,79.15384615384616,20,,
2014-07-21 08:00:00,64.7,20.0,weak north wind,2.0207047005320655,3.9530769230769227,0.8348034985360034,0.5,1350.0,302.14285714285717,62.84615384615385,8,,
2014-08-04 10:00:00,65.5,22.4,north wind,5.064061562140187,5.529230769230769,1.7288511988588826,11.2,970.0,107.14285714285714,82.38461538461539,10,116.95918367346938,79.0
2014-08-11 06:00:00,61.8,18.2,north wind,5.923322082660958,5.9861538461538455,-0.6203244580271883,0.0,2595.0,162.14285714285714,44.76923076923077,6,79.71428571428571,
2014-08-15 15:00:00,70.1,27.2,lid lifted (daytime mixing),-0.4206381016829014,1.7507692307692306,-0.5173289154763926,0.0,2265.0,131.42857142857142,47.15384615384615,15,47.08163265306122,45.857142857142854
2014-08-17 06:00:00,115.5,44.9,unclear,-0.031936101262113256,1.9553846153846153,1.4133718311552739,0.2,1280.0,97.14285714285714,70.15384615384616,6,72.9795918367347,43.142857142857146
2014-08-21 22:00:00,141.3,43.0,unclear,-1.383168116970262,2.6669230769230765,1.868221651613209,0.3,1475.0,1186.4285714285713,69.38461538461539,22,112.33333333333333,72.28571428571429
2014-08-24 00:00:00,105.8,37.2,rain,0.28519460990436846,3.0830769230769235,0.5507532976616303,4.3999999999999995,390.0,1309.2857142857142,78.53846153846153,0,111.52380952380952,43.42857142857143
2014-09-01 23:00:00,109.0,37.7,rain,-1.820271493689725,2.806923076923077,1.8961412850993535,20.1,385.0,848.5714285714286,91.61538461538461,23,103.14285714285712,64.57142857142857
2014-09-08 02:00:00,122.6,27.2,north wind,4.681345199311511,5.318461538461539,-1.307630948379233,0.0,265.0,572.1428571428571,67.53846153846153,2,105.24489795918366,88.0
2014-09-14 11:00:00,81.8,16.8,north wind,4.337920126824594,4.361538461538461,0.3457582701432577,0.0,1065.0,32.142857142857146,56.69230769230769,11,95.67346938775509,65.71428571428571
2014-09-27 03:00:00,155.0,45.5,north wind,4.401183337473188,4.463846153846154,0.6630380310109015,0.0,270.0,230.0,86.3076923076923,3,148.16326530612244,131.14285714285714
2014-09-29 12:00:00,91.2,31.6,north wind,3.5574497022750178,5.299230769230769,2.637673388607479,0.0,2095.0,22.142857142857142,60.61538461538461,12,86.97959183673468,61.0
2014-10-11 19:00:00,243.0,92.6,north wind,4.301054614578581,5.603076923076923,-1.4124146653319225,0.8,1135.0,420.0,58.38461538461539,19,216.38775510204076,124.0
2014-10-15 12:00:00,92.1,18.9,north wind,3.994061373867445,6.335384615384616,-4.753780691022621,0.0,2755.0,41.42857142857143,35.30769230769231,12,119.89795918367346,22.571428571428573
2014-10-21 00:00:00,230.9,91.4,unclear,-2.300167166605237,4.3015384615384615,3.5138079379103933,0.0,825.0,787.1428571428571,38.92307692307692,0,206.28571428571425,77.28571428571429
2014-10-26 05:00:00,329.6,108.5,north wind,6.983017120182376,7.400000000000001,2.075173854007271,0.0,1085.0,39.285714285714285,52.46153846153846,5,222.26530612244898,135.0
2014-11-01 08:00:00,181.5,58.8,weak north wind,1.6407493332609766,2.676153846153846,-2.060492109233858,0.0,1775.0,25.714285714285715,75.15384615384616,8,204.08163265306123,95.71428571428571
2014-11-05 10:00:00,168.0,66.9,lid lifted (daytime mixing),2.324262432948615,3.6246153846153844,-2.724947121065312,0.0,1780.0,19.285714285714285,47.46153846153846,10,131.54761904761907,48.714285714285715
2014-11-11 06:00:00,149.6,48.0,north wind,3.9627326742364195,5.0576923076923075,-3.0447959329577747,0.0,1480.0,23.571428571428573,57.69230769230769,6,168.16326530612244,75.14285714285714
2014-11-16 13:00:00,161.9,54.8,north wind,2.7071198720544754,4.18923076923077,-3.0838608933106446,0.0,2250.0,22.142857142857142,53.30769230769231,13,128.95918367346943,38.714285714285715
2014-11-22 01:00:00,177.5,51.1,north wind,5.0631693643894655,5.556153846153847,-0.7920442923392614,0.0,85.0,390.7142857142857,47.23076923076923,1,382.6666666666667,312.0
2014-11-24 08:00:00,176.7,62.4,weak north wind,3.3629902816027273,3.786923076923077,0.8103144057682944,0.0,865.0,22.857142857142858,54.53846153846154,8,196.0816326530612,
2014-11-27 05:00:00,350.7,112.0,north wind,4.860138485845873,5.146923076923077,1.5513366029039894,0.0,495.0,27.857142857142858,56.46153846153846,5,276.8571428571429,219.57142857142858
2014-11-30 09:00:00,226.2,51.4,north wind,4.468915304495721,6.041538461538461,-4.008684486216679,0.0,2740.0,34.285714285714285,52.15384615384615,9,134.12244897959184,58.0
2014-12-03 04:00:00,108.0,37.0,north wind,3.7242828983768517,5.474615384615385,-3.638478610991805,0.0,1495.0,109.28571428571429,26.153846153846153,4,,
2014-12-07 13:00:00,77.4,29.3,lid lifted (daytime mixing),2.3598200886919924,3.0715384615384616,-1.355376123692668,0.0,2125.0,105.0,44.15384615384615,13,165.85714285714283,136.85714285714286
2014-12-10 13:00:00,281.6,94.6,north wind,3.3338461111332887,5.755384615384615,-4.613065695982966,0.0,2435.0,23.571428571428573,42.0,13,234.65306122448982,62.142857142857146
2014-12-12 00:00:00,63.6,14.3,"strong wind, other direction",1.2005549367988055,6.212307692307691,-5.047377493854264,0.0,700.0,813.5714285714286,35.0,0,53.23809523809524,37.42857142857143
2014-12-15 08:00:00,219.1,62.2,north wind,4.53841370686726,6.284615384615384,-3.335395369457875,0.0,2075.0,47.142857142857146,40.30769230769231,8,272.3673469387755,68.85714285714286
2014-12-19 10:00:00,204.3,43.2,north wind,5.609582117150399,6.645384615384614,-3.519669210180607,0.0,2215.0,33.57142857142857,37.76923076923077,10,213.04761904761907,79.85714285714286
2014-12-24 01:00:00,140.8,38.2,north wind,5.835529191077081,6.336923076923077,-1.7214756930292734,0.0,175.0,178.57142857142858,32.38461538461539,1,197.16666666666666,188.0
2014-12-28 12:00:00,269.3,103.2,lid lifted (daytime mixing),1.4017117217870296,3.1284615384615386,-2.223526417006785,0.0,1295.0,25.714285714285715,39.15384615384615,12,333.89795918367344,104.28571428571429
2015-01-02 06:00:00,118.3,31.0,weak north wind,3.2541753829563427,3.6792307692307684,0.919517276680014,0.0,590.0,59.285714285714285,36.46153846153846,6,,124.85714285714286
2015-01-05 13:00:00,184.3,72.1,north wind,5.815602019169673,6.090000000000002,-1.4928423378266695,0.0,1865.0,21.428571428571427,34.15384615384615,13,358.3265306122449,202.42857142857142
2015-01-09 05:00:00,236.1,79.2,weak north wind,3.6153474472263296,3.78076923076923,-1.0191648560528317,0.0,745.0,29.285714285714285,48.15384615384615,5,250.0,242.71428571428572
2015-01-11 01:00:00,162.0,51.0,north wind,3.959898217629915,5.80076923076923,2.6213766775945873,0.0,165.0,367.14285714285717,39.0,1,119.87755102040816,111.0
2015-01-16 06:00:00,407.5,110.9,north wind,4.40949663818267,6.121538461538462,-4.08751632033001,0.0,1520.0,30.0,55.92307692307692,6,287.7755102040816,172.14285714285714
2015-01-18 15:00:00,142.2,23.7,north wind,3.1502480976953207,6.498461538461537,-5.286582025888165,0.0,2550.0,30.714285714285715,35.46153846153846,15,126.14285714285714,31.0
2015-01-21 02:00:00,125.5,37.1,north wind,6.222749183985455,6.824615384615384,-2.6114494208369385,0.0,445.0,260.0,48.53846153846154,2,133.57142857142858,79.57142857142857
2015-01-24 04:00:00,271.2,104.2,weak north wind,2.9493336657922273,3.7430769230769227,1.7980135614791626,0.0,220.0,54.285714285714285,52.61538461538461,4,216.87755102040813,222.57142857142858
2015-01-26 11:00:00,228.4,77.4,north wind,5.578094513092836,5.958461538461538,-0.9427451670727256,0.0,1895.0,21.428571428571427,52.69230769230769,11,164.79591836734696,181.42857142857142
2015-01-28 04:00:00,64.8,25.5,weak north wind,1.771159938395803,3.3584615384615377,0.6476783962454586,0.0,475.0,216.42857142857142,39.84615384615385,4,46.775510204081634,120.71428571428571
2015-01-29 15:00:00,91.8,27.8,north wind,4.087804873561442,5.321538461538461,-3.007088614338235,0.0,2085.0,115.0,32.38461538461539,15,81.05714285714286,154.14285714285714
2015-02-03 15:00:00,203.4,73.1,north wind,3.278390545286645,5.0369230769230775,-3.6715778380937154,0.0,2160.0,29.285714285714285,37.92307692307692,15,220.0612244897959,
2015-02-07 02:00:00,119.0,31.2,north wind,5.77511729352127,7.262307692307693,-2.8290463933378485,0.0,635.0,467.85714285714283,39.92307692307692,2,102.19047619047619,67.42857142857143
2015-02-11 09:00:00,123.2,47.0,lid lifted (daytime mixing),3.2514959464920326,3.6169230769230767,1.3268585716543473,0.0,1760.0,52.142857142857146,34.61538461538461,9,156.9183673469388,64.71428571428571
2015-02-16 13:00:00,237.4,46.1,north wind,3.789303850779295,5.550000000000002,-2.9713039015273544,0.0,3080.0,20.0,44.53846153846154,13,172.77551020408166,48.285714285714285
2015-02-18 06:00:00,87.2,31.8,weak north wind,3.578823274433287,3.9607692307692304,1.3456835661880928,0.0,965.0,28.571428571428573,57.84615384615385,6,77.77551020408164,94.14285714285714
2015-02-21 18:00:00,246.0,51.1,north wind,3.9066797759501624,7.581538461538461,-4.431944330501637,0.1,1950.0,217.14285714285714,45.69230769230769,18,176.0816326530612,36.857142857142854
2015-02-25 07:00:00,218.9,81.2,north wind,5.509016198110611,6.15,-1.843388787300556,0.0,1905.0,28.571428571428573,52.0,7,209.0612244897959,115.85714285714286
2015-03-02 15:00:00,109.9,33.2,north wind,3.703442565969908,5.3161538461538465,-3.0827376962832203,0.0,2880.0,28.571428571428573,26.46153846153846,15,86.67346938775509,99.85714285714286
2015-03-08 13:00:00,221.9,47.4,north wind,4.566270624900004,4.823846153846154,-0.15826381751448584,0.0,2855.0,48.57142857142857,40.84615384615385,13,175.42857142857147,138.14285714285714
2015-03-11 09:00:00,80.9,29.9,north wind,3.368126167317849,4.256923076923077,-1.653370681678647,0.0,2900.0,58.57142857142857,23.846153846153847,9,98.51020408163265,22.714285714285715
2015-03-13 11:00:00,111.2,42.9,lid lifted (daytime mixing),2.2837435186079604,2.6538461538461537,0.8289458448878549,0.0,2490.0,55.0,35.0,11,142.81632653061226,51.0
2015-03-17 23:00:00,123.3,46.5,unclear,-4.099786426559924,4.264615384615384,0.061024073271585905,0.0,1505.0,1614.2857142857142,32.30769230769231,23,167.2244897959184,41.142857142857146
2015-03-20 05:00:00,125.9,47.8,weak north wind,3.2788118280822327,3.6123076923076924,-0.5270349171682663,0.0,2070.0,231.42857142857142,38.61538461538461,5,128.83333333333334,83.42857142857143
2015-03-23 14:00:00,61.1,14.0,lid lifted (daytime mixing),-1.7267465882122626,3.691538461538461,-2.432367577322292,0.0,3085.0,25.714285714285715,15.23076923076923,14,52.91836734693878,32.714285714285715
2015-03-28 18:00:00,105.3,26.4,north wind,5.213460653201882,5.480769230769231,-1.2904347864848682,0.0,2705.0,1103.5714285714287,30.23076923076923,18,95.19047619047619,62.42857142857143
2015-04-05 09:00:00,125.5,30.8,north wind,5.1237059777501335,6.236923076923076,-3.2097504879311463,0.0,2400.0,56.42857142857143,43.07692307692308,9,107.3061224489796,36.42857142857143
2015-04-11 23:00:00,86.0,25.6,rain,2.293896583090553,4.958461538461539,0.20993151604455912,8.0,1660.0,1608.5714285714287,67.92307692307692,23,117.76190476190476,28.428571428571427
2015-04-16 01:00:00,249.7,98.8,north wind,7.321206544413031,9.19,-5.0684087852252215,0.0,1625.0,815.0,16.53846153846154,1,85.14285714285714,39.714285714285715
2015-04-20 12:00:00,73.5,27.3,lid lifted (daytime mixing),-1.6362057276484794,3.1753846153846155,-1.5853231664043943,0.0,2740.0,27.857142857142858,22.846153846153847,12,58.285714285714285,
2015-04-21 15:00:00,107.2,40.0,north wind,4.153578054376465,6.342307692307693,-2.450666020502258,0.0,4715.0,99.28571428571429,16.923076923076923,15,79.08163265306122,65.42857142857143
2015-04-23 18:00:00,83.8,26.7,north wind,6.072263005529871,6.602307692307692,0.22871921115921384,0.0,3505.0,495.0,12.76923076923077,18,69.28571428571429,54.285714285714285
2015-04-27 19:00:00,126.4,47.9,unclear,-2.211256687797701,3.427692307692308,0.5662732353726475,0.30000000000000004,2050.0,817.8571428571429,46.07692307692308,19,92.32653061224491,53.285714285714285
2015-05-01 15:00:00,188.4,47.3,north wind,3.783785075380587,6.303846153846154,-2.304598643750772,5.599999999999999,1745.0,262.14285714285717,62.46153846153846,15,119.65306122448979,32.857142857142854
2015-05-03 09:00:00,94.9,31.1,north wind,6.713358647542558,7.610769230769232,-3.3918483364721634,0.0,3585.0,127.85714285714286,30.384615384615383,9,82.40816326530613,57.857142857142854
2015-05-05 18:00:00,66.0,25.3,north wind,5.54786401153991,6.264615384615384,-1.9524978481703341,0.0,3290.0,875.0,10.23076923076923,18,86.44897959183675,57.0
2015-05-14 03:00:00,77.9,29.0,north wind,7.9129881581724115,8.513846153846155,-3.0234280187422704,0.0,1280.0,372.85714285714283,26.923076923076923,3,51.2,30.857142857142858
2015-05-18 08:00:00,122.8,41.2,north wind,4.142777700826141,5.265384615384614,-2.259280119622115,0.0,3580.0,62.142857142857146,46.92307692307692,8,71.19047619047619,24.857142857142858
2015-05-29 16:00:00,77.4,29.7,lid lifted (daytime mixing),-1.9205230371660256,2.9546153846153844,0.7145493202325431,0.0,3370.0,140.71428571428572,49.53846153846154,16,103.54761904761904,70.85714285714286
2015-06-02 08:00:00,62.2,20.1,north wind,6.237402972477104,6.513076923076922,-0.04097385560241705,0.0,3425.0,213.57142857142858,36.07692307692308,8,107.3809523809524,25.714285714285715
2015-06-11 02:00:00,108.4,40.2,weak north wind,2.7725506564819744,3.9676923076923076,-1.133090957121857,0.0,1215.0,875.7142857142857,77.0,2,92.85714285714286,35.42857142857143
2015-06-26 23:00:00,106.1,33.1,east wind (sea air),-0.915527354395836,2.853846153846154,2.522102756407667,0.4,1415.0,1285.7142857142858,73.53846153846153,23,96.44897959183673,92.28571428571429
2015-06-29 15:00:00,180.8,23.0,lid lifted (daytime mixing),2.5577058511717534,3.8461538461538463,1.8724211058578955,0.0,1320.0,315.0,56.84615384615385,15,87.51020408163265,36.857142857142854
2015-07-21 22:00:00,155.3,55.6,rain,-2.3566968315896513,2.9700000000000006,0.7318914223765197,7.200000000000001,830.0,726.4285714285714,86.23076923076923,22,109.11428571428571,64.85714285714286
2015-07-27 22:00:00,92.1,29.4,rain,0.42432284124251346,3.6484615384615386,2.102512320364155,9.0,965.0,935.0,87.6923076923077,22,73.26530612244899,46.142857142857146
2015-07-30 00:00:00,111.6,41.6,rain,1.175346169868232,3.434615384615385,2.2450154801318822,13.5,390.0,592.8571428571429,85.76923076923077,0,87.79591836734696,44.714285714285715
2015-08-03 16:00:00,99.6,26.4,lid lifted (daytime mixing),2.559335956727895,3.7992307692307685,-1.5173528158477418,2.3000000000000003,1360.0,162.85714285714286,80.84615384615384,16,62.0,18.0
2015-08-05 23:00:00,73.8,27.5,rain,-0.007166688523660553,2.462307692307692,0.2144963993788222,3.8,1105.0,1025.7142857142858,78.23076923076923,23,81.28571428571429,60.0
2015-08-07 20:00:00,113.5,40.7,light rain,0.5636031309802543,2.24,0.33648543231829564,2.4,1010.0,689.2857142857143,82.07692307692308,20,79.75510204081631,61.285714285714285
2015-08-14 10:00:00,118.5,30.9,lid lifted (daytime mixing),2.1779338361485525,3.342307692307692,-2.0638299224333783,0.0,1730.0,68.57142857142857,56.76923076923077,10,93.59183673469389,44.57142857142857
2015-08-18 19:00:00,74.5,29.1,rain,-2.8923489963868496,3.1515384615384616,0.2638039243264942,5.9,1280.0,777.8571428571429,74.15384615384616,19,113.14285714285714,45.714285714285715
2015-09-04 18:00:00,71.6,22.4,rain,-1.557798061036059,3.4653846153846155,2.8765522840411757,27.4,460.0,258.57142857142856,92.15384615384616,18,39.73809523809524,24.285714285714285
2015-09-18 13:00:00,93.3,31.3,lid lifted (daytime mixing),0.922015851042294,1.8846153846153846,-0.41791781900164765,0.4,1930.0,28.571428571428573,60.07692307692308,13,101.38775510204083,74.42857142857143
2015-09-22 19:00:00,168.4,46.7,light rain,-1.18807832780079,3.9000000000000004,-1.9512554058834222,2.7,1605.0,690.0,81.07692307692308,19,107.59183673469387,76.0
2015-09-24 20:00:00,178.5,46.2,rain,0.25055777055700484,2.7107692307692304,1.1841623661341734,4.3,905.0,525.7142857142857,79.0,20,112.21428571428571,90.85714285714286
2015-09-27 14:00:00,70.5,24.6,unclear,0.2551419576064564,2.0646153846153843,1.6614660707409639,0.0,970.0,33.57142857142857,45.76923076923077,14,89.10204081632652,98.14285714285714
2015-10-07 22:00:00,252.6,69.7,north wind,4.731659052955496,7.665384615384616,-3.9235018080103834,0.0,1110.0,865.0,38.46153846153846,22,87.33333333333333,37.714285714285715
2015-10-18 03:00:00,317.6,91.0,north wind,4.137577127886131,5.275384615384615,1.6188827195970623,0.0,530.0,211.42857142857142,61.0,3,163.57142857142856,149.85714285714286
2015-10-22 06:00:00,61.6,24.2,rain,1.8916157747668323,2.1169230769230767,-0.5933745796102282,6.8999999999999995,485.0,94.28571428571429,91.15384615384616,6,40.19047619047619,35.285714285714285
2015-10-26 20:00:00,62.8,14.5,weak north wind,2.1270481446443026,5.846923076923076,-5.337368993241821,0.0,2360.0,589.2857142857143,38.92307692307692,20,35.95918367346939,22.142857142857142
2015-11-05 12:00:00,211.8,76.1,north wind,4.661456501371313,5.610769230769231,2.9615564254109374,2.1,890.0,73.57142857142857,74.38461538461539,12,215.07142857142858,29.285714285714285
2015-11-15 23:00:00,234.1,77.3,light rain,-1.8159692646909458,3.909230769230769,3.3723351126824546,0.7,800.0,817.1428571428571,63.23076923076923,23,180.16326530612247,41.0
2015-11-25 14:00:00,88.2,26.7,north wind,5.355129724196669,6.063076923076922,-2.6133227787052724,0.0,1900.0,77.14285714285714,47.84615384615385,14,87.92857142857143,70.14285714285714
2015-12-02 05:00:00,303.1,35.5,weak north wind,2.155034918314772,5.345384615384615,-4.573049751921136,0.0,1920.0,40.0,57.69230769230769,5,209.6326530612245,82.14285714285714
2015-12-10 11:00:00,229.1,74.2,north wind,4.94489238067708,5.084615384615384,-0.5413041400673697,0.0,925.0,18.571428571428573,58.76923076923077,11,316.8775510204082,217.85714285714286
2015-12-14 20:00:00,172.2,61.4,weak north wind,2.0678831899236583,5.23,-4.7224471343186405,0.0,1855.0,707.1428571428571,48.76923076923077,20,187.9047619047619,90.0
2015-12-18 12:00:00,96.9,36.3,weak north wind,2.858330101809187,3.4199999999999995,0.5254692104010164,0.0,665.0,43.57142857142857,39.30769230769231,12,124.20408163265306,104.0
2015-12-27 00:00:00,147.2,52.5,unclear,-3.875395096246711,4.406923076923077,2.0602021214218915,0.0,330.0,634.2857142857143,48.76923076923077,0,168.0204081632653,23.0
2015-12-30 05:00:00,412.0,164.5,north wind,3.8950300914152107,5.043846153846153,-3.1088445144744816,0.0,1145.0,25.714285714285715,57.61538461538461,5,319.06122448979596,225.28571428571428
2016-01-04 05:00:00,237.5,72.8,north wind,5.345952470923979,5.5976923076923075,1.6098680455166532,0.0,1010.0,25.714285714285715,46.15384615384615,5,203.9387755102041,154.57142857142858
2016-01-10 05:00:00,182.7,72.0,weak north wind,2.5470076284987377,3.61,2.4504860330699367,0.0,715.0,28.571428571428573,50.61538461538461,5,237.265306122449,237.71428571428572
2016-01-17 06:00:00,142.0,39.2,north wind,2.6458994429522393,4.071538461538461,0.05474834914909653,0.7,1225.0,139.28571428571428,56.69230769230769,6,126.3061224489796,93.57142857142857
2016-01-22 02:00:00,142.4,52.2,north wind,5.071279197715802,5.945384615384616,-1.7460465610055727,0.5,1170.0,553.5714285714286,50.69230769230769,2,116.73469387755101,59.285714285714285
2016-01-31 02:00:00,84.2,30.0,weak north wind,3.0004529705161644,3.9992307692307696,-1.6612067990537178,0.0,70.0,658.5714285714286,52.46153846153846,2,46.30612244897959,86.71428571428571
2016-02-04 02:00:00,71.9,24.0,north wind,4.324617473078513,5.010769230769231,-0.014352352599961114,0.0,130.0,702.8571428571429,28.0,2,111.34693877551021,125.42857142857143
2016-02-08 09:00:00,548.4,216.0,north wind,2.76277035538127,5.193846153846153,-3.9838470676611073,0.0,2995.0,25.0,32.38461538461539,9,199.9591836734694,25.142857142857142
2016-02-12 23:00:00,183.2,69.4,north wind,4.5747906821524245,4.923846153846155,-0.3873784476240677,10.999999999999998,825.0,361.42857142857144,90.61538461538461,23,154.26530612244895,41.285714285714285
2016-02-18 05:00:00,79.1,27.9,north wind,3.5260911658846954,6.153076923076924,-4.8178702922454315,0.0,1380.0,85.71428571428571,43.38461538461539,5,54.42857142857143,24.714285714285715
2016-02-22 13:00:00,121.3,37.9,north wind,3.6231838994168672,4.820769230769231,-2.88254953832607,0.0,2665.0,35.714285714285715,39.46153846153846,13,132.57142857142853,163.57142857142858
2016-02-27 02:00:00,75.4,20.3,north wind,2.97432346109355,4.059230769230769,-0.5072743948095139,0.0,75.0,804.2857142857143,59.69230769230769,2,43.673469387755105,58.285714285714285
2016-02-28 13:00:00,60.6,12.5,north wind,5.986275989260007,6.6899999999999995,-2.8140840257284903,0.0,2945.0,38.57142857142857,35.69230769230769,13,51.714285714285715,20.857142857142858
2016-03-05 01:00:00,342.1,135.1,north wind,4.456989986562669,5.351538461538461,-2.6028845678834527,0.0,205.0,519.2857142857143,54.0,1,151.89795918367346,71.57142857142857
2016-03-07 07:00:00,115.4,30.9,north wind,4.303395812795836,5.286153846153846,-2.446632028135897,0.0,2845.0,21.428571428571427,47.92307692307692,7,129.04081632653063,35.42857142857143
2016-03-13 03:00:00,153.7,47.9,north wind,5.800211288061612,7.07076923076923,-3.8389977104434085,0.0,975.0,477.14285714285717,43.61538461538461,3,100.12244897959184,56.0
2016-03-18 13:00:00,330.3,104.3,lid lifted (daytime mixing),1.9323235848044342,3.140769230769231,1.756941164903205,0.0,1330.0,27.857142857142858,39.69230769230769,13,185.85714285714286,180.42857142857142
2016-03-23 05:00:00,71.8,20.1,north wind,6.660529375600496,6.69923076923077,0.41153375343127546,0.0,2200.0,242.14285714285714,26.0,5,58.02040816326531,31.714285714285715
2016-03-28 22:00:00,96.6,29.0,north wind,3.9697158958103596,7.053846153846153,-3.9691105867799505,0.0,1430.0,787.8571428571429,28.076923076923077,22,57.79591836734694,31.285714285714285
2016-03-31 23:00:00,183.1,68.1,"strong wind, other direction",-5.122636338455238,5.547692307692308,0.17994085766461337,0.0,1770.0,1330.0,42.92307692307692,23,81.59183673469387,46.57142857142857
2016-04-05 22:00:00,148.8,54.5,unclear,-1.8648386457171613,4.8161538461538465,3.3906716795436815,0.0,2160.0,1334.2857142857142,36.76923076923077,22,89.93877551020408,82.14285714285714
2016-04-07 10:00:00,204.1,46.2,north wind,3.0007435235039868,4.72846153846154,-3.4503460273385467,0.0,3485.0,25.0,28.0,10,154.16326530612244,26.714285714285715
2016-04-09 20:00:00,137.6,54.8,"strong wind, other direction",-3.4810813162035408,5.277692307692306,3.5336428860616405,0.0,1640.0,896.4285714285714,19.76923076923077,20,77.34693877551021,62.42857142857143
2016-04-13 17:00:00,229.8,77.1,north wind,3.1896220484346363,5.667692307692308,-3.5904759417820222,0.0,3825.0,280.7142857142857,23.846153846153847,17,169.81632653061226,90.28571428571429
2016-04-16 01:00:00,87.6,29.4,north wind,5.263361648362028,5.736153846153848,-2.060703282945039,3.3000000000000007,660.0,884.2857142857143,67.38461538461539,1,77.21428571428571,
2016-04-21 16:00:00,175.8,62.4,north wind,4.476170997167973,7.086923076923076,-4.024008792253432,0.0,3510.0,137.14285714285714,13.153846153846153,16,98.32653061224491,68.85714285714286
2016-05-01 23:00:00,195.5,69.2,rain,-0.7659404716891027,6.49,-2.3193080742083763,3.0,2210.0,1473.5714285714287,50.46153846153846,23,63.612244897959194,67.14285714285714
2016-05-06 05:00:00,157.1,53.0,north wind,6.180578824177726,8.046153846153846,-5.116768626885898,0.0,2045.0,525.7142857142857,21.615384615384617,5,76.93877551020408,42.714285714285715
2016-05-12 04:00:00,172.9,16.3,north wind,6.163891349978992,6.713846153846154,-1.5434619611598341,8.3,1795.0,544.2857142857143,67.0,4,77.26530612244899,25.142857142857142
2016-05-15 10:00:00,64.6,24.2,north wind,5.288836188163207,6.30076923076923,-3.3600087519914137,0.0,4485.0,103.57142857142857,40.69230769230769,10,60.89795918367348,2.0
2016-05-23 20:00:00,86.5,27.2,light rain,-1.1138098958032545,4.2869230769230775,-2.633153332953651,1.2,945.0,680.7142857142857,71.53846153846153,20,66.6734693877551,
2016-05-29 08:00:00,66.3,21.1,north wind,4.759876513576296,5.071538461538461,0.906575024214231,0.0,2120.0,185.0,27.846153846153847,8,68.36734693877551,45.42857142857143
2016-05-31 09:00:00,83.2,31.6,lid lifted (daytime mixing),-2.2376267806868197,6.948461538461538,6.454565519644469,0.0,2005.0,100.71428571428571,28.846153846153847,9,54.122448979591844,45.285714285714285
2016-06-07 00:00:00,128.3,47.4,north wind,2.5650243066699705,4.7130769230769225,2.6863682582507655,4.4,1305.0,1821.4285714285713,65.3076923076923,0,65.81632653061224,82.57142857142857
2016-06-10 18:00:00,96.7,31.4,weak north wind,1.9539677135869815,6.4946153846153845,-4.2804384565452605,0.1,3560.0,655.7142857142857,35.46153846153846,18,62.97959183673469,40.142857142857146
2016-06-21 21:00:00,94.4,32.8,unclear,-2.847381083843502,3.9899999999999998,2.12455428601055,0.2,1235.0,1087.857142857143,70.61538461538461,21,71.34693877551021,52.42857142857143
2016-07-01 02:00:00,67.3,26.6,north wind,3.730393011577264,4.713076923076923,0.3496953653707196,0.0,335.0,1084.2857142857142,61.15384615384615,2,96.36734693877551,52.57142857142857
2016-07-02 14:00:00,74.8,28.1,lid lifted (daytime mixing),-2.484516091576041,2.536923076923077,-0.11503157351011789,0.0,1655.0,87.85714285714286,53.53846153846154,14,51.306122448979586,46.57142857142857
2016-07-12 12:00:00,67.7,17.7,weak north wind,2.1655014649138566,3.0561538461538467,-0.728103886814921,1.1,965.0,324.2857142857143,68.15384615384616,12,77.63265306122447,38.857142857142854
2016-07-20 10:00:00,67.7,25.0,north wind,7.196889947956209,10.179230769230768,7.116830206720348,130.29999999999998,1175.0,511.42857142857144,86.76923076923077,10,44.632653061224495,12.857142857142858
2016-07-23 22:00:00,148.8,44.5,unclear,-1.6850780309980715,2.1492307692307695,0.7407281892902741,0.2,875.0,830.0,89.23076923076923,22,111.14285714285714,68.71428571428571
2016-07-27 23:00:00,64.4,19.8,rain,-2.090862215774867,2.2484615384615383,-0.273213706059348,7.800000000000001,860.0,753.5714285714286,85.3076923076923,23,62.693877551020414,
2016-07-30 19:00:00,211.1,50.5,rain,1.234069876183426,2.7838461538461536,1.3935153709110468,8.2,540.0,490.7142857142857,84.38461538461539,19,107.02040816326532,31.428571428571427
2016-08-07 00:00:00,91.4,34.4,rain,-0.9414446746276478,2.95076923076923,1.576229845229561,5.5,905.0,1025.0,88.61538461538461,0,67.3265306122449,50.714285714285715
2016-08-25 04:00:00,99.2,21.6,north wind,4.9560385886493,5.63,0.10594242630621961,0.4,1510.0,272.85714285714283,74.53846153846153,4,68.83673469387756,
2016-09-11 07:00:00,71.1,26.4,rain,1.2328203005295426,2.7523076923076917,2.1218071939985346,22.5,965.0,53.57142857142857,86.15384615384616,7,44.163265306122454,29.428571428571427
2016-09-16 21:00:00,142.0,38.3,light rain,0.7977612284463257,3.427692307692308,2.3194479235216305,1.5,1345.0,879.2857142857143,76.38461538461539,21,99.30612244897961,77.14285714285714
2016-09-24 04:00:00,154.8,58.8,unclear,-0.024175613090952435,1.9484615384615387,1.5998504281668788,0.0,530.0,327.85714285714283,83.76923076923077,4,97.73469387755104,103.57142857142857
2016-09-26 04:00:00,118.5,39.3,rain,0.17169952623170884,2.566153846153846,1.99059760018464,10.999999999999998,325.0,383.57142857142856,87.6923076923077,4,161.51020408163268,105.14285714285714
2016-10-04 02:00:00,118.2,27.0,rain,-1.024982048256973,5.906153846153847,5.497233812585342,4.1,830.0,514.2857142857143,69.3076923076923,2,150.3877551020408,119.0
2016-10-20 07:00:00,212.8,79.4,east wind (sea air),-0.14417748002598146,5.3500000000000005,5.237540462761439,1.9,1080.0,39.285714285714285,63.61538461538461,7,171.3061224489796,98.42857142857143
2016-10-26 08:00:00,116.9,23.4,north wind,3.1209581617173834,4.788461538461538,2.863895235666502,0.0,1140.0,42.857142857142854,54.61538461538461,8,96.10204081632652,89.57142857142857
2016-10-30 16:00:00,76.3,22.3,north wind,5.612692595147981,5.856153846153846,-1.2775067614469682,0.0,1665.0,111.42857142857143,41.53846153846154,16,63.93877551020409,42.714285714285715
2016-11-07 11:00:00,77.4,23.2,north wind,5.005997108417095,5.42076923076923,-1.7886952505364204,0.0,1995.0,72.85714285714286,59.23076923076923,11,112.89795918367348,89.28571428571429
2016-11-14 06:00:00,161.9,56.1,north wind,4.462539982402406,5.03923076923077,-1.8012263281632703,0.0,1635.0,32.142857142857146,58.53846153846154,6,229.87755102040813,168.28571428571428
2016-11-19 09:00:00,205.9,71.4,weak north wind,1.9905995003610948,2.7023076923076923,0.6538453093521622,0.0,1000.0,75.71428571428571,64.15384615384616,9,210.20408163265307,176.42857142857142
2016-11-20 21:00:00,64.0,23.4,north wind,4.025833420614071,4.845384615384615,2.551346417318349,8.8,540.0,372.85714285714283,99.61538461538461,21,60.59183673469388,35.142857142857146
2016-11-27 05:00:00,296.4,98.3,north wind,3.9514696091063204,5.214615384615384,-2.823341367950474,0.0,1190.0,28.571428571428573,54.84615384615385,5,118.04081632653062,78.0
2016-11-30 19:00:00,159.0,55.5,unclear,1.1243116237846285,4.83,-3.408467908908627,0.0,980.0,210.0,56.46153846153846,19,201.69387755102042,175.28571428571428
2016-12-05 10:00:00,113.6,27.9,north wind,3.5584330141308604,4.843846153846154,-2.8817402933222658,0.0,1670.0,18.571428571428573,54.15384615384615,10,319.47619047619054,
2016-12-08 11:00:00,197.9,74.9,north wind,4.160561876931029,5.487692307692308,-2.817045857614907,0.0,1655.0,60.0,54.15384615384615,11,174.71428571428572,107.85714285714286
2016-12-13 06:00:00,203.9,74.5,weak north wind,2.2392091794783413,2.5592307692307688,1.18245780666651,0.0,810.0,25.0,69.6923076923077,6,249.9183673469388,63.857142857142854
2016-12-15 07:00:00,83.3,28.3,north wind,4.632130864163627,5.195384615384616,-2.331320908980924,0.0,1495.0,55.714285714285715,45.61538461538461,7,107.75510204081631,106.28571428571429
2016-12-22 05:00:00,398.1,117.8,north wind,3.935224964680133,5.5,-3.8041104256282883,0.0,1160.0,17.857142857142858,63.0,5,324.57142857142856,181.0
2016-12-26 05:00:00,180.5,72.1,weak north wind,3.267118020832016,3.465384615384615,0.7737097698588377,0.1,1005.0,24.285714285714285,71.23076923076923,5,179.77551020408163,134.0
2016-12-28 12:00:00,137.7,41.8,lid lifted (daytime mixing),3.4140017353606407,3.9061538461538463,-1.7879482472322747,0.0,1500.0,67.85714285714286,49.30769230769231,12,139.33333333333334,176.42857142857142
2017-01-02 06:00:00,393.4,155.7,weak north wind,3.6447355540781667,3.777692307692308,-0.8802713763658352,0.0,355.0,20.714285714285715,67.6923076923077,6,234.57142857142858,275.57142857142856
2017-01-08 05:00:00,160.7,52.9,weak north wind,1.630949380294531,2.7438461538461536,-1.8296825714584317,0.0,560.0,20.0,82.46153846153847,5,239.14285714285714,185.0
2017-01-10 02:00:00,86.9,27.8,north wind,2.5348641404100913,5.243076923076923,-2.5431094035648822,0.0,235.0,587.1428571428571,49.53846153846154,2,86.73809523809524,136.14285714285714
2017-01-12 23:00:00,84.2,28.8,north wind,2.6249920473423347,5.461538461538462,-1.693642085033352,0.0,305.0,792.8571428571429,45.30769230769231,23,119.30612244897956,166.42857142857142
2017-01-18 05:00:00,160.7,60.6,weak north wind,2.2994836928332267,2.5269230769230777,0.9750052898286434,0.0,540.0,50.714285714285715,63.07692307692308,5,240.12244897959184,229.71428571428572
2017-01-19 11:00:00,103.9,23.5,north wind,6.7377182296659,7.816923076923077,-3.582491402958232,0.2,1865.0,120.71428571428571,42.92307692307692,11,249.734693877551,18.142857142857142
2017-01-21 08:00:00,83.2,20.3,north wind,3.62938255408493,5.353846153846154,-3.622533170883721,0.0,2145.0,67.14285714285714,35.61538461538461,8,90.6938775510204,35.42857142857143
2017-01-29 03:00:00,257.5,82.3,north wind,6.257358840916995,6.6000000000000005,-1.4253557684426648,0.0,1245.0,247.85714285714286,44.15384615384615,3,222.6326530612245,209.57142857142858
2017-02-01 00:00:00,68.2,24.8,north wind,4.560798047914636,6.275384615384615,-0.35443645511514393,0.0,315.0,663.5714285714286,27.46153846153846,0,72.06122448979592,121.71428571428571
2017-02-04 22:00:00,301.9,100.6,weak north wind,2.3019331738646294,4.988461538461539,-2.420465861998404,0.0,305.0,532.1428571428571,64.3076923076923,22,276.3265306122449,282.7142857142857
2017-02-08 06:00:00,112.3,44.2,north wind,5.1151019886960745,5.186923076923076,-0.6784458065688503,0.0,1560.0,22.857142857142858,49.38461538461539,6,70.24489795918366,57.0
2017-02-12 06:00:00,200.4,77.0,unclear,1.070724049565594,1.7484615384615385,1.322722127602299,0.0,535.0,45.714285714285715,53.30769230769231,6,172.22448979591837,166.14285714285714
2017-02-13 11:00:00,146.5,53.6,lid lifted (daytime mixing),1.9305174793463278,3.0138461538461545,0.47224446047404167,0.0,1205.0,24.285714285714285,40.61538461538461,11,252.5714285714286,129.85714285714286
2017-02-16 13:00:00,249.3,16.6,north wind,6.027713011961586,7.127692307692308,3.482936698906077,0.0,975.0,53.57142857142857,37.92307692307692,13,261.7959183673469,68.42857142857143
2017-02-19 15:00:00,161.0,57.0,north wind,5.548019597991293,5.657692307692309,-0.6027411994126867,0.0,2370.0,50.0,32.61538461538461,15,154.26530612244898,104.85714285714286
2017-02-22 18:00:00,132.0,39.7,north wind,5.31500499738822,6.59846153846154,-3.7184834768675907,0.0,2550.0,387.14285714285717,46.38461538461539,18,122.40816326530613,166.14285714285714
2017-02-28 05:00:00,67.6,24.8,north wind,4.9676664935020876,5.309230769230769,-1.5426684742740109,0.0,995.0,89.28571428571429,50.07692307692308,5,57.0,71.28571428571429
2017-03-05 02:00:00,135.7,21.2,north wind,3.711147243734469,4.712307692307693,2.168426665763575,0.0,350.0,452.14285714285717,53.0,2,125.95918367346938,105.85714285714286
2017-04-04 22:00:00,166.2,64.6,unclear,-3.403580536962802,4.035384615384615,-1.6753707282379098,0.0,685.0,710.0,60.30769230769231,22,70.42857142857143,64.57142857142857
2017-04-07 08:00:00,131.9,50.4,unclear,-1.7699875036758157,2.711538461538462,1.7869261888414596,0.0,1155.0,292.85714285714283,57.38461538461539,8,141.18367346938777,127.71428571428571
2017-04-08 12:00:00,122.5,42.9,lid lifted (daytime mixing),1.2319801718745462,4.156153846153846,2.034033200888882,0.0,2075.0,85.71428571428571,31.692307692307693,12,155.0204081632653,27.428571428571427
2017-04-11 07:00:00,75.7,17.1,north wind,5.588796879872799,5.889230769230768,-1.5014788597244448,0.0,2400.0,117.85714285714286,33.38461538461539,7,58.26530612244898,33.0
2017-04-14 17:00:00,67.3,26.9,lid lifted (daytime mixing),-1.2596511008687623,4.888461538461538,-4.455865918178576,0.0,3890.0,275.7142857142857,21.615384615384617,17,64.3469387755102,64.14285714285714
2017-04-17 21:00:00,136.3,50.5,north wind,4.552292503591582,6.7446153846153845,-4.7434535263231545,0.0,3645.0,2223.5714285714284,17.307692307692307,21,74.10204081632654,31.428571428571427
2017-05-05 10:00:00,371.0,142.7,north wind,4.667445968397629,10.003076923076925,-6.907960765416556,0.0,3735.0,336.42857142857144,22.923076923076923,10,264.2244897959184,42.0
2017-05-10 14:00:00,63.1,22.9,lid lifted (daytime mixing),0.7224224875647305,3.819230769230769,-2.883423804779309,0.0,4015.0,126.42857142857143,23.923076923076923,14,73.38775510204081,46.285714285714285
2017-06-07 14:00:00,80.1,26.8,lid lifted (daytime mixing),1.2531280325222143,2.8876923076923076,-1.5248441893251365,0.0,3515.0,175.71428571428572,34.53846153846154,14,58.93877551020408,39.285714285714285
2017-06-21 23:00:00,62.2,24.3,rain,-0.7237876131538267,2.3784615384615386,0.9623970273228362,14.1,1650.0,1585.0,76.61538461538461,23,70.24489795918366,37.285714285714285
2017-06-29 05:00:00,129.0,51.1,unclear,-1.0511983260452946,2.6515384615384616,1.7619976322637656,0.0,945.0,355.7142857142857,65.07692307692308,5,58.306122448979586,59.0
2017-07-06 15:00:00,136.1,32.0,rain,-0.7754933825700866,3.987692307692307,3.548969977337258,51.300000000000004,590.0,264.2857142857143,87.53846153846153,15,80.9591836734694,55.0
2017-07-08 03:00:00,60.4,13.2,unclear,-1.647422971693526,2.922307692307692,1.0297440146361632,0.0,455.0,769.2857142857143,75.07692307692308,3,53.02040816326531,53.57142857142857
2017-07-10 03:00:00,73.4,21.1,unclear,-0.9014368773130302,2.313846153846154,-1.4073097778302548,0.0,265.0,515.0,78.3076923076923,3,58.71428571428571,39.0
2017-07-14 01:00:00,63.5,19.9,unclear,-0.6754757720661879,1.7376923076923074,0.1529841762778914,0.0,90.0,1227.142857142857,72.23076923076923,1,50.79591836734694,34.0
2017-07-21 02:00:00,101.6,28.9,rain,0.90590332918611,3.9076923076923076,3.4000490401068837,32.4,785.0,604.2857142857143,88.92307692307692,2,63.367346938775505,46.42857142857143
2017-08-11 23:00:00,66.8,24.9,rain,-0.3837740492907067,3.4376923076923074,1.2969722563333927,38.0,855.0,1094.2857142857142,83.84615384615384,23,63.367346938775505,58.42857142857143
2017-08-13 20:00:00,61.8,21.0,rain,0.8615547435768612,2.433076923076923,1.3825060690846447,5.6000000000000005,940.0,614.2857142857143,84.76923076923077,20,52.775510204081634,41.857142857142854
2017-08-16 16:00:00,88.7,24.6,east wind (sea air),0.3569596097483841,3.0415384615384613,2.6876684371394464,2.2,680.0,211.42857142857142,83.3076923076923,16,52.40816326530612,65.0
2017-09-02 16:00:00,145.2,51.0,lid lifted (daytime mixing),-3.482496150941741,3.5915384615384616,-0.6537094388779925,0.0,1305.0,194.28571428571428,66.46153846153847,16,66.24489795918367,53.142857142857146
2017-09-05 11:00:00,81.1,20.4,lid lifted (daytime mixing),1.4499195107678842,2.566923076923077,-1.58026312959077,0.0,1830.0,80.71428571428571,57.30769230769231,11,55.44897959183674,76.85714285714286
2017-09-10 13:00:00,143.2,49.5,unclear,0.5819402352829038,1.6415384615384612,-0.3051078139525527,0.2,715.0,117.85714285714286,78.92307692307692,13,64.93877551020408,39.0
2017-09-14 15:00:00,127.1,41.8,lid lifted (daytime mixing),-3.9225152487113397,3.941538461538461,-0.06189833814204666,0.0,1605.0,96.42857142857143,50.30769230769231,15,65.6734693877551,38.57142857142857
2017-09-17 01:00:00,89.0,34.5,north wind,4.339084575797082,4.559230769230769,-0.2943489550108681,0.0,85.0,598.5714285714286,68.46153846153847,1,67.93877551020408,81.85714285714286
2017-09-26 09:00:00,116.0,39.8,north wind,5.462713885852348,5.960769230769231,0.7550248888133745,0.4,920.0,82.85714285714286,67.6923076923077,9,85.75510204081634,60.714285714285715
2017-10-01 10:00:00,152.9,54.9,north wind,4.928049038817491,5.093076923076923,0.9607144560204112,0.0,1230.0,69.28571428571429,45.92307692307692,10,71.83673469387756,49.857142857142854
2017-10-16 06:00:00,71.7,27.1,north wind,3.585189233344766,4.104615384615385,1.327227941778988,0.0,975.0,31.428571428571427,71.07692307692308,6,127.6938775510204,111.57142857142857
2017-10-21 21:00:00,92.0,36.4,light rain,-0.9928765509540123,2.1384615384615384,1.6066429253547339,1.9000000000000001,875.0,693.5714285714286,64.38461538461539,21,114.95918367346938,51.142857142857146
2017-10-28 08:00:00,114.5,38.4,north wind,6.5390217562681565,6.892307692307693,-1.7073668510545716,0.0,1390.0,26.428571428571427,64.0,8,181.8571428571429,87.85714285714286
2017-11-07 12:00:00,166.2,55.8,north wind,2.9683314468820017,4.281538461538462,-2.7556644835943733,0.0,2090.0,19.285714285714285,46.84615384615385,12,171.06122448979593,61.142857142857146
2017-11-10 02:00:00,82.4,16.2,north wind,4.653720975546546,6.5684615384615395,-4.285120603931899,0.0,1255.0,315.0,55.15384615384615,2,81.3265306122449,32.285714285714285
2017-11-13 10:00:00,72.2,23.7,north wind,4.141969054352477,5.976923076923077,-4.00112048429452,0.0,3165.0,20.0,43.53846153846154,10,98.69387755102039,31.142857142857142
2017-11-17 08:00:00,73.6,17.4,north wind,6.737170309106944,7.439999999999999,-2.890469013148574,0.0,1890.0,25.0,42.38461538461539,8,110.48979591836735,46.0
2017-11-21 21:00:00,165.4,33.8,north wind,2.986587614720009,6.706153846153845,-4.219707134984317,0.0,235.0,260.0,45.69230769230769,21,141.9591836734694,51.42857142857143
2017-11-28 11:00:00,88.4,19.5,north wind,5.668518523290169,6.564615384615384,-3.2502371394996166,0.0,1705.0,22.857142857142858,40.15384615384615,11,142.81632653061223,67.71428571428571
2017-12-03 07:00:00,200.5,67.8,north wind,4.614344118081802,4.9484615384615385,1.654590593642671,0.0,1475.0,20.0,47.07692307692308,7,271.42857142857144,181.71428571428572
2017-12-10 02:00:00,62.7,9.7,north wind,4.081142581308326,6.295384615384616,-4.548523018846584,0.0,240.0,152.85714285714286,34.76923076923077,2,,52.57142857142857
2017-12-15 08:00:00,109.3,39.2,north wind,4.116749226779006,4.629999999999999,-1.8805588439756227,0.0,1545.0,31.428571428571427,50.61538461538461,8,135.9387755102041,132.14285714285714
2017-12-20 05:00:00,67.8,26.3,weak north wind,2.1066137339021065,3.823076923076923,-3.092169537681909,0.0,1275.0,99.28571428571429,46.46153846153846,5,68.59183673469389,37.57142857142857
2017-12-22 11:00:00,80.3,31.6,north wind,3.576057581739553,4.016923076923077,-1.5422314669506667,0.0,1145.0,20.714285714285715,38.38461538461539,11,139.40816326530611,133.85714285714286
2017-12-30 14:00:00,209.5,81.0,north wind,2.830248161039825,4.141538461538461,-2.967900701717031,0.0,2420.0,26.428571428571427,40.38461538461539,14,274.2857142857143,179.0
2018-01-06 02:00:00,65.0,25.2,north wind,3.938044322835794,4.61,0.027356169172922738,0.0,135.0,325.7142857142857,38.38461538461539,2,94.24489795918366,129.57142857142858
2018-01-14 23:00:00,120.0,38.3,north wind,3.4480398897084514,4.7700000000000005,0.7187754711724997,0.0,105.0,880.7142857142857,43.53846153846154,23,187.46938775510202,226.14285714285714
2018-01-17 15:00:00,72.9,24.7,north wind,3.605909961471857,4.2215384615384615,-1.9411109568376939,0.0,2005.0,35.714285714285715,32.23076923076923,15,141.73469387755102,164.28571428571428
2018-01-20 03:00:00,131.7,50.6,weak north wind,1.9240956354216732,3.1115384615384616,0.7730635271670472,0.0,75.0,247.14285714285714,46.46153846153846,3,167.83673469387756,212.85714285714286
2018-01-28 02:00:00,111.7,28.4,north wind,5.2332457304616105,5.722307692307691,-1.9497330389765324,0.0,1080.0,506.42857142857144,42.15384615384615,2,102.36734693877551,128.42857142857142
2018-02-07 08:00:00,89.7,34.0,north wind,6.021559101171443,6.458461538461538,-1.8393940050800102,0.0,2210.0,62.142857142857146,32.46153846153846,8,100.30612244897961,23.428571428571427
2018-02-09 12:00:00,75.4,28.2,north wind,4.977857176370291,6.7092307692307696,-4.237597092817162,0.0,2780.0,32.142857142857146,25.615384615384617,12,109.28571428571426,78.85714285714286
2018-02-14 02:00:00,100.3,38.2,north wind,4.301953516076336,4.758461538461539,0.0008225238289392486,0.0,105.0,257.85714285714283,30.923076923076923,2,55.87755102040817,90.85714285714286
2018-02-16 08:00:00,313.5,122.1,north wind,3.971527984800515,4.177692307692308,-1.0099026621810163,0.0,2215.0,47.142857142857146,30.153846153846153,8,179.69047619047618,108.71428571428571
2018-02-20 06:00:00,149.8,57.1,weak north wind,3.0484943997116662,3.4484615384615385,1.2088312556235226,0.0,1885.0,20.714285714285715,47.84615384615385,6,200.22448979591837,127.14285714285714
2018-02-28 20:00:00,126.0,46.3,north wind,4.142060521397766,6.198461538461538,-2.5444561930345575,0.0,1505.0,610.0,36.23076923076923,20,137.46938775510202,143.0
2018-03-04 04:00:00,187.9,63.3,unclear,1.4611481431091955,4.38923076923077,2.465143190762992,0.0,605.0,76.42857142857143,50.46153846153846,4,151.83673469387753,104.71428571428571
2018-03-08 04:00:00,65.9,24.9,weak north wind,3.1468054386107323,3.916153846153846,0.8458573227049798,0.0,685.0,227.85714285714286,53.84615384615385,4,93.75510204081631,77.28571428571429
2018-03-10 22:00:00,127.3,48.0,unclear,-3.1143914493018787,4.192307692307692,2.2861647101014326,0.0,1075.0,875.0,50.15384615384615,22,143.51020408163268,94.14285714285714
2018-03-15 02:00:00,212.8,50.4,north wind,8.038095709984614,8.176153846153845,1.28965798224368,1.5999999999999999,1260.0,417.85714285714283,55.84615384615385,2,133.0204081632653,95.0
2018-03-19 12:00:00,117.8,45.5,lid lifted (daytime mixing),1.0328720996830283,3.2776923076923072,1.9062406598673145,0.0,1810.0,22.142857142857142,44.46153846153846,12,138.48979591836735,68.71428571428571
2018-03-24 14:00:00,161.1,47.0,lid lifted (daytime mixing),-2.5305635657153234,3.8584615384615386,-2.1647322890972513,0.0,1860.0,37.857142857142854,26.46153846153846,14,123.9387755102041,61.142857142857146
2018-04-03 00:00:00,243.9,71.1,north wind,4.168504101909541,6.273846153846154,4.408640647881864,0.0,945.0,690.7142857142857,27.153846153846153,0,98.06122448979592,56.0
2018-04-06 02:00:00,69.9,17.9,north wind,4.338816393770245,9.562307692307694,-8.015387331603153,0.0,1965.0,598.5714285714286,39.30769230769231,2,60.51020408163265,17.142857142857142
2018-04-10 12:00:00,105.3,25.4,north wind,5.582114977852421,8.343846153846155,-5.830688512018223,0.0,2550.0,32.857142857142854,35.53846153846154,12,102.3673469387755,90.71428571428571
2018-04-14 10:00:00,65.8,9.1,north wind,7.441866833140941,8.968461538461538,-4.611155074588237,0.0,3375.0,330.0,36.69230769230769,10,31.326530612244902,21.0
2018-04-21 15:00:00,109.1,33.2,north wind,5.017956893938446,6.05076923076923,3.3064826341665947,21.8,860.0,155.0,86.53846153846153,15,72.38775510204081,44.285714285714285
2018-04-30 01:00:00,116.2,34.2,east wind (sea air),2.368233555350505,4.231538461538462,3.02660897419513,0.30000000000000004,425.0,699.2857142857143,47.92307692307692,1,59.95918367346938,75.0
2018-05-01 18:00:00,65.3,25.3,light rain,0.7508728678566914,3.0961538461538463,0.14903674612500623,0.9999999999999999,1615.0,876.4285714285714,54.92307692307692,18,66.77551020408163,37.285714285714285
2018-05-07 20:00:00,84.3,30.2,unclear,-4.4368203841424165,4.8161538461538465,1.0575630512318723,0.0,2045.0,1337.857142857143,25.76923076923077,20,53.67857142857143,39.285714285714285
2018-05-12 20:00:00,168.4,41.4,unclear,-1.5851053503768648,3.5484615384615386,0.4598336404759217,0.3,1975.0,1347.857142857143,61.23076923076923,20,114.83673469387756,34.57142857142857
2018-06-07 04:00:00,64.2,22.6,east wind (sea air),-0.35885535079948916,4.325384615384616,3.2848740422890517,0.0,1110.0,510.0,44.61538461538461,4,47.204081632653065,44.0
2018-06-13 13:00:00,91.2,17.7,light rain,0.9922009611402575,2.6384615384615384,1.925515284925254,1.2999999999999998,845.0,344.2857142857143,63.61538461538461,13,42.63265306122448,30.142857142857142
2018-06-17 07:00:00,95.7,30.4,light rain,-0.055743738909790376,1.756153846153846,1.1387725186405917,0.6000000000000001,1145.0,105.0,77.92307692307692,7,47.775510204081634,42.285714285714285
2018-06-19 15:00:00,63.6,18.6,lid lifted (daytime mixing),0.09891748873752745,3.575384615384616,2.297871261341647,0.0,3405.0,434.2857142857143,30.384615384615383,15,56.93877551020408,49.142857142857146
2018-06-26 16:00:00,169.3,65.4,lid lifted (daytime mixing),-4.267094395804438,4.81923076923077,-2.168723444238345,1.4,2035.0,396.42857142857144,45.30769230769231,16,60.61224489795918,63.142857142857146
2018-07-05 19:00:00,87.4,31.2,light rain,-0.2444150383943005,2.513076923076923,1.5790022507437003,1.5999999999999999,1770.0,945.0,61.92307692307692,19,49.755102040816325,55.0
2018-07-09 15:00:00,114.9,37.6,light rain,-1.6756054146231445,2.5269230769230764,1.5564321619732455,2.7,840.0,237.85714285714286,77.07692307692308,15,56.326530612244895,30.857142857142858
2018-07-16 09:00:00,64.6,14.4,rain,-2.4472591408526885,3.546923076923077,1.7437429759916692,13.6,445.0,307.14285714285717,88.38461538461539,9,40.55102040816327,29.285714285714285
2018-07-22 12:00:00,80.9,24.0,lid lifted (daytime mixing),-0.4088883654502379,1.576153846153846,0.7140584506000115,0.5,1230.0,101.42857142857143,73.3076923076923,12,55.95918367346938,42.142857142857146
2018-08-29 05:00:00,60.1,10.7,north wind,4.59180920264681,4.696923076923077,-0.4478700252651272,0.0,1100.0,204.28571428571428,67.76923076923077,5,,30.571428571428573
2018-09-01 15:00:00,74.4,26.0,lid lifted (daytime mixing),-3.905627056611823,3.9984615384615387,0.5445184984660855,0.2,1430.0,180.71428571428572,62.61538461538461,15,28.428571428571427,
2018-09-03 10:00:00,72.3,16.5,north wind,4.209496440883161,5.0346153846153845,-2.342628951845531,0.0,3035.0,39.285714285714285,61.30769230769231,10,59.28571428571429,13.857142857142858
2018-09-15 03:00:00,100.2,39.2,north wind,3.757207747252836,5.508461538461538,-1.8692975086782122,0.0,1105.0,697.8571428571429,67.84615384615384,3,58.71428571428571,48.857142857142854
2018-09-21 05:00:00,69.8,19.0,north wind,2.898982722151587,4.738461538461538,-1.643073840825448,0.0,2825.0,255.71428571428572,61.69230769230769,5,47.816326530612244,41.285714285714285
2018-09-28 16:00:00,79.6,29.1,lid lifted (daytime mixing),-0.297764026988581,5.908461538461538,-1.4475281396183444,0.0,2240.0,106.42857142857143,49.61538461538461,16,59.81632653061224,33.857142857142854
2018-10-06 02:00:00,96.3,28.1,north wind,6.581229544572889,6.8246153846153845,-1.090104379370681,0.0,995.0,488.57142857142856,55.23076923076923,2,68.34693877551021,55.714285714285715
2018-10-16 14:00:00,70.8,27.3,lid lifted (daytime mixing),0.5772330837787395,3.169230769230769,1.0821467087265133,0.0,1745.0,46.42857142857143,51.30769230769231,14,145.9591836734694,68.28571428571429
2018-10-22 18:00:00,188.9,56.1,weak north wind,1.5344417560373584,4.45,-3.7425974925846504,0.0,2835.0,240.0,31.153846153846153,18,107.22448979591836,31.142857142857142
2018-10-25 22:00:00,123.2,19.8,north wind,4.285107157503955,6.304615384615384,-4.498720938639906,0.1,1470.0,665.0,41.46153846153846,22,106.46938775510203,22.428571428571427
2018-11-04 10:00:00,193.2,77.1,north wind,3.828267607862865,4.118461538461538,1.2406389461504488,2.9,775.0,42.857142857142854,85.38461538461539,10,117.32653061224491,104.85714285714286
2018-11-09 10:00:00,84.6,32.2,north wind,4.602444675121192,6.118461538461539,-4.0093132736553985,0.0,1475.0,20.714285714285715,42.0,10,76.91836734693878,54.42857142857143
2018-11-15 09:00:00,167.6,52.5,north wind,5.616386270668514,5.644615384615384,-0.34929760804321547,0.0,1350.0,38.57142857142857,58.76923076923077,9,190.02040816326533,121.71428571428571
2018-11-18 11:00:00,63.4,20.7,lid lifted (daytime mixing),2.4957176096992675,4.315384615384615,-3.3441903955447034,0.0,2015.0,17.857142857142858,36.53846153846154,11,76.61224489795919,28.857142857142858
2018-11-20 12:00:00,76.9,27.3,lid lifted (daytime mixing),2.390183943155809,3.350769230769231,0.8112278455681297,0.0,1300.0,37.857142857142854,40.0,12,95.48979591836735,97.85714285714286
2018-11-27 03:00:00,301.8,94.6,north wind,4.257482968939781,4.883076923076924,-2.0685622222480498,0.0,100.0,51.42857142857143,49.69230769230769,3,308.08673469387753,238.71428571428572
2018-12-11 06:00:00,78.2,28.0,north wind,4.875974566386894,5.587692307692308,-2.325770762244745,0.0,1135.0,24.285714285714285,31.076923076923077,6,112.08163265306123,64.0
2018-12-13 05:00:00,61.4,11.8,north wind,5.015707995375654,5.63846153846154,-2.552506859159768,0.0,1090.0,82.14285714285714,29.846153846153847,5,119.57142857142858,78.85714285714286
2018-12-16 15:00:00,114.7,40.2,lid lifted (daytime mixing),0.8726134627953142,4.430000000000001,-4.13813063297709,0.0,1645.0,31.428571428571427,29.46153846153846,15,225.08163265306123,164.42857142857142
2018-12-25 10:00:00,73.3,27.7,north wind,5.01184183420779,5.285384615384616,-1.4869769028968658,0.0,1340.0,25.0,29.23076923076923,10,,
2019-01-04 03:00:00,146.4,58.4,north wind,4.184015098593246,4.249230769230769,-0.15545290163544329,0.0,275.0,139.28571428571428,49.69230769230769,3,202.40816326530611,171.0
2019-01-07 11:00:00,82.2,30.9,weak north wind,3.3486771751299687,3.459230769230769,-0.7133873467197396,0.0,1135.0,24.285714285714285,36.53846153846154,11,148.22448979591834,110.71428571428571
2019-01-13 08:00:00,335.1,121.5,weak north wind,3.5705073855717995,3.6615384615384605,-0.6453730122837247,0.0,915.0,21.428571428571427,48.53846153846154,8,237.79591836734699,278.0
2019-01-14 20:00:00,176.2,61.4,north wind,4.7882532807081875,7.8815384615384625,-3.8868262059341734,0.0,1450.0,253.57142857142858,32.15384615384615,20,287.42857142857144,145.42857142857142
2019-01-19 01:00:00,83.9,26.6,north wind,4.954953185842021,5.564615384615386,1.127765539460014,0.0,250.0,221.42857142857142,25.846153846153847,1,128.55102040816325,121.85714285714286
2019-01-25 02:00:00,68.3,21.0,north wind,6.067952422142034,6.21076923076923,1.0722752910405857,0.0,425.0,265.0,42.69230769230769,2,108.61224489795917,66.28571428571429
2019-01-27 19:00:00,79.3,21.7,north wind,3.002528702117677,5.4253846153846155,-3.9257802434313924,0.0,1625.0,280.0,15.692307692307692,19,97.08163265306122,126.85714285714286
2019-01-30 05:00:00,132.3,45.4,north wind,6.1222208820280475,6.166153846153846,0.028521643905968393,0.0,1170.0,31.428571428571427,29.76923076923077,5,180.55102040816328,171.71428571428572
2019-02-03 05:00:00,151.7,48.8,north wind,4.4962273770602,5.473076923076922,-2.9875890475815465,0.0,1190.0,30.0,46.38461538461539,5,152.30612244897958,152.28571428571428
2019-02-06 22:00:00,64.6,11.6,north wind,4.214850887782439,5.3123076923076935,-0.9115909885113853,0.0,1415.0,900.7142857142857,35.07692307692308,22,77.79591836734694,43.714285714285715
2019-02-11 14:00:00,61.0,16.7,lid lifted (daytime mixing),2.084689474083573,3.1699999999999995,0.7847235171490723,0.0,1880.0,35.0,31.615384615384617,14,103.73469387755104,135.0
2019-02-20 01:00:00,166.5,53.8,north wind,2.741605436525233,4.430000000000001,-1.8891524163150235,0.0,95.0,1235.7142857142858,51.76923076923077,1,178.3877551020408,223.28571428571428
2019-02-21 07:00:00,150.9,56.6,unclear,0.507950486919862,1.476153846153846,-0.07394303849103126,0.0,710.0,15.0,52.07692307692308,7,219.73469387755102,215.0
2019-02-24 11:00:00,171.6,55.9,lid lifted (daytime mixing),2.3161848530302374,3.0653846153846156,1.4409956478465609,0.0,1260.0,20.714285714285715,39.46153846153846,11,182.32653061224488,148.85714285714286
2019-03-04 13:00:00,165.0,42.9,lid lifted (daytime mixing),-0.37689637789719627,2.638461538461539,0.5035536036402808,0.0,1385.0,20.714285714285715,37.84615384615385,13,112.36734693877551,134.14285714285714
2019-03-11 10:00:00,66.5,25.9,north wind,2.7092176931547938,6.238461538461538,-5.519629974241668,0.0,3830.0,35.0,48.61538461538461,10,80.36734693877551,10.5
2019-03-20 21:00:00,86.8,27.9,north wind,4.900603829622953,6.579999999999999,-3.495761684751781,2.9,1700.0,1111.4285714285713,57.07692307692308,21,73.38775510204083,32.285714285714285
2019-03-27 12:00:00,87.4,34.2,lid lifted (daytime mixing),-0.12764269238210135,2.8723076923076922,1.3968142127585355,0.0,3310.0,34.285714285714285,28.0,12,82.34693877551021,61.42857142857143
2019-04-04 19:00:00,112.5,39.1,north wind,3.568260182564996,7.368461538461539,-3.1343668769553075,0.0,4705.0,514.2857142857143,14.384615384615385,19,102.53061224489797,85.85714285714286
2019-04-13 18:00:00,123.8,38.9,north wind,4.441863320510408,6.006923076923077,-3.8109176755588234,0.0,3680.0,449.2857142857143,17.692307692307693,18,96.9591836734694,37.142857142857146
2019-04-18 06:00:00,106.1,42.4,north wind,7.132186326449174,7.798461538461538,2.7780339906686393,0.0,1765.0,139.28571428571428,23.153846153846153,6,42.122448979591844,48.714285714285715
2019-04-23 17:00:00,132.6,51.5,"strong wind, other direction",-5.115586936762005,5.335384615384616,0.888865453356584,0.0,1715.0,556.4285714285714,48.84615384615385,17,80.22448979591836,67.0
2019-04-27 16:00:00,62.0,19.9,rain,-4.479070278107506,4.9484615384615385,-1.6575842124374636,6.2,1360.0,243.57142857142858,77.61538461538461,16,53.48979591836734,34.714285714285715
2019-04-30 05:00:00,144.9,53.8,north wind,4.8367174023055375,7.058461538461538,-4.455414417408526,0.0,2315.0,241.42857142857142,48.53846153846154,5,88.75510204081634,33.142857142857146
2019-05-12 22:00:00,121.7,44.5,weak north wind,2.493012688818646,5.746923076923077,-4.921885767220729,0.0,2345.0,1099.2857142857142,26.692307692307693,22,62.36734693877552,29.428571428571427
2019-05-17 22:00:00,83.8,26.2,"strong wind, other direction",-2.4498237330721278,5.11923076923077,4.224824079049691,1.5,1580.0,1667.857142857143,65.6923076923077,22,57.06122448979591,34.42857142857143
2019-05-19 17:00:00,63.0,8.3,north wind,5.7196262681221235,10.576923076923078,-8.810547794960693,0.0,4000.0,1026.4285714285713,23.23076923076923,17,33.673469387755105,19.142857142857142
2019-05-24 18:00:00,70.3,27.3,"strong wind, other direction",-6.645727083514625,6.832307692307692,-0.4680114897335516,0.0,2305.0,652.8571428571429,23.384615384615383,18,36.91836734693878,37.42857142857143
2019-05-26 12:00:00,77.6,15.5,north wind,3.9345692201474214,5.133076923076923,1.2977975621671034,6.7,950.0,140.71428571428572,66.53846153846153,12,49.36734693877552,34.42857142857143
2019-06-06 16:00:00,100.1,33.2,rain,-4.1559614195880945,4.24923076923077,0.3486295787510216,5.7,875.0,307.85714285714283,74.53846153846153,16,51.78857142857144,46.714285714285715
2019-06-08 11:00:00,73.2,19.9,lid lifted (daytime mixing),-1.1094163554979344,3.649230769230769,-2.9711154839580565,0.0,4870.0,35.714285714285715,30.307692307692307,11,30.918367346938773,16.714285714285715
2019-06-14 13:00:00,74.1,7.8,lid lifted (daytime mixing),2.808854086339338,3.6400000000000006,1.7088794611414606,0.0,3100.0,70.0,24.23076923076923,13,49.95918367346939,32.857142857142854
2019-06-21 19:00:00,64.4,20.7,unclear,-3.193096095815338,3.5392307692307687,0.8887479977095736,0.0,1710.0,1171.4285714285713,37.76923076923077,19,54.387755102040806,37.714285714285715
2019-07-23 01:00:00,100.3,39.3,rain,0.8620565750611905,2.7746153846153847,0.21318270590768565,22.5,455.0,345.0,94.76923076923077,1,41.775510204081634,35.0
2019-07-29 01:00:00,60.5,17.3,rain,-2.1827364152774402,3.2553846153846155,1.400803832886282,10.3,300.0,1012.1428571428571,84.46153846153847,1,28.73469387755102,18.285714285714285
2019-08-27 10:00:00,69.3,21.0,lid lifted (daytime mixing),1.3484921357849624,2.420769230769231,-1.8991418673603466,0.0,2595.0,17.142857142857142,56.30769230769231,10,71.81632653061224,31.285714285714285
2019-10-04 04:00:00,79.1,21.4,rain,0.6455947331306091,5.71923076923077,4.218903111873702,14.499999999999998,865.0,534.2857142857143,78.46153846153847,4,41.142857142857146,43.714285714285715
2019-10-11 14:00:00,67.6,25.9,unclear,-1.4145575282708447,2.466153846153846,1.9569022276164998,0.0,1180.0,167.85714285714286,43.07692307692308,14,59.42857142857143,39.285714285714285
2019-10-20 12:00:00,136.9,45.0,north wind,2.9298114507162074,4.0323076923076915,-2.618850963999409,0.0,1710.0,42.857142857142854,44.0,12,120.26530612244899,76.14285714285714
2019-10-24 14:00:00,114.5,37.8,north wind,4.028693873951747,4.9799999999999995,-1.5899190139837382,3.9,1135.0,56.42857142857143,67.92307692307692,14,100.12244897959182,36.0
2019-11-07 05:00:00,71.1,20.4,north wind,2.9820159132857182,4.295384615384616,2.4422529217788886,0.0,935.0,40.714285714285715,55.23076923076923,5,105.71428571428571,49.285714285714285
2019-11-10 03:00:00,171.8,51.3,north wind,5.311461919634405,7.346923076923077,-3.150888540155292,14.6,1155.0,200.0,76.84615384615384,3,170.79591836734693,25.714285714285715
2019-11-18 00:00:00,64.4,15.7,north wind,6.1757236173605214,8.842307692307692,-5.797373368836688,0.0,1945.0,811.4285714285714,19.384615384615383,0,53.06122448979591,32.285714285714285
2019-11-24 00:00:00,130.5,33.2,north wind,6.827019998570657,7.253846153846155,-1.8502814514884656,0.0,1425.0,472.14285714285717,42.07692307692308,0,160.24489795918367,82.85714285714286
2019-11-30 16:00:00,90.1,35.4,north wind,3.13052542841556,4.808461538461539,-3.3175345660101745,0.0,1360.0,44.285714285714285,49.76923076923077,16,89.6938775510204,121.42857142857143
2019-12-10 14:00:00,159.8,47.3,north wind,3.4897055925658695,5.148461538461539,-3.5416812349883204,0.0,1780.0,27.142857142857142,46.30769230769231,14,133.91836734693877,132.14285714285714
2019-12-17 02:00:00,79.6,25.6,north wind,5.816653188689405,7.250769230769231,-3.7423098660550846,0.0,825.0,155.0,67.38461538461539,2,106.10204081632652,66.0
2019-12-23 00:00:00,79.6,29.2,north wind,3.6902266547349076,4.686153846153847,0.4522010263410001,0.0,90.0,410.7142857142857,59.76923076923077,0,157.85714285714286,159.42857142857142
2019-12-25 15:00:00,101.4,28.0,lid lifted (daytime mixing),3.5082857400986422,3.681538461538462,0.7177572237289787,0.0,1275.0,26.428571428571427,48.76923076923077,15,122.83673469387756,115.0
2019-12-29 18:00:00,149.7,37.0,north wind,6.131502603857611,6.481538461538461,-1.5270683707322101,0.0,1030.0,120.71428571428571,40.07692307692308,18,123.9795918367347,90.42857142857143
2020-01-07 00:00:00,65.0,24.1,north wind,5.286504149234186,5.705384615384616,-0.11411180969589343,0.0,300.0,212.85714285714286,70.84615384615384,0,80.16326530612244,82.28571428571429
2020-01-16 06:00:00,115.2,44.0,weak north wind,3.3460981191355668,3.5330769230769237,1.024461077179727,0.0,585.0,18.571428571428573,63.92307692307692,6,191.18367346938774,152.28571428571428
2020-01-19 00:00:00,213.4,61.6,unclear,1.188537900493488,4.536153846153845,-3.624703018327213,0.0,65.0,300.0,72.3076923076923,0,200.30612244897958,102.14285714285714
2020-01-23 14:00:00,77.1,27.2,weak north wind,3.011434600213636,3.515384615384615,1.1350784567873171,0.0,900.0,21.428571428571427,46.38461538461539,14,206.55102040816328,245.57142857142858
2020-01-29 13:00:00,114.6,42.2,lid lifted (daytime mixing),1.1613445087268899,1.9130769230769231,0.4689330060126507,0.0,1345.0,12.142857142857142,53.69230769230769,13,168.9591836734694,87.42857142857143
2020-01-31 20:00:00,71.8,24.4,north wind,3.7048557334802115,5.315384615384616,-1.851651165935658,0.0,1000.0,330.7142857142857,31.23076923076923,20,109.71428571428571,143.14285714285714
2020-02-08 11:00:00,75.0,27.0,unclear,1.1980018949568725,2.661538461538461,0.34659215129061843,0.0,910.0,25.0,46.76923076923077,11,127.40816326530613,119.85714285714286
2020-02-14 07:00:00,152.9,53.2,north wind,3.674921113897376,6.46,4.003641330170057,14.7,875.0,248.57142857142858,89.84615384615384,7,120.59183673469387,30.142857142857142
2020-02-21 16:00:00,133.4,35.5,north wind,2.501143358600435,5.846153846153846,-5.2553767714788355,0.0,3285.0,63.57142857142857,42.46153846153846,16,130.6938775510204,42.0
2020-03-07 11:00:00,95.9,31.7,unclear,1.3469678346390428,3.3176923076923073,0.33131260881401914,0.0,1180.0,53.57142857142857,60.07692307692308,11,123.6938775510204,56.0
2020-03-09 16:00:00,67.1,26.6,lid lifted (daytime mixing),-1.496946178813784,3.4676923076923076,0.08631387846279798,0.0,1605.0,309.2857142857143,63.23076923076923,16,104.75510204081631,46.0
2020-03-26 03:00:00,78.6,20.1,north wind,6.580952977424649,8.53076923076923,0.5189780385954345,2.9,1010.0,625.0,63.30769230769231,3,64.79591836734694,30.428571428571427
2020-04-01 00:00:00,62.2,22.1,north wind,4.922843168698043,6.46923076923077,2.485103516103746,0.0,710.0,1355.7142857142858,29.615384615384617,0,55.224489795918366,53.714285714285715
2020-04-07 09:00:00,87.6,34.9,lid lifted (daytime mixing),1.2580351531974143,3.7276923076923087,2.5090231783294716,0.0,1800.0,85.71428571428571,21.153846153846153,9,68.44897959183673,45.42857142857143
2020-04-16 04:00:00,74.8,16.6,north wind,3.8821875885191015,5.194615384615385,1.7038966539873324,13.4,1120.0,800.7142857142857,69.61538461538461,4,51.61224489795918,32.857142857142854
2020-05-08 11:00:00,64.8,25.8,rain,-0.29787068495003305,3.483076923076923,3.194996025838703,3.5999999999999996,905.0,381.42857142857144,82.46153846153847,11,41.40816326530613,15.428571428571429
2020-05-30 14:00:00,83.6,28.4,lid lifted (daytime mixing),-6.43630910415402,6.729230769230768,-1.216840118793764,0.0,3255.0,142.85714285714286,38.15384615384615,14,34.40816326530612,28.857142857142858
2020-06-11 19:00:00,79.5,25.0,unclear,1.3433796859805835,2.897692307692308,-0.050178668232682494,0.4,1635.0,827.1428571428571,53.38461538461539,19,55.265306122448976,32.42857142857143
2020-06-13 14:00:00,79.5,31.1,lid lifted (daytime mixing),0.3637313758445341,2.907692307692308,-1.6274670087830714,0.5,2115.0,165.0,36.92307692307692,14,35.61224489795919,36.57142857142857
2020-06-28 13:00:00,81.8,29.6,lid lifted (daytime mixing),-1.7527322054268926,2.1015384615384614,0.34226507833089026,0.0,1530.0,101.42857142857143,50.84615384615385,13,71.44897959183673,38.42857142857143
2020-07-13 17:00:00,64.3,25.1,unclear,-0.4824091084379347,1.2161538461538461,-0.2696857644256066,0.0,1170.0,165.0,63.30769230769231,17,41.6530612244898,31.285714285714285
2020-07-28 17:00:00,80.3,30.6,unclear,-2.1546129439824915,3.264615384615385,0.6903030149386773,0.3,1195.0,394.2857142857143,68.84615384615384,17,49.61224489795918,38.57142857142857
2020-08-24 02:00:00,64.1,10.8,north wind,6.141563063618473,6.8500000000000005,-0.18783691883059048,31.7,760.0,477.85714285714283,93.76923076923077,2,39.3265306122449,22.428571428571427
2020-08-27 12:00:00,80.8,24.8,unclear,0.319354251970805,2.1376923076923076,0.024877556666491402,0.2,1045.0,67.14285714285714,69.6923076923077,12,35.265306122448976,29.142857142857142
2020-09-29 02:00:00,74.6,28.5,north wind,3.359480555210091,4.497692307692308,2.0772095312217176,17.499999999999996,870.0,610.0,88.6923076923077,2,40.89795918367347,33.57142857142857
2020-10-11 08:00:00,120.3,42.5,north wind,3.983475053546128,5.103076923076923,0.0037098903218987576,0.0,1450.0,118.57142857142857,62.76923076923077,8,101.22448979591836,99.28571428571429
2020-10-16 03:00:00,102.9,38.4,north wind,3.992641170051044,4.93923076923077,-2.551306432470923,0.0,850.0,337.85714285714283,62.30769230769231,3,73.57142857142857,88.71428571428571
2020-10-21 04:00:00,158.7,45.8,north wind,4.827684638800059,7.322307692307692,-3.599212415834832,0.0,1285.0,270.0,40.30769230769231,4,92.38775510204083,39.714285714285715
2020-10-26 21:00:00,97.8,30.0,north wind,6.101680678587915,7.3184615384615395,-3.2903860813440735,0.0,1550.0,775.0,19.76923076923077,21,114.87755102040816,111.0
2020-11-01 04:00:00,74.1,25.3,north wind,3.5936407709684195,5.031538461538462,-3.410638857311977,0.0,975.0,300.0,36.53846153846154,4,80.53061224489797,34.0
2020-11-12 13:00:00,160.2,61.5,north wind,3.9593780818289988,4.192307692307692,-0.8366292346499744,0.0,1375.0,19.285714285714285,35.30769230769231,13,119.24489795918366,139.42857142857142
2020-11-18 13:00:00,72.0,23.1,north wind,7.2465454191949155,7.437692307692307,0.8916106470537499,14.4,770.0,182.14285714285714,87.92307692307692,13,52.653061224489804,19.0
2020-12-06 20:00:00,62.2,22.4,north wind,5.804248399483971,6.504615384615385,-2.730287082538528,0.0,1875.0,654.2857142857143,28.692307692307693,20,122.40816326530613,131.14285714285714
2020-12-12 23:00:00,127.1,33.0,north wind,4.808647980414638,6.01,-1.806986196911909,1.0,1075.0,334.2857142857143,68.6923076923077,23,139.81632653061223,45.857142857142854
2020-12-28 21:00:00,66.5,18.8,north wind,6.1958915052073325,6.6815384615384605,-0.4383370241655822,0.0,1120.0,447.85714285714283,39.38461538461539,21,99.81632653061226,49.42857142857143
2021-01-02 23:00:00,60.4,19.1,weak north wind,1.9017653215826233,3.25,1.7521863829105855,0.0,70.0,435.0,49.76923076923077,23,74.46938775510205,76.57142857142857
2021-01-15 14:00:00,93.3,31.1,north wind,5.500270670533487,5.6023076923076935,-0.19797736286943016,0.0,1910.0,123.57142857142857,30.076923076923077,14,65.16326530612244,63.142857142857146
2021-02-01 05:00:00,91.0,21.9,north wind,5.470769385670054,6.085384615384616,-2.313984174238298,0.0,1335.0,45.714285714285715,56.92307692307692,5,90.26530612244899,79.42857142857143
2021-02-07 06:00:00,80.9,25.7,north wind,3.200623671458838,4.053846153846154,1.8147444579501988,0.0,1905.0,82.85714285714286,51.61538461538461,6,47.08163265306122,19.714285714285715
2021-02-22 08:00:00,76.8,13.2,north wind,4.0171439642020905,4.663846153846153,1.7935609760843412,0.0,2120.0,77.14285714285714,43.07692307692308,8,65.83673469387755,22.142857142857142
2021-02-28 23:00:00,97.4,33.1,rain,0.8479739836510086,3.170769230769231,2.8223984708433014,9.500000000000002,540.0,432.14285714285717,97.07692307692308,23,79.3061224489796,21.0
2021-03-05 16:00:00,184.5,62.1,unclear,-2.0466604659608008,4.678461538461538,3.0130961975453894,0.0,985.0,180.71428571428572,62.69230769230769,16,131.0612244897959,27.285714285714285
2021-03-15 21:00:00,268.9,87.2,north wind,7.311109824716809,8.06,-3.2956526957280046,0.0,1640.0,1342.857142857143,21.76923076923077,21,159.51020408163268,131.57142857142858
2021-03-28 14:00:00,265.7,88.3,north wind,6.000289209544717,8.479230769230771,-5.93682280985648,0.0,2985.0,362.85714285714283,21.0,14,126.16326530612244,101.0
2021-03-31 14:00:00,81.4,27.4,lid lifted (daytime mixing),1.8252501592501507,2.887692307692307,1.4085245148818117,0.0,1525.0,35.714285714285715,30.846153846153847,14,68.97959183673468,65.57142857142857
2021-04-09 05:00:00,67.6,25.8,east wind (sea air),-0.2323806243184846,4.463076923076923,4.218810206155796,0.0,1175.0,264.2857142857143,31.53846153846154,5,62.81632653061224,77.0
2021-04-12 15:00:00,82.8,26.4,north wind,5.12156875770987,5.962307692307693,-2.4959618016230687,0.0,1900.0,138.57142857142858,47.84615384615385,15,61.265306122448976,40.714285714285715
2021-04-15 22:00:00,104.2,32.4,north wind,4.960961565014499,8.531538461538462,-6.7895777767154835,0.7,2315.0,1350.7142857142858,24.615384615384617,22,49.24489795918367,88.71428571428571
2021-05-07 05:00:00,243.7,71.5,north wind,4.629967564857159,7.8623076923076916,-6.243596142277915,0.0,2620.0,2310.0,29.615384615384617,5,81.77551020408164,75.71428571428571
2021-10-26 10:00:00,139.4,46.7,north wind,4.902785916420459,5.338461538461538,-1.9337965820954788,0.0,1720.0,23.571428571428573,49.53846153846154,10,119.08571428571429,40.42857142857143
2021-10-31 00:00:00,84.0,29.0,north wind,3.247398589325045,5.963846153846154,-3.6638072914061577,0.0,135.0,584.2857142857143,58.69230769230769,0,105.36734693877551,120.71428571428571
2021-11-06 15:00:00,141.9,29.7,north wind,5.000321204693585,6.182307692307692,-0.6004668304823062,12.1,855.0,90.0,90.38461538461539,15,141.93877551020407,101.0
2021-11-19 00:00:00,145.1,55.9,north wind,5.218557628364305,5.7738461538461525,1.7904992272668392,0.0,195.0,162.85714285714286,64.15384615384616,0,121.79591836734696,124.42857142857143
2021-11-29 14:00:00,96.2,11.9,weak north wind,3.4378249356954957,3.604615384615384,-0.14691257141469383,0.4,595.0,69.28571428571429,72.76923076923077,14,128.28571428571428,69.85714285714286
2021-12-06 04:00:00,98.8,30.8,north wind,6.336616965324199,6.681538461538462,-1.8659472230009855,0.0,490.0,29.285714285714285,51.76923076923077,4,90.53061224489797,48.42857142857143
2021-12-10 13:00:00,72.5,27.1,unclear,1.4924061795369614,2.338461538461538,0.13079376137979226,0.0,635.0,35.714285714285715,63.84615384615385,13,92.71428571428571,137.14285714285714
2021-12-16 06:00:00,88.5,25.8,north wind,4.781796848193416,5.308461538461538,-1.9975716260489025,0.0,1530.0,17.142857142857142,53.0,6,150.9387755102041,50.857142857142854
2022-01-08 12:00:00,93.6,36.8,weak north wind,3.5376860720027095,3.7984615384615377,-0.8205255716617761,0.0,940.0,27.857142857142858,47.69230769230769,12,134.22448979591837,114.71428571428571
2022-01-15 10:00:00,105.3,41.9,north wind,5.834710863511116,6.283076923076924,-2.2852431208130883,0.0,1645.0,18.571428571428573,46.0,10,102.3061224489796,76.71428571428571
2022-01-25 12:00:00,143.1,49.6,north wind,3.326300368309391,4.287692307692308,-2.6247300480185904,0.0,2375.0,18.571428571428573,54.0,12,102.44897959183675,151.71428571428572
2022-01-31 01:00:00,164.9,58.3,north wind,2.520408734353436,4.8015384615384615,-2.15882447345922,1.2000000000000002,755.0,715.7142857142857,55.30769230769231,1,139.85714285714286,29.285714285714285
2022-02-11 12:00:00,60.8,23.0,weak north wind,1.9742412262068132,3.6815384615384614,1.680290255845724,0.0,965.0,26.428571428571427,37.69230769230769,12,104.55102040816327,92.85714285714286
2022-02-18 18:00:00,61.6,9.8,north wind,4.619472745945728,6.181538461538461,-4.001736831259366,0.0,2295.0,295.7142857142857,29.153846153846153,18,56.22448979591837,49.714285714285715
2022-02-26 02:00:00,105.2,20.5,north wind,4.709535222195988,7.09,-3.6515538625761192,0.0,610.0,311.42857142857144,44.92307692307692,2,80.87755102040816,24.857142857142858
2022-02-28 19:00:00,79.8,15.8,north wind,4.895980184778258,6.895384615384615,-1.9916288909647142,0.0,1230.0,285.0,37.53846153846154,19,58.367346938775505,16.285714285714285
2022-03-04 11:00:00,60.9,18.2,north wind,6.840605141806486,9.029230769230768,-5.771123335049603,0.0,2675.0,22.142857142857142,37.46153846153846,11,67.08163265306122,27.857142857142858
2022-03-25 10:00:00,115.8,43.0,north wind,5.587010768276751,5.657692307692309,0.7268174257485908,0.0,1135.0,44.285714285714285,51.61538461538461,10,88.22448979591836,58.142857142857146
2022-03-30 07:00:00,69.8,26.8,unclear,0.3327419861577626,2.543846153846154,2.075979748326235,0.2,1530.0,54.285714285714285,76.61538461538461,7,81.81632653061224,36.285714285714285
2022-04-05 11:00:00,89.3,34.6,north wind,3.953457681327197,4.294615384615385,0.9036261417116005,0.0,2095.0,28.571428571428573,40.38461538461539,11,56.163265306122454,29.571428571428573
2022-04-11 17:00:00,80.2,25.8,north wind,6.614563147135829,7.783846153846154,-3.9810199251154383,0.1,1370.0,328.57142857142856,23.076923076923077,17,79.73469387755101,34.714285714285715
2022-04-19 14:00:00,85.3,26.4,lid lifted (daytime mixing),-2.9113475990822413,4.673846153846154,-2.9523394708890955,0.0,2550.0,35.0,24.076923076923077,14,51.87755102040817,30.428571428571427
2022-04-26 04:00:00,68.8,16.7,north wind,6.63502215812225,7.671538461538461,-1.7585813197761728,0.0,1725.0,659.2857142857143,41.38461538461539,4,66.61224489795919,57.285714285714285
2022-07-05 15:00:00,60.5,23.3,rain,0.2703918327201908,2.822307692307693,1.3503453946173871,14.500000000000002,870.0,190.71428571428572,78.53846153846153,15,31.448979591836736,15.428571428571429
2022-08-03 13:00:00,64.9,24.5,lid lifted (daytime mixing),-3.9146823601917196,3.981538461538462,-0.6807747377246571,0.0,1405.0,75.0,64.61538461538461,13,39.775510204081634,25.571428571428573
2022-09-14 12:00:00,61.2,16.5,lid lifted (daytime mixing),0.6437891179357644,2.75076923076923,2.1705567184894585,0.0,2125.0,27.142857142857142,52.07692307692308,12,43.93877551020408,29.0
2022-10-02 03:00:00,76.9,21.1,light rain,1.3672968591365868,3.4892307692307694,1.6928491300407247,1.1000000000000003,535.0,495.0,74.61538461538461,3,25.020408163265305,16.714285714285715
2022-10-08 23:00:00,62.8,14.9,north wind,4.757334766813334,6.410769230769231,-3.4168777527240723,0.1,1175.0,738.5714285714286,55.76923076923077,23,49.26530612244898,10.428571428571429
2022-10-16 02:00:00,114.0,16.1,north wind,7.300647621343374,8.051538461538463,-0.1714643631385256,0.0,970.0,427.85714285714283,36.0,2,101.77551020408164,63.57142857142857
2022-10-22 05:00:00,105.6,24.1,north wind,5.231811804355494,6.05076923076923,-2.838281522094783,0.0,1310.0,78.57142857142857,46.46153846153846,5,90.79591836734696,49.714285714285715
2022-10-26 20:00:00,94.2,30.6,north wind,3.581379936182877,4.6269230769230765,2.900835928017,0.30000000000000004,1105.0,638.5714285714286,54.07692307692308,20,56.224489795918366,54.57142857142857
2022-10-31 06:00:00,88.7,27.0,north wind,4.385034860855108,5.595384615384616,-3.3448803063961514,0.0,1445.0,80.71428571428571,55.69230769230769,6,105.36734693877551,45.857142857142854
2022-11-07 06:00:00,111.8,40.9,north wind,5.373646184083106,5.895384615384615,-2.3118899169012246,0.0,1050.0,25.714285714285715,59.61538461538461,6,114.93877551020408,66.28571428571429
2022-11-11 23:00:00,72.9,26.6,rain,1.7637445833179064,3.644615384615385,-1.1838527071121328,13.699999999999998,820.0,179.28571428571428,95.38461538461539,23,153.55102040816323,57.285714285714285
2022-11-21 11:00:00,75.0,20.9,weak north wind,2.9846424769053614,3.5438461538461543,1.2713968642770388,0.0,1035.0,89.28571428571429,61.46153846153846,11,128.3061224489796,69.85714285714286
2022-11-25 11:00:00,127.3,33.3,north wind,3.382552543073086,5.416923076923077,-3.9583954338213507,0.0,2950.0,32.857142857142854,47.38461538461539,11,85.38775510204081,30.285714285714285
2022-12-10 02:00:00,78.0,15.4,north wind,5.327740888587419,6.91,-3.05315038359569,0.0,1075.0,197.14285714285714,42.30769230769231,2,180.51020408163262,44.57142857142857
2022-12-13 01:00:00,216.4,76.2,weak north wind,2.3135424289794093,7.517692307692307,-5.991485962163332,0.0,2095.0,961.4285714285714,26.153846153846153,1,100.34693877551021,38.857142857142854
2023-01-06 13:00:00,107.3,41.3,lid lifted (daytime mixing),1.8984611560907605,4.159230769230769,-3.6002725783984997,0.0,2375.0,28.571428571428573,36.0,13,235.53061224489798,41.0
2023-01-13 17:00:00,107.9,39.8,north wind,7.533999720868514,7.796923076923077,1.3198755776730489,0.0,1060.0,75.71428571428571,56.38461538461539,17,116.12244897959184,26.857142857142858
2023-01-23 07:00:00,135.8,43.4,weak north wind,2.4191308552469093,4.711538461538461,1.283050175779017,0.8,1950.0,263.57142857142856,47.23076923076923,7,138.6326530612245,65.71428571428571
2023-02-12 16:00:00,104.2,40.7,rain,2.23181848382528,2.41,0.5770808980847533,3.3,660.0,191.42857142857142,93.0,16,112.32653061224491,53.42857142857143
2023-02-18 17:00:00,176.1,45.2,north wind,3.9958351533573713,4.734615384615385,-0.7480576733579729,1.7999999999999998,1300.0,108.57142857142857,73.6923076923077,17,189.9387755102041,12.857142857142858
2023-02-24 06:00:00,118.5,38.6,north wind,5.84012411746277,6.251538461538463,2.211411979913589,0.0,1620.0,26.428571428571427,49.61538461538461,6,101.08163265306123,73.85714285714286
2023-02-28 09:00:00,146.1,56.8,north wind,5.712453919045026,5.933076923076923,-1.4157014062957887,0.0,2020.0,17.142857142857142,52.0,9,94.3061224489796,53.57142857142857
2023-03-06 14:00:00,191.0,72.1,unclear,0.03447169065116899,3.2030769230769227,-1.2269213082913288,0.0,1020.0,30.0,39.0,14,139.83673469387756,111.0
2023-03-08 07:00:00,186.3,61.1,north wind,2.9465286314068373,4.734615384615385,1.2804345015193268,0.0,1140.0,46.42857142857143,47.07692307692308,7,112.42857142857143,74.57142857142857
2023-03-11 00:00:00,142.8,53.1,north wind,8.715231318854675,8.837692307692306,-0.428321198677424,0.0,820.0,1031.4285714285713,20.76923076923077,0,54.57142857142857,45.0
2023-03-18 06:00:00,67.2,26.5,weak north wind,3.0999309401234814,3.971538461538461,-2.405589004090502,0.0,1460.0,104.28571428571429,56.46153846153846,6,37.18367346938776,35.142857142857146
2023-03-22 22:00:00,103.3,38.5,north wind,6.449112970622495,6.809230769230767,0.23199458905112041,0.0,1930.0,1660.7142857142858,13.076923076923077,22,311.63265306122446,111.0
2023-04-11 11:00:00,174.2,67.5,north wind,5.037336521849364,8.04923076923077,-6.154727393636757,0.0,3060.0,1002.1428571428571,7.153846153846154,11,180.55102040816328,137.14285714285714
2023-04-14 14:00:00,141.2,53.1,north wind,4.442803257061746,6.521538461538461,-4.601366937588024,0.0,3110.0,100.0,14.0,14,74.3469387755102,116.71428571428571
2023-04-20 06:00:00,67.8,26.2,north wind,8.793377346679845,8.858461538461539,0.42680224307942044,0.2,1565.0,250.71428571428572,28.923076923076923,6,54.714285714285715,32.0
2023-05-15 15:00:00,79.0,31.1,lid lifted (daytime mixing),-4.729337990702673,4.905384615384616,-0.6783714490853117,0.0,1445.0,155.0,36.15384615384615,15,52.79591836734694,43.42857142857143
2023-05-20 13:00:00,89.3,27.5,north wind,5.000156973137647,7.711538461538462,-5.725497296462503,0.0,2475.0,421.42857142857144,10.846153846153847,13,48.632653061224495,50.0
2023-05-26 15:00:00,73.7,24.4,lid lifted (daytime mixing),-4.063104414864973,4.200000000000001,0.2753941851103058,0.0,2200.0,172.85714285714286,45.92307692307692,15,48.87755102040817,54.857142857142854
2023-06-19 14:00:00,72.6,20.1,lid lifted (daytime mixing),-1.4375672387949703,2.1069230769230773,0.042475765493138064,2.4000000000000004,1345.0,275.7142857142857,74.53846153846153,14,22.061224489795915,14.285714285714286
2023-08-12 03:00:00,61.2,12.1,rain,2.2275415938398235,3.17,-0.808705748202492,26.8,380.0,142.85714285714286,95.3076923076923,3,40.87755102040817,8.142857142857142
2023-09-08 21:00:00,74.4,26.6,rain,3.141287727960022,3.5984615384615384,1.5485110902604087,15.899999999999999,295.0,314.2857142857143,91.6923076923077,21,49.59183673469387,43.57142857142857
2023-09-27 10:00:00,62.5,24.7,lid lifted (daytime mixing),2.777216743358508,3.2899999999999996,-0.9925426266870849,0.0,1385.0,37.142857142857146,64.23076923076923,10,54.81632653061224,53.57142857142857
2023-10-13 12:00:00,70.4,18.3,lid lifted (daytime mixing),2.5678724882076343,3.230000000000001,-1.057162624985134,0.0,2545.0,47.857142857142854,63.46153846153846,12,95.6938775510204,49.714285714285715
2023-10-25 16:00:00,91.8,30.5,unclear,1.4870814700039061,3.976923076923077,-2.4749635548232813,0.0,1085.0,57.142857142857146,37.0,16,90.51020408163265,73.57142857142857
2023-11-02 19:00:00,97.9,25.2,north wind,4.011496274080316,5.8161538461538465,-2.6678433346518258,0.0,725.0,353.57142857142856,43.38461538461539,19,188.75510204081633,120.14285714285714
2023-11-16 03:00:00,65.6,4.5,north wind,3.4307193020383164,6.586923076923076,-5.288596155848906,0.0,665.0,37.857142857142854,55.07692307692308,3,122.77551020408161,9.142857142857142
2023-11-22 12:00:00,143.4,56.2,lid lifted (daytime mixing),2.3154694539619363,4.04,-3.028933760965719,0.0,2505.0,20.714285714285715,49.46153846153846,12,196.75510204081633,94.85714285714286
2023-12-06 00:00:00,98.0,35.0,north wind,3.8477244514769953,5.070000000000001,-3.191462204480258,0.0,585.0,203.57142857142858,46.0,0,138.77551020408163,71.57142857142857
2023-12-09 03:00:00,98.7,35.1,weak north wind,1.8970635451486477,3.8969230769230765,2.4051443460593274,0.0,90.0,38.57142857142857,66.46153846153847,3,90.55102040816327,57.57142857142857
2023-12-19 07:00:00,75.1,19.7,north wind,5.984501450489331,6.98076923076923,-3.3083554617400486,0.0,1360.0,27.142857142857142,47.46153846153846,7,125.51020408163266,71.42857142857143
2023-12-30 20:00:00,146.9,49.4,north wind,3.427876137439395,5.588461538461538,-3.658070331184923,0.0,465.0,242.14285714285714,57.0,20,205.85714285714286,125.71428571428571
2024-01-02 22:00:00,71.3,23.4,north wind,2.6711346282106616,5.424615384615384,-3.9810956258776975,0.0,,,61.92307692307692,22,152.87755102040816,120.0
2024-01-04 18:00:00,77.4,25.4,weak north wind,2.222811683021749,4.507692307692308,-3.5804983495774234,0.0,,,43.30769230769231,18,83.44897959183673,127.85714285714286
2024-01-13 11:00:00,87.1,34.6,unclear,-0.6192442416911551,2.4099999999999997,1.9369952189807478,0.0,,,69.23076923076923,11,194.0612244897959,155.42857142857142
2024-01-31 08:00:00,109.4,41.9,north wind,4.674274514806038,5.489230769230769,2.6705258537216614,0.0,,,55.69230769230769,8,147.14285714285714,130.71428571428572
2024-02-06 11:00:00,69.3,25.7,weak north wind,3.0005594818090313,3.3446153846153837,-1.252566502179506,0.0,,,47.92307692307692,11,110.75510204081634,85.28571428571429
2024-02-14 09:00:00,115.8,35.5,north wind,5.609123780891158,5.699230769230771,0.5701854968435184,0.0,,,52.84615384615385,9,158.3877551020408,73.71428571428571
2024-02-18 18:00:00,92.5,25.2,north wind,6.787309434077271,7.032307692307692,-1.1364226124523698,0.5,,,64.23076923076923,18,81.28571428571429,46.0
2024-02-25 05:00:00,73.5,24.3,north wind,4.7266295389806166,4.817692307692308,-0.18614679135846846,0.0,,,48.15384615384615,5,50.81632653061224,58.857142857142854
2024-02-28 15:00:00,66.7,25.6,unclear,0.9294564188792154,2.643846153846153,1.5418360265385236,0.0,,,51.61538461538461,15,92.53061224489795,84.42857142857143
2024-03-03 11:00:00,60.3,7.8,unclear,0.7789604278911978,3.891538461538462,2.4464995879403455,0.0,,,35.23076923076923,11,45.85714285714285,38.857142857142854
2024-03-06 08:00:00,70.2,22.2,north wind,4.168161672273161,4.545384615384615,0.9458746287036551,0.0,,,53.46153846153846,8,59.42857142857142,50.42857142857143
2024-03-07 15:00:00,61.0,6.2,north wind,5.528205436807424,6.575384615384616,-3.474756093759449,0.0,,,36.46153846153846,15,98.08163265306123,13.142857142857142
2024-03-11 11:00:00,98.0,38.6,weak north wind,3.1322798489482446,3.5076923076923068,1.243703279896072,0.0,,,47.15384615384615,11,90.89795918367346,35.0
2024-03-16 14:00:00,114.5,29.8,north wind,3.502438049036101,5.682307692307694,-3.999975639125196,0.30000000000000004,,,35.61538461538461,14,68.63265306122449,46.714285714285715
2024-03-19 04:00:00,64.8,12.5,north wind,3.239066750249019,6.259230769230769,-3.9990977261101097,0.0,,,26.923076923076923,4,42.0,13.714285714285714
2024-03-22 14:00:00,60.5,13.1,unclear,0.9494295227737933,3.8361538461538465,-3.5230681181283754,0.0,,,35.23076923076923,14,74.16326530612245,50.285714285714285
2024-03-28 09:00:00,166.3,38.0,north wind,4.391723688742344,7.154615384615384,-5.49856080662983,0.0,,,18.23076923076923,9,73.76020408163265,75.0
2024-04-06 15:00:00,83.0,26.8,unclear,-2.3060867083361805,4.805384615384616,-3.9147075707966836,0.0,,,27.153846153846153,15,66.87755102040816,72.42857142857143
2024-04-15 14:00:00,60.3,18.2,north wind,5.335793939802233,7.5661538461538465,-5.353541662452266,0.0,,,18.846153846153847,14,50.10204081632653,50.285714285714285
2024-05-06 12:00:00,60.2,20.2,weak north wind,1.5531371451525682,2.9092307692307693,0.6413852142519024,0.0,,,37.92307692307692,12,51.10204081632653,28.714285714285715
2024-05-08 16:00:00,60.4,23.9,"strong wind, other direction",-5.11617580180408,5.84,-2.7569057708506532,0.0,,,31.307692307692307,16,51.53061224489796,28.428571428571427
2024-05-11 07:00:00,122.6,48.8,north wind,2.7103088339090298,7.037692307692307,-6.189142232918311,0.0,,,21.153846153846153,7,51.734693877551024,35.142857142857146
2024-06-09 10:00:00,61.3,12.7,unclear,0.5077370153861971,2.3146153846153847,0.3804284378328294,0.0,,,53.07692307692308,10,34.57142857142857,13.857142857142858
2024-06-23 10:00:00,89.3,29.7,north wind,5.549930279278759,6.122307692307694,-1.9735592038156766,0.0,,,36.30769230769231,10,25.047619047619047,47.0
2024-07-05 13:00:00,81.9,32.3,unclear,-1.8298452678412536,2.29,-0.5191694732971421,0.0,1165.0,76.42857142857143,64.61538461538461,13,39.38775510204082,40.142857142857146
2024-09-30 00:00:00,61.8,1.2,north wind,5.550299344815515,7.124615384615385,-2.5258671033437263,8.299999999999999,985.0,807.8571428571429,77.84615384615384,0,43.163265306122454,7.142857142857143
2024-10-10 01:00:00,84.1,18.7,north wind,3.99412391525492,5.316923076923076,-2.972596705415726,0.0,460.0,424.2857142857143,60.61538461538461,1,74.3061224489796,68.42857142857143
2024-10-15 04:00:00,103.3,33.4,north wind,5.814738777007485,6.113076923076923,1.8394182582754455,0.0,855.0,136.42857142857142,64.46153846153847,4,116.46938775510203,93.85714285714286
2024-10-27 02:00:00,179.8,47.8,north wind,4.86622692237666,5.2238461538461545,-1.669523667024536,0.0,145.0,185.0,74.92307692307692,2,125.40816326530613,108.0
2024-11-03 12:00:00,92.8,27.7,north wind,3.3143413906199015,4.723076923076922,-3.0451209082360453,0.0,2425.0,31.428571428571427,55.15384615384615,12,64.28571428571429,72.85714285714286
2024-11-10 14:00:00,137.8,44.1,unclear,0.2562717184883621,3.006153846153846,1.3877670989501187,0.1,855.0,31.428571428571427,65.15384615384616,14,96.85714285714286,117.57142857142857
2024-11-16 05:00:00,74.3,20.5,north wind,5.340434598357986,5.834615384615384,-2.051668115076122,0.1,1525.0,62.142857142857146,58.53846153846154,5,65.14285714285714,33.285714285714285
2024-11-25 08:00:00,94.6,20.4,north wind,2.716048535270674,4.237692307692307,-2.7691506411897313,4.8999999999999995,1395.0,42.142857142857146,74.46153846153847,8,79.83673469387756,21.142857142857142
2024-12-13 01:00:00,60.8,16.9,north wind,3.7796826062464666,4.7638461538461545,-2.296176388162434,0.2,535.0,164.28571428571428,59.15384615384615,1,73.69387755102039,35.857142857142854
2025-01-19 04:00:00,72.3,22.1,north wind,4.978808292439816,5.216923076923076,-0.34775540946010075,0.0,285.0,44.285714285714285,44.53846153846154,4,99.38775510204083,61.142857142857146
2025-01-26 06:00:00,106.0,41.5,north wind,3.0546596672297546,5.293846153846153,-3.933255001530255,0.8,1905.0,20.0,62.61538461538461,6,88.46938775510203,26.142857142857142
2025-01-30 09:00:00,64.8,22.3,weak north wind,1.5764479668103009,3.1953846153846164,2.305286755734376,0.0,915.0,100.0,42.23076923076923,9,125.20408163265309,44.285714285714285
2025-02-02 11:00:00,80.0,23.6,north wind,4.476150254465893,5.040000000000001,-2.174331577349956,0.0,2670.0,25.0,48.30769230769231,11,78.3061224489796,63.714285714285715
2025-02-12 00:00:00,98.5,22.2,north wind,5.51558261401664,5.9630769230769225,-1.9250479725445766,0.0,405.0,320.0,38.38461538461539,0,98.9387755102041,64.71428571428571
2025-03-02 13:00:00,91.9,30.0,lid lifted (daytime mixing),1.8337612839664468,3.4730769230769223,2.4083879827016568,1.8,1290.0,365.7142857142857,50.23076923076923,13,81.67346938775509,37.857142857142854
2025-03-12 02:00:00,155.4,60.9,weak north wind,2.5067751518696064,3.8853846153846154,-2.6587390256399,0.0,40.0,278.57142857142856,76.46153846153847,2,101.3061224489796,69.14285714285714
2025-03-24 05:00:00,87.5,33.6,north wind,5.470808336732399,7.69076923076923,-2.7782969381308784,0.0,1285.0,147.14285714285714,25.153846153846153,5,61.89795918367347,26.714285714285715
2025-04-04 15:00:00,65.9,16.3,north wind,4.609073643688014,6.629230769230768,-4.371536814663046,0.0,3290.0,82.85714285714286,23.153846153846153,15,56.46938775510204,34.285714285714285
2025-04-07 14:00:00,60.1,19.6,north wind,5.058037376902882,5.421538461538461,0.0785560937884475,0.0,2350.0,47.142857142857146,20.153846153846153,14,63.693877551020414,62.285714285714285
2025-04-10 16:00:00,77.1,29.3,lid lifted (daytime mixing),-4.847425208407306,5.1023076923076935,-1.3484138086321147,0.0,2420.0,148.57142857142858,28.384615384615383,16,63.36734693877552,45.857142857142854
2025-04-11 21:00:00,78.8,23.4,north wind,4.356289657491844,8.323076923076922,-5.13378480088814,0.2,2045.0,1044.2857142857142,31.923076923076923,21,65.18367346938776,109.28571428571429
2025-04-17 12:00:00,60.6,23.3,lid lifted (daytime mixing),3.4020396102828405,3.914615384615385,-1.4409118047929022,0.0,2995.0,70.0,34.92307692307692,12,77.85714285714286,56.714285714285715
2025-04-22 01:00:00,72.1,14.8,north wind,3.9564973330153097,4.63076923076923,-2.0351726849993033,0.0,65.0,135.0,72.84615384615384,1,52.163265306122454,30.571428571428573
2025-04-27 02:00:00,74.6,14.6,north wind,6.565639391369842,7.17923076923077,0.33289370703845084,0.1,1225.0,818.5714285714286,38.61538461538461,2,46.97959183673469,32.857142857142854
2025-09-04 15:00:00,61.0,20.1,unclear,-2.426659431228511,2.664615384615385,0.3173963786122025,0.0,1035.0,126.42857142857143,67.07692307692308,15,25.469387755102044,25.571428571428573
2025-10-26 03:00:00,108.3,35.7,north wind,4.778195090791672,5.56923076923077,-2.081786864747109,0.0,435.0,277.85714285714283,62.61538461538461,3,79.9183673469388,78.28571428571429
2025-10-30 23:00:00,113.9,40.2,unclear,-0.9090863399918222,1.8284615384615381,1.2140092319458637,0.0,410.0,714.2857142857143,88.0,23,152.0204081632653,92.42857142857143
2025-11-12 16:00:00,93.1,13.3,north wind,3.184566174997843,4.979230769230768,-3.7439813829196855,0.0,1925.0,47.857142857142854,38.53846153846154,16,82.34693877551021,89.57142857142857
2025-11-16 02:00:00,64.6,17.0,north wind,5.059712058373738,7.25,-2.540133122713613,0.0,1215.0,142.85714285714286,49.53846153846154,2,58.38775510204082,37.857142857142854
2025-11-27 02:00:00,62.4,4.3,north wind,6.613883646885491,8.382307692307693,-4.963849518292532,0.0,1310.0,135.71428571428572,41.46153846153846,2,53.80952380952382,16.285714285714285
2025-11-30 12:00:00,60.6,17.1,north wind,5.487544136360578,6.8684615384615375,-3.6336456055013673,0.0,2545.0,28.571428571428573,34.76923076923077,12,118.8,61.285714285714285
2025-12-07 07:00:00,70.0,24.7,weak north wind,2.4147841005696433,4.203076923076923,-3.388461212398241,0.0,2775.0,17.142857142857142,52.76923076923077,7,95.37142857142858,22.142857142857142
2025-12-19 15:00:00,166.8,55.4,north wind,4.415093240512561,5.505384615384615,-3.1301484222547327,0.0,1315.0,28.571428571428573,43.38461538461539,15,165.08163265306123,167.71428571428572
2025-12-23 11:00:00,69.8,13.6,north wind,3.932032759171876,5.359230769230769,-3.3566825184865645,0.0,1480.0,30.0,51.53846153846154,11,60.857142857142854,45.857142857142854
2025-12-29 01:00:00,93.7,27.0,north wind,3.801792088665346,4.665384615384617,-2.214290804063071,0.0,70.0,172.14285714285714,63.61538461538461,1,132.71428571428572,106.42857142857143
2026-01-09 19:00:00,62.3,21.2,weak north wind,2.4106942403467717,7.9907692307692315,-5.922599517322256,0.0,1490.0,183.57142857142858,32.30769230769231,19,50.142857142857146,26.0
2026-01-16 11:00:00,72.4,18.7,north wind,4.547418659281977,4.724615384615385,0.44366800993341965,0.0,1735.0,52.142857142857146,49.76923076923077,11,104.06122448979592,52.42857142857143
2026-01-31 10:00:00,104.7,33.4,lid lifted (daytime mixing),2.0064435910237104,2.8530769230769235,0.11984593648362625,0.0,1225.0,23.571428571428573,51.92307692307692,10,97.42857142857143,105.71428571428571
2026-02-05 06:00:00,80.1,14.7,north wind,6.6306081883002115,7.408461538461538,-2.452800764445598,0.0,1435.0,44.285714285714285,40.38461538461539,6,,
2026-02-10 14:00:00,86.0,27.6,north wind,4.563345422003548,5.0430769230769235,-2.074189862787547,0.0,1810.0,15.714285714285714,29.53846153846154,14,86.85714285714286,63.714285714285715
2026-02-14 12:00:00,86.2,29.0,north wind,5.419845060328675,5.532307692307692,-0.6698409368495146,0.0,1850.0,20.714285714285715,37.53846153846154,12,121.08163265306122,87.0
2026-02-21 21:00:00,83.9,18.9,north wind,6.193938197134451,9.786153846153846,-6.803510466372064,0.0,3430.0,622.1428571428571,20.153846153846153,21,62.6530612244898,68.71428571428571
2026-02-26 11:00:00,85.0,18.7,lid lifted (daytime mixing),0.5177768979324422,4.0576923076923075,2.202385859563553,0.0,1520.0,50.714285714285715,62.76923076923077,11,53.91836734693878,45.857142857142854
2026-03-03 15:00:00,116.5,27.7,lid lifted (daytime mixing),1.2072482009507235,2.161538461538462,-1.1634739155955325,0.0,2220.0,199.28571428571428,47.61538461538461,15,105.93877551020408,100.14285714285714
2026-03-08 19:00:00,83.6,13.1,north wind,5.081991031122373,5.244615384615385,-0.08970195099612924,0.0,1005.0,401.42857142857144,32.46153846153846,19,80.59183673469387,94.28571428571429
2026-03-11 06:00:00,90.8,35.3,north wind,4.707338577354408,4.763076923076923,0.09361220327821049,0.0,1175.0,27.857142857142858,53.69230769230769,6,117.14285714285714,57.285714285714285
2026-03-14 02:00:00,88.9,33.2,north wind,4.708941527079118,4.885384615384615,0.631459769678175,0.0,360.0,265.7142857142857,63.53846153846154,2,122.77551020408164,76.85714285714286
2026-03-18 01:00:00,130.8,34.8,north wind,5.896214433597657,6.863846153846153,-0.6886821692861543,2.8,1195.0,707.1428571428571,54.0,1,100.28571428571429,15.428571428571429
2026-03-22 12:00:00,93.6,25.8,lid lifted (daytime mixing),2.243296862128597,3.364615384615384,0.012028470132024247,0.0,2380.0,22.142857142857142,37.46153846153846,12,81.6734693877551,16.428571428571427
2026-03-26 22:00:00,125.7,33.6,north wind,3.3705983062276457,5.503076923076923,0.5925226249792751,0.0,785.0,735.0,37.92307692307692,22,98.53061224489797,73.14285714285714
2026-03-29 16:00:00,85.5,26.8,lid lifted (daytime mixing),2.056412378442634,4.122307692307692,2.148313898934423,1.0,1920.0,150.71428571428572,54.0,16,57.38775510204082,46.142857142857146
2026-04-03 15:00:00,112.2,19.0,north wind,5.691413982633909,7.609230769230769,-4.34917749628699,0.1,2430.0,96.42857142857143,31.307692307692307,15,74.77551020408164,12.857142857142858
2026-04-13 09:00:00,61.7,24.6,unclear,-1.9456380213720168,4.829230769230769,3.8083230095823017,0.0,1170.0,120.71428571428571,25.692307692307693,9,67.48979591836735,24.142857142857142
2026-04-16 15:00:00,112.5,41.2,rain,-3.092901306815904,3.316153846153846,0.21230152627349394,8.600000000000001,1145.0,124.28571428571429,74.6923076923077,15,73.0408163265306,49.857142857142854
2026-04-23 16:00:00,61.1,23.3,lid lifted (daytime mixing),-5.516353819505026,5.836923076923076,-1.8516230487987504,0.0,1575.0,296.42857142857144,43.92307692307692,16,40.42857142857143,27.142857142857142
2026-04-25 16:00:00,60.3,22.6,lid lifted (daytime mixing),-6.285704684583935,6.9338461538461535,-2.6676877250058886,0.0,1655.0,220.71428571428572,40.15384615384615,16,26.63265306122449,25.714285714285715
2026-05-12 14:00:00,63.5,24.0,lid lifted (daytime mixing),-6.204220980929857,6.724615384615385,-1.929120054384242,0.0,1725.0,119.28571428571429,40.30769230769231,14,46.51020408163266,38.42857142857143
2026-05-24 16:00:00,70.1,27.5,lid lifted (daytime mixing),-3.891193833674775,4.390000000000001,1.0395827511965947,0.0,1520.0,255.0,63.76923076923077,16,42.38775510204082,27.285714285714285
2026-06-19 17:00:00,72.5,25.3,rain,-0.3756532931237558,2.367692307692308,1.169103558269534,8.3,610.0,356.42857142857144,80.46153846153847,17,34.142857142857146,20.571428571428573
2026-06-29 08:00:00,68.1,20.8,rain,0.34286164429476723,2.5492307692307694,1.962350550923832,3.5,965.0,212.85714285714286,75.53846153846153,8,21.85714285714286,26.0
