date,h0,h1,h2,h3,h4,h5,h6,h7,h8,h9,h10,h11,h12,h13,h14,h15,h16,h17,h18,h19,h20,h21,h22,h23
20131206,79.1,85.9,92.3,102.4,100.7,107.5,108.7,108,115.9,114.7,118.9,133.2,141.8,145.7,141.7,153.7,161.5,147.4,160.5,187.1,197.1,206.3,228.3,240.1
20131207,253.5,258.6,249.8,246.8,239.3,227.8,209.4,180.5,170.3,165.6,175.3,210.7,242.1,253.3,267.1,300.9,318.5,334.9,358.1,377.9,379.1,377.8,367.1,369.9
20131208,361.9,356,346.4,338.6,342.3,334.6,327.4,323,316.1,309.1,310.9,312.8,295,254.5,232.1,171.6,107.1,80.5,47.1,27.5,25.3,9.4,8.6,6.6
20131209,6.5,5.4,6.3,7.1,6.7,6.7,6.4,6.8,8.8,8.9,9.6,8,8.2,9.8,8.2,8.6,9.2,9.4,13.2,24.1,36.8,44.2,49.3,51.7
20131210,59.3,65.8,61.1,64.6,59.3,50.6,47.6,44.5,49.6,59.9,69.1,62.7,51.7,36.6,26.9,13.3,8.8,8.3,10.6,9.1,9.1,8.6,7.9,7.5
20131211,7.1,6.5,6.5,7.7,7.1,5.8,8.6,9.8,17.2,25.3,30.5,28.5,27.5,29.1,27.2,26.9,26.1,29.5,36.6,58.1,67.8,70.6,66.1,65.1
20131212,66.7,63.3,60,57.5,49.6,34.5,21.9,14.6,11.1,7.9,8.3,8,7.8,9.1,7.6,8.1,7.4,8.2,10.3,12.1,15.3,14.1,18.5,23.6
20131213,34.9,35.6,44.2,43.3,41,42.1,46.6,43.8,47.9,57.3,51.4,49.2,52.7,45.9,45.7,53.6,61.2,75.2,91.9,113.8,110.6,101.7,92.4,87.1
20131214,94,86.8,87.8,81.8,57.7,50.6,40.7,34.8,29.5,29.7,27.9,30.7,26.8,31.3,33.2,41.3,64.2,78.1,90.4,99.2,104.6,97.5,100.6,102.6
20131215,101.6,91.9,85.5,82.5,68.1,47.4,38.5,39.7,41.9,46.5,51.1,40.5,35.3,34.1,35.8,36.7,41.1,47.8,64.8,79.5,104.3,109,115.3,128.2
20131216,138,149.8,161.3,154.7,144.8,123.4,104.7,99.6,99.6,103.3,111,112,106.5,115.4,122.2,135.4,144.8,153,169.8,191.4,207,202.9,215.9,221.3
20131217,222,216,204,190.5,175.3,153.6,132.7,112.4,86.6,65.6,52.4,42.8,36.1,31,30.1,27.7,31.6,40.1,50.4,60.7,76.3,63.3,49.7,30.4
20131218,19,15.9,15.3,14.3,14.1,14.9,15.7,18.4,20.4,24.2,27.4,23.3,23.6,29.2,38.2,49.5,55.6,64.8,70.5,82.2,88.6,93.1,101.4,111.5
20131219,,,,,,,,,,,,,,,,,,38.7,53.2,65.4,75.5,84.8,91.2,92.8
20131220,94.8,97.2,88.8,72,57.3,50.7,49.7,49.4,51,54.2,46.7,32.6,22.4,21,16.3,15,17.2,19.9,30.4,45.5,57.9,57.5,57.3,62.3
20131221,62.4,63.2,58.3,54.2,43.5,37,35.1,40.8,44.8,48.6,51.8,43.7,40.3,41.4,50.1,65.5,79.2,93.5,113.1,144.7,170.5,181.7,185.6,182.7
20131222,185.5,176.9,171,170.1,155.7,135.9,115.1,99,93.1,104.4,112.8,119.4,121.3,119.4,123.1,126.3,145.8,192.4,234.6,265,280.7,291.4,289,278.3
20131223,258.3,262.8,238.7,232.6,230.1,188.9,163.9,140.6,138.1,145.7,143.5,120.8,82.9,81,62.3,55.2,53.3,71.6,90.9,122.9,149.9,169.4,187.4,190.4
20131224,199.6,199.4,196.6,193.1,204.9,209.9,214.8,205.1,201.4,203.6,210.5,197.5,197.9,194.2,262.6,274.6,264.2,265.3,271,281,296.9,301.7,304.8,292
20131225,289.5,289.4,291.8,285.2,275.2,266.7,265.7,259.3,253.4,247.2,244.7,280.3,272,265,194.7,144.9,120.5,91.1,61.9,35.1,24.1,16.8,14.2,11.6
20131226,10.8,8.6,8.1,8,6.9,6.6,6.7,7.4,8.6,10.6,10.9,11.2,10.9,10.7,9.8,8.8,9,8.1,11.8,13.7,16,16.4,17.7,18.9
20131227,20.2,20.2,19.7,18.9,18.3,17.2,19,20.3,21.9,27.9,31.7,33.5,29.2,23.1,20,23.2,26.1,32.4,43,58.3,62.4,72.6,71.1,
20131228,,,,,,,,,,,,,12.4,12.7,11.8,11.7,12.7,16,23.4,34.1,45.9,51,52.2,60.6
20131229,75.1,73.7,74.8,70.7,57.6,50.9,59.5,72.8,79.8,92.3,98.2,79.8,66.3,64.7,47.5,44.1,43.5,48.9,71.6,97.2,101.9,105.8,112.9,113
20131230,98.7,75.9,57,51.4,45.6,45.6,46.3,45.2,44.2,57.1,58,57.8,53.1,32.7,27.7,20.9,18.9,26.6,33.6,63.8,92.8,103.8,106,116.6
20131231,121.7,125.3,129.4,134.5,130.9,108.2,99.7,86.6,72,68.9,66.7,52.4,37.7,32.8,24.5,22.1,20.3,22,25.3,27.7,33,40.6,41.5,46.7
20140101,59.6,67.2,71.7,78.7,78.5,74.3,78.1,74.3,72,75.3,83.2,72.1,47.5,30.3,26,25.8,26.1,28.6,40.8,67.8,84.6,93.4,100.9,106
20140102,112.5,108.1,117.9,116.7,116.7,110.1,103.9,109.3,98.4,98,96.6,94.4,90.5,96.4,101.6,117.1,119.6,125,135.6,151.1,169.3,178.9,190.7,191.5
20140103,180.6,146.3,113.2,73.5,47.7,37.1,36,34.2,31.8,30.8,30.1,26.4,22.5,20.6,19.7,18.8,18.3,20.1,33.1,44,66.1,72.4,80.5,86.1
20140104,85.5,87.4,85,81.8,77.8,73.8,73.2,73.1,78.8,95.1,110.8,122.4,125.2,136.2,149.5,155.2,158.5,161.1,167.5,180.4,184.5,185.6,181.1,178.9
20140105,180.6,176.4,173.8,170.6,158.5,146.8,126.8,111.9,104.6,99.3,90.3,72.9,47.1,34.9,26.4,24.9,24.8,31,42.7,60.1,70.9,90.5,113.8,124.3
20140106,130.5,131.8,133.9,133.1,132.7,129.1,124.7,124.9,127.5,132.9,135.4,122.9,116.4,123.5,132.3,137.6,143.3,148.2,154.4,163.4,170.4,176.9,180.4,184.2
20140107,188.6,193.1,197.3,199.7,200.1,198.6,193.3,187.4,181.4,170.7,153.4,104.8,56.1,31.7,21.4,22.9,22.6,19.6,23.4,25.7,26.8,24.5,21.1,17.3
20140108,14.9,13.3,12.2,12.3,12.3,12.5,13.2,14.7,15.4,18.6,20,18.1,16.1,15.3,13.5,13.3,13.2,14.5,17.5,22.1,25.2,27.9,33.4,37.1
20140109,39.5,40.9,39.1,33.8,27.6,23.9,20.9,18.8,20.2,,25.1,24.7,17.3,13.2,14.6,21.2,27.5,35.1,43.3,51.8,61.8,66.3,67.1,72.1
20140110,72.6,74.6,71.4,76.7,73.9,72.3,67.4,61.8,61.7,68.1,75,78.3,70.5,60.1,60.8,59.3,63,75.7,97.9,118.8,132.6,137.1,137.1,135
20140111,128.6,129.9,132,140,143.5,142.5,135.4,120.1,115.3,119.5,123.9,116.2,121,125.7,115.9,122.5,138.2,153.7,174.4,203.8,220.1,219.3,186.7,121.9
20140112,52.8,27.5,19.3,13.6,11.8,10.8,10.7,12.7,15.9,19.6,20.8,15.5,12.3,11.1,11.3,11.4,15.7,21.1,32.1,44.1,55.3,66,67.9,66.4
20140113,66,70,76.8,82,82.7,85.9,86.7,86.9,92.9,100.6,105,113,101.9,93,87.3,81.8,91.1,105.3,119.9,141.1,161.7,172.9,179.1,184.1
20140114,175.7,157.9,144.4,119.4,85.4,74.3,74.2,78.5,97.9,114.9,135.1,121.4,106.4,98.6,86.8,93,87,85,86.1,98.7,108.8,111.4,118.3,123.5
20140115,123.8,122.2,127.9,132.7,138.2,126.6,118.5,109.4,103.1,102,105.6,100.2,97.7,88.7,82.9,85.8,105.2,138.8,228.1,328.9,370.7,397.7,415.4,443
20140116,450.3,465.2,467,449.9,429,434.6,425,395.8,367.7,374.8,365.9,357.6,336.6,274.3,204.6,173.2,173.2,243.6,283.9,327.1,351.4,363.1,339.7,325.6
20140117,319.1,291.9,272.5,246.4,207.1,159.2,124.6,124.6,93.6,91.4,93,108.3,124.7,122.8,116.4,103.1,108.2,138.1,176.3,211.3,232.6,246.1,248.9,243.2
20140118,231.5,210.9,180.5,154.6,116.7,104.5,97.4,100.6,98.2,96.7,91.7,71.1,78,101.7,96,88.3,86.4,89,98.9,111.2,121.6,138.4,147.2,138.5
20140119,140.8,139.2,133.1,120.5,114.4,111.3,114.3,115.7,116.9,120.7,130.5,134.3,147.7,162.6,170.7,176.4,182.1,186.9,172.8,136,75.9,44.3,23.5,17.7
20140120,16.1,12.1,9.5,6.9,6.5,5.4,4.6,6.4,8.6,9.5,9.4,7.7,8,9.1,8.3,7.7,7.9,7.5,8.8,10,10.5,11.9,11.4,11.3
20140121,12.5,13.9,14.1,15.2,16.1,16.1,17.8,19.5,24.2,28.8,33.7,29.5,,32.3,37.3,38.7,43.3,49.8,52,71,89,98.2,105.6,108.9
20140122,111.5,116.5,118.7,121.4,114.3,109.8,100.5,95.7,95,98.6,106.3,104.7,106.7,106.6,110.5,112.1,118.2,127.2,149,170.4,189.1,202.8,206,216.5
20140123,222.7,233.6,236.5,234.1,230.7,221.4,206.7,197.7,188.7,190.6,,202.4,210.8,205.8,212.7,208.6,217.7,223.6,249.1,262.9,280.1,291.6,285.9,288.3
20140124,281.9,270.4,266.2,256.9,249.9,240.4,230.4,228.3,224.2,223.8,211.5,207.6,199.1,154.5,107.3,87.3,67.7,57.3,49.2,53.8,55.7,57.9,54.6,57.5
20140125,62.1,60.5,67.6,65.8,65.4,77.6,22.4,61.7,51.9,,29.6,28.6,19.3,14.9,12.6,11.9,12.3,12.5,12.5,,,,,44.3
20140126,39.2,39.5,40.5,38.6,37.5,33.7,35.3,34.1,37.5,39.3,48.2,40.7,37.7,42.8,51.3,58.2,65.2,69.5,69.3,91.8,107.1,112.4,115.3,122
20140127,124.5,123.5,118,110.7,107.5,103.7,102.1,106.8,110.1,116.9,130,135.9,136.7,138.9,146.5,132.5,86.8,60.5,44.7,32.6,16.9,10.7,10.3,9.9
20140128,10.2,10.7,11.3,10.9,11.9,12.3,13.9,16.8,22.1,32.1,34.2,32.2,44.9,48.1,56.9,58.6,59.9,67.3,69.7,72.6,72.7,80.7,80.4,84.3
20140129,77.9,75.9,75.3,75.2,74.5,73.8,71.7,72.9,75.5,83.6,94.5,94.9,106.3,121.2,140.5,156.8,166.1,174.9,185.2,196.9,203.9,211.5,215.6,210.2
20140130,199.2,189.6,166.4,142.8,90.2,58,42.3,33.1,33,35.2,27.8,26.5,17.8,14.9,14.5,17.8,23.7,34.2,54.5,97.8,147.2,151.1,136.8,144.8
20140131,152.5,368.3,291.2,245.1,194,168.6,145.2,129.5,124,133.7,122.5,103.7,94.9,90.1,94.8,106.6,110.5,118.8,125.1,132.5,147.5,153.4,150.1,152.5
20140201,151.6,152.1,153.9,151.5,153.3,155.7,156.9,155.8,155.9,159,160.6,162,148.5,136.8,132.5,131,124.4,120.6,119.9,118.2,118.9,120.8,122.5,124.4
20140202,127.4,130.6,138.4,145.3,151.5,159,159.8,156.3,142.9,127.2,84.1,44.4,30,18.8,18.4,14.5,18.5,16.6,14.2,10.8,10.1,9.7,10,8.6
20140203,9.8,8.5,10.7,8.1,7,5.6,5.7,4.3,4.9,5.7,4.9,5.8,5.9,6.6,6.2,6.5,6.3,6.1,6.8,6.6,7.6,8.4,8,7.6
20140204,6.7,7.7,7.8,7.7,6.2,5.7,6.6,7.9,13,24.6,22.1,16.2,15.3,18.5,19.8,19.1,21.7,27.7,33.6,51.9,78.9,95.6,100,93.6
20140205,85,79.1,81.3,77.6,80.7,83.5,82.5,81,81.4,80.7,81.4,79.7,82.4,85.7,89.8,90.5,91.1,91.2,90,92.9,98.4,109.7,121.3,126.7
20140206,127.2,135.7,142,142.1,140,136.4,133.8,126.8,128.2,129.5,130.9,125.2,115.3,111.4,100.8,94.4,91.1,89.9,93.9,102.3,112.7,119,115.6,102.2
20140207,95.4,89.9,89.8,91.2,95.8,97.6,101.6,99.1,97.6,94.6,93.2,95.9,99.2,100.6,97.8,96.1,95.4,95.2,95.7,98.1,101,104.2,103.9,100.6
20140208,97.2,96.9,96.1,100.8,106.4,110.2,110.9,115.2,114.5,113.7,105.4,62.6,34.1,18.3,17.9,11.7,11.4,9.5,7.4,8.3,7.8,7,6.9,8
20140209,9.4,8.7,8.1,7.9,6.8,6.8,7.4,8.3,9.9,10.4,9.9,8.7,8.1,8,8.9,8.9,8.6,9.3,11.1,16.1,22.9,23,22.7,25.1
20140210,24.6,22.3,16.8,15.8,17.8,17.3,15.1,15.6,17.3,21.3,19.7,17.7,19.1,17.4,21.1,22.5,23.2,27.4,32.5,40.9,46.5,57.5,63.9,66.8
20140211,72.3,79.7,83.4,83.6,86.2,88,85.1,79.9,77,77.1,82,87.1,,97.6,104.4,112.7,116.4,120,143.6,164.8,164,166.3,168.6,172.6
20140212,173.2,175.1,177.9,173.4,165.6,147.7,136,127.3,119.8,110.8,103.2,90.8,67.6,53.3,51,67.7,76,88.9,114.9,143.6,142.6,147.4,141.4,143
20140213,167,184.3,184,177.2,171,165,164.2,168.5,169.3,171.9,176.2,181.9,186.2,189.7,189,188.2,190.6,191.2,203.8,215.4,223.6,229.6,232.5,225.4
20140214,223.7,221.3,219.7,214.8,207.7,204.7,205.1,204.3,203.4,206,211.5,208.2,210.4,225.6,245,257.1,268.1,278.2,288.8,310.2,377.5,447.9,477.6,490.3
20140215,497.5,469.5,435.6,406.5,379.4,354.9,334.1,329.1,325.1,331.6,334.4,347.4,354,368.4,383.7,404.7,419,416.2,420.7,428.6,450.1,450.8,457.9,453.5
20140216,454.4,442.7,431.2,423.5,410.7,400,381.5,365.2,344.6,334.5,319.8,280.9,211.2,175.5,158.8,172.2,178,191.4,227.2,253.2,259.4,259.5,252.4,232
20140217,210.3,198,174.6,156.9,137.6,119.3,108.2,106,107.6,113.3,108.9,91.1,77.8,77.6,79.3,73.6,75.5,74.3,73.8,82.1,82.1,68.1,55,49
20140218,46.6,46.1,46.8,47.9,50.5,53.6,56.6,60.8,65.9,73.9,80.5,82.5,75.9,83,71.6,75.4,76.4,76.6,77.2,87.4,96.8,100.7,97.4,91.1
20140219,91.3,95.7,98.9,96.6,93.8,90.4,87.3,85.9,79.1,70.6,54.3,37.1,23.9,19.9,18.9,19,19.8,25,29.8,44.8,69.6,100.6,113.8,124.3
20140220,128.3,125.8,129.1,131.2,133.4,133.3,138.7,145.9,150.2,154.4,160.4,170.5,182.8,194.3,210.9,241.3,265.3,279.3,294.4,300.7,311.9,312,303.8,299.2
20140221,293.9,295.2,290.3,280.9,275.9,272.1,267.8,260.9,258.6,250.6,253.3,254.8,236.8,243,245.3,242.4,241.2,243.4,252.2,252.7,265.6,272.5,276.9,281.2
20140222,287.4,294.7,288.6,278.8,275.5,270.3,261.3,250.6,251.6,253.7,259.5,263.4,265.5,262.7,263.3,269.9,273.6,269.6,256.9,248.2,247.5,247.3,234.4,226.7
20140223,219.5,217.6,213.4,205.6,198.2,191.5,187.1,185.2,185.7,188.3,190.4,192.3,209.4,211.8,210.5,217.7,223.5,232.9,219.1,223.6,229.2,231.2,235.7,232.3
20140224,232.7,237.3,242.1,242.4,242.8,240.1,235.5,235.7,240,241.5,241.4,247.3,234.7,234.3,247.8,264.5,287.3,308.3,308.6,315.3,318.6,313.9,,356.7
20140225,344.7,347.4,345.7,353.9,358.2,355.7,356.6,357.7,351.3,350.7,363.1,376.8,382.2,382.2,,,,,,,,,432.5,440.5
20140226,467.2,,,,,,444.9,,443.7,457.5,476.8,487.7,479.6,501.2,503.9,430.3,429.8,433.9,340.6,205.3,131.6,85.8,61.9,49.1
20140227,37.9,21,17,13.1,11.7,10.8,9.9,10.9,12.1,13.3,11,10.9,10.1,10.9,12.3,11.1,12.9,14.1,15.2,15.2,,36.9,50.1,53.8
20140228,56.3,61.8,66.3,74.8,67.7,57.6,55.7,56.8,61.5,66.7,76.2,75.2,86,91.2,98.2,101.6,90.3,84.9,100.4,108,112.2,121,122.6,131
20140301,145.3,151,151.8,148.2,144.1,131.1,110.1,94.2,84.1,76.1,57.4,32,17,14.1,10.8,10.7,12,20.7,29.6,42.3,52.9,71.5,80.7,94.8
20140302,106.8,109.2,111.5,107.1,110.3,110.8,109.5,107.7,108.2,115.7,129.4,138.4,144.8,147,142.5,134.1,121.9,117.2,121.4,139.4,152.3,170.9,180.4,195.5
20140303,201.6,204.5,180.8,172.2,163,155,162.7,170.4,181.1,195,205.3,212.7,224.1,241.6,245.1,244.7,242.5,228.7,216.3,217.1,220.7,220.7,224.1,219.6
20140304,224.2,226.5,225.5,208.7,171.8,94.7,50.9,30.1,20,16.9,11.6,6.6,6.1,5.6,6.7,6.8,5.5,6.2,6.7,7.5,8.1,7.4,6.6,6.5
20140305,7.1,7.7,8.4,9.8,8.5,8.3,13.6,17.3,22.7,28,25.3,21.1,19.9,21.3,23.9,24.2,25.9,27.9,31.9,39.8,43.9,45.8,44.1,27
20140306,18.9,17.1,14,9.9,9.4,10.5,10.6,12.9,16.8,17.8,14.2,9.9,10.2,8.1,6.9,8.1,8.6,10.4,14,22.7,34.5,43.3,50.2,55.5
20140307,59.8,64.4,68.9,68.3,71.8,72.2,70.8,68,68.3,65,49.7,29.3,18.4,15.9,13.4,14.7,22.2,26.3,30.5,36.8,47.7,60.3,72.3,77.5
20140308,89.2,99.8,103.3,102.7,107,109.1,109.9,107.4,111.7,123.5,132.5,144.2,152.7,157.5,160.4,163,160.4,156.6,158.4,160.8,170.9,172.9,138.3,98.4
20140309,84.6,69.8,63.3,65.4,60.6,85.7,106.6,102.1,104,110.1,121.9,129.6,130.5,129.2,122.1,112,103.2,104.3,103.7,107,108,91.5,78.1,69.4
20140310,58.4,49.2,42.5,41.5,40.6,42.7,48,54.2,60.5,66.9,75.1,80.4,87.2,85.6,91.3,99.5,104.2,106.9,112.7,124.1,139.7,152,157.2,164.4
20140311,170.3,173.9,181.6,174.9,176.7,177.5,181.4,190.3,189.8,204.3,216.7,221.8,225.4,214,214.4,208.6,208.6,175.6,174.5,166.3,109.2,39.7,14.6,11.3
20140312,7.9,7.5,6.5,6,6.1,6,5.9,7.2,8.5,9.3,7.7,6.9,7,7.7,7.7,7.5,9.7,10.2,11.9,14.9,21.1,29.1,32.1,31.6
20140313,24.3,16.1,14.2,14.2,16,16.9,17.7,20.4,23.7,26.5,23,18.1,15.5,16.3,16,16,16.7,20.8,24.5,29.9,36.6,36.6,37.4,33.9
20140314,25.1,21,16.7,13.1,12.1,11,9.5,11.9,15.5,16.4,14.6,11.9,11.1,13.6,16.2,15.7,16.3,20.4,28.8,31.3,40.1,49,54.3,57.8
20140315,58.9,59.3,62.6,62.1,65.7,66.1,68.1,69.3,74.3,87.1,91.7,90.1,94.5,97.7,97.5,102.4,103.5,102.5,98.6,106.4,125.5,143.6,163.4,172.2
20140316,169.9,166.1,147,134.6,125.3,121.8,113.8,99.4,93.3,85.5,77.1,73.1,73.7,80,86.7,95.6,106.7,112.9,122.9,132.5,141.1,142.8,142.7,139.5
20140317,135.3,131.6,131.5,132.9,137.3,136.7,139.6,143.6,151.3,170.8,167.2,117.3,71.3,53.4,42.1,33.9,26.2,24.7,24.5,22.8,20.9,20.2,20,18.1
20140318,18.2,17.8,16.8,17.3,16.1,15.2,14.6,17,23.9,29.5,30.9,39.1,49.5,57.9,66.2,70.1,71.6,64.7,58.1,55,51.2,46.8,42.2,38.7
20140319,38.4,39.8,45.2,51.7,54.3,56.7,56.7,57.5,63.5,62.7,60.5,60.3,55.9,56.2,55.7,56.1,56.1,45.5,44.2,45,36.4,26.2,19,15.2
20140320,11.6,8.3,6.6,7.1,6.8,7.7,8.5,9.9,12.5,13.1,10.6,10.9,11.1,10.9,11.1,9.9,10.5,11.1,11.6,13.6,19.9,26.6,28.3,27.9
20140321,24.8,21,21.2,21.5,23.2,26.2,28.4,34.4,42.2,36.5,29.5,27.2,22.6,19.6,18.1,17.2,19.8,24.7,29.9,35,46,51.6,55.3,60.6
20140322,61.1,62.3,61.7,62.7,62.4,65.7,67.7,71.1,76.9,82.5,67,48.5,33.2,21.6,18.7,17.9,17.2,17.9,14.6,18.9,37.8,60.1,97.8,114.3
20140323,106.3,101.1,98.5,99.8,99.7,104.5,108.2,114,122.1,131.9,142.9,149.8,131.9,122.1,123.3,139.9,150.6,156.6,153.3,146.8,146.5,165,186.6,206.4
20140324,213.9,209.5,214.1,210.6,208.5,212.7,216.9,215.7,229.2,238.9,242.4,250,246.6,228.4,201.2,191.5,169,162.5,175.9,190.2,204.8,219.7,228.7,
20140325,,,,234.4,234.4,,,,,208.8,216.7,223.3,220.3,221.9,207.5,205.6,197.1,174.7,167.5,168.5,170.4,167.3,174.9,186.9
20140326,196.6,202.8,202.9,210.9,214.5,221.7,225.9,229.3,237,259,276.3,281.7,282.8,276.1,268,265.2,254.5,268.6,289.6,309.4,325,341.4,344,346.3
20140327,350.4,345.9,335.2,329.7,317.4,309.4,303.2,300.6,302.9,307.9,310.7,297.9,300.8,295.2,224.4,162.7,140.9,125.7,115.4,123.5,127.5,131,138.7,141.9
20140328,143.7,148.2,151.7,154.4,158.2,160.5,165,159.4,155.6,147.1,151,126.9,108.1,88.4,70.7,72.1,74.1,87.9,103.2,123.8,142.9,161.9,169.1,169.5
20140329,172.8,156.8,113.9,67.5,54.2,45.4,39.9,44.3,46.3,43.1,32.4,24.8,22.4,22.4,23.3,22.9,22.9,21.7,22.8,26.9,35,43.6,51.1,56.2
20140330,56.6,59.4,60.6,59.4,56.8,52.1,48.9,47.5,49.4,38.6,34.4,27.5,19.9,18.1,15.2,13.6,14.9,15.6,18.8,23.3,33.6,38.6,45.6,56.2
20140331,66.1,80.5,96.2,110.6,119.9,117.9,115,128.4,143.6,162.3,174.1,192.5,213.3,223.6,216.5,190.6,133.9,99.4,68.3,75.1,84.2,90.5,95.9,107.3
20140401,114.4,121.5,127.8,126.2,123.9,122.4,119.4,115.2,131.4,155.7,173.9,162.7,138.6,130,105.9,74.9,52.9,55.1,56.1,59.3,69.5,83.5,90.1,92.7
20140402,95.2,97.5,101.2,106.6,107.6,108.8,114.1,117.9,126.5,135.4,128.7,104.1,87.8,78.3,81.9,93.2,94.7,117,127.9,119.7,106.8,92.7,83.4,71.2
20140403,65.6,55.4,49.8,46.8,37.9,28.4,21.2,13.9,14,12.2,11.4,11.8,14.9,11.3,12.8,11.6,9.5,9.1,9.5,11.2,15.2,20.1,26.5,32.4
20140404,35.9,33.9,30.9,30.8,33,34.2,34.6,37.5,45.3,49.9,56.1,64.9,48,39.2,27.8,24.9,19.4,18.3,18.3,16.1,17.3,18.4,20.4,24.7
20140405,25.1,27.1,26.7,26.1,27.3,26.7,24.7,23.1,21.9,14.7,9.5,8.9,9.5,12.6,12.3,11.6,13.7,16.9,23.7,29.6,40.2,44.6,48,49.5
20140406,50.2,52.3,53.4,54,53,54,55.6,62,66.8,68.2,64.9,,45.6,38.5,36.1,39,39.7,43,,,,,,
20140408,,,,,,,,,,,191.4,203.9,207.4,194.6,188.6,181.6,188.5,192.4,165.8,163.9,170.1,163.7,160,160
20140409,163.1,152.2,148.5,149.2,150.4,153.5,153.6,161.8,172.1,175.1,176.3,152.4,104,71.2,61.6,49.8,49.7,61.5,67.5,81.1,111.2,104.2,99.1,112.7
20140410,113.9,118.4,103.9,110.9,101.1,99.8,97.9,97.1,97,99.6,99.6,99.5,93.5,86.4,84.9,82.3,66.9,61.6,62.1,,62.4,64.6,72.2,73.9
20140411,76.4,70.2,72.1,71.5,70.3,72.9,71,70.3,58.7,52.1,50.6,68.5,47,46.4,45.7,45.4,49.1,54.8,58.2,60.3,65.4,71.3,78.1,81.9
20140412,82.3,85.7,85.3,85.2,89.4,87.2,92.3,93.2,100.6,117.8,116.3,107.5,94.9,92.3,103.1,96.4,94.2,112.7,107,106.5,107.7,108.7,105.3,108
20140413,113,121.1,125.5,128.4,127.1,126.1,127.3,126.7,146.3,153.3,172.9,181.4,185.6,192.3,195.7,175.4,175,166.2,153,154.1,160.7,182.3,189.4,195.7
20140414,207.6,211.2,214.2,211.4,216.9,215.4,213.2,211.3,222.3,250.2,258.8,260.4,259.7,258.9,238.9,232.1,218.8,208.2,220.2,224.2,232.1,230.8,182.5,127.9
20140415,108.2,119.1,116.6,118.3,117.4,125.1,,,,,,,,,,,,,,,,,,
20140416,,,,,,,,49.1,54.3,54.3,52.9,79.9,61.1,54.1,59,52.8,51.4,54.3,63.4,60.1,64.8,74.2,81.4,83.7
20140417,84.6,83.5,98.6,92,90.6,90.1,84.6,79.5,79.9,82.1,89.5,88.8,86.9,87.7,89.9,90,89.3,92.8,93.6,104.1,108.4,116.4,124.7,131.1
20140418,135.1,138.4,134.2,133.2,134,135.3,139.2,135.4,143,155,170.1,186.4,180.7,,188.6,178.2,171.8,157.7,151.8,127.6,99,88.3,79.2,70.5
20140419,68.6,63.5,61.4,60.8,58.9,59,64.7,65.9,68,73.5,70.5,55.5,46.2,51.2,48.5,48.2,54.7,61.4,48.8,52.2,56.5,62.2,67.6,75.9
20140420,78.6,84.8,83.4,89.2,88.7,89.3,89.1,88.9,87.6,86.5,64.5,46.2,33.5,,21.6,31.8,,39.4,40.7,46.1,51.6,61.3,60.5,
20140422,,,,,78.7,71.6,60,59.3,64.2,60.3,56.3,54.7,58.2,64,59.1,54.8,,,60.8,67,64.9,62.4,65.8,66.3
20140423,77.4,78.3,80.4,84.2,88.3,94.9,99.1,111.1,127.1,143.6,154.1,164.7,174.7,179.1,177.1,171.9,166.5,154.2,142.3,,,,,
20140429,,,79.2,81.3,84.6,85.1,83,85.1,93.8,104.9,105.3,109.5,112.9,106.5,92.8,84,86.4,82.3,91.1,83.6,92.1,104,103.3,105.3
20140430,99.6,97.9,94.8,93.8,96.6,96.4,100.7,109.8,120.3,131.1,138.7,141.5,129.3,114.4,108,98.3,99.4,88.5,89.5,87.1,85.7,89.7,91.1,96.1
20140501,100.7,106.1,111.1,114.9,120.1,125.5,130.4,137.4,148.5,159.1,166.1,167.5,165,168.5,164.5,161.2,158.2,136,110.3,101.2,84,62.1,44.7,42.1
20140502,48,34.1,29,24.7,23.9,20.7,18.3,14.1,22.4,29.9,32.7,30.3,27,22.7,19.1,19.5,17.6,22.7,20.1,19,13.6,17.4,20.2,27.8
20140503,33.3,31.8,31.3,31.8,30.9,32,34.8,43.8,53.1,55.6,60.5,64.5,65.4,64.7,53.1,39.4,37.1,43.5,61.5,76.3,55.5,37.1,34,35.1
20140504,31.6,32.1,30.1,29.1,30.2,33.9,41.4,37.1,36.7,29.3,35.9,28.4,28.5,29.7,24.6,18.8,18.1,17.9,15.8,16.7,18.3,21.1,24.5,40
20140505,35.7,53.4,40.9,34.4,,26.1,22.8,23.9,23.9,22.9,17.9,15.8,46.7,26.1,14.4,19,20.2,26.3,25.3,28.7,29.7,61.8,36.4,41.9
20140506,45.7,47.8,48.8,53.4,55.5,57,56.3,61.1,65.5,64.2,75.9,93.7,81.7,83,89.8,90.2,100.1,99.4,99.8,105,108.1,112.9,114.9,117
20140507,118.8,119.4,121,120,122.1,119.5,121.9,124.6,119.1,84.8,48.9,32.2,32.1,29.2,25.4,21.7,20.5,18.6,25.6,23.5,33,24.2,30,37.4
20140508,56,69.8,82.2,86,92.4,92.8,92.3,93.1,96.8,96.4,85.7,73.5,61.6,60.2,60.3,64.2,66.5,65.1,63.4,62.8,65.6,63,60.9,61.6
20140509,64.9,66.6,66.1,66.5,65.1,65,70.4,79.3,82.6,81.7,81.2,76.7,73.3,66.2,62.8,65.3,66.1,58.2,49.1,43.6,43.7,45.1,48.1,50.4
20140510,51.7,51.2,47,46.7,41.6,41.7,41.5,42.8,45.3,49.4,51.3,53.8,55,55.7,56.3,57.6,56.4,54.8,55.2,58.1,58,59.3,53.2,43.6
20140511,37.1,38.2,43.4,45.9,45.3,42,38,33,28.2,23.1,20.6,16.4,12.6,10.5,8.1,8.2,7.6,8.1,8.5,13.5,16,20.2,21.5,24.2
20140512,27.7,28.6,30.5,31.4,30.5,29.2,28.7,35.4,42.4,36.2,24.2,20.5,17.5,18.6,19.7,21,23.7,27.9,35.3,46.2,54.2,58.3,58.3,53.5
20140513,45.2,43.8,44.9,46.4,49.3,53.3,55.6,60.6,73.7,82.2,89.1,96.2,94.5,84.3,65.6,55.7,49.5,43.4,37.9,36,43.3,36.6,27.7,27
20140514,29.9,37,36.3,30.9,27.9,21.1,18.7,15.6,13.5,13.1,12.9,14.8,14.4,11.1,11.8,11.8,10.1,10.9,15.2,15.2,20.2,25.1,27.9,29.5
20140515,32.3,35.2,37.3,37,39.9,40.1,37.6,38.2,42.8,37.2,40.3,44.9,56.1,71.6,86.5,98.9,106.9,105.5,102.9,96.5,93.2,96.6,98.2,97.7
20140516,96.2,91.5,84.1,85.8,79.3,79.2,73.9,73.1,64.5,44.3,29.3,29,22.6,19.6,21.4,20.2,20.4,24.9,22.7,23.9,34.5,50.8,57.8,55.7
20140517,56.4,55.1,57.6,63.9,62.1,58.7,58.8,63.9,69.4,77.1,81.4,84.9,79.9,62.1,57.7,56.4,59.2,62.3,54.6,48.5,48.4,44.3,41.9,42.8
20140518,41.7,41.8,44.2,47.8,53.6,54.3,53,56.2,62.9,66,69.9,70.4,79.2,84,89.8,87.7,92.1,99.4,117.5,138,141.9,131.5,123.3,117.3
20140519,107.6,94.7,91.3,79.4,76.5,75.1,71.1,69.3,68.9,70.2,79.6,102.8,126.8,134.6,147.4,144,137.4,124.2,108.4,110.5,115,126,136.7,149.3
20140520,159.1,168.3,178,188,186.6,172.2,148,107.6,79,45.6,28.5,22.1,20,16.5,18.1,22.6,22.4,,23.9,30.2,49.6,80.9,110.4,117
20140521,120,102.2,93.8,86.9,87,87.3,86.7,87.9,89.5,91.2,94.9,96.8,101.2,105.2,109.7,117.8,122.8,126.7,131.6,136.2,139.2,144.7,148.4,150.8
20140522,149.7,154.3,158.8,169.1,179.6,188.1,188.4,199.9,224.1,246.1,256.6,248.3,227.5,167.3,106,79.2,58.1,57.2,50.8,48.9,55.3,60.4,62.5,66.6
20140523,68.8,73.4,79.5,88,92.1,99.4,105.7,106.3,110.8,117.2,116.2,110.3,95.7,76.2,68.7,62,53.1,57.2,55.5,60.1,65.6,73,80.4,85.1
20140524,87.1,88,89.6,84.8,77.5,70.4,67.5,66.9,66.6,67.6,69.6,65,66.2,66.8,67.3,72.4,71.8,78.1,76,79.3,79.8,83.7,86.7,86.6
20140525,86.2,88.7,94.5,101.4,108.6,116.8,121.4,129.7,147.7,159.5,152.1,134.3,85.6,36.9,20.2,14.8,11,9.6,11.3,10.3,11.4,15.5,16.2,16.8
20140526,16.4,16.9,19.4,21.1,19.3,20.8,23,24.8,25.8,24.5,22.1,21.2,22.5,24.3,25.8,29.5,29,28.7,24.5,23.2,25.8,30.9,33.3,32.6
20140527,30.5,31.8,31,35.9,35.9,39.8,51.5,84.9,105.3,99.5,60.9,37,22,14.4,13.4,17.7,16.3,16.4,16.2,17.6,16.6,15,15.4,18
20140528,19,22,26,28.7,28.7,30.7,33.5,43.9,46.8,31.6,29.3,24.6,24.1,25.1,31.5,28.5,32.8,33.5,30.3,31.7,33.3,34.9,42.4,44
20140529,41,40.3,40.6,44.9,44.9,45.1,51.4,53.9,65,67.8,64.8,59.4,45.8,34.1,30.3,34.2,26.2,29.1,26.9,30.5,40.9,50,52.2,50.8
20140530,50.5,55,60.3,66.1,77.6,74,69.5,73.6,78.1,82.1,86.1,92.3,104.1,108.5,111.8,114.3,113.6,108.8,104.8,98.9,96.1,91.1,89.3,86.3
20140531,82.9,80.8,81.6,83.4,85.6,88.2,91.2,94.1,99.3,100.7,105.6,114.1,119.7,124.1,128.6,133.7,135,133.3,133.1,135.5,139.3,143.2,117.5,75.9
20140601,65.4,58.2,53.2,49.3,47,45.9,45.1,46.2,43,39.8,38.2,32.7,30.3,35.1,41.2,47.2,50.3,55.8,57.1,41,42.3,43,43.9,43.2
20140602,42.5,40.3,38.9,35.9,27.9,19.8,18.4,20.9,22.6,21.8,22.5,22.9,25.3,25,25.4,27.5,27.8,28.5,27.8,28.9,29.9,37.7,40.6,43.4
20140603,43.1,42.1,40.2,40.2,40.6,37.6,35.8,34,34,31.9,30.5,30.2,28.7,30.4,31.8,33.3,37.3,43,47.1,48.6,46.7,48.7,51.7,54.1
20140604,52.2,54.2,56,58.8,61.9,66.3,69.2,75.2,78,77,61.9,52.6,47.4,45.8,46.7,49.7,52.7,48.4,48.7,49.7,50.9,51.4,53.9,58.9
20140605,61,66.6,68.7,71.6,69.8,70.3,69.5,77.1,83.6,81.3,78.2,68.7,55.2,51.3,51.8,48,49.5,52.7,53.7,53.7,58.5,61.6,71,77.2
20140606,81.2,83.6,87,90.8,94.4,93,87.2,86.7,92.8,99.2,103.7,107.4,96.4,36.7,7.9,6.3,6.4,8,8.5,8.7,9.8,10.9,11.2,12.3
20140607,14.6,14.6,13.6,14.4,12.7,11.1,11.8,11.6,10,7.9,6,6.9,6.4,6.5,5.5,6.1,6.3,6.8,8.3,8.2,12.4,17,20.9,25.6
20140608,26.5,27.9,30.4,28.2,24.6,23.6,22.6,23.9,25.4,31.4,42.4,47.4,46.2,47.1,48.8,43.7,18.2,14.3,14.5,18.3,22,24.2,26.1,29.2
20140609,28.2,29.4,25.5,24,21.8,27.5,26.6,28.1,32.8,36.9,41.4,45.1,45.7,42.6,39.6,37.7,33.8,26.7,21.9,20.1,23.1,29,28.2,33.6
20140610,40.7,44.2,50.9,56.6,56.1,57.8,60.6,63.5,68.3,73.7,76.9,81.5,83.3,81.7,78.4,69.7,45.2,49.2,61.2,72.5,73.9,75.1,83.1,88.5
20140611,87.7,87.8,90.4,89.6,87.6,82.6,71.7,56.8,59.2,57.9,27.8,17.5,17.2,16.6,17.6,16.6,15,15.5,16.7,17.9,23.4,30.2,34.9,38.6
20140612,37.9,39.7,40.2,39.6,42.2,42.9,39.1,37.5,33.2,29.4,25,22.2,18.7,15.8,15,15.2,,,,,29.1,33.5,33.5,38.3
20140613,43.7,52.1,64.9,73.9,78.1,77.8,79.6,81.9,86.5,81.9,58.5,43.7,40,41.6,44.9,46.7,47.9,44.4,32.4,18.7,16.8,18.8,22,23.9
20140614,23.7,27.5,26.8,29.7,29.2,27.1,26.7,30.8,32.1,31.3,27.8,26.6,33.4,37.9,41.4,44.4,46.6,51.5,48,70.4,67.8,67.4,77.3,91.5
20140615,103.4,104.9,101.3,98.6,100.5,110.2,122.6,129.9,130.3,130.2,121.1,112.8,103.9,99.5,110.2,129.3,147.4,133,110.1,79.8,69,72.6,76.9,88.7
20140616,94.5,93.5,92.1,96.5,101.8,108.5,116.5,130.4,136.6,143.3,151.6,149.8,152.6,153.7,148.3,131.5,124.9,124.6,120.5,121,122,125.2,135.8,154.1
20140617,183.4,198.8,187.3,157.1,54.9,26.6,21.9,24.5,28.7,32.4,37.5,48.4,74,107.6,124.1,136.3,141.2,120.4,46.3,34.5,41.4,54.5,48.6,52
20140618,54.7,55.8,55.2,53.7,52.7,52.8,56,55,56.5,53.7,52.7,42.9,36.4,34.6,38.4,47.5,59.1,64.3,60.8,59.8,71.9,85.9,95.9,110.1
20140619,116.8,114.6,110.7,106.5,102,97.8,93.4,96.7,105,123.3,151.8,167.3,167.7,158.4,153.6,146.9,137,115.4,99.5,91.4,87.6,85.5,84.9,83.7
20140620,81.1,65.7,47.8,39.4,36.1,38,37,37.3,41.3,38,29.5,23.7,24.2,20.7,18.1,18.8,19.6,20.4,25.4,35.9,52.6,71.2,84.6,90.7
20140621,85.4,83.8,82,79.3,78,79.1,75.8,73.2,74.4,74.2,80.1,80.2,84.3,85.1,80.3,74.6,72.1,69.8,69.1,58.2,29.5,21.9,23,21.6
20140622,21.1,22.5,23.8,25.5,27.5,25.3,26.7,26.5,33.2,43.8,52.6,50.4,49.1,48.8,48.9,45.1,44.8,39.7,34.4,26.5,24.4,26.9,30.6,32.9
20140623,33.9,34.4,33.2,31.4,29.7,26.7,27.5,25.9,24.3,22.7,21,18.5,19.5,19.5,20.3,21,21.4,23.7,22.1,25.4,25.6,27.9,32.3,36.4
20140624,38.9,40.3,42.9,47.2,48,48.3,50.1,51.1,52.2,55.3,59.3,57,51.7,49.4,48.1,49.1,44.9,58.4,42.4,48.7,57,64,68.8,69.8
20140625,68.5,68.9,70.7,74.2,75.5,79.9,82.5,85.3,89.4,94.8,97.1,98.5,100.3,104.4,106.2,112.3,108.2,108.8,112.6,106.9,110.5,118.3,127.7,133.9
20140626,137.1,148.9,155.2,158.5,159.4,158.8,156.5,157.9,159.4,155.1,141.7,135.8,117.2,106.3,98,96,96.7,90.5,85.6,75.5,65.6,62.5,63.4,68.6
20140627,66.8,55.6,42.5,32.4,23.1,19.1,17.2,15.5,14.9,13,11.3,11.2,10.4,11,10.1,10.5,12.6,10.4,11,13.6,18.5,20.9,28.4,28.6
20140628,28.9,26.5,26.9,25.2,25,24.3,22.8,21.4,19.7,20.3,17.7,14.9,13.6,13.2,14.8,14.3,15.1,16.5,16.1,18.7,20.9,26.7,28.6,33.4
20140629,37.3,38.1,40.6,38.5,32.9,31,29.4,34.4,52.2,66.9,64.4,59.2,58.6,58.7,54.5,54.4,46.1,41.4,42.4,44.3,55.2,58,63.7,70.2
20140630,72.3,66.1,65.7,68.2,70,72.7,75.9,74.2,77.5,77.9,79.6,79.7,92,103.2,94.6,80.9,77.9,61.8,58.9,53.4,51.6,55.5,60.8,64.2
20140701,66.3,66.7,63.7,65.2,71,78.7,84.5,90.6,100,107,116.9,119.5,124.7,128.9,134.8,138.5,134.3,134.5,146.2,150.2,150.7,132,54.2,39.1
20140702,30.3,27.9,31.8,33.6,34.9,36.9,38.8,42.4,43.9,41.4,39.8,39.2,44.6,49.3,54.4,58.7,69.6,73.3,77.6,82.1,89.5,95.2,95.6,98.3
20140703,103.4,108.3,120.9,139.2,160.1,179.2,188.7,196.2,209.3,221.1,231.8,213.5,207,200.6,192.2,180.8,179.3,171.7,171.5,169,178.1,184.4,191.2,185.5
20140704,187.6,189.1,190.3,192.3,188,187.5,181.1,176.4,176.2,178.5,188.8,193.8,184.1,169.8,156.2,155.2,171.2,184.6,186.5,157.6,152.3,145,134.7,132.2
20140705,130.8,135.1,134.9,131.5,126.9,127.2,130.6,147.5,165.6,171.5,167.4,164.9,148.3,134.9,117.6,106.5,97.6,88.8,82.7,85.5,95.7,114.9,132.9,148.8
20140706,160.4,173.4,186.3,192.7,187,183.9,188.5,188.3,199.2,202.4,202.9,197.2,197.4,191.9,187,179.1,175.8,175.9,172.1,170.5,178,188.7,192.5,186.9
20140707,177.1,163.8,147.2,135.2,128,119.1,110.2,105.4,106.4,113.4,121.1,139.2,162,173.7,191.2,198.2,209.9,205.1,203.8,194.5,193.1,198.4,201.9,204.4
20140708,202,198.3,197.5,197.1,189.5,175.4,168,165.7,149.3,146.5,122.9,82.8,45.4,29,20.9,18.9,12.7,11.9,12.3,13.4,16.9,21.9,28.9,32
20140709,35.3,33.6,37.5,38.2,26.9,24.4,22,22.6,24.5,26.8,22.3,18.8,15,11.3,11.8,11.1,,,22.7,30.8,35.4,31,29.8,30.2
20140710,30.2,31.9,33.1,34.4,34.4,35.7,32.5,30.2,29.3,30.1,29.3,26.4,25.7,22,23.3,22.9,19.1,17.8,21,28.4,31.2,33.5,35.1,39.3
20140711,45.8,52.1,54.9,59.6,63,67.2,67.6,59.5,52.9,34.5,21.2,15.6,14.5,13,11.6,12.2,13.3,13.7,17,18.3,20.2,24.8,25.8,28.1
20140712,32.2,31.5,30,21.8,18.4,18.3,17.4,13.1,10.7,9.7,7.9,8.1,9.3,9,9.3,9.2,10,10.9,12.1,14.1,16.2,19.7,22.9,26.8
20140713,28.7,28.9,29.4,22.1,18.5,17.6,14.7,13.7,12.7,9.8,9.1,10,10.6,10.9,11.4,13.6,12.6,15.9,17,20.6,24.1,30.2,32.7,34.8
20140714,35.7,36.4,35.2,32.3,29.3,25.8,24.8,26.6,26.1,26.6,25.9,24.9,25.4,28.3,32.4,33.5,36.1,37.8,36.9,35.7,36.9,37.7,27.8,22.3
20140715,28.6,52,43.3,37.2,35.4,38,37.1,38.5,41.2,44.7,45.8,49.1,50.8,49.4,50.3,53.2,54,49.4,48.6,49.2,52,52.5,60.4,65.5
20140716,72.1,77.4,80.4,84,79.8,77,75.1,78,89.2,114.4,137.4,146.9,152,155.9,144.2,134.9,129.5,124.3,113.8,79.2,52.9,42.6,47.9,49.9
20140717,54.3,61.4,72,81.3,89.3,96.9,105.4,111.1,121.2,129.7,131.1,131.6,136.1,139,140.8,148.8,156.8,159,161.8,162.4,165,172.9,177.2,179.7
20140718,180.5,181.3,170.4,153.6,143.4,142.9,136.9,127.9,125.3,128.9,141.5,148,147.4,158.9,158,143.3,129.6,121.1,121.3,122,115.8,113.5,115.4,116.7
20140719,114.9,111.9,107.1,107.7,108.4,104.8,103.8,105.4,109.8,106.7,95.8,81.2,69.8,62.1,58.4,52.3,47.9,50.5,52.1,55.4,61,65.4,71.7,65.1
20140720,54.8,52.2,57.1,58.3,61,65.1,67.3,64.7,62.8,63.8,67.4,68.2,69.2,76.7,90,100.1,96.3,83.6,77.9,69.1,61.9,61.7,60.4,60.7
20140721,60.3,61.8,64.7,67,68.8,65.7,61.8,37.9,20,15,13.9,14.4,15.5,13.9,13.6,11.4,11.9,9.9,10.4,10.6,12.5,11.4,11.1,9.9
20140722,8.2,8.3,9.7,9.3,9.9,10.5,10,10.3,12.2,15.9,15.7,14.8,14.3,14.3,12.8,14.4,14.4,14.8,14.4,15.5,16.9,19.7,19.5,
20140723,20.2,18.4,18.1,18.3,19.8,19.6,19.2,21.7,25.1,26,23.9,23.4,26.4,32.3,26.8,24.8,26.1,27,30,33.8,38.1,41.7,43.8,46.4
20140724,54.3,51.4,51.4,53.9,57.1,61.8,61.7,65,66.9,67.9,72.1,79.2,82.9,76.6,73.3,65.6,59.9,61,62,54.1,47.8,47.2,56.5,70.4
20140725,79.8,79.2,81.3,86.8,95.2,98.5,93.1,92.1,92.7,88.8,79,60.3,42.5,36.8,35.4,,,40.1,43.1,47.3,53.4,59.6,65.9,68.8
20140726,74.2,83,92.4,102,108.8,110.6,110.9,109.9,113.1,116.9,120.9,120.5,113.8,97.8,83.5,76.5,76.8,79,76.7,70.5,67.7,68.2,69,68.2
20140727,68.8,73.2,79.9,87.1,94.9,101.5,105.4,113.1,120.5,123.4,126,130.2,137.3,137.9,125.1,110.9,103.3,103.5,105.5,106.3,104.3,101.6,97,100.6
20140728,103.1,109.7,115.9,121.6,126,129.2,131.9,135.6,144.1,151,153.6,153.3,144.8,127.4,105.4,87.4,82.8,83,88.2,89.4,93.1,94.7,92.9,98.3
20140729,105.6,109.8,114.7,123.5,133.2,,,,,,,,,,,,,,,,,,,
20140730,,67.7,57.8,59.2,60.7,69.1,78,88,99.5,113.6,120.7,119.9,125.8,120.3,128.6,127.4,123.7,129.9,140.5,146.1,153,166.3,173.2,177
20140731,177.5,174.4,173.2,170.2,167.2,171.8,176.1,181.4,190.6,204.4,209.9,202.2,193.5,188.5,186,180.2,169.8,159.6,153.3,151.3,155.9,160.2,167.9,174.8
20140801,171.3,160,153.2,152.9,148.4,138.4,136.9,140,150.9,167.2,171.1,165.3,161.1,152.8,143.2,131.1,124.2,122.8,,132.5,136.5,141.4,144.6,139
20140802,132.2,124.6,124.9,118.1,112.6,106.1,98.8,97.3,99.3,103.9,118,127.2,132.7,133.2,132.9,125.9,119.3,117.3,118.7,122.7,125.5,129.1,132.3,136.5
20140803,140.3,144.4,148.4,151.9,153.5,152.1,150.1,142,142.5,131.9,125.3,127.4,131.8,129.4,127.1,122.8,97.2,70,56.4,54.3,56.1,57.8,57.6,59.6
20140804,64.3,67.7,68,67.4,65.5,65.9,63.9,61.3,50,37.8,22.4,14.2,9.6,8.1,8.2,7.6,7.6,9,10.6,12.5,13.7,14.5,15.4,17.1
20140805,16.2,16.3,16.3,16.9,17.6,16.4,19.1,19.5,20.6,23.7,27.7,28.3,31.2,28.2,27.7,25.6,32.5,36.3,30.3,32.1,32.5,36.7,41.5,44.3
20140806,43.8,47.9,49.4,51.4,52,51.1,52,51,49.4,40.1,27.8,19.8,15.1,11.9,9.4,9.4,8.1,11.3,14.1,20.7,29,41.7,51.3,56.1
20140807,59.2,62.4,75.3,79.2,75.2,71.2,67.3,67.7,62.6,61.1,66.8,61.7,50.6,47.2,46.6,45.4,45.2,48,47.1,49.9,60.1,65.8,63.9,59.2
20140808,55.9,55.7,57.2,61.8,63.3,63.3,65.6,71.3,80.7,83.9,84.8,83,72.9,61.5,55.9,49.6,47.7,49.3,53.4,60.9,61.8,62.1,66.7,71.4
20140809,77.1,81.9,87.5,92.8,96.6,101.3,107.9,118.9,128.9,135.2,120.6,104.6,92.3,83.3,74.5,66,59.9,54.7,51.9,52.5,55.1,54.1,29.8,19.5
20140810,19.7,19.7,21.4,20.8,23.7,25.8,26.3,29.6,31.8,33.6,34.8,36.8,37.3,35.3,33.1,31,31.2,30.8,31.6,39.8,48.1,53.3,58.5,59.1
20140811,61.8,58.5,52.9,45.5,31.5,23.2,18.2,18.9,15.5,13.3,13.8,12.3,11.8,12.3,11.3,12.8,13.3,14.6,14.6,18.8,21.7,25.6,28.5,29.7
20140812,31.5,34.5,35.8,31,29,26.3,25.7,23.7,22.3,18.7,19.4,18.1,18.3,19.1,24,26.7,26.6,27.4,32.8,33.8,34.5,34,29.8,21.9
20140813,18.7,19.9,20.9,21.4,23.2,23.8,28,29.3,29.3,32.2,34.4,38.2,,30.7,23.8,19.4,19.1,20.1,19,20.5,24.6,26.9,27.2,26.5
20140814,27,26,25.9,25.8,26.1,25.4,26.4,27.4,30.5,34.6,35.4,31.8,36.3,39.4,40.8,35.3,31.6,29.8,35.8,34.9,30.5,28.5,26.5,26.9
20140815,29,31.8,34.1,34,31.5,30.2,31.4,41.5,54.3,70.1,67.6,49,37.4,28.9,25.6,27.2,32.5,32.7,27,28,31.6,34.8,39,40.4
20140816,43.1,48.8,51.3,53.6,55.8,52.1,47.7,44.9,43.3,47.9,62,74.4,67.3,59.1,53.5,50.5,55,62,62.8,66.8,77.9,84.5,93.2,101.8
20140817,115.5,129.8,91.4,61.6,65,60.2,44.9,43.4,44.3,41.3,43.3,43.4,43,39.7,38.2,36.5,32.9,30,30.5,34.3,40.7,46.7,51.9,57.2
20140818,57.8,57.1,55,58.7,57.4,52.7,48.5,47,45.7,46.2,50.8,57,69.6,76.6,79.5,80.4,77.8,76.1,74.2,73.6,75.7,77.3,74.8,73.7
20140819,77,80,81.8,85.6,88.8,89.5,92.3,94.5,102.8,114.1,112.7,,91,75.5,66.6,64.3,59.7,58.7,62.4,70.6,76.1,78.4,81.5,81.3
20140820,82.7,81.5,83.6,89.5,93.4,96.5,99.6,103.9,112.4,122.3,127.7,122,111.9,99.3,93.5,94.9,97.6,99.4,97,95.2,94.8,93.4,98,101
20140821,105.4,110.6,115.5,121.7,127.2,131.7,133.7,137.6,144.3,151.3,155.2,156.3,152.3,145.4,144.5,144.1,141.3,132.2,133.8,140.3,145.7,126.6,43,25.7
20140822,24.5,26,27,27.1,26.9,28.8,28.3,28,29.1,30.5,32.2,34.1,40.6,47.3,55.7,64.3,68.9,74.2,78.7,85.6,90.6,97.4,101.4,100.6
20140823,101.5,102.8,101.9,94.2,89.6,87.5,85.7,84.9,91.5,104.9,113.3,120.2,121.6,115.6,103.5,100.2,104.6,96.3,105.8,114.5,120,126,119.9,84.2
20140824,37.2,21.1,20.1,23.8,25.7,23.4,25.5,27.3,24.3,20.1,14,12.3,10.3,9.5,8.8,10.6,11,10.2,11.5,15.2,21.1,27.1,31.6,32.7
20140825,29.2,26.8,26,24.2,22.5,24.3,23.3,23.4,22.9,18.3,15,10.4,9,7.5,7.9,9.8,9,10.1,12.2,14.7,18.2,20.9,26.7,29.2
20140826,29.5,31.5,29.9,33.8,30.3,30.6,27.4,26,27.6,24.1,23.9,20.6,19.8,18.2,15.9,14.8,10.2,13.9,15.6,20.1,23.3,32,39.3,33.4
20140827,33.6,35.6,38.4,39.2,38.2,37.9,33.8,30.4,30.3,30.8,31.7,34.7,38.8,44.5,45.3,51,56.3,60.7,62.9,66.2,71.4,76.5,82.6,89.2
20140828,91.3,95.1,96.2,91.9,86.1,81.2,75.8,72.9,71.5,72.1,74.1,74.5,75.9,75,77.1,79.1,79.6,81.1,86.6,92.3,91,84.3,83.9,72
20140829,61.9,66.2,65.1,68.5,68.8,67.7,70.9,72.2,73.5,68.9,65.9,62.2,59.7,63.1,69.9,71.6,72.6,73.9,76.5,78.4,80.7,85.9,89.7,92.1
20140830,90.4,91,93.1,104,115.5,117.5,123.2,125.4,126.9,129.2,132.2,140.4,151.5,155.2,156.2,153.4,144.3,137.8,137.2,133.5,133.9,134.3,123.6,108.4
20140831,85.9,77.4,67.8,65.8,59.8,49.7,49.4,52.1,53.4,56.1,58.9,65,62.5,64.6,65.3,69.2,73.9,70.4,64.2,63.3,65.2,68.2,75.8,78.2
20140901,78.2,77.9,75.4,75.9,79.1,82.4,84.5,86.8,93.8,106.8,116,119.4,122.3,115.8,113.1,109.5,107.1,109,113.1,112.4,112.6,103.7,65.3,37.7
20140902,30,31.5,33.4,32.5,28.1,23.1,22.1,22.4,23.2,21.8,22.5,24.4,25.7,26.5,21.5,18.5,18.1,18.8,14.4,12,13,14.5,13.2,13.1
20140903,14.8,15.7,11.6,11.9,11.1,11.5,11.1,13.5,16.5,16.7,18.1,14.9,12.8,12.5,12,14.1,16.7,16.1,14.4,17.3,18.8,20.8,22.6,24.8
20140904,25.8,29.3,28.6,29.6,32.4,36,37.9,43.6,48.9,51.2,49.5,46.3,43.5,35.6,28.2,26.3,26.2,28.4,30.6,34.9,39.8,48.7,52.2,48.9
20140905,51.5,52.7,54.6,55.2,57.5,58.9,57.6,60.9,68,77.7,86.2,100.1,103.7,108.3,105.5,88.3,79.4,78.6,79.8,86,109.3,128.4,134.2,135.5
20140906,137.5,137.5,137.1,135.8,135.8,134.2,131.3,127.5,129.5,138.8,147.6,149.9,148.6,148.3,147.1,137.5,121.6,109.6,113.9,121.7,129.7,136.7,139.3,140.3
20140907,143.7,145.4,143.9,143.1,151.9,157.6,160,165.4,169.6,176.7,182.3,185.7,177.8,152.8,123.4,108,110.4,115.6,117.7,121.7,122.6,124.6,126.6,123.9
20140908,101.2,50,27.2,15.8,9.1,6.2,6.8,6.7,8,7.6,6.7,6,5.2,7,9,7.8,9.3,10.4,10.3,14.7,18.3,21.3,25,27.9
20140909,29.2,31.1,32.3,32.3,30.1,27.2,25.8,24.2,22,24.1,25.2,31.6,36,40.9,46,46.7,42.9,44.4,47.6,49.7,54.6,61.4,62.9,64
20140910,58.3,56.9,59.6,61.3,65.8,70.2,76.5,82.9,90.2,96.8,97.5,91.2,77.9,66.7,54,47.3,41.1,42.8,46.6,49.7,53.8,58.3,64.6,68.6
20140911,64.2,59.4,62.4,63.2,66.3,70.4,73,74.6,79.9,86.3,90.6,93.2,86.4,89.2,86.9,86.2,86.4,90.5,95.2,100.2,100.8,100.4,101.4,101.1
20140912,101.7,104.1,107.2,104.2,90.8,77.9,68.4,61.3,59.7,63.1,64.5,64.4,64.2,62,58,57,58.9,63,55.8,58.8,59.7,64.2,63.2,66.2
20140913,66.3,66.6,65.3,68.8,67.8,69.9,73.3,76.9,80.6,83,77.3,70.4,65.2,61.8,56.6,50.3,50.7,49.3,49.4,53,61.1,65.4,70.6,75.1
20140914,77,79.1,81.2,81.7,79.4,81.8,87.8,82.6,76.5,55.3,33.9,16.8,13.5,12.9,11.2,14.8,13.1,15.2,15.7,21.1,30.8,32.9,34.7,34
20140915,36.3,35.1,32.9,30.9,28,23.1,22.8,20.6,20,17.3,15.8,13.6,11.2,11.9,11.1,9.6,10.7,12.9,14.4,16.8,20.4,24.6,26.1,26.3
20140916,27.8,29.3,29.7,31,31.7,28.9,24.3,23.7,25.1,26.2,27.5,27.8,29.9,32.7,39.7,47.4,55.4,68.4,64.8,66.4,68.6,69.5,67.1,60.9
20140917,46.1,38.8,34.9,32.1,32.6,34.7,34.7,34.8,39.1,42,47.3,52.3,62.8,65.8,64.3,58.2,52.2,47.2,45.7,48.2,54.4,59.4,64.5,66.1
20140918,66.8,66.9,69.3,71.8,74.8,75.6,77.4,74.6,76.2,83,81.7,72.9,64.3,57.7,52.6,41.6,37.4,33.3,32.6,36.9,43.4,49.2,52.9,55.8
20140919,54.7,58.4,64.3,69,72.6,74.8,74.1,73.3,80.4,91.1,108.1,118.2,117.8,103.5,93.6,86.1,76.7,69.2,67.2,75.1,87.3,99,108.1,112.9
20140920,110.9,111.8,114.2,116.5,114.8,114.3,113.5,110.4,111.3,120.3,125.9,128.9,129.6,128.2,117.8,108.7,104.7,106.3,119.3,130,144.2,155.8,165.5,171.7
20140921,171.5,164.5,153.8,143.4,133.2,113.4,97.1,88.8,79.6,75.2,75.5,70.9,69.5,77.2,87.7,95.6,96.2,96.2,94.4,93.9,95.1,95.1,90.6,88.8
20140922,88.7,88.2,86.6,83.7,83,81,81.1,85.4,89.4,90.8,93.8,98.2,98.1,104.3,110.5,111.1,111.4,107.3,106.8,106,105.5,102.1,95.8,91.8
20140923,86.9,82.3,77.6,68,65.6,61.2,53.9,50.8,49.5,48.1,43.3,42.2,38.7,36.2,35.1,34,34.1,33.8,37.3,40.9,43.8,44.7,46.2,47.8
20140924,47.5,42.1,36.4,30.9,27.5,23.7,18.3,16.7,18.9,20.2,19.6,20.6,20.3,20.4,19.2,18.3,19.3,23.4,30.1,38.5,47.6,54.9,61.8,69.9
20140925,75.2,72.5,68.8,65.5,62.9,60.3,59.1,59.4,66.6,80,100.4,110.4,118.6,131.1,138.2,145.5,138.7,130.4,126.3,127,132.3,135,128.4,106.5
20140926,91.3,86.5,81.9,84.3,88.6,93,95.8,99.2,107.3,115.2,118.6,123.8,130.3,140.8,146.9,151.5,150.1,157,163.9,164.9,159.2,155,145,132.6
20140927,114.5,91.3,65,45.5,34.9,31.1,31.9,33.8,31.6,26.7,20.3,15,13.1,12,11.8,12.9,15.9,16.9,21,27.9,34.8,40.3,44.4,45.5
20140928,47,49,49.7,49.4,49.1,47.9,47.3,52.7,53.9,57.3,63.8,72.5,78,82.9,73.4,66.3,63.3,60.1,61.2,66.4,73,76.6,82.3,85.4
20140929,86.9,89.9,91.6,90.6,90.2,90.4,91.2,91.6,92.5,95.3,88.7,62.1,31.6,16.7,12.3,10.7,10.4,10.4,12,18.1,21.2,21.3,23.4,23.1
20140930,21.4,20.7,22.5,20.6,18.7,17.9,16.8,16.1,16.8,18.5,18.7,18.8,19.5,21.9,22.1,22,22.9,25.1,28.5,31.8,41.1,47.9,51.5,57.4
20141001,61.9,66.7,65.3,63.5,62.3,58.6,58.5,56.6,58.2,64.6,70.1,74.2,75.2,73.4,69.4,66.4,66.2,70,75.6,78.5,78.2,76.9,72.9,70.4
20141002,68.2,65.1,62,60.4,57.7,56.2,57.1,55.6,57.3,61.2,63.7,67.5,64.6,57.3,55.1,53,46.4,44.4,44.7,51.5,62.3,66.1,63.2,65.9
20141003,67.9,68.1,65.4,62.6,62.5,69.9,72.5,74.3,71.6,71.1,76.5,79.6,92.1,108.2,124.4,135.6,145,149.2,151.7,150.3,143.2,140,136.8,128.2
20141004,116.2,99.9,81.4,72,63.8,60.7,56.2,50.5,50.2,51.5,51.9,54.8,61.2,65.2,70.8,74.9,76.3,79.6,83.6,86.6,85.8,79.7,70.1,64.9
20141005,65.2,66.3,64.4,61.8,56.1,51.2,46.7,44,38.4,30.1,15.7,11.3,9.9,10.3,10.2,10.4,9.7,10.1,12,15,22.3,27.9,31.3,31.8
20141006,29.9,29.9,27.8,27,23.2,22.5,23.1,23.6,25.7,22.7,22.8,23.4,20.9,18,17.3,17.9,21.5,26.5,33.2,46.7,57.7,66.3,72,77.2
20141007,80.2,83,81.8,80.3,76.7,70,69.6,68.7,69,70.9,76,85.4,97.7,114.1,130.9,147.3,164.1,178.4,186.9,200.7,217.5,223.2,227,228.6
20141008,227.2,228.9,227.4,223,217.9,213.2,207.4,207,208,212.3,225.5,241.8,258.9,267.3,282.7,290.1,315.5,327.3,338.6,349.7,352.6,348.9,348.3,345.1
20141009,340.3,332.4,326.2,314.1,310.8,,286.8,292,291,299.4,315.7,322.5,344.3,342.6,341.9,354.4,,354.1,364,375.5,380.6,378.7,375.1,369.4
20141010,359.2,355.7,349.5,342,326.6,314.5,304.1,291.1,,,,,,,313.5,282.1,275.1,272.6,283.6,301.5,327.5,325.2,314.5,
20141011,,,268.8,262.8,254.7,249.6,241.5,235.2,230.7,228.9,228.3,237.4,241.9,243,245.4,242.9,239.5,243.7,188.8,92.6,32.5,20.3,14.6,11.5
20141012,11.6,9.1,7.2,7.1,7.2,7.7,8.4,8.3,7.6,8.5,10.6,11.2,8.5,9.4,9.7,9,8.9,9.7,10.9,13.3,13.9,13.6,12.4,11.5
20141013,10.4,8.3,8.8,7.5,8.5,10.2,11,12.7,15.7,13.6,12.5,9.6,8.8,10.4,10.1,10.2,11.2,14.1,17.4,26.1,36.7,43.6,48.1,50.1
20141014,50.4,53.8,54.8,51.2,45.5,43.7,40.1,38.9,40.5,41.3,40.8,42.1,42.5,47.4,48.5,47.6,41.6,44.2,54,65.5,74.9,86.4,95.6,104
20141015,109.7,111.9,114.9,114.6,110.8,101.6,92.1,87.6,92.3,93.1,64.4,44.6,18.9,15.2,11.9,11.2,11.3,9.6,11.1,9.9,10.6,10.3,11.6,14.4
20141016,19.8,19.5,22.8,24.1,26.3,30.2,29.4,33.9,36.1,32.6,29.3,26.4,24.5,25.8,27.8,31,38.2,49.1,50.8,57,61.3,64.2,67.6,72.7
20141017,75.2,77.8,78.5,80.4,76,74.5,70.2,78.8,81.1,82.8,90.7,97.4,99.4,99.1,102.6,107.6,108.3,112.1,118.5,132.4,141.3,145.7,147.4,146.6
20141018,150,144,140.1,133.2,124.1,115,107.7,102.6,102.7,104.8,110.1,129.5,145.8,156.3,163.3,173.5,190,206.5,214.4,234.5,256.9,270.3,272.2,278.1
20141019,285.1,288.4,284.1,283.3,283.3,284.9,289.1,291.8,293.3,301.2,314.1,311,286,259.3,249.7,232.3,216.1,210.7,208.2,228.5,236.8,231.4,208.4,193.6
20141020,195.6,196.5,196.6,198.9,198,207.3,211.6,213.1,218.3,225.7,247.3,266.3,265.7,269.8,274.2,266.4,260.9,239.8,230.9,230.9,232.8,229.4,193.7,135.9
20141021,91.4,62.6,48.3,36,34.9,32,31.6,31.9,33.6,35.8,36.1,37.4,35.7,35.6,32.7,,34.9,37,42.3,50.1,62.7,69,72.1,71.2
20141022,66.2,57.8,56.9,57.6,58.1,61.2,64.9,66.8,66.4,68.6,73,74.5,77.7,79.1,78.1,78.5,80.7,88.2,91.7,95.4,105.5,109.7,109.1,109.2
20141023,110,108.8,105.2,102.9,101.5,101.7,101.2,102.6,107.4,116.1,120.9,128.9,135.8,140.4,146,152.5,159.4,164.9,164.2,168.4,176.7,183.3,183.3,186
20141024,188.3,189.2,186.2,178.4,173.3,170.5,166.9,166.4,170.7,188.9,207,223.2,249.1,282.3,290.5,297.9,302.3,307.1,307.8,314.9,312,317,319.7,305.6
20141025,295.4,283.7,276,264.9,254.9,248.7,247.1,243.3,236.4,252.7,287.3,318.2,340.9,358.5,366.9,378.2,396.6,400.1,400.2,397.1,388.7,373.1,350.5,329.6
20141026,316.9,293.7,285.5,244.8,194.1,108.5,45.9,20.5,12.3,13.1,12.5,12.8,10.8,10.7,11.3,10,11,11.2,15.3,19.7,24.4,23.7,23,22.4
20141027,20.4,17.7,16.4,17.1,17.9,18.4,20,21.8,25.5,31.3,37,35.1,37,34.7,33.7,35.5,36.6,38.2,40.3,50.2,59.8,60.5,53.5,51.2
20141028,51.5,49.2,47.7,46.4,46.8,50.1,58.5,62.2,65.2,68.4,69.9,69.6,67.9,66.8,64.7,61.6,61.9,62,63.9,71.3,74.4,82.7,84.5,89.1
20141029,92.9,93.4,97.7,97.5,98,100.9,98.5,97.9,100.5,103,107,109.5,102.1,97.9,130.9,109.7,116.9,121.9,129,138,147.5,149.2,151,148.8
20141030,150.2,151.3,155,156.1,158.3,156.2,154.4,150.5,150.4,155,155.6,160.8,165.7,168.2,176.6,179.3,185.1,180.1,184.5,188.3,192.3,196.7,196.8,193.2
20141031,189.8,187.5,184.5,180.4,177.9,176.4,172.1,172.8,174.5,159.8,154.3,150.2,142.3,142.9,142.1,144.4,147.1,155.8,165.9,174.6,188.1,194,197.2,200.7
20141101,198.8,193.9,181.5,172.3,154.4,141.4,113.2,78.5,58.8,54,46.5,34.1,28.2,21.7,20.2,17.5,18.6,14.1,15.4,19,24.5,24.4,15.9,10.7
20141102,8.6,6.1,5,5.4,5,4.4,5.4,6,7.3,7.4,7.5,7.1,7.2,8.3,7.4,7.7,7.9,9.2,8.8,11.3,15.2,15.7,18.2,22.4
20141103,27.3,30.1,30.8,30,30.1,30.3,33,34.7,44.2,47.2,39.4,26.7,19.6,16.6,15.3,14.3,16.1,16.9,21.5,29.9,43.6,50.4,52.3,53
20141104,54.2,56.1,57.5,58,58.8,57.9,61,60.7,64.7,68.3,76.3,87.5,99.9,113.4,129.3,136.6,142.2,147.2,154.1,170,186.5,194.2,194.6,199.5
20141105,195.7,191.8,188.8,179.9,168,155.8,145.1,122.8,105.2,86.2,66.9,46,35.8,29,23.8,21.1,20,21.2,23.2,23.4,19.2,11.8,5.2,5.1
20141106,4.9,4.9,5.4,5.9,6.1,6.6,7.8,7.5,8.9,10.4,9.3,8.5,8.3,8.8,8.2,7.6,8.6,7.7,14.6,16.8,25.5,35.8,40.7,43.3
20141107,44.9,45.9,44,46.2,49.8,50.4,53.1,51.9,50.6,52.4,49.4,49.9,47.8,44.4,40.3,38.5,35.4,40.8,44.6,53.8,,,59.4,59.4
20141108,60.5,65.4,68,69.4,72.9,70.6,68.5,68.6,71.1,76,78.4,75.8,72.7,71.4,69.9,71.4,64.9,63.3,69,80.7,88.7,91.7,93.5,94.7
20141109,93.1,89.9,89.1,86.9,84.1,80,72.8,67.6,62.9,62.2,59.9,51.4,42.1,37.2,44,44.2,39.7,40.3,48.5,64.3,77.4,86.5,92.9,97.6
20141110,102.5,104,100.4,92.4,83.1,71.8,64.1,62.7,63.6,66.4,62.6,57.8,55.6,54.8,60.1,64.6,71.6,81.2,89.9,113.6,133.7,143.3,146,148.1
20141111,149.6,147.1,144.2,138.2,118.3,84.4,48,30.4,24.7,23.5,23,16.5,15.1,18.1,17.5,14.6,13.5,9.5,10.5,14.4,17.3,18.7,12.1,8.1
20141112,7.3,6,5.3,4.9,6.4,4.7,5.4,5.6,6,5.5,8,6.2,6.6,6.2,6.3,6.7,5.8,6.1,9.2,10.8,10.8,11.6,11.6,11.1
20141113,11.9,11.1,12.5,13.8,16,18.6,22.5,27,36.9,48.2,50,40.9,26.8,21.6,19.9,17.8,14.7,16.5,27.2,36.8,49.8,55,52.7,51.4
20141114,49.9,49.1,47.3,46.6,47,40.6,35,33.2,33.6,41.2,36.3,26.9,20.7,18.7,19.2,19.4,22.2,26.7,37.9,56.6,73.6,80.5,82.1,90
20141115,93.8,100.2,103.9,107.9,107.4,101.3,91.1,77.7,75.1,74.9,83.6,92.6,100.2,113,128.6,143.1,162.2,167.6,180.6,190.1,197.3,207.3,209.9,206.7
20141116,188.5,187.1,181.8,178.7,173.7,171.9,166.3,161.9,153.5,154.1,151.2,142.1,97.3,54.8,25.2,17.8,15.7,14.4,14.4,14,16.5,15,13.5,12.9
20141117,13.2,14,14.4,14.2,13.9,14.2,16.6,19.1,23.6,29.5,26.9,18.1,14.4,12.7,12.2,11.9,14,20.9,37.1,53,65,74.1,74.6,75.3
20141118,78.3,87.3,93,84.9,73.7,65.8,63.9,64.5,67.4,72.2,68.2,63.2,62.3,61.3,59.8,59.7,62,71.7,88.4,115.4,139.5,154.2,162.5,170.1
20141119,177.6,182.6,184.1,188.1,190.5,189,186.6,174.3,172.5,193.1,225.2,243.5,264.4,271.4,285.8,309,312.6,299.9,304.8,317.4,328.2,337,341.3,340.4
20141120,346.5,345.4,334.3,328.7,323,318.6,314.3,313.7,314.8,311.3,310.8,317.1,312.6,301,304.3,305.2,328.2,332.9,346.3,366.2,380.8,408.1,410.9,426.5
20141121,441.9,433.1,407.6,380.3,352.4,336.1,316.1,300.6,289.6,280.2,284.7,299.4,250.6,227.2,185.1,152.2,137.2,141.4,152.9,177.5,175.7,136.7,106.7,86.7
20141122,61.5,51.1,38.4,34.3,31.6,30.2,28.4,27.9,27.4,33.1,36,30.4,22.8,22.4,24.9,28.9,35.5,43.9,57.4,77.7,105.1,124.8,128.4,130.3
20141123,129.6,130.4,127.2,123.4,116.6,110.6,106.5,104.2,104.3,108.4,108.8,111.2,117.2,124.3,128.2,135.2,136.6,141.8,153.5,169.8,173.1,176,174.6,177.4
20141124,177.6,178.9,176.7,165.7,141.7,117.1,90.6,72.7,62.4,57.3,51.5,35.5,31,29.1,25.9,27.4,30,40,56,72.6,85.4,96.4,103.5,105.2
20141125,103.2,108.1,104.7,103,111.9,113.5,107.9,105.9,109,114.5,123.6,125.4,129.1,137.7,150.9,166.7,183.9,187.6,217.3,235.1,259.7,274.3,278.2,277
20141126,275.8,262.1,251.1,238.6,227.7,217.7,211.1,210.1,203.9,202.1,215.9,226,240.5,254.7,268.1,280.1,300.2,316.7,332.6,346.8,351.8,355.3,354.2,350.7
20141127,346.3,342,311.4,251.6,168.5,112,76.3,46.8,28.7,19.4,18,25.6,19.1,15.3,16.4,17.2,21,24.3,29.6,35.4,38.1,42.2,47.1,48.3
20141128,52.7,52.8,54.7,57.7,62.4,64.2,66.9,70.8,74.6,84.4,86.1,78.1,70.2,67.1,69.6,75,77.3,87,104.1,128.6,153.6,171.1,179.3,188.1
20141129,191.1,194.8,201.9,201.3,200,203.6,200.9,204,201.7,213,228.6,238.1,244.1,264.9,274.7,249.2,240.8,250.1,256.1,255.6,257,257.8,259.7,260.1
20141130,256.2,247.2,232.7,226.2,227.4,223.5,211.2,170.2,93.1,51.4,28.2,23.7,21.3,23.1,30.8,29.7,18.5,15.4,18.2,22.4,27.4,30.4,27.2,36.6
20141201,41.2,30.5,22.2,15.9,11.8,10.2,10.3,8.8,8.6,11.1,9.2,8.4,8.1,9,8.7,8.3,8.1,9.1,10.8,15.9,14.9,17.2,15.3,15.2
20141202,13.1,12.8,12,11.1,12.3,14.1,14,18.4,23.4,36.6,41.7,42.7,54.5,60,56.6,53.2,,,61.7,79.4,96.9,104.6,108,110.4
20141203,110.7,113.1,88.1,54.6,37,21.9,18.4,15.4,16.8,19.6,15,9.7,9.8,10.4,8.4,9.5,8.7,10,11,11,10.6,9.1,8.8,8.8
20141204,8.3,8.2,8.4,7.3,7.6,7.1,7.8,8.3,11.1,14,13.9,10.9,9.7,8.3,8.5,8.4,8.4,8.6,11,13.3,13.8,13.3,14.4,14.4
20141205,15.3,15.6,16,16,19.9,20.5,19.5,24.3,26.4,27.7,30.2,23.9,22.8,19.5,21.5,23.2,26.1,37.7,64.8,90.6,105.1,114.3,117.3,124.3
20141206,125.4,126.8,130.7,119.3,101.6,88.4,68.5,54.7,53.1,58.2,57.3,41.8,34.8,33.5,32.5,36.6,43.9,53.9,67.4,82.1,95.4,108.8,104.7,113.5
20141207,113.1,117.1,118.5,107,94,83.7,80.7,77.4,82.7,89.3,91,74.8,45.1,29.3,20.9,15.5,12.3,12.4,16.1,18.5,19.9,19.7,23.8,23.2
20141208,24.1,26.6,29.2,27,26.1,27,27.5,33.1,36.9,43.6,50.3,51.6,66.9,69.3,74.9,82.1,93.6,104.4,106.9,116.6,125,138.9,150.9,160.5
20141209,176.1,195.4,199.8,201.8,205.4,203.8,199.3,195.9,194.3,200.9,216.7,222.2,241.8,251.3,268.6,279.6,286.1,294.4,297.5,304,297.5,298.7,302.7,300.5
20141210,290.3,275.6,280,281.3,280.8,280.9,282.4,281.6,277.9,244.7,188.3,158.5,117,94.6,57.6,44.6,41.8,26.1,18.3,12.7,10.7,10,10.1,10.7
20141211,11.7,10.8,11.7,9.8,8.9,9,9.4,11.5,13.8,18.5,19.8,18.9,15.5,15.2,18.1,21.4,32.2,43.6,63.6,67.6,75.7,60.8,35.1,22.3
20141212,14.3,8.1,7.7,7.2,6.6,7.1,6.7,6.5,9.8,13.3,13,11.5,11.1,9.5,9.7,9.7,10.1,11.3,16.8,26.9,40.9,41.9,41.5,45.8
20141213,44.6,27.5,25,25.8,24.6,22.3,22.8,23.3,33,44.9,69.8,62,51.6,40.5,40.3,46.4,56,64.5,77.9,92.6,114.1,106.7,118.3,111.3
20141214,115,123,131.2,133.3,119.9,108,100.9,97.3,92.8,93.2,91.3,83.3,66.5,59.9,55.7,58.6,71.5,94.5,119.9,136.5,152.1,169.5,169.9,171.9
20141215,177.6,196.2,219.1,223.7,217.8,202.8,193.9,113.9,62.2,40.9,22.8,9.8,10.4,9.7,8.8,7.5,7.5,7.3,7.8,7.8,7.9,7.5,8.2,7.8
20141216,7.4,7.2,6.9,7.4,8,6.9,8.1,9.1,10.8,13.7,12.8,9.4,8.3,9.1,8.1,7.5,7.1,6.6,9.9,10.5,10,11.3,11.5,13.2
20141217,14.8,15.3,18.6,27.1,34.3,40.6,43.1,50.5,63.1,74.1,85.7,95.3,103.4,101.8,91.9,79.9,77.6,79.7,95,121.6,145.3,160.7,170.3,167.5
20141218,160,141.8,136.8,136.5,127.2,123.3,120,117.1,118,119.1,125.2,126.2,125.8,129.5,133.9,142.8,154.4,169.2,185,202.4,214.3,219.2,,
20141219,,,,,204.3,180.6,156.8,117.2,74.4,55.7,43.2,31.6,21.3,11.4,9.4,8.3,6.9,7.6,8.7,9.2,8,7.9,8.1,7.9
20141220,8.4,8.9,9.7,9.6,9.2,8.9,9.2,9.7,11,16.3,20.9,19.8,15.1,11.9,12.1,12,12.7,13.5,17.6,24,21.7,18.1,13.8,7.6
20141221,6.5,6.2,6.3,5.8,6.7,6.3,6.3,8.3,9.6,13.5,19.9,22.4,18.4,16.1,17.6,13,13.2,14.8,24.6,36.9,47.9,50.7,58.7,64.5
20141222,71.2,75.7,80.5,82.1,89.1,96,98.7,98.9,95.9,103.6,111.6,95,76.8,66.4,54.8,51.7,50.5,57.8,79.4,104,117.2,128.6,137.5,135.1
20141223,140.4,145.9,150.7,151.7,141.7,123.8,108.5,102.7,109.8,114.8,116.3,107.1,99.7,90.3,79.6,72.5,72.9,76.4,113.6,140.8,149.1,116.9,75.1,61.8
20141224,50.5,38.2,27.6,25.8,22.2,12.2,9.4,11.1,10.7,15.5,14.9,12.2,11.3,11.3,9.7,9.7,10.7,12,17.2,27.3,28.2,32.5,34.5,45.4
20141225,54.8,70.3,61.5,58,54,45.1,40.9,39.5,42,42.4,43.8,29.9,20.7,16.7,16.1,14.8,17.6,22,36.1,60.1,71.5,89.1,93,98.6
20141226,103.2,110.2,113.8,117.7,123.5,117.7,108.8,103.8,100.9,104.6,106.8,120.7,119.8,117.2,133,150.5,167,185.3,200.4,214.7,226.5,234.5,232.4,228.7
20141227,,206.3,197.2,193.2,190.7,186,187,185.8,186.9,193.5,211.6,210.7,199.8,200.5,210.4,211.9,223.5,246.1,277.4,308.6,333.8,336.8,341.6,352.5
20141228,357.1,338,327.5,323.3,308.7,290.5,269.3,244.8,206.1,180,147.3,134.1,103.2,77,61.6,62,60.9,78.1,102.8,138.4,168.9,215.1,223,226.5
20141229,238.8,234.6,227.4,225.2,215.3,207.4,189.4,179.2,167.1,166.9,169.4,162.6,111,67.1,51.1,47,49.8,64.7,81.1,89,105.8,111.8,120.1,116.5
20141230,115.2,100.5,86.5,66,58.8,49.1,40,33.5,32.4,37.7,43.5,35.4,36.8,39.9,41.8,42.1,43.8,47.2,52.6,48.6,36.8,21.9,11,11.6
20141231,9.9,8.3,8.1,7.6,6.3,6.3,6,6.2,5.9,7.2,7.6,7.3,8,8.8,8.1,7.6,7.5,7.2,10.1,10.8,11.1,9.8,10.8,11.1
20150101,14.6,16.4,18.4,15.5,15.8,16.3,16.4,18.8,21.5,,35,36.1,44.9,50.4,47.8,44.2,46.5,54,69.4,86.3,96.9,105.5,110.8,118.3
20150102,118.3,114.8,110.2,96.6,74.1,51,31,22.8,23,26.8,33.3,29.5,25.9,25.9,27.4,33.5,50.9,70,82.2,90.5,100.1,115,126.9,138
20150103,149.6,152.5,157.4,159,157.4,154.7,148.7,149.6,148,143.5,148.4,151.2,151,157.2,155.8,155.4,158.1,165.2,180.8,209.4,234.2,244.1,237.8,244.8
20150104,250.2,247.2,245.8,243.6,230.7,207.2,181.6,176.4,181,185,197,191.9,157.5,140.2,123.2,121.9,136,154,186.9,238.4,258.4,270.4,276.3,257.2
20150105,237.4,221.7,202.5,193.1,194.6,190.7,184.7,184.3,182.7,178.1,188.6,181.4,133.4,72.1,36.2,24.1,16.6,13.2,10,11.4,9.4,6.8,6.6,7.8
20150106,9.6,8.5,8.4,7.4,6.5,11.9,8.8,10.1,16.4,19.7,22.7,20.2,18.5,20,23.2,27.2,32.6,39,48.7,66.3,82.6,94.6,103.5,110.1
20150107,114.4,114.6,112.4,107.6,93.3,77.3,62.1,53.3,46.5,53.1,56.3,62.2,57.3,53,50.8,52.5,55.5,59.6,67.6,78.6,92.6,94.7,100.7,103.1
20150108,96.3,100.4,103,102.8,108,112.9,120.2,118.7,123.8,127.9,122.3,118.9,114.2,125.8,145,151.1,154.6,164.6,175.1,181.4,210.3,228.3,241.9,236.1
20150109,234.9,229.3,205,175.6,132.6,79.2,53.5,40.4,33.3,31.5,31.3,24.1,21.4,16.6,17.1,17.4,17.9,18.3,31.2,60.5,94.8,134,192,209.7
20150110,219.5,210.8,207.5,208.1,204.1,196.7,191.1,186.3,198.7,203.2,207.7,219.7,196,175.1,140.4,98.1,96.7,109.2,121.1,162,191.9,199,190.7,157
20150111,97.2,51,28,18.3,17.5,11.4,11.2,16.6,21.3,27.8,32.4,25.4,23.9,25.8,28.4,32.1,37,47.3,61.5,80.7,98.2,107.9,109,115.7
20150112,116.5,98.9,98.1,100.5,103.6,105.3,106.5,110.5,114.7,118.6,131.8,139.4,143.3,124.9,112.9,103,90.9,93.6,104.5,128.5,137.5,145.6,155.5,152.4
20150113,152.9,154.9,157.1,150.2,152.8,150.2,140.6,131.5,129.7,133.2,142.3,143.9,139,138.7,142.1,147,154.5,161.6,173.1,196.1,209.9,227.3,230.8,230.7
20150114,241.9,240.8,238.7,234.3,220.3,198.6,189.4,184.6,181.6,183,186.2,192.8,201.8,205.6,223.4,230.3,231.6,235.5,235.3,243.7,255.3,258.3,260.8,270.7
20150115,284.6,284.3,283.5,290.8,278.2,268.2,261.4,253.8,255.6,266.6,283.8,315.7,331.9,352.1,380,387.9,382.9,388.3,396.7,411.4,412.3,412.5,418.3,414.7
20150116,407.5,404,398.8,390.5,315.6,183.8,110.9,79.5,55.7,51.1,33,19.3,12.1,10,10.4,10,9.4,8.5,9.5,11.5,11.8,11.1,12,12.9
20150117,15.6,16.7,17.6,17.8,17.2,16.8,18.9,23.2,25.8,33.2,41.1,43.8,58.7,69,75.4,81.5,93.6,102.7,108.1,117.8,137.2,141.5,137.1,140.4
20150118,152.3,152,139,133.9,129.2,125,123.1,123.1,130.5,142.2,151.1,156.3,133.1,93.2,55,23.7,11.9,10.8,12,14.7,13.5,11.4,10,11.1
20150119,12.3,10.1,12,13.6,16.7,19.1,23.5,29.3,40.3,56,59.9,47,46.7,45.3,41.5,44.9,53.1,57.8,68.2,83,98.7,100.6,93.7,83
20150120,84.3,88.2,88.8,84,83.5,80.7,79.7,76.8,80,86.2,90.1,87.6,82.8,81.3,84.6,88.9,92.9,95.8,101.6,115.4,125.5,135.7,135.4,120.3
20150121,95.1,56,37.1,21.7,15.1,13.4,12.8,13.2,13.9,14.9,15.7,14.1,11.6,9.7,9.6,9.6,9.5,10.7,13.2,25.1,38.8,44.9,53.9,62.3
20150122,69,66.3,77.4,80.5,79.8,73.3,70.1,67.8,72.9,84.9,99.1,110.1,110.7,105.1,107,107.7,113.5,143.2,179.1,187.3,193.1,193.9,197,199.9
20150123,201.8,206.2,210.6,204.5,195.7,187.8,183,181.7,183.7,190.1,199.2,193.6,191.7,193.1,195.3,190.9,201.5,215.1,228.6,246.9,269.8,269.1,271.2,282.2
20150124,266.8,237.9,175.3,134.1,104.2,88.8,86.2,87.1,104.2,116.1,115.5,111.3,103.9,95,92.6,85.3,76.2,71.8,72.3,64.8,66.7,70.5,75.7,82.6
20150125,85.9,91.8,96,91.2,88,90.1,92.9,100.6,106.4,111.2,120,129.9,130.5,131.4,132.7,137.1,146.2,156.7,170,182.3,194.8,195.1,201,212
20150126,221.1,228.8,229.1,229.4,230.3,228.4,226.8,225.5,213.9,190,125.2,77.4,43,22.9,11.6,9.6,7.9,8.9,8.8,9.4,9.8,8.9,9,10
20150127,10.7,9.7,9.7,8.8,9.7,8.4,8.7,9.9,14.2,19.3,17.4,14.1,13,10.9,11,10.7,10.2,12.6,17.6,26.8,41.4,54.3,64.8,65.8
20150128,60.3,65.4,57.2,36.5,25.5,22.3,23.4,25.6,27,30.1,30.7,24.1,22.2,22.9,26.1,32.5,39.2,43.9,52.1,63.1,76.4,88.3,101.6,112.5
20150129,122.6,127.7,128.7,111.6,97.1,95.2,90.8,87.8,88.5,91.8,103.9,118.3,117.2,95.3,49.5,27.8,14.3,11.9,12.6,11.7,12.3,9.7,11.5,11.1
20150130,10.2,10.1,10.8,11.4,11.4,11.2,11.1,10.8,15.5,15.8,15.9,13.9,11.8,10.5,9.5,9.8,9,10,11.5,18.9,26.7,30.1,28.3,22.7
20150131,24.5,21,25.1,24.7,25.7,23.6,21.4,24.8,24.1,22.5,27.7,24.8,21.6,23.2,21,19.4,20.2,25.5,40,59.3,82.3,99.7,104.9,117.1
20150201,126.6,127,119.6,114.6,108,93.4,78.9,70.6,63,69.7,66.6,61.8,58.7,63.5,51.3,60.2,78.6,95.4,108.7,123,130.4,136.9,144.8,161.2
20150202,168.5,169.2,165.6,165.8,176.9,178.9,167.1,135.5,129.9,131.4,138.2,129.4,135.5,138.8,146,154.3,156.6,158.9,163.5,173.6,185.4,174.9,163.7,159
20150203,154.3,147.6,150.4,158.9,168.1,177.5,181.8,186.2,194.1,203.4,216.6,218.4,184.2,138.5,98.2,73.1,63.9,49.2,38.2,32.1,33.5,28.2,19.6,13.4
20150204,13.2,12.8,11.6,11.1,10.1,11.9,9.2,9.6,10.9,14.6,15.5,11.8,9.6,10.3,10.7,10.9,9.8,10.3,9.7,9.3,8.7,7.9,8.3,8.8
20150205,10.7,10.5,10,10.2,10.2,10.8,13.3,14.6,18.9,25,25.9,22.4,23.1,23.9,24.9,27.8,29.8,32.7,37.6,48.8,66.2,76,84.3,91.7
20150206,87,86.9,89,87.3,89.4,90.9,93.8,95.6,94.6,98,101.5,88.9,67.2,53.1,49.3,55.1,64.3,73.2,84.9,100.7,119,123.9,132.8,134.3
20150207,116.4,70.6,31.2,16.4,9.6,7.5,7.6,9.2,10.1,10.8,12.2,11.4,10.6,9.5,8.5,10.4,9.9,6.3,7.3,9,8.6,7.7,8,7.2
20150208,7.2,7.6,7.9,7.4,7.6,7.4,8.4,8.5,12,14.1,14.6,13.1,12.4,13.2,15.5,17.1,22,28.7,36.4,49.1,63.9,75.2,82.4,92.8
20150209,105.4,111.9,112,112,108,103.9,99.5,96.6,96.4,92.7,96.8,100,94.5,92.8,90.1,93.7,106.9,114,120.2,140.1,167.3,176.3,183.1,188.2
20150210,189.9,194.1,190.3,179.8,166.6,148.3,133.7,130.6,137.8,141.4,145.1,144.3,129,101.8,88.7,88.3,87.5,92.6,109.2,138.9,151.8,151.9,149.7,145.6
20150211,126.4,96.9,95.8,123.2,140.5,126.1,95.8,64.5,53.2,47,41.1,32.3,27.2,23.9,19.2,19,18.3,18.6,20.7,27.8,31.2,29,21.5,16.7
20150212,13.2,15,17,18.5,20.6,23.9,27,28,30.7,37.2,35.9,29.5,25,25,31.3,31.7,30.1,34.5,39.9,52.6,65,77.1,82,89.2
20150213,91.1,91.3,88.4,93.1,90.9,93.1,93.2,89.9,93.5,102.2,107.8,110.3,115.1,120.5,128.3,129.8,130.7,137.8,158.3,183.6,209.7,241,244.6,239.6
20150214,238,236,239,233.1,213.7,197.2,189.5,193.9,197.9,204.5,217.7,224.5,221.4,227.5,235.5,242.9,253.5,258.7,272.2,293.9,317.3,330.5,329.5,333.8
20150215,333.1,342.4,327.7,318.6,310.6,298.2,296,300.6,291.9,292.4,302.6,298.4,312,286.8,274.3,275,265.1,274.8,270.2,250.5,229.8,220.7,218.8,221.2
20150216,224.2,231.2,234.7,242.6,242.1,239.6,239.8,237.4,232.2,234.3,209.1,170.8,112,46.1,25.2,18.9,15.6,14.6,17.9,21.7,27.5,30.6,32.1,35.2
20150217,33.6,30.9,34.3,31.7,30.3,28,23.9,24.1,24,25.9,,,,,,,,,,,,,,
20150218,87.2,90.1,88.7,74.1,56.7,42.3,31.8,28.9,26.6,30,24,19.5,16.8,15.6,14.7,16.1,16.5,20.2,24.2,51.2,137.6,193.4,182.1,172.6
20150219,186.9,408.7,384.2,314.1,283.1,261.1,277.8,288.2,286.8,302.4,302.4,280.7,238.4,184.2,152.4,137.8,144.2,147.8,140.1,136.2,142.9,135.1,138.3,143
20150220,147.9,151.5,152.2,148.3,139.1,119.2,114.9,118.5,120.5,120.4,121.6,124.7,126.4,130,134.4,141.4,148,154.3,158.7,169,180.1,187.4,191.9,187.1
20150221,180.2,172.3,171.3,180.5,184.6,184.1,189.8,195.8,203.7,212.1,220.4,233.7,246,255.3,273.3,276.1,206.4,103.1,51.1,33.1,28.2,32.8,39.5,39.4
20150222,51.2,67.4,85.1,94.5,96.8,89.2,76.3,64.4,54.9,43.3,36.7,28.1,22.9,20.5,18.7,18.7,17.3,19.8,22.3,26.8,34.7,46.2,51.1,53.1
20150223,47.8,39,34.5,33.9,31.2,32,28.6,32.5,36.6,43.5,48.6,44.7,35.3,37.2,36,38.6,46.3,49,49.7,61.7,108.9,180.1,190.2,165.5
20150224,140.8,140.7,142.3,147.7,138.5,132.9,130,122.8,115.6,111.8,110.3,115.6,118.5,131.1,140.9,156,166.3,181,190.4,196.2,201.1,212.9,216,222.6
20150225,221.7,218.9,217.9,218.6,219.2,204.8,158.1,81.2,44.3,21.7,15,12.4,15.7,16.7,14.4,15.5,12.9,11.6,11.5,11.2,13.2,16.6,20.1,20.5
20150226,18.7,17.2,15.3,15.2,12.7,10.1,11.1,11.1,12,16.5,13.4,9.9,10.4,11.1,12.9,13.7,13.1,12.1,14.5,18.7,21.4,24.6,24.5,21.4
20150227,15.9,12.5,10.4,9.8,10.3,8,9.5,10.7,11.8,15.4,17.3,,,,,,,,,,,,,
20150301,,,,,,,,,,,,,,,,,,,,,,,57.9,64.2
20150302,75.1,79.6,79.2,81.8,81.5,82.8,83.1,83.6,92.9,109.9,117.4,119,95.1,68.6,44.3,33.2,27.8,24.4,24.8,24.5,15.5,11.7,8.6,8.4
20150303,8,7,7,6.8,6.5,5.7,5.6,5.7,7.5,8,7.2,7.3,7.6,8.6,8.2,8.4,8,9,10.2,11.9,12.3,12.4,11.1,11.6
20150304,12.4,14.8,14.9,15.7,15.2,15.6,16.1,19,23.6,25.2,23.1,21.1,17.5,17.6,18.6,22.3,20.8,23.1,26.3,34.4,44.7,57.6,65.7,75.9
20150305,85.7,93.6,96.1,102.7,105.8,105.9,104.8,102.8,106.6,112,118,123.2,105.7,95.7,80.4,75.5,69.4,75.6,75,81.6,134.9,197.7,224.5,204.6
20150306,183.9,169.7,164.9,167.8,172.1,174.2,166.5,158.2,155.7,159.3,160.4,168.3,178.9,189.9,199,201.1,202,213.7,228.3,244.8,262.9,276.9,277.9,273.4
20150307,268.1,267.6,260.6,258.5,252.3,247.1,244.4,240.6,235.1,239.4,231.5,220.8,213.3,201.2,194,178.7,169.2,171.9,182.3,204.8,223,240.3,246.7,253.5
20150308,252.7,241.2,235.6,235.6,235.2,235.2,230.2,221.9,225.1,239.4,241.9,204.6,111.9,47.4,25.5,19.3,12.8,16.6,17.5,36.2,41.5,42.4,40.3,30.9
20150309,22.4,16.3,11,7.1,5.3,5.9,4.5,5.3,5.9,6.7,6.3,6.2,6.3,8.4,7.7,8.1,17.2,7.5,7.2,8.8,10.9,11.7,14.1,15.8
20150310,17.2,19.2,21.4,23.5,22.4,25,26.4,30.4,41.6,50.5,54,42.7,29.4,28.3,30.7,32,29.4,31,33.8,43.4,60.3,72.7,76,81.5
20150311,82.6,83.4,81.1,80.9,81.2,73.5,62.2,50.7,37.4,29.9,18,14.8,12.8,10.8,10,10.6,13.3,16.9,19.2,26.7,37.1,48.3,54,62.4
20150312,70.6,75.3,76.1,80.7,81.1,83.1,82.2,81.7,81.2,87.8,83.9,82.9,77.4,63.5,45.8,39.5,40.7,42.6,46.4,54.6,70.7,81.7,88.1,102.2
20150313,108.7,113,118.6,119.2,112.5,111.2,112.3,112,116.3,116.3,83.2,42.9,29.9,24.5,21.6,18.6,15.8,17.6,20.4,26.3,35.5,47.5,58.4,70.7
20150314,83.4,84.9,80.4,75,69.2,65.4,62.3,63.7,65.7,69.7,76.6,85,96.7,107.5,113.9,111.7,109.3,114,119.9,129.5,138.2,141.4,142.6,150.6
20150315,153.3,150.4,143.8,139.9,135.6,125.1,120.6,121.2,124,126.5,119.3,97.9,83,67.4,56.8,59.2,75.6,73.7,76.6,83.3,94.8,109.1,123.2,134.9
20150316,140.6,145.4,148.6,150,146.5,139.6,136.8,136.6,136.4,149.4,158.8,175.4,197.7,228,254,268,284.9,300.9,316.4,322.4,321.5,318,313.3,311.3
20150317,308.6,308.7,310.8,307.9,301,291,278.7,255.1,248.2,236,219.2,179.1,138.3,117.1,114.9,106.3,111,123.3,126,130.9,121.3,92.8,61.8,46.5
20150318,40,36,33.6,34.2,33.9,34.8,36.5,40.5,45.5,50,48.8,41.2,41,39.5,43.4,48,,55,59.9,66.6,77.8,89.8,99.3,102.3
20150319,109.8,113.3,112.4,111,98.9,87.8,85.1,87,94.9,103.8,101.7,87.8,80.7,67.6,58.6,53.3,55,62.1,74.3,94.3,105.6,123.5,129.4,125.9
20150320,116.2,103,87.7,66.6,55,47.8,45.5,50.5,58.3,46.9,36.8,33.7,36.7,37.1,36.3,36.5,35.6,34.2,36.2,41.1,48.4,54.6,60.2,65
20150321,63.3,56.3,43.3,29.3,22.8,21.3,20,16.5,15.9,15.3,12.5,12.1,9.4,10.2,9.7,10.5,8.8,8.3,9.5,12.8,16.1,23.2,29.4,26.9
20150322,32,38.8,34.1,24.5,16.4,12.8,11.1,9.6,10,11.3,11.9,12.5,12.1,12.9,13.5,14.6,18,21.5,23.5,31.3,41.8,42.5,43.3,42.2
20150323,45.5,48.5,48,50.4,52.2,51.2,50.9,55.4,61.1,60.9,51.7,42.6,24.8,17.6,14,14.3,12.8,12.9,15.6,23,31.4,36.5,42.9,44.8
20150324,48.5,52.9,61.1,74.9,81.9,78.8,74.4,69.9,70.4,71,67.7,68.1,67.4,69.9,68.8,70.3,69.2,74.4,80.6,91.7,105.5,117.8,130,140.4
20150325,140.3,138.1,129.7,130.3,123.6,117.1,120.6,127.5,130.6,136.4,143.2,146.9,157.8,160.3,153.1,117.4,103,98.4,96.7,103.2,117,120.3,112.5,106.7
20150326,107,105.1,107.9,110.2,113.4,116.5,120.6,128.4,135.8,144.9,148.5,146.8,130.1,107.3,95.3,85.1,77.1,69.9,78.6,87.4,95.8,90.8,79.4,77
20150327,73.5,71.2,69.6,72.5,76.3,80.4,82.8,88.5,98,107.9,108.8,116.5,116.2,115,112.6,115.9,121.8,131.2,137.8,144.2,149.3,141.6,126.7,114.7
20150328,104.3,104.1,107.6,112.3,117,120.4,115.1,75.9,52.2,40.8,40.9,72.6,105.3,105.3,84.3,57.8,44.4,29.6,26.4,27,28.2,29.7,30.9,32.5
20150329,37.7,40.4,44.5,67.6,63.7,45.6,53.6,63.7,94.4,92.4,110.5,125,132.7,133.3,111.5,85.8,75.4,71.7,77.4,72.2,77.6,87.9,98.4,101.2
20150330,102.2,100.8,104.9,110.7,113.4,115.4,118.2,122.9,129.3,146.1,154.2,155.8,163.5,165.8,177.4,178.7,169,167.7,168.7,174.8,184.3,192.1,190.8,187.1
20150331,180.6,172.4,172.3,175.9,172.3,164,160.6,162.4,164.1,162.5,161.7,154.1,141.8,135.8,117,105.5,73.2,,,,,73.1,,76.5
20150401,78.2,81.4,82.5,85.4,87.1,85.9,78.4,74.7,73.7,76.4,65.9,,37.9,37.4,34.7,36.2,35.8,36.9,37.7,41,44.5,50.5,52.9,49.3
20150402,47.2,43.3,42.1,43.3,44.3,46.3,47.3,46.9,51.5,50.1,45.8,39.9,33.1,31.1,28.1,29.9,32.8,34.2,35.4,29,24.7,24,22.9,21.6
20150403,21.6,21,21.6,22.2,22.6,20.8,21.2,23.1,24.6,23.2,18.6,17.5,18.3,23,31.3,33,36.9,45.2,54.8,64.1,63.5,56.6,46.3,42.8
20150404,41.7,40.1,40.6,41,41.5,42.8,45.4,46,51.5,56.8,66.4,71.3,72.4,71.7,72.6,71.7,73.1,74,76.7,82.3,92.2,101,107.5,110.4
20150405,115.4,119.7,123,125.5,128.4,129.4,123.8,91.5,51.2,30.8,25.2,27,28.7,24.8,23.5,22.8,21.2,20.3,18.6,17.7,19,20.7,23,22
20150406,20.8,18.8,17.8,17.3,17.9,16.4,15.2,14.8,17,16.8,16.4,17.2,16.5,16.2,18.6,18.2,19.4,21,22.8,27,31.8,33.4,38.3,40.1
20150407,41.3,41.6,42.2,25.2,17,16.3,17.4,20.3,20.7,20.1,13.3,12.2,10.4,13.2,14.5,17.1,19,20.3,22.4,26.9,35.7,48.8,56.4,59.3
20150408,63.3,66.3,69.4,75.9,80.5,81.5,83.2,85.1,93.5,100.3,103.4,94.7,83.7,86.4,93.8,94.2,101.1,109.1,115.7,121.5,129.3,136.7,138.7,141.5
20150409,142.6,137.5,135.4,137.9,138.2,139.5,142.1,145.5,147.2,152.2,159.9,170.4,179.5,186.2,176.7,176.4,157.9,135.8,143.7,168.9,187.7,202.2,205,205
20150410,200.7,200.4,195.8,192.7,191.7,188,184.8,179.2,181.8,188.4,193.9,206.3,193.4,155.2,129.2,117.3,118.1,108.6,97.8,81,84.6,99.8,93.3,86.1
20150411,96,112.2,138.1,180.7,201.9,209.2,208.2,207.7,205,204.3,189.6,174.8,152.7,139.2,121.5,106.6,90.4,86,77.9,89.2,97.1,97.6,68.5,25.6
20150412,13.5,13.1,14.6,16,12.3,9.4,9.4,10,11.4,10.4,10.6,12.8,13.3,12.8,15,16.6,17.5,15.7,15.3,14.6,13.6,12.1,11.4,12
20150413,11.4,11.7,12.1,15.7,14.8,14.4,15.3,17.4,18.8,21.8,23.6,25.5,28.1,29.4,34.6,30.9,33.7,36.6,42,42.2,46.6,52.3,57.6,60.1
20150414,62,62.1,64.5,65.1,66.8,66.8,68,70.5,72.2,69,63.4,54,51.9,47.3,46.9,44.9,44.7,44.8,47.9,46.7,47.4,52.1,55.6,59.3
20150415,62.5,69.6,68.6,73.1,75.9,77.8,80.8,84,97.9,110.6,119.3,128.2,132.8,133.3,141.1,140.9,143.4,144.9,173.9,249.7,139.6,89.4,91.6,98.1
20150416,100.9,98.8,67.8,37.9,30,22.4,27.9,15.2,12.3,12.9,14.2,9.3,11.6,13.1,16,18.5,14.8,17.2,20.1,32.5,37.8,40.1,39.8,46.8
20150417,56.5,55.8,51.2,48.9,50,49,49.7,54.1,65.7,64.6,69.7,76.2,80.3,80.9,80.7,80.3,79,82,84.8,90.7,118.6,119.6,128.3,117.6
20150418,117.1,119,117.4,116.2,117.9,115.1,121.1,124.8,149.1,153.5,170.6,179.7,182.2,172.1,163.2,155.9,155.3,155.1,145.8,136.2,90.3,81.1,82.9,98.3
20150419,99.4,96.7,96.3,85.3,79.3,62.2,53.1,48.7,45,41,44.5,41.1,41,51.4,35.1,37.1,39,49.1,83.8,85.8,85,83.4,80.2,80
20150420,80.5,77.4,75.9,76.1,74.8,73.9,73.5,77.5,88.6,78.3,57.2,31.5,27.3,35.6,29.5,35.4,42.4,48.6,56.7,77.5,101.2,110.8,95.1,87.2
20150421,82,71.3,64.9,70.7,68.7,76.4,77.6,85.5,98.1,107.2,113.7,108.4,90.6,63.9,43.8,40,43.2,56,33.6,26.7,19.6,18.3,22,25.1
20150422,28,32,42.4,45.2,48.1,49.9,50,53.8,66.5,57,56.8,42.7,42.1,33.7,35.6,41.4,41.3,45.4,50.8,48.4,43.3,46.5,44.4,48.1
20150423,49.4,50.6,53.7,58.3,62.4,63.9,67.6,69.5,83.2,89.8,90.4,83.5,83.8,86.1,84.5,69.2,53.7,35,26.7,24.8,22.1,24.1,48.7,37.8
20150424,43.6,56.2,62,58.1,54.6,55.7,55.4,63.5,74.3,68.5,63.3,57.1,50,51.9,51.2,45.5,44.5,47.4,50.1,54,55.7,62.6,62.7,59.6
20150425,62.1,64.3,66.8,70.2,73.3,74.4,71.3,75.6,84.9,91.4,87.3,96.5,97,92.9,81.8,68.4,59.3,51,56.1,71.5,83.5,88,94.7,92
20150426,91.8,87.4,91.3,94.2,100.2,100.4,102.2,102.8,120.3,134.5,143,148.4,151.8,143.2,131.3,110.7,100.3,91.5,88.8,83.6,78.4,69.2,69.4,59.5
20150427,62.7,62.4,66.8,70.8,76.6,82,86.4,91.6,101.9,112.8,122.3,126.3,125.8,126.4,125,129.7,123.1,105.9,87.3,47.9,44.8,57.2,54.2,47.9
20150428,47.6,44.6,37.4,35.3,40.6,40.4,40.6,43.5,44.5,47.6,47.8,45.2,52.8,44.3,45.8,50.5,55.1,51.1,49.1,48.7,52.5,58.2,68.8,80
20150429,88.8,95.5,99.5,100.4,101.6,101.7,100.7,105.4,116.9,124.5,130.1,133.6,127.8,119.4,119.6,116.9,117.5,116.7,118.7,125.6,123.3,123.7,121.8,119.7
20150430,116.5,114.5,116.8,122,122.5,123.4,123.7,128.9,143.2,155.4,160.1,161.2,153.7,128.3,109,100.1,85.2,81.6,78.5,81.2,91.6,101.2,122.4,141.2
20150501,145,154.9,164.6,173.4,183.8,183.7,179.1,181.4,187.6,188.4,186,171.4,152.7,139.3,83.5,47.3,33.4,27.9,26.8,28.5,29.2,30.9,29,30.3
20150502,31.1,33.7,34.8,36.2,36.5,36,37.2,40.1,42.8,45.8,47.9,48.6,49.2,48.5,51.4,51.1,48.1,49.1,53.6,55.5,58.4,57.8,58.8,63.6
20150503,70.6,77.6,88.8,94.9,95.3,91.9,90.7,70,48.3,31.1,23.4,18.8,14.6,16.4,15.3,17.5,19.4,14.2,14.9,13.1,12.6,12,11.8,13.8
20150504,14.8,14.8,13.3,15.7,15.9,15.3,15.9,17.9,14.9,12.3,17,14.5,15.3,15.9,17.4,20.7,27.5,32.8,36,43.2,54.4,58.2,56.1,54.2
20150505,50.6,50.2,49,51.6,53.4,56.7,60.3,66.3,76.7,72,74.2,68.6,66,64.7,63.3,55,42.8,29.3,25.3,20.6,19.5,20.7,21.9,18.4
20150506,16.5,16.3,14.9,15.7,17.4,18.4,18.5,15.9,16.6,14.6,11.1,12.6,14,19.6,17.5,21,24.1,33.4,31.8,32.7,34.7,34.9,40.5,40.1
20150507,40.2,40.6,40.1,56,39.2,37.4,37.6,45,58.3,58.5,55.8,55.1,54.3,54.5,50.9,49.8,47.2,48.7,44.6,50.7,51.4,51.1,53,54
20150508,41.2,36.1,28.5,25.5,24.6,26.1,28.7,34.6,49.6,57.4,67.8,69.6,66.4,63.8,46.1,42.7,43.3,44.5,55.7,73.1,78.9,78.3,90.2,89.6
20150509,79.9,65,54.2,50.7,44.5,41.6,40.7,43.7,39.1,39,37.3,37.1,34.8,29.9,26.6,26.1,23.4,25.7,25.1,26.5,27.9,30.3,33.9,36.5
20150510,36.7,36.4,34.6,34.2,34.5,38.5,48.1,49.9,53.5,40.4,39.6,41.3,42.1,44,37.9,33.8,30.8,28.4,27.6,26.7,28.6,30,31,32.6
20150511,34,33,33.1,31.2,29.9,28,28.9,29.1,32.4,38.1,38.8,39.1,38.1,30,23.4,17.1,15.8,12.7,12.4,11.6,13.5,13.4,14.6,15.2
20150512,12.7,9.8,10.8,12.3,10.1,11.6,12.3,14.7,14.6,14.9,12.9,13.6,13.8,15.3,17.1,23.4,25.1,25.3,27.3,30.4,35.4,49.7,50.2,50.1
20150513,49.7,49.7,49.8,50.6,50.8,46.1,43.6,46.8,51.1,51,56.6,63.6,69.1,76.4,84.6,90.3,84.2,74.1,73.6,85.2,98.3,77.9,70.4,82
20150514,103.3,63.1,48.7,29,18.5,14.1,12.3,13.5,14.1,12.8,12.9,17.8,15.7,16.4,17,17.3,18.2,20.9,20.6,23.1,30.4,33.2,35.6,38
20150515,27.2,19,16.8,15.5,14.3,15.4,15.3,19.7,24.3,26.2,37.4,28.1,27.5,28.7,28.8,29.6,25.6,26.4,28.5,28,32.4,40.3,51.2,56.7
20150516,61.8,62.1,52.3,49.1,49.2,47.5,51.2,53.5,55.7,54.8,44.7,37.9,35.8,33,29.2,38.7,46.2,50,54.2,60.4,72.1,76.6,74.7,74.2
20150517,75.9,79.8,86.7,95.1,103.3,112.1,115.2,117.8,118.6,122.9,134,142.8,147.2,143.5,140.7,139.4,143.5,146.7,150.7,159.2,158.7,159.4,155.9,150.2
20150518,144.6,134,122.8,122.4,117.6,103.8,90.6,68.1,41.2,40.1,34,28.4,22.7,21.8,16,16.8,22.6,16.1,18.2,17.8,18.4,24.3,33.3,39.2
20150519,37.9,26.8,19,12.5,10.4,7.7,8.1,9.7,9.8,11.3,11,9.7,12.8,13.5,12.6,14,12.8,11.8,12.5,11.1,11.9,14,12.4,12.3
20150520,13.1,13.3,21,16.1,12.8,12.7,13,16.6,18.4,16.2,15.8,14.1,15.7,18.5,14.5,15.5,14.3,18.9,19.3,19.2,22.1,25.6,29.9,31.2
20150521,28.3,28.8,27.8,29.5,31.2,32.6,35.5,39.8,38.3,42.2,43.6,42.4,42.8,44.8,51,49.3,48.5,38.9,34.2,29.6,30.2,33,36.4,37.2
20150522,34.6,35.2,35.9,40.1,40.5,42.6,47.7,55.2,59.8,65.2,71.8,69.8,72.5,68.8,64.3,59.1,54.9,52.6,49.6,49,49.1,53.3,64.7,72.4
20150523,77.7,80.5,77,79,84.1,90.1,97.8,110.1,120.4,122.9,123.3,122,112.1,101.3,88.1,83.9,79.9,75.7,77.4,81.5,85.5,87.2,94.3,102.9
20150524,107.1,111.9,118.6,119.4,123.2,125.8,133,141.7,157.8,168.5,171.3,164.3,135.8,119.5,102.5,87.9,76.2,74.8,70.5,72.8,77.8,83.3,84.4,84.7
20150525,85.7,86.7,87.8,91.4,95.2,98.6,102.4,111.4,122.5,127.1,127.5,129.8,121.1,111.6,108.4,108.4,108.4,107.3,105.5,91.1,81.7,80,77.9,76.3
20150526,75.5,76.9,79.6,82,87.1,92.7,96.2,101.5,108,110.9,113.5,119.8,114.2,108.9,99.6,93.6,81.7,75.5,66.3,62.8,,65.5,65.5,69.9
20150527,72.6,72.5,79.3,83.1,87.4,91.6,96,101.8,111.8,117.7,121.8,131.4,115.9,97.4,92.7,86.7,82.9,74.1,74.4,76.3,83.6,86.8,100.2,115.8
20150528,122.8,124.6,126.5,127.9,130,134.1,139.5,144.3,145.2,149.7,148.7,142.6,129.4,113.5,102.8,102.1,87.4,85.9,85.4,83.9,83.9,81.3,80.8,82.5
20150529,82.7,79.1,80.6,83.3,81.7,76.7,70.6,66.7,69.3,74.6,77.4,76.9,65.3,50.3,41.4,35.7,29.7,33.3,36.6,40.3,42,44.2,47.6,52.6
20150530,58.5,67.3,72.3,74.2,71.4,68.6,62.8,57.6,50,41.1,37.5,41.3,49.1,52.3,52.7,57.6,59.7,64.1,70.6,73.8,64.3,51.7,46,48.5
20150531,48.9,54.5,57.7,59.4,59.9,58.8,55.7,59,65.1,68.7,68.8,64.4,61.7,57.1,52.3,49.6,52.7,54.8,60.2,58.8,58.8,61.7,60.1,62.4
20150601,67,70.9,75.2,79.8,81.4,80.2,81.3,84.6,88.3,91.2,98.9,98.4,101.6,110.6,113.8,112.6,103.9,99.4,82.1,72.2,77.2,85.9,98.5,110.1
20150602,98.1,73.5,62.2,64.1,68.2,69,53,33.5,20.1,13.7,10.3,13.4,13.8,11.7,9.5,9.4,11.4,11.6,11.3,14.5,11.7,13,20.9,24.8
20150603,38.2,40.7,38.5,38.4,37,35.5,35.9,38,39.6,44.5,43.3,39.1,35,27.3,21.5,21.3,22.5,20.5,21.2,24.3,26.3,28.7,32.9,38.3
20150604,39.7,41.7,44.5,46.7,48.8,47.2,46.1,46.7,51.2,53.3,51.2,51.9,52.6,51.4,48.1,45.5,48.6,55.6,57,56.8,60.8,58.4,56,49.5
20150605,47.8,45.3,45.2,46.4,45.7,43.3,42.3,45.4,48.9,49.5,48.9,47.5,42.2,36.7,35.5,39.7,43.5,48.6,49.3,55.3,50.6,48.3,47.9,47.7
20150606,48.2,43,35.2,32,27.8,24,18.6,16.5,16.7,14,12.2,12.6,16,19,23.1,33.4,37.5,34.4,30.8,25.9,24.8,24.6,23.1,20.3
20150607,19.2,16.2,16.1,18.1,18,17.8,20,22.1,16.1,14.4,15.6,12.1,10.2,8.4,9,10.1,9.4,9.8,11.9,13.7,15.5,17.9,18.9,17.1
20150608,13.3,13.6,17.4,18.8,20,19.8,22.6,25.1,23.3,23,18.1,15.1,12.1,11.3,28.5,30,16.3,15.4,21.4,19.2,23,25.8,30.8,31.2
20150609,33.3,34.1,36.7,36.9,36.3,34.2,31.1,31,36.1,34.1,36.2,40.9,52.4,58.4,64.8,68.7,69.7,69.5,70.6,74.2,80.7,81.1,73.8,71.4
20150610,61.6,51.1,54.4,56.9,56.7,58.2,59.4,59.9,62.6,64.6,67.9,72.1,73.5,76.1,82.3,90.2,97,99.4,99.6,104.3,108.4,115.7,120.8,104.9
20150611,78,59,40.2,32.4,34.5,34.1,37.4,42.3,31.2,18.2,13.1,9.2,7.7,6.9,6.5,6.3,6,5,6.3,,8.6,15.1,19.9,22.2
20150612,22.1,18.2,15.2,9,8.1,8.5,9,9.7,6.9,6.2,6.7,5.9,5,5.7,5.4,5.5,4.9,5.2,6.2,7.3,7.9,7.4,8.6,9.6
20150613,9.8,8.7,8.8,7.7,8.1,8,8,7.6,7.3,7.6,9.1,9.7,9.8,10.6,11,12.5,15.3,15.7,16.3,20.3,22,20.2,20.6,23.4
20150614,24.9,24.6,23.7,23.1,24.5,24.7,24.3,23.4,20.3,20.9,17.5,16.5,14.4,14.5,13.9,16.6,16.9,17.9,19,20.6,24,27.9,31.2,43.1
20150615,59.1,70.9,73.2,73.2,73.1,77.9,86.3,93.2,102.2,104.8,99.8,98,93.4,86.8,84.9,85.8,81.5,74.7,76.2,80.1,76.4,79.8,85.6,86.1
20150616,88,97.4,104.1,108.2,112.2,122.5,125.3,123.8,127.8,134.3,137.2,139.8,132.1,108.5,82.2,72,76.9,78.5,78.4,72.1,72.4,72.1,66.7,65.4
20150617,69,64.4,60.6,59.3,57.4,59.4,64.7,62.1,55.9,49.9,47.7,46.7,44.1,41.1,36.9,39.6,39.6,32.3,33.6,36.9,42.2,47.1,45.3,45.1
20150618,45.7,47.4,50.5,51.1,45.8,32.2,23.4,19.1,12.9,9.5,7.4,6.9,7.1,7.7,8.5,8,8.2,8.2,8.4,8.3,10,9.3,9.9,10.2
20150619,9.5,9,8.8,9.9,10.6,11.5,9.7,8.5,8.9,9.7,11.5,14.3,16.2,20.3,25.7,25.7,22.7,21,19.4,24.7,34.1,25.7,30.5,32.6
20150620,32.4,33.5,33,30.7,29.1,25.7,21.9,20.4,20.2,18,12.4,11.7,11.5,13.1,13.8,14.4,16,15.9,18.3,19.7,22.6,25.6,28.3,31.1
20150621,35.2,37.2,38.9,40.2,42.5,44.9,45.8,45.6,51.2,52.3,52.3,46.8,36.3,27.6,29.3,29,28.5,31.4,34.4,34.3,39.8,46.9,53,56
20150622,58,61.7,72.9,75.2,77.8,84.7,95.4,107.8,113.5,116.5,110.8,109.3,102,83.7,68.7,64.2,63.4,67.4,73.9,82.6,88.2,93.8,98.8,108.6
20150623,119.5,130.9,150.1,171.6,189,214.3,221.1,229.7,239,242.7,242,237,227,207.3,187.4,170.2,150.6,125.5,107.9,104.8,101.7,102.1,113.7,132.7
20150624,155.2,160.9,142.9,119.4,111.1,110.3,117.6,125.5,129,126.4,122.2,129.7,116.3,115.1,109.9,98.4,91.2,90.1,84.7,89.8,93.9,96.1,99,102.6
20150625,109.3,111.1,112.2,113.6,117.4,117.8,123.8,141.4,133.5,140.3,144.3,150.4,148,135.9,117.2,92.4,89,91.6,95.9,101.2,102.6,112.6,121.4,124.8
20150626,126.8,123.1,120.1,118.8,113.2,110.6,108.7,113,117,121.2,121.9,120.1,114.7,107.8,108.5,111.8,110.8,106.1,105.8,107.3,116.8,107.1,54.5,33.1
20150627,25.3,24.3,27.7,32.4,34.1,36.3,38.4,40.4,47,64.9,77.4,86.9,98.1,113.4,123.3,131,134.3,136.2,136,137.9,140,143.4,133.3,122.9
20150628,117.3,113.8,113.4,107.9,103.2,106.6,116.2,121.8,130.8,138.1,145.4,154.8,164.8,173.2,169.7,156.7,144.2,145.1,145.3,152.5,155.5,161.8,173.2,175.4
20150629,173.8,176.2,174.9,172.8,171.8,170.4,169.3,169.5,175.1,180.8,184.8,185.5,176.1,152.3,75,23,14.1,13.7,15.1,14.8,16.6,16.4,18.5,19.7
20150630,20.8,19.8,20.1,19.4,19.3,17.3,14.9,11.5,9.3,9.7,9.9,10.1,10.6,11.4,10.1,9.1,10.1,12.8,12.2,13.5,13.7,14.9,16.8,19.7
20150701,21.4,25.3,25.7,27.5,30.2,29.7,30.4,29.1,30,27.8,19.5,13.5,12,9.7,8.5,10.5,11.7,9.7,10.1,9.8,10.3,9,8.5,9.1
20150702,7.4,7.8,8.2,8.8,9.1,8.9,10.5,11.3,11.5,10.5,10.3,7.3,8.2,9.1,9.7,8.1,7.8,6.8,7,6.8,14.5,12.1,16.6,20.7
20150703,20.4,20.3,23.7,19.4,18.2,20.1,24.1,25.7,27,23.4,18.9,19.3,19.4,21.7,27.1,28.3,29.8,25.5,26.1,24.6,25.7,29.9,31.3,27.1
20150704,22.4,20.1,20.3,20.3,20.3,22.9,24.9,28.4,30.9,29.7,28.4,28.1,25.6,26.5,27.5,28.4,31,37.9,39.1,42.2,43.1,46.1,50.2,51.6
20150705,52.4,51.3,49.3,51,53.3,55.3,56.2,59.2,64.9,73,75.2,66.3,58.8,56.8,58.7,58.8,59.3,56.9,57.8,61.7,63,60.8,60.3,59.1
20150706,59,64.3,66.6,70.5,71.1,75.9,79,86.5,92.3,85.4,79.7,70.5,62.9,58.3,55.2,53.7,53.2,52.9,51,52.2,51.9,49.5,52.2,62.2
20150707,65.3,62.4,57,58.3,61,67.4,72.1,78.4,80.2,79,73.8,72.8,63.7,60.3,59.8,58.1,56.7,55.8,54.9,55.1,57.1,60.4,61.4,65.9
20150708,73.8,83.8,93,100.1,112.2,121.9,131.7,139.4,154.4,160.1,161.4,159.7,150.2,136.3,122.9,116.6,111.1,105.8,101.3,93.9,88,76.9,68,63.8
20150709,64.1,65.1,69.5,75.7,80.8,82.5,85.4,88.3,90.6,94.5,93.3,88,82,75.9,75.5,71.8,70.1,68.9,62.8,54.4,46.8,39.5,32.9,33.8
20150710,30.5,28.1,27.6,30.9,30.6,36.8,44.2,48.9,52.5,52.6,50.6,50,46.1,45.5,46.7,48.5,52.8,56.4,57,56.3,63,65.7,69.7,68.1
20150711,65.8,67.7,70,74.4,78.4,85,93.4,101.9,109.1,115.3,123.3,127.6,131.5,126.1,118.1,114.5,111.1,105.9,99.6,89.7,83.7,80.1,80.8,84.6
20150712,92.7,98,106.2,114,119.7,125.3,129.7,138.7,150,154.8,147.3,132.4,128,122.2,110.2,97.5,86.3,78.7,71.2,69.1,63.5,64.3,68.3,83.9
20150713,71.8,72.9,71.2,68.1,64.2,59.9,61.9,65.6,58.8,53.5,41.3,34,28,27.4,27.2,32.1,35.6,38.3,37.1,39.5,44.9,52.3,57.3,62.8
20150714,65.9,62.3,50.4,32.3,26.4,26,27.4,28.1,28.4,30.2,27.7,27.5,28.1,33.6,36.7,40.8,45.3,50.4,51.1,39.1,34.9,34.3,30.8,28.3
20150715,29.4,28.8,28.8,27.5,28.7,28.5,29.7,30.3,34.2,34.9,36.4,41.9,43.5,47.8,48.1,45.6,44.9,46.4,46.5,49.7,49.9,51,52.3,51.5
20150716,52.5,49.7,52.5,53.9,49.9,50.7,49.8,43.9,41.3,40.8,37.1,34.1,34.5,34.3,30.5,26.9,26,26.1,26.4,29.2,31.2,33.6,34.4,36.5
20150717,41.8,39.3,33.2,24.5,22.6,22.1,24.7,23.1,24.9,23.5,24,26,28.8,28.3,30.8,31.3,34.9,41.6,51.1,57.2,61.3,65.8,72.4,75.4
20150718,77.4,77.4,72,62.3,56.2,52.4,44.4,38.6,38,36.3,34.4,35.8,36.6,41.1,44.5,45.8,49.4,44.7,38.6,44.1,48.9,49.4,50.9,50.5
20150719,52,53.5,56.3,56.4,58.8,59.3,61.2,62.3,67.5,71.4,84.4,93.9,97.5,98.5,93.6,97.3,94.7,70.9,59.4,51.2,42.8,45.6,55.6,64.1
20150720,69.8,72,74.3,75.7,74.6,72.3,68.8,69.6,66.4,70.2,70.1,68.6,73.6,78.9,85,86.5,86.4,83,86.5,88.1,91.1,97.7,105.1,112.3
20150721,110.4,107.7,106.3,104.7,99.9,96.4,94.9,100.4,119.2,137,151.6,157.1,157.4,160.6,164.2,161.1,155.3,157,162.1,159.2,118.7,78.8,55.6,51.5
20150722,50.7,48.3,49.2,50.6,54.4,58,61.5,66.4,73.7,77.8,78.9,74.3,72.1,67.8,66.1,60.9,56,54.4,56.7,58.1,53.7,27.3,22.6,21.9
20150723,22.8,23.5,27.4,31.4,34,37.4,37,38.3,40.4,46,52,54.4,57.7,65.7,74.8,67.4,65.2,61.5,44.7,35.9,34.8,37.6,41.5,42.9
20150724,47.6,48.4,45.4,42.8,44,44.9,42.9,45.1,48.7,59.7,73.9,87.5,78.9,65.5,54.5,52.9,48.1,47.2,48.2,46.8,48.5,54.7,61.3,66.6
20150725,67.7,71,66.5,68.3,65.9,62.2,64.8,69.3,78.1,84.9,93.9,98.9,96.6,88.2,70.9,70.8,71.5,70.1,74.5,88.8,104.7,108.7,111.8,114.3
20150726,123.2,120.5,118.6,113.2,111.1,106.1,104.7,104.4,107.4,104.4,100.5,105.8,97.5,84.9,76.7,70.7,68.4,72.9,66.9,63.7,62.4,64.4,66,70
20150727,72.5,74.6,74.3,72.1,61.7,57.8,53.2,53.9,56.5,65.4,75.9,90.2,93.7,91.9,95.2,97.1,92.1,87.8,99.3,106.9,103.4,63.5,29.4,25.4
20150728,29.5,29.8,34.8,39.1,42.7,45.2,45.4,44.4,45.2,47.1,46.7,43.9,41,43.8,40.7,40.7,43.6,45.4,47.5,54.3,54.6,60.3,67.8,71.3
20150729,72.3,69.6,69.9,69.7,60.5,54.6,51.1,53.1,59.8,65,75.9,82.5,81.6,85.8,90.6,98.6,102,106.5,111.6,110.4,101.8,101,93.9,81.5
20150730,41.6,23.4,22.8,24.3,29.4,33.8,37.1,38.7,36.5,40.7,47.8,54.1,60.7,61.8,68.2,67.2,70,68.5,51.8,24.5,18.7,17.2,18.5,18.3
20150731,18.9,19.3,19.2,20.4,19.6,19.4,20.7,18.9,18.3,20.5,22.3,21.6,19.8,20.8,20.6,22.2,26,29.7,32,35.9,40.4,41.8,41.7,43.7
20150801,44.6,48.6,52.7,55.4,59,60.3,60.8,61.2,69.7,74.6,75.9,79.1,76,73.7,73.7,64.6,56.5,54.9,56.2,63,66.9,72.6,77.3,74.3
20150802,59.1,50.8,52.4,53.6,54.7,53.1,51.6,50.2,47.7,49.9,54.9,62.9,74.1,79.6,78.2,76.5,79.4,85.6,94.2,91.9,95,97.4,97.5,95.1
20150803,92.8,93.3,94.5,96.4,98.3,101.9,105,108.6,110.7,108.4,99.6,91.3,86.2,78.9,71.5,49.5,26.4,13.2,12.2,12.5,10.7,11.3,12.1,13.2
20150804,12.2,10.9,12.3,11.8,12.2,14.2,14.7,15.6,16,15.5,15.8,16.3,17.3,17.8,18,17.5,19.8,18.7,20.7,29.9,33.5,35.8,42.5,45.3
20150805,50.8,55.5,58.2,60.1,63.6,67.1,65.9,64.4,69.7,76.3,86.2,94,99.4,,,,71.8,73.8,73.1,76.7,82.5,77.2,54.8,27.5
20150806,21.3,18.9,16.3,15.1,18.5,18.5,22.2,22.6,21.1,20.5,20.2,23.6,36.8,53.6,72.1,91.1,101.3,108,110.1,108.1,105.1,96.6,99.4,97.4
20150807,91.5,90.5,95.6,99.7,106.5,109.7,107.9,104.1,103.9,111.1,119.4,125,122.7,118.9,113.5,108.4,102.1,96.5,96.6,72.7,40.7,21.5,24,25.4
20150808,27.7,29.2,29.8,30.3,31.3,30.6,28.9,30.1,30.3,28.6,26.2,25.7,25.9,31.2,38,44.1,46.1,46.3,46.9,48.8,57.9,64.6,68.8,72.2
20150809,73,74.1,76.2,76,69.8,58.2,52.2,49.8,50.9,53.7,53.7,53.2,53.6,54.8,58.9,57.1,52.7,50,50.5,49.1,53.6,59.1,70.4,75.8
20150810,76.3,76.9,77.9,75.9,71.6,64.1,52.9,47.1,49.7,50.9,47.2,35,29.4,27.9,25.1,23.8,22.1,22.8,21.4,25.7,31.1,39.5,52.9,67
20150811,78.3,94.6,105.9,111.7,108.6,107,99.7,95.3,94.2,100.2,104,108,103.4,93.2,83.4,70.5,62.7,58.1,56.5,66.5,76.4,81.2,82.9,82.2
20150812,81.1,84,85,86.4,85.8,84.6,84.9,87.5,89.9,87.2,80.6,75.7,72.2,64.9,58.6,58.9,62.4,66.3,71.3,79.1,87.5,97.4,99.3,99.6
20150813,101.9,104.3,108.7,111.1,112.6,111.3,112.6,114.9,121.9,125.1,127.6,134.2,140,141.1,134.5,121.3,114.1,111.6,113.8,118.5,114.9,111.7,108.6,106.7
20150814,107.2,111.9,118.8,119.7,118.5,112.4,108.5,95.6,71.3,48.6,30.9,25.9,25.9,26.4,25.2,26.5,28.8,27.7,28.5,32.4,39.4,46.8,49,51.6
20150815,55.1,52.5,48.7,46.4,41.1,39.7,37.1,33.7,32.1,26.8,17.8,11.7,8.7,8.9,9.2,8.2,11.5,9.6,10.8,14.2,19.3,22,24.8,24.8
20150816,25.9,25.2,25.6,27,27.6,27.7,27.3,25.9,26.1,24.7,24.6,29,31.5,34.5,39.2,40.1,42.6,43.5,48.6,62.7,79.1,74.6,70.2,69.7
20150817,70.9,69.6,70.8,72.1,74.5,82.9,85.4,88.6,89.6,94.7,99.7,103.2,95.9,85.2,90.1,86.4,77.8,74.2,73.5,78.7,75.7,69.1,70.9,82
20150818,93.1,88.6,83.1,78.8,77,62.8,50.7,44.2,44.5,45.1,50,62.9,72.3,74.5,68.5,55.9,48,42,34.6,29.1,27.6,31,35,36.8
20150819,39.5,41.5,43.2,42,43,47.9,51.8,53.9,55.8,59,58.4,55.6,50.8,46.5,43.1,45,52.3,54.3,53.2,54.8,56.7,61.4,59.9,51.6
20150820,48.3,41.9,39.5,39.9,36.3,35.4,36.3,37,39.7,49.3,56.5,58.6,52.8,44.3,32.5,26.2,22.8,24.5,28.7,34,37.2,40.1,39.6,29.3
20150821,22,14.1,8.7,7.6,6.3,8.2,7.7,9.2,9.6,9.6,10.1,10.6,11.8,12.3,13.3,13,13.5,15.1,16.3,18.5,21.5,23.7,23.3,23.3
20150822,24.3,22.1,16.9,15.4,13.4,12,12.6,12.1,10.8,11.1,9.8,7.8,8.4,8.4,8.2,7.6,8.4,9.1,11.2,13.2,19.5,29.4,39.5,50.7
20150823,56.9,51.6,47.3,43.5,40,37,30.5,27.3,27,23.3,20.8,19.6,17.7,19.1,21.3,17.3,12.5,12.9,12.7,14.5,16.6,17.3,18,15.5
20150824,15.5,15.6,15.9,14.3,12.2,12.6,12.5,13.9,14.3,12.9,13,12,10.4,11.4,11,11.2,11.4,12.9,12.5,14.1,16.3,19,20.3,21.4
20150825,21.9,20.4,19.5,18.8,17.6,15.5,14.7,15.2,16.4,15.9,15.3,13.5,13.8,12.2,11.5,10.4,10.8,11,12.2,14,16.1,16.3,16.1,15.3
20150826,15.9,15.3,14.4,14.3,13.4,14.3,14,13.8,15.1,15.1,13.2,11.5,10.3,10,8.5,7.6,8,9.6,9.7,12.1,14.3,16.5,17.1,16
20150827,15.8,14.9,15.4,14.5,13.4,12.8,11.4,11.5,11.3,9.5,8.6,8.9,10.1,10.4,10.6,10,10.1,10.7,11.6,13.1,15.9,17.7,19,20.9
20150828,22.2,22.6,21.9,23.4,20.9,19.7,16.6,16.8,17.9,16.8,16.6,16.3,17.5,14.9,13.1,13.5,12.6,13.3,14.8,18.8,21.6,21.2,20.9,21.9
20150829,22.6,23,22.1,19.3,18.9,19.1,20.6,24.2,25.8,24.8,23.1,21.6,23.6,28.4,32.7,35.7,35.7,34.5,34.1,32.6,33.1,32.2,33,38
20150830,36.3,35.3,29.6,28.7,28.3,26.9,28,27.5,28.9,29.3,32,32.8,31.4,33.2,31,27.4,23.1,17.9,17.5,19.7,25.2,28.9,32.7,36.2
20150831,37.1,35.2,35,35,29.7,29,27.1,29.6,28.8,28.1,27.3,24.7,22.4,22.8,23.4,22.7,23.9,22.9,22.6,24.6,27.4,26.7,20.8,13.8
20150901,12.1,11.4,12.6,11.2,11.7,10.8,10.8,9.6,10.7,9.5,11.6,9.4,8.3,9.1,8.6,7.1,7.8,8.1,8.8,10.1,12.7,15.1,16.6,14.5
20150902,12.5,11.5,10.5,9.3,9,8.4,8.7,10.8,11.4,11.6,9.9,8.6,7.7,7.1,6.6,6.4,7.1,7.7,7.3,9,12.5,14.1,14.6,14.3
20150903,14.5,15.3,16.1,14.7,12.3,11.5,11.1,10.7,10.9,10.7,11.3,11.1,11.6,12.1,12.7,13.3,13.1,13.8,13.9,15.5,19.6,21.8,23.4,27.9
20150904,32,37.5,43.8,48.2,50.5,51.9,54,53.1,53.9,56.9,63.9,69,71.6,68.8,60.1,44.9,36.1,29.2,22.4,30.5,35,35.2,29,21.8
20150905,16.9,15.3,16.8,20,19.7,20,18.9,19.7,15.8,12.9,13.6,18.9,,20.9,15.3,13.3,13.4,15.8,16.3,17.2,19.2,20.4,21.1,19.3
20150906,18,16.7,14.4,14,13.5,13.9,14,13.6,16.2,15.2,14.4,15.5,14.9,16,15.7,14.7,14,14.8,15.3,19.3,24.1,26.8,27,27.4
20150907,28.3,28.3,27.8,28.3,26.5,26.1,27.1,27.5,26.1,26,25.1,25.1,23.6,21.9,20.5,19.7,18.7,18.5,19.9,24.5,28.5,30.7,32.4,36.9
20150908,39.9,42.6,44.8,48.9,50.9,51.9,52.6,53.3,56.6,62.2,65.1,59.7,47.3,40.1,37.2,37.4,40.4,42.3,44.9,50.5,57.5,61.5,69.3,68
20150909,71.9,69.9,65.9,63.7,58.8,57,53.7,50.8,49.1,47.8,43.5,37,31.5,28.2,27.4,24.8,21.7,16.7,14.8,12.9,12.8,12.5,11.4,11.1
20150910,9.4,10.1,8.9,7.8,7.7,8.4,8.8,8.9,10.5,12.4,10.5,11.9,11.1,11.1,10.1,9,9.2,8.6,8.8,8.9,9.1,8.9,8,8.1
20150911,8.6,9.7,10.5,9.2,9.2,9.5,8.8,10.4,11.2,9.8,8.8,9.3,8.9,8.5,7.8,6.5,7.3,7.9,8.7,12.8,10.5,10.8,12.8,12.4
20150912,11.7,9.2,6.4,4.2,4.9,4.8,5,7.2,7.7,6,5.9,6.1,5.7,6.8,6.2,6.1,7.2,6.8,7.4,12.3,13.5,14.5,15.2,16.4
20150913,19.7,23.2,19.4,20.1,20.6,21.9,21,22.1,24.2,20.6,17.1,14.4,13,12.9,12.2,12.9,13.3,13.4,15,19.6,26,30.6,30.6,32.8
20150914,33,36.3,39.3,41.4,45.7,47,48,49.5,51.6,59.1,72,85.8,87,87.5,84.9,79.3,70,60.9,56.7,58.1,64.4,70,76.1,79.9
20150915,81.8,85,86.8,89.7,90.6,96.1,99.5,105,110.7,112.4,118.3,119.4,110,104.5,96.9,91.5,89.9,88.9,87.4,91.1,101.1,109.1,111.4,111.4
20150916,114.8,112.8,114.1,117.1,121.4,122,123.6,122.3,122.9,128.7,135.1,138.8,136.5,118.3,100.2,96.9,95.8,94.9,95.4,101.1,111.7,120.5,128.5,132.8
20150917,133.1,132,132.9,133.8,137.2,140.2,141.7,141.5,142.4,150.1,157.4,161.4,153.7,142.4,123.2,116.2,109,111.1,117.7,125.3,137.1,144.4,151.3,153.9
20150918,159.7,172.4,177.3,171.9,159.7,133.3,101.9,93.3,91.1,84.2,70.2,63.4,47.9,31.3,21.3,17.5,15.2,16.3,19,24.4,36.6,41.6,41.4,38.1
20150919,33.6,27.7,25.7,24.2,23,19.8,18.5,17.7,15.1,14.5,12.7,12.1,12,13.2,12.9,14.4,12.9,15.9,15.7,20.4,27.7,34.4,39.4,51.6
20150920,61.1,66.9,76.1,76.6,73.6,70.5,68.8,62.4,62.2,73.1,90.9,115.3,120.4,114.2,105.4,96.3,89.7,86.8,79.1,72.9,70,68.2,71.1,74.5
20150921,78.6,80.2,82.6,82.6,83.5,86.6,86.8,88.1,92.8,98.2,103.1,105.6,102.2,98.9,94,92,89.9,87.9,87.2,91.5,101.2,108.2,109.2,110.9
20150922,117.2,123.8,127.6,134.9,144.8,154.6,162.1,168.7,176.4,189.9,192.7,186.6,174.1,168.4,164,157.2,149.2,135.9,74.1,46.7,39.2,35.3,36.9,38.7
20150923,36.1,30.5,28.5,27.1,25.7,22.6,21,20.3,20.7,21.6,23,23.3,26.9,29.2,29.7,28.1,28.5,30.4,33.3,36.7,44.3,49.2,52.4,52.9
20150924,54.7,57.2,59.8,58.9,59.9,62.7,65.9,69.7,82.7,98.9,112.2,134.7,161.2,176.4,178.5,178.3,169.5,157.3,144.8,91.7,46.2,39.2,33.7,28.7
20150925,27.2,28.1,25.2,27.9,29.2,29.5,27.1,27.7,29.5,26.6,20.5,15.1,9.5,7.8,7.6,5.9,6.2,7.2,8.1,12.7,18.6,23.4,24.9,29.6
20150926,28.1,27.4,24.4,20.5,17.4,15.2,14.1,14.4,16.4,16.6,17.2,21.5,30.8,37,36.2,34.2,37.2,37.4,40.4,45.5,55,58.3,57.9,60.5
20150927,62,62.7,62.7,76.9,78.3,78.6,80.2,81.9,70.5,68.5,64.9,56.1,45.9,34.4,24.6,20.2,18.2,18.4,21.6,28.7,36.9,43.5,47.9,42.2
20150928,33.1,27.2,25.1,26.1,28.2,30.8,33.6,41.1,47.7,59.1,69,64.5,54.4,50.9,49,50.9,50.8,49.3,48.6,50.6,52.6,57.6,58.2,60.3
20150929,63.9,64.3,65.5,65.3,63.7,62.8,63.3,61.9,58.8,55,50.5,47.5,40,34.9,30,29.8,28.6,24.7,24.2,24.4,24.2,24.7,23.9,22.1
20150930,21.3,20.7,20.6,19.9,19.6,20.3,20.2,22.5,23.9,27.6,27.9,29.7,28.4,29.4,27.7,28.8,28.1,30.7,34.7,36.1,33.3,30.9,30.4,32.7
20151001,34.8,35.3,28.7,15.1,8.9,4.6,4.2,4.1,5.2,5.4,7.3,6.2,6.5,6.2,6.1,5.4,6.1,7.3,10.6,12.2,17.1,20.5,21.4,22.9
20151002,23.6,25.5,25.9,24.9,22.8,21.8,21.4,24,26.8,24.4,26,23.1,21.7,19.7,19.9,19.1,20,20.8,23.8,32,38.8,40.8,39.6,38.3
20151003,34.4,30,21.2,14.5,12.1,10.7,11.1,13.9,18,19.3,21.6,22.6,21.4,22,23.2,22.6,24.4,25.9,29.6,34.2,39.8,43.6,46.8,48.1
20151004,51.4,49.1,48.2,46.3,46.8,50.4,48.2,48.7,53.2,55.4,64.8,74.5,83.6,92.7,106.1,123.6,138,145.5,158.6,171.5,178.7,183.2,171.7,163.6
20151005,160,163.4,154.8,151.4,155.5,146.4,149.7,140.5,146.8,152.4,171.4,206.4,230.1,234.4,228.8,227.2,222.6,226.5,227.9,247.1,271.1,279.2,281.7,281.7
20151006,283.8,282,288.5,282.6,267.4,249.1,233.3,226.4,226.8,231.8,238.2,250.5,262.1,267.9,266.7,272.2,286,288.4,282.9,292.8,307.2,308,295.4,277.2
20151007,268.5,265.3,261.9,256.8,252,255.1,254.5,251.7,247.6,257.8,276.9,287.4,294.7,289.9,284.2,265.1,252.6,246.4,270.1,294.4,298.5,183.6,69.7,30.3
20151008,15.1,11.8,8,8.6,7.5,7.1,7.6,8,8.7,8.3,7.2,6.4,10.2,8.6,10.4,9.4,7.7,9,10.3,14.2,19.6,21.9,25.6,28.7
20151009,28.5,34.7,32.4,29.2,27.2,24.6,24.1,24.6,27.9,27.1,21.1,15.8,11.1,9.7,7.7,8.4,7.1,5.8,6.7,7.2,8.1,7.1,5.8,5.7
20151010,6.7,6.3,5.4,5.1,4.9,4.8,5.2,6.4,5.7,6.1,6.3,6.3,7.7,6.4,5.9,7.6,7.4,7.7,7.7,8.8,8,8.1,7.9,7.1
20151011,7.6,7,6.4,6.4,6.9,7.1,6.7,6.8,9,10.5,10.4,10,11,10.7,9.3,7.1,7.8,8.4,9.9,14.9,17,15.5,11.2,8.7
20151012,10.2,9.9,12.4,12.7,13.6,14.2,16.2,20.2,23.2,23.3,16.3,12.2,10.2,8.3,8.5,8.9,10.1,11.6,15.8,23.6,28.7,33,34.3,35.1
20151013,37.3,36.8,37.1,32,31.2,29.6,25.8,25.5,28.4,26.7,22.2,18,17.5,15,14.3,16,17.6,22.1,31.5,47.7,63.1,69.1,72.6,74.8
20151014,77.9,77.9,78,80.3,82.8,84.8,86.7,81.1,80.2,82.6,88.9,95.9,94.3,93.4,96.3,93.4,92.8,104.4,113.8,126.4,135.7,132.2,135.5,134.5
20151015,131.6,117.3,109.2,106.3,99.7,94.9,91,89.1,87.7,90.3,92.9,90.4,89.7,91.7,92,91.4,87.3,90.6,101.5,118.9,132.8,143.1,149.8,148.6
20151016,150.2,146.4,141,137.9,135.6,130.5,121.7,116,120.3,137.9,170.4,176.3,197,217.9,228.3,233.5,219.9,220.4,233.7,252.2,264.4,274.2,277.7,279.3
20151017,271.4,262.6,255.8,246.4,240.1,236.3,239,242.1,248.2,261.8,277.9,276.8,285.1,284.8,287.8,284.7,286.8,295.3,299.9,314.2,317.1,317.6,307.2,289.9
20151018,263.1,214.1,155.3,91,55.2,28.6,24.2,23,21.4,25,24.8,28.7,33.7,38.6,37.4,35.1,32.7,32,32.7,39,42.1,36.6,30.8,29.4
20151019,27.7,25.1,24.7,24.1,25.2,25.8,27.2,31,35.4,38.8,40.6,38.1,41.6,50.1,57.9,64.4,67,72.1,75.3,83.4,90.2,93.9,96.6,97.2
20151020,95.6,95.9,92.9,88.3,85,82.1,83.4,84.8,88.4,91.9,95.9,86.9,78.2,70.4,64,60.3,50.7,51.5,55.9,60.2,61.2,60,57.2,56
20151021,57.4,57.3,56.3,53.9,51.1,48.8,49.1,45,40.6,37.5,35.4,38,40.1,45.8,48.9,47.6,47.8,49.1,49.4,51.1,56.8,60.6,62.6,63.2
20151022,61.6,60.6,57.2,52.9,40.1,28.4,24.2,22.9,20.5,19.4,17.9,18.8,17.1,18.4,17.8,19.7,18.1,19.5,21.4,25.6,31.2,33.9,35.7,34.8
20151023,36.5,37.2,37.5,37.5,38.1,37.2,36.9,39.6,42.1,47.3,49.2,47.1,46.8,47.6,45.3,43.5,44.5,46.6,53.9,60.7,69,74,73.5,77.7
20151024,73.3,72.1,68.6,67.6,65.5,61.7,61.8,58.5,58.9,66.6,72.7,58.1,45.2,39.1,40.8,45.4,46.3,47.4,44.9,43.3,42,37.7,37.4,38.1
20151025,37.9,38.2,35.6,33.9,31.7,30,28.1,26.2,28.1,29.2,32.3,32.4,35.4,38.7,37.4,37.1,35.2,37.3,40.3,46,50.7,49.5,45.3,39
20151026,35.9,33.4,32.5,29.6,28.3,28.3,29.4,29.5,34.3,39,48.3,54.1,55.2,58.7,62.8,58.5,47.5,29.5,22.9,20.2,14.5,12.9,11,11.2
20151027,10,10,10.1,8.2,9.8,9.7,12.1,13.4,17.7,24.8,23.5,20.1,18.9,14.6,15.8,12.3,14.2,15.7,20.5,27.7,31.7,32,26.6,16.2
20151028,11.8,9.5,7.8,6.9,7.2,6.4,7.7,8.8,11.9,10.9,10,7.5,7.2,6.4,7.2,7.4,8.1,7.9,11.9,13,17.5,21.9,14.9,11.6
20151029,9.6,8.3,7,6.4,6.5,7.4,9.3,8.8,10.5,9.7,7.4,7.2,7.2,7.9,7.4,7.1,8.1,7.3,8.5,10.3,11.3,11,10,10.1
20151030,12.3,12.6,13.6,15.1,14.5,15.7,16.7,20,25.3,23.4,19,16.2,15.1,15.2,16.1,15.9,18.2,20.8,25.7,34.7,43.4,49,53.1,54.9
20151031,53.3,55.8,54.9,52,49.3,41.5,37.5,35.4,32.6,32.7,28.3,24.4,22.2,22.7,23.7,23,25.2,28.6,36.9,50.6,60.4,70.3,80.9,88.8
20151101,90.3,87.3,86.6,,,,,,55.1,54.8,58.6,52.7,44.8,47.5,48,47,50.4,58.7,69.9,84.6,105.8,114.1,113.7,115.3
20151102,112.3,106.3,101.8,101.2,93.4,87.5,85.6,84.1,81,78.5,64.9,54.4,48.2,43.8,45.3,48.7,47.3,54.2,66.8,88.4,105.2,117.1,121.4,124.7
20151103,125.3,117.8,118.8,119.6,121.6,119.4,118.3,121.2,128.1,140,157.1,172.8,184.6,177.9,161,138.9,126.8,127.4,136.5,155.4,167.7,173.9,179.9,181.8
20151104,173.9,171.4,167.5,162.5,163.6,163.5,167.1,165.3,170.5,184.6,195.1,198.2,200.5,204.9,206.7,205.2,215.5,214.4,228.2,239.8,245.8,245.8,244,241.5
20151105,240.1,239.3,235.4,227.7,220.5,215.7,211.8,204.9,193.2,172.2,137.5,101.9,76.1,62.1,44.5,31,25.7,22.9,23.2,24.4,23.4,21.4,20.4,20
20151106,19.6,18.2,18.4,16.8,19.1,19.5,18.2,17.2,16.7,15.6,16.6,18.1,19.9,22.3,20.7,19.8,19.8,18.6,23,25.1,24.5,24.1,23.1,20.8
20151107,19.2,18.6,18.4,17.7,19.2,17.9,15.6,14.1,14,17.2,20.9,24.2,23.5,24.6,25.3,22.8,20.1,18.6,19.6,22.8,26.7,26.7,27.1,28.3
20151108,29.8,31.9,33.2,33.2,33.6,35.3,37,37.7,40,43.1,47.4,52,58.3,63.5,66.4,67.7,70.2,78.3,86.6,93.6,95.9,94.1,93,94.4
20151109,96.5,92.4,96.7,100,104,104.5,105.6,103.1,101.3,99.5,104,107.5,111.6,112.5,118.8,128.3,136.3,139.2,139.5,140,137.5,134.3,130.1,128.3
20151110,123.7,122.6,121.9,125,126.9,127.9,128.1,124.4,122.9,122.9,124.7,130.5,132.2,132.9,126.1,121.2,116.2,115.7,115,120.9,127.4,129.8,132.4,136.8
20151111,137,135.7,131.3,125.7,118.9,112.3,103.7,101.2,103.4,101.7,93.6,82.7,79.5,81.9,91.5,98.5,93.4,97,100.3,102.9,105.4,109,116.5,114.1
20151112,114.8,110,110.3,111.8,108.1,104.6,104,105.3,109,120.5,134.4,141.9,151.6,168.7,174.2,177.4,177,172.4,176.6,181.5,183.8,188.9,191.3,192.4
20151113,190.6,185.2,176.5,171.4,168.5,170.8,176,180.3,185.9,193.4,200.9,202.1,207.8,202.9,199.7,200.5,208,208.7,208.9,209.8,209,209.1,216.4,225.2
20151114,221.2,219.5,222.6,224.6,223.2,221.8,224,221.2,219.5,227.7,248.6,263.5,269.7,289.9,313.9,317,303.6,300.9,292.1,288.7,289.4,285.9,277.6,268.4
20151115,264.3,259.7,251.7,237.6,221.4,202.9,193.8,183.3,165.3,158.2,176.2,196.2,203.4,192.4,190,186,198.5,234.1,249.5,255.9,241.9,176.2,111.5,77.3
20151116,62.6,54.7,51.4,50.1,47.4,48.2,48,48.6,49.3,52.1,50.8,53.9,48.5,56,57.1,58.2,52.8,54.5,57.4,66.6,66.6,71.4,74,80
20151117,85,90.5,90.1,89.3,91.2,93.8,86.9,85.2,78.7,75.9,60.4,41.8,33.8,32.2,32.5,38.2,59.1,66.9,64.5,59.1,56.9,57.1,61.2,57.8
20151118,60.7,59.6,59.5,56.3,51.5,49.4,48.1,49.9,48.2,52.1,58.5,56.6,58.2,56,58.4,66.3,70.5,73.4,76.4,78.6,80.6,84.9,85,87.8
20151119,91,95.5,94.2,88.9,80.4,75,70.5,70.5,75.8,79,78.1,79.1,76.2,73.2,64,58.8,60,66.1,58.9,59.5,62.6,64.1,65.8,64.3
20151120,60.7,56.1,51.5,49.4,46.4,43.2,39.9,39.9,41.3,48.4,55.3,60.2,68.5,75.3,81.1,84.9,83.7,84,87.2,85,85.9,79.8,70.1,60.8
20151121,52.6,47.8,42,37.7,35.6,32,31.1,31.2,32.7,36.6,39.9,40.9,41,42.2,41.1,43,44.3,45.6,48.8,55.2,61.9,64.6,,71
20151122,71.7,72.9,70.5,69.8,66.9,63.6,62.5,61.7,54.9,48.4,43.9,44,41.5,40.8,40,38.7,37,35.8,36.8,38.9,39.9,42.2,43.6,46
20151123,46.9,46.3,44.5,45.5,40.6,35.3,33.5,33.6,35.9,36.7,40.4,38.6,35.4,34.3,32.7,25.8,20.4,19.5,,,29,30.2,32.1,27.4
20151124,25.6,26.1,22.1,20.8,21.2,21,20.3,21.8,24.1,26.3,27.3,30.1,32.9,36,37.7,43.3,48.3,53.8,59.6,66.1,74.5,79.2,83,93.3
20151125,94.1,92.3,91.2,90.1,89.8,88.1,88.6,88.1,88.2,96.2,102,93.4,83.2,62.5,26.7,16.2,13.1,9.3,9.6,9.1,9,9.1,8.4,8.8
20151126,8.5,6.8,6.9,7.4,7.6,7.9,10.2,13.2,14.9,18.9,18.9,17.6,16.7,17.5,17.1,17.8,21.7,31.6,47.5,61.6,79.6,102.4,115.4,125.3
20151127,134,143.2,150.6,159.3,168,169.1,169.6,172.3,176.4,187,201.6,193.5,189.4,198.9,216.4,226.4,247.8,261.5,276.9,278.1,286,291.4,285.9,292.7
20151128,289.8,284,277.7,277.6,263.1,253.5,249.2,248.5,246.9,257.6,278.7,298.2,297.9,299.3,276.4,262.9,254.6,257.5,257.3,256,261,262.5,258.9,258.8
20151129,257.2,257.9,257.1,255.5,250.4,248.5,245.9,244.5,247.2,256,274.5,274.7,260.9,245.5,226.5,198.5,174.5,199,242.8,272.5,292.3,300.8,303.4,313.2
20151130,301,274.7,246.3,212.5,169.6,141,133.3,140.1,168.7,205.6,270.3,314.5,384.9,413.3,451.3,470.1,481.5,510.3,519.2,514.9,510.1,496.1,481.9,465.9
20151201,455.1,449,453.5,452.7,455.5,450.6,454.7,474.7,482.4,499.5,500.9,493.3,507.6,496.6,469.2,453.9,420.3,395.7,384.3,386.8,385.9,378.4,351.7,303.1
20151202,159.1,96,,,,35.5,34.5,29.6,28.7,22.3,17.2,16.2,11.1,8.2,7.4,6.1,6.2,6.4,9.5,8.2,6.9,6.9,7.6,7
20151203,5.4,6.3,5.5,5.2,5.8,5.7,5.7,7.4,8.1,9,9.9,11.7,12.4,14.4,14.7,14.4,12.9,12.2,12.9,12.9,13.5,13.9,15.4,16.7
20151204,17,16.5,16.8,16.1,15.1,14.3,15.4,18.8,22.3,25.5,29.6,30.7,28.4,26.4,23.2,21.5,22.7,27.1,36.4,58.2,83,100.6,107.3,104.9
20151205,112,104,96.7,85.2,70.2,55.8,49.5,47.8,47.9,56.8,48.9,39.4,30,24.4,21.2,22,25.1,35.4,52,73.5,85.5,93.2,90.5,94.1
20151206,95.6,102.5,104.9,111.4,115.9,118,111.8,98.5,92.7,91.7,101.4,109.4,122.9,139.4,154.2,161.1,163.6,173.9,,195.4,186.5,183.1,192.3,186.1
20151207,184,191.2,184.2,179.2,176.2,174.9,172.1,166.3,164.1,168.6,169,173.3,176.2,179.5,176.8,181.2,184.3,188.1,195.1,205.9,203.7,204.3,202.7,217.4
20151208,227.4,225.4,221.9,212,215.9,220.9,214.1,200.9,198.1,206,218.6,230.4,246.9,247.4,254.3,255.1,251.3,253.9,263.1,259.6,268.2,266.4,265.3,262.6
20151209,256.7,251.2,242.9,231.5,223.1,213,217.2,219.2,217.3,213.5,223.5,229,231.5,231.9,234.5,237.7,242.4,254.5,260.8,281.2,287.8,291.6,300.6,296.7
20151210,280.7,271.1,262.2,256.2,246.9,229.1,211.2,196.4,175.6,133.3,109.8,74.2,47.6,32,22.9,15.4,14,15.1,19.3,24.7,29,27.5,30.5,33.7
20151211,35.9,35.1,34.8,34.3,33,30.9,29.1,31,35.9,40.7,43.5,37.7,33.3,34.9,41.6,46.7,52.3,59.4,68,84.5,99.8,105.4,112,123.5
20151212,124.6,124.4,130.2,126.9,125.8,126.3,115,112.8,112,109.4,102,105.7,107.4,108.1,108,114.6,144.5,182.9,204.1,241.8,289.5,283.9,280.5,272.5
20151213,260.2,245.6,245.2,239.2,220.9,188.6,158.2,138.8,125.8,124.9,132.1,142.6,150.2,157.4,171.9,186.3,198.1,205.2,217.1,232.8,255.4,265.5,270.6,271.3
20151214,261.3,246.1,239.2,239.2,221.8,214.3,221,216.6,222.2,230.4,251.5,268.2,262.8,199.6,172.2,162.8,176.3,162.4,138,83.6,61.4,47.8,35.2,31.1
20151215,29.4,26.6,22.7,18.8,16.6,16,13.9,14.6,15.2,13.8,7.5,6.3,6.1,6,6.8,6.2,6.3,6,6.1,7.6,7.2,7.1,8.6,8.5
20151216,6.8,7.7,7.4,6,5.8,5.1,5.3,6,5.8,6.5,6.2,6.8,7.4,7.3,8,6,6.1,6.8,7.7,8.6,9.7,10.1,10.9,11.6
20151217,14.9,17.7,20.3,21,21.6,24.6,24.7,31.2,37.8,47,47.5,49.2,51,54.7,57.6,58.5,62.9,74.9,92.4,113.8,132.1,138.6,143.8,145.9
20151218,148.7,144.5,143,140.3,132.1,118.1,96.9,85.9,83.3,74.8,65.8,50.2,36.3,21.4,19.2,19.9,20.7,24.5,36.7,49.7,66.9,77.5,86.9,98.8
20151219,100.1,105.2,106.7,115,118.6,127,133.6,132.1,127.5,121.1,118.5,122.9,122.3,122.8,128.7,133.1,129.7,129.6,134.4,142.4,148.9,156.1,169,182.9
20151220,188.4,196.6,195.4,188.8,191.1,181.1,177.7,173.9,174.9,177.6,182.3,182.1,182.5,185,190.5,202.5,210.7,222.4,241.4,265.6,290.2,294.1,299.6,295.5
20151221,294.4,299.2,295.5,273.7,256.3,231.2,218,214.9,219.5,231.6,228.2,229.9,239.8,246,231.7,218.1,203.8,208.8,239.9,302.3,345.4,350.2,347.5,335.4
20151222,333.5,322,310.5,304.1,270.7,235.2,224.6,220.4,212.5,208.5,210.2,219.9,255.4,285.9,307.6,342.2,387.2,403.6,401.4,399.7,393.6,401,399.7,386.2
20151223,378.7,376.3,363,360.2,352.9,344.2,336.1,323.6,308.8,304.1,318.6,323.1,296,252.8,200.5,187.2,170.1,187,245.2,294,307.3,307.1,289.6,256.7
20151224,223,175,160.5,154.8,130.9,111.8,101.1,101,100.9,105.8,104.5,128.4,160.4,146.3,137.6,146.3,200.2,234.7,230.6,229.8,255.3,293.6,332.2,353.9
20151225,373.3,383.6,389.3,392.3,388.7,391.8,394.6,388.9,392.2,407.8,427.3,441.9,451.3,477.3,496.6,500.4,486.3,457.8,438.4,425.6,420.5,415.7,409.3,404.1
20151226,407.5,402.5,402.9,397.5,391.6,384.8,373.8,357.2,337,316.3,307,308.4,284.8,246,198,168.2,166.2,156.5,147.2,137.2,135.5,123.2,99.4,72.6
20151227,52.5,42.9,38.8,34.9,32.4,28.7,25.8,23.2,22.6,24.4,27.7,33.6,41.8,44.6,48,53.6,60.4,67.2,70.1,78.9,86.9,94.7,99.1,104.8
20151228,108,113.3,118.7,114,107.3,97.7,93.9,93.9,97,106.2,110.8,103.2,94.9,91.9,86.7,86.9,94.5,108.1,122.9,147.2,165.8,187.1,208.7,227.3
20151229,244,247.1,245.5,244,241.3,229.3,222,228.7,226.8,219.7,220.5,224.2,239.4,247.5,251.6,261.6,283.8,323.1,354.8,397.8,415.4,425.2,432,412
20151230,394.4,380.7,334.2,234.6,176.3,164.5,149.9,116.1,84.6,78.3,42.2,24.2,12.7,12,11.3,9.9,8.5,9.9,13.7,24.8,30.4,33.1,33,38.6
20151231,39.1,39.7,41.3,43,41.8,38.3,38.2,37.6,37.2,46.7,60.4,52,49.3,49.8,58.7,69.5,78,89.7,102.1,134.7,149.4,153.9,166.8,188.7
20160101,188,183.2,180.8,170.5,153.7,137.7,128.5,128.6,134.8,137.6,146.5,145.2,161.1,169.8,182.1,190.7,201.8,215.4,236.6,262.2,281.8,290,288.4,290.7
20160102,291.9,296,301.3,281.4,256.9,243.3,236.6,228.5,226.5,234.6,246.6,246.7,241.7,239.5,236.5,235.8,252.4,264.3,274.8,300.2,336.9,390.4,406.9,420.6
20160103,430.6,422,405.1,374,307.9,261.6,240.7,216.3,214.3,211.9,217.2,211.8,192,170.5,159.2,160.8,175,197.5,210.9,218.8,226.4,227.7,234.9,237.5
20160104,235.9,224,212.1,156.1,104.7,72.8,48.7,37.3,33.7,31.9,29.6,22.6,15.1,15.5,13.9,16.4,17,18.8,26.9,35.2,38.2,29.1,25.8,24.5
20160105,18.8,16.6,15.4,14.7,14.6,11.3,11.7,11.7,15.3,19.8,23.2,20.1,19.4,22.1,28.1,31.8,38.8,44.7,56.2,69.8,82.4,91.6,97.5,102.9
20160106,98.9,95.9,93.6,83.1,69.8,55.3,49.4,43.8,47.1,52.2,48.9,34.5,26.1,21.7,22.1,21.7,18.9,17.4,18.5,20.8,19.9,18,12.9,11.3
20160107,11.4,10.6,9.4,8.3,9,8.5,8.8,11.6,13.5,15.5,16,12.5,11.4,13,12.9,13.3,15.3,17.2,22.5,30.1,32.9,34.3,33.9,35.1
20160108,37.9,33.5,34.2,31.8,26.9,25.5,22,21.7,22.6,25.9,25.2,19.5,15,13.8,14,14.5,15.4,23,43,70.9,91.5,108.3,120.3,121.7
20160109,115.4,110.6,106.6,99,92,88.4,79,69.7,64.3,67.9,68,58.6,53.5,49.3,48.1,50.8,57.6,69.3,92.1,122.4,151.5,181,190.4,182.7
20160110,173.8,149.3,132.5,107.5,91.4,72,57.5,53.6,52.8,52.6,49.6,49.7,45.1,44.1,43.7,44.9,47.8,49.9,53.8,61.6,65.6,58.5,39.9,27.8
20160111,25.5,20.7,17.6,11.7,8.1,8,7.7,8.7,11.3,16.1,15.1,10.2,9.8,8.8,9.1,9.2,9.1,10.4,15.3,21.5,22.8,20.6,22,21.3
20160112,20.7,20.7,23.7,19.5,17.5,17.4,18.4,19.4,21.8,22.9,20.4,15.6,14.1,14.2,12.1,14.5,15.9,15.3,22,31.7,35,36.4,36.8,37.9
20160113,40.5,35.2,35.6,30.5,32.8,34.7,31.5,36.9,38.9,51.5,55.2,56.8,43,40.7,34.9,39.1,35.7,40.9,54.3,68.5,66.2,66.7,72.9,73.3
20160114,75.3,73.9,74.8,78.1,78.3,74.7,71,82.9,97.5,110.7,109,100.9,92.8,83.7,72.9,61.5,51.1,55.3,70.1,93,104.2,119.6,122.4,128.8
20160115,131.3,140.1,147.4,145.5,141.2,127,115.8,110,104.9,105.6,95.1,85.9,77.8,73.1,65.1,63.2,70.6,79.5,95.4,111.3,124.4,138.3,165.4,189.1
20160116,199.1,180.2,162.1,142.6,128.3,118.5,116.2,118.4,120.8,122,124.8,124.5,117.9,114.9,117.9,119,124.3,131.9,134.9,139.3,146.6,149.5,148.5,143.9
20160117,142,138.1,116.8,88.9,76.5,58.9,39.2,28.5,25.2,25.7,24.1,21,20.8,19.6,17.6,16.5,14.9,13.8,16.7,20.1,25.7,27.2,29.2,27.1
20160118,23,18.3,14.9,10.6,7.8,6.3,6.9,6.8,8.2,9.4,7.9,8.9,8.4,10.6,9.5,10,9.7,9.3,11.5,13.6,16.4,17.5,18.8,21.9
20160119,26.4,30.2,34.5,39,44.5,45.8,44.4,47.7,52.2,62.3,73.3,77,83.1,82.1,70.6,60.5,52.5,54.4,64.1,78.2,94.8,109.3,115.2,125.1
20160120,123,126.6,135.6,130.7,122.6,117.6,106.9,101.9,101,97.9,102.7,106.5,102.8,108,112.3,117.4,123,125.4,133.6,143.1,149.5,151.6,155.6,159.7
20160121,154.9,146.9,132.3,125.3,119.6,115,116,114.9,112.3,117.1,125.4,136.6,142.8,144.7,138.5,134.1,131.5,132.3,135.9,139.7,142.4,146.9,147.6,144
20160122,133.4,97.6,52.2,27,13.5,8.2,7,7.1,6.6,7.1,8,8,7.7,6.9,7.1,6.5,7.5,7.8,9.1,8.9,9.4,9.1,9.4,12.4
20160123,14.3,15.9,17.8,16.6,13.5,9.9,7.3,8.3,8.3,8.9,7.9,7.2,7.7,8.5,7.4,9.2,8.3,7.4,9,10,9.1,9.3,9.8,9.2
20160124,8.5,10.9,10.4,9.9,10.8,10.1,11,12.8,12.8,15.3,19.6,18.1,15.4,13.7,12.8,11.6,12.7,13.2,17.1,22.9,31.1,33.7,38.7,46.6
20160125,38.9,34.1,35.1,33.2,33.9,36.6,40.3,49.6,55.1,62.2,56.7,35.1,29.1,32,36.8,36.8,38.5,44.5,51.1,65.1,66.6,69.6,62.7,55.2
20160126,54.5,57.7,44.6,37.9,32.3,29.1,28.6,30.3,32.9,37.9,31,23.3,19.6,19.6,19.7,21.5,21.9,25,35.9,52,69.5,81.1,93.3,102.1
20160127,109.4,105.5,101,98.4,95.2,86.8,78.7,72.1,71.8,76.5,86.8,90.3,75.7,72.4,80.3,98.4,112.2,115.3,131.8,148.8,171.8,187.7,193.9,191.6
20160128,194.1,201.6,206.3,192.5,181.1,165.3,148.3,141.4,136.5,136.7,128.1,127.1,115.1,105.3,96.5,83.6,72.8,73.8,77.6,94.5,117.1,121,132.4,133.6
20160129,124,99.3,85.9,77.5,68.2,64.6,62.2,62.2,63.9,71.5,78,69.4,62.8,58.9,50.8,50.5,48.5,47.8,50.7,56.7,60.5,64.9,64.7,63.1
20160130,61.7,65.3,65.7,67.5,67.9,69.9,73.4,76.1,77.6,69.2,58,45.1,38,35.7,32.7,34.4,39.9,45.6,52.5,69.5,84.2,83.3,57.8,44.1
20160131,37,33.5,30,24.2,22.7,19.6,17.4,18.4,21.9,23.1,18.4,12.4,12,10.9,12,14.2,18.8,26.3,38.6,55.8,72.3,75.3,69.1,64.2
20160201,52.4,42.5,32.3,33.8,36.3,37.6,41.9,40.9,41.9,45.6,40.9,24.4,17.6,13.5,16,15.4,13.8,11.8,14.4,22.5,29.4,27.7,26.7,33.1
20160202,29.7,35.8,38.4,38.6,32.7,29.8,28.2,29.7,30.4,34.7,32.1,25.8,24.2,24.7,24.2,24.9,23.9,27.6,36.2,54,66.7,80,80.6,77
20160203,71.9,60.6,65.9,65.9,63.7,58.7,56.1,56.5,57.1,63.5,56.8,48.2,47.7,49.2,42.1,38.5,35.1,35.7,41.5,55.7,71.9,73.6,57,42.9
20160204,28.4,29.1,24,11.9,11.4,10.7,9.6,9.7,10.6,13.1,13.1,12.9,11.8,10.9,11.5,11.2,11.1,11.9,15.1,22.7,27.4,29,22.6,23.4
20160205,22.1,14,11.2,10.1,9.1,7.9,9,9.5,9.9,10.2,8.7,8.9,9.2,8.5,9.1,9.4,8.1,8.6,9,12,11.9,12.7,10.4,11
20160206,13.9,15,15.1,16.5,17.2,16.7,20.2,19.4,24.5,34.9,37,33.3,33.4,31.7,31.2,29.4,28.2,25.3,27.8,47.1,70,85.8,89.3,95.7
20160207,93.7,77.1,74.9,69.8,61.9,57.1,56.7,60.5,58.5,67.8,60.9,45.1,36,33.1,28.1,25.5,23,23.1,23.4,40.2,81.2,107.8,146,178.1
20160208,269.7,549.1,640.6,548.4,491.5,450.6,432.5,395.9,355.9,216,102.7,52,31.1,15.7,9.7,8.9,8.9,9.2,8.9,16.2,28.9,42.9,53.1,53.8
20160209,50.2,49.2,37.4,48.9,49.4,50,54.3,54.9,52.4,49.8,42.6,40.1,37.1,38.8,37.7,39,47.3,55.7,64.8,72.9,74.9,71.7,67.1,67.7
20160210,70.1,75.4,81.2,82.6,81.8,76.1,75,75.6,77.8,80.2,78.7,73.9,74.6,72.7,81.1,86.9,94.3,102.6,109.3,121.9,142.1,152.6,157.2,164.3
20160211,167.3,174.3,174.5,165.9,163.6,162.5,164.7,166.7,158.3,153.4,150.9,154,158.3,154.5,149.9,147.9,143.5,137,135.9,141.6,140.3,146.5,148.8,140.4
20160212,139.4,151,144.2,137.8,139.3,144.5,143.8,140.3,138.9,152.8,188.5,177,170.5,173.8,175,174.2,179.2,183.2,188.1,197.8,197.5,174.7,127.5,69.4
20160213,40.8,28.4,19.4,14.8,13,10.4,9.6,7.9,7.9,7.9,8.1,7.7,8,7.2,6.9,7.1,7.1,6.5,7.2,7.6,8.3,7.4,7.4,7.9
20160214,8.6,7.5,6.9,6.4,6.7,6.9,6.6,7.7,7.5,8.5,7.2,7.6,7.6,7.2,6.8,6.1,6.4,6.8,7.2,8.4,9.5,9.7,8.9,8.5
20160215,8.2,7.3,7.2,8,7.9,7.9,8,8.2,9.3,13.9,15.8,11.1,10.2,9.2,9.4,8.5,6.9,7.5,8.6,10.4,12.1,12.5,12.5,12.5
20160216,12.8,13,15.4,14.5,12.7,14.3,13.7,13.4,16.7,22.1,20.6,15.5,10.2,7.5,6.9,7.4,6.6,6.9,8.3,11.5,12.2,12.4,14.9,15.3
20160217,14.9,14.4,16.4,19.5,25.7,32.5,38.7,44.1,49.4,56.9,78.1,64.1,53.9,43.5,42,39.7,37.3,40.8,44,55,65.5,71.6,77,79.1
20160218,72.1,54.4,41.9,35,32.1,27.9,17.9,9.6,6.9,7.3,7.9,6.3,6.7,6.6,7.5,8.9,9.7,10.8,11.3,16.2,22.3,26.7,28.8,28.2
20160219,28.5,28.3,29,28.7,28.3,28.9,26.7,26.5,28.9,32,33.7,25.6,15.4,13.1,10.2,8.7,7.7,7.3,7.2,7.7,8.9,8.9,9,9.5
20160220,9.9,9.8,9,8.9,8.6,6.9,6.7,8,10,11.3,9.9,9.5,9.7,10.6,10.8,13.2,14,14.4,16.5,20.3,27.9,38.2,41.1,47.5
20160221,49.1,53.5,57.7,58.6,56.5,54.6,58.9,59.5,62.7,67.2,70.5,87.3,94.7,83,79.9,85.3,85.5,86.9,86.4,97.8,110.1,124.1,134.4,133.3
20160222,130.4,133.6,130.9,129.5,125.4,120.9,119.8,121.3,128.4,140.3,136.8,108.4,62.3,37.9,25,16.5,15.5,12.9,12.7,15.6,26.1,29,24.2,19.7
20160223,15,14.2,14.3,13.1,11.3,8.4,7.2,7.1,7.4,8.1,8.4,9,8.7,10.3,9.2,9.4,9.7,9.6,10.1,11.3,14.4,15.2,16.9,19
20160224,20.4,20,23.6,28.9,34.7,39.9,41.8,45.7,45.9,50.2,54.8,55.7,46.2,32.5,21.8,20.3,19.4,19.7,20,21.4,19.3,18.2,13.3,10.9
20160225,10.3,11,13,13.9,15.9,19.2,22.1,27.1,31.7,36.5,35,32.8,31.8,33.1,36.9,35.9,37.8,38.9,39.4,39.2,27,22.3,26.2,12.2
20160226,8.8,8.4,9.9,10.7,12.1,12.9,13.9,19.1,27.6,42.2,42.7,37,37.7,40.6,41.3,41.8,43.8,50.3,54.6,63.5,75.4,80.8,71.3,40.8
20160227,35.3,28.5,20.3,15.6,14,14.1,15,16.5,18.4,20.1,19.8,18.6,17.1,16.5,15.9,18,21.3,23.5,29.2,35.8,41.8,45.8,48.3,47
20160228,49.7,53,53.4,53,53.5,56.2,58.9,60.6,67.2,76.2,58.5,31.8,15.5,12.5,12.1,12,12.4,11.4,10.9,9.2,10.4,10,11.8,11.2
20160229,12.2,12.1,13.5,15.2,15.3,16.5,18.5,20.9,22.6,22.6,19.9,21.1,24.2,29.6,33.4,38.8,43.4,50.3,52.7,55.1,61.2,71.1,75,78.1
20160301,86.6,93.4,97.4,99,96.9,96.2,95.5,97.5,101.4,106.6,108.4,106.4,108.8,111.9,114.6,111.1,109.5,115.8,126.1,144.3,170.5,178.1,187.9,193.1
20160302,194.6,199.7,204.3,201.3,191.1,195.2,194.1,193.7,186.4,191.2,201.2,206,197.2,179.9,143.6,108,100.8,97.2,109.3,131.1,150.5,163.3,171.3,174.4
20160303,172.2,166.2,172.4,182.3,191.9,197.2,200.3,203.9,215.4,236.3,255.9,271.2,284.2,296.8,304.7,315.8,321.7,327,337.4,353.1,367.6,376.5,380,384
20160304,386.3,379.9,365,335.4,316.3,311.6,310.8,313.3,313.7,320.7,325.8,342.3,343.1,334.5,312.9,309.3,312.2,319.4,330.3,342.1,345,321.6,264.8,184.1
20160305,144.1,135.1,117.4,94.7,84,75,67.6,62.8,59.6,62.6,55.1,53,53.7,52.1,51.3,52.1,54.5,55.5,53.9,55.5,57.9,58.3,57.1,58.2
20160306,58,59.4,58.1,57.7,60.8,58.3,51.3,45.1,41.1,43.1,43.5,48.2,57.1,67,76.8,91.1,101.6,108.1,115.4,118.8,119.5,115.7,113,112.1
20160307,114.2,115.4,113.3,111.2,103.3,84.8,54.3,30.9,23.8,17.2,11.2,10,9.2,11.8,11.6,10.8,9.1,17.7,10.2,9.2,9,9.2,7.9,8.4
20160308,8.9,9.2,,,,,,,9.6,10,9.4,9.6,10.3,11.9,11.7,12.4,11.8,11.8,11.7,13.9,19.5,12.1,10.9,9.9
20160309,12.9,13.7,9.5,6.8,7.9,8.8,8.1,9.6,10.3,10.9,9.9,9.7,11.7,10.6,18.8,10.5,10.2,9.9,10.9,11.9,14.4,15.8,12.6,12.9
20160310,10.8,8.3,9,8.9,7.6,6.7,8.4,9.8,14.1,11.7,8.5,7.3,9.4,9.9,11.7,11.5,12.1,14.2,13.6,15.5,18.5,20.1,20.7,18.8
20160311,18.5,18.4,22.1,20.4,17,16.9,16.6,19.3,21.6,18.3,14.4,11.4,12.4,12.6,14.7,17.7,20.6,22.5,25.4,31,39.4,47.9,54.3,59.7
20160312,63.9,67.9,72.8,72.5,78.9,81,80.3,84.1,90.5,105.4,102.7,107.7,110.3,110.5,107.5,108.7,112.3,114.7,118.1,128,143.7,153.7,156.5,157.1
20160313,151.4,129.2,76.7,47.9,30.1,24.7,16.6,13.8,12.4,13.9,9.8,10.7,10.1,10,9,10.2,11.1,11.9,11.8,17.5,27.2,38.7,46,55.3
20160314,63.8,68.3,72.6,74,76.1,75.8,77.9,81.1,85.8,94.1,100.7,103.1,100.2,93.4,76.9,55.2,,40.6,42.8,49.1,59.7,66.3,73.2,82.3
20160315,92.8,100.6,105.9,106.9,104.6,101.8,100.3,100.3,108,116.9,125.9,,135.1,,,150.6,157.4,160.1,161.4,170.3,185.2,193.2,,203.3
20160316,203.8,203.8,210,201.1,195.8,193.1,194.4,195.1,207.9,219,224.4,233.4,248.6,253.1,259.6,251.3,255.9,261.4,260.9,273.8,296.1,310.9,308.6,299.7
20160317,287.9,273.3,262.9,261.5,261.7,259.9,255.9,255.8,261.3,276.1,278.9,289.1,291.8,291.9,297.8,292.4,284.7,280.3,285.8,299.3,318.5,327.3,331.8,344
20160318,347.8,353.3,356,350.8,348.5,341.4,335.7,330.3,328.2,326.7,298.8,217.2,142.4,104.3,82.6,69.4,61.6,51.7,46.8,47.8,45.5,35.6,23.3,19.3
20160319,21.2,44.4,112.7,134.8,129.7,100.5,83.7,71.6,63.9,57.9,57.3,60.8,57.6,50.7,45.5,46,45.4,45.3,47.7,53.2,58,56.4,55.2,51.7
20160320,53.3,55.3,58.6,62,64.8,69,70.7,73.6,79.1,83.1,85.5,85.9,77.3,60.2,44.4,40.5,39.1,45.3,49,59.6,72.6,83.3,93.3,99.1
20160321,104.6,106.1,107.4,108.5,105.6,106.6,112.4,116.6,121.2,125.8,129.1,131.4,135.9,118.7,108.7,112.3,113,118.6,121.4,125.1,133.1,141.1,148.7,151.6
20160322,157.5,160.2,163,165.7,167.5,165.2,159.5,153.2,137.6,114.4,100.1,88.2,77.5,74.9,70.7,71.2,68.1,63.9,59.2,59.6,61.2,66.1,73.1,71.8
20160323,70.8,71.3,60.5,43.4,31.8,20.1,11,9.5,9.3,8.6,8.3,7.3,7,7,8.7,8.7,7.8,7.6,7,8.7,11.9,12.7,11,9.7
20160324,9.9,9.3,7.9,8.8,9.8,10,11.3,14.8,16.9,15.2,10.8,8.8,8.1,10.7,10.7,10.9,12.7,11.4,12,14.1,20.6,25.9,28.1,22.5
20160325,20.6,17.5,15.7,15.9,,,30.5,32.5,26.5,20.3,16.6,13,11.3,11.9,12.1,12.7,14.4,13.4,13.1,17,25.8,33,36.5,37.2
20160326,35.5,31.2,24.8,20,18.1,16.3,15.8,16.5,15.1,13.8,10.5,10.9,10.5,11.5,11.6,12.6,12.5,10.1,11.2,12.1,18.1,16.6,17.9,15.7
20160327,14.2,12.7,14.2,15.6,17.6,16.7,16.3,21,24,20.1,14.6,11.5,11.8,9,8.6,9.5,13.2,13.6,15.9,18.5,27.7,36.4,43.6,46.8
20160328,48.7,53.4,56.7,60.5,61.5,63.4,64.4,67,76.4,83.9,90.6,97,99.2,100.3,99.1,100.1,96.6,95,93,94,77.3,55.4,29,16.5
20160329,11.2,7.9,6.6,6.4,6.3,9.5,10.3,18.9,23.9,16.8,14.8,13.9,15.4,16.6,17.9,17.2,17.9,21.7,21.7,26.7,33.6,38.7,39.1,37.1
20160330,28.9,21,16.6,13.2,12.4,10,10.3,13.8,17,14.7,14.4,13.8,17.7,20,23.4,28.3,33.8,41.5,46.7,53.5,62,66.2,72.1,78.9
20160331,84.8,92.1,99.1,103.1,104.3,107.5,109.3,114.6,126.1,135,155.3,180.4,198.2,214.4,226.7,224.9,209.6,183.1,162.1,157.8,174.9,142.3,90,68.1
20160401,60.8,63.6,68.4,70.5,70,73.1,76.6,88.1,103.1,82.2,47.5,26.6,18.5,16.6,13.7,14.5,11.4,17.6,10.5,9.7,8.1,8,7.9,7
20160402,7.6,6.9,5.5,5.9,5.9,7.2,6.1,7.6,8.2,8.5,10,8.5,9.1,11.1,11.5,9.7,11.3,7.3,7.6,8.4,9.1,9.1,9.1,8.5
20160403,8.2,10.5,8.8,8.9,11.6,11.7,11.3,14.6,19.1,16.5,11.5,8.7,7.8,9.5,14,20.4,22.6,20.4,24.8,28.2,33.1,36.8,37.8,43.5
20160404,45.2,49.9,51.3,56.5,51.1,55.2,56.8,63.6,70.5,71.9,71.2,73.5,76.8,78.5,75.4,71.8,72.3,75.8,75.2,78.2,87.5,91,99.2,104.3
20160405,108.6,112.1,113.9,113.5,110.9,107.4,108.7,116.1,113.1,117.9,124.1,126.3,140.9,151.8,154.2,155.5,148.8,138,110.5,90.2,78.4,63.5,54.5,49
20160406,44.1,44.9,49.7,51.4,57.9,64.7,70.8,76.8,88.4,92.4,102.9,120.8,139.3,158.2,176,190.7,192.2,196.6,199.4,209.3,220.6,224.7,224.8,224.2
20160407,220.3,216.1,213.2,209.5,204.1,198,192.3,184.6,151.3,90.4,46.2,25.2,20.8,18.5,16.3,14.9,15.2,12.5,10.4,10.3,11.9,10.3,9.1,9.5
20160408,8.6,7.2,9.1,8.2,10.5,10.8,12.2,14.5,17.1,17,13.2,10.9,12.5,19.6,16.9,18.2,20.2,25.6,26.1,26.9,36.4,52.7,60.7,58.9
20160409,53.8,54.3,56.4,59.2,62.6,59.8,56.4,63.7,79.6,90,100,95,89.3,96.8,137.6,121.1,113.5,92.2,77.4,62.6,54.8,48.5,43.6,48.3
20160410,45.4,41.2,43.2,41.5,43,48.1,44.5,48.2,56.1,61.3,65.6,64.5,66.9,69.3,77.8,69.8,72,71.6,72,66.1,63.2,53.1,51,48.8
20160411,45.6,37.6,37,32.3,32.5,,30.9,35.5,39.1,44.8,44.7,39.1,44.4,43.9,40,48.2,47.7,51.4,54.7,53,51.8,51.9,54.5,58.3
20160412,59.1,57.7,58.3,59.7,58.9,59.3,60.7,61.9,69.7,70.6,73.6,81.4,88.7,90.8,89.7,82.2,77.1,73.7,73.3,76,80.1,84,89.6,93.3
20160413,97.5,104.4,111.2,117.3,120.7,125.1,133,148.6,171,195.8,216.4,229.8,236.6,227.3,200.1,160.3,113.7,77.1,54.2,37.3,29.6,28.9,25.4,26.5
20160414,30.3,36.9,49.3,60.6,55.6,40.1,35.3,28.1,20.6,,14.5,16.7,17.6,19.8,26.8,30.9,35.6,40,39.9,45.7,35.8,31.7,26.6,25.8
20160415,27.7,30.3,31.5,34.2,36.5,43.2,39.9,43,49.1,52,57.5,57.6,61.1,64.1,71.2,75.4,76.8,77.4,84,87.6,91.6,89.8,68,51.2
20160416,40.1,29.4,25.2,26.4,22,25.9,31.7,45.6,66.5,84.1,51.4,31.2,25.4,21.9,15.8,13.6,12.2,11.3,9.7,9.8,9.2,10.8,12.1,11.2
20160417,12.4,11.5,11.2,13.3,11.9,10.4,11.3,10.9,13.1,14.2,15.3,13.4,12.2,12.4,12,13.1,10.9,10.2,10.2,12.5,14,16.5,21.4,17.6
20160418,12.2,13.8,15,13.8,,,,15,,17.3,15.9,15.8,16.7,12.5,12.5,14.1,12.9,13.1,14.9,16.5,22.1,25.5,29.3,31.6
20160419,33.9,38,42.4,45.3,,,,,,77.5,83.5,91.5,85.5,89.4,92.7,87,84.4,83.2,84.1,79.7,75.6,76.8,76.1,74.1
20160420,75.9,75.7,78,82.3,,75.3,,,73.4,79.6,93.2,97.4,88.8,77.2,47.2,35.1,38.3,38.4,49.5,63.1,65.5,68.5,73.7,79.6
20160421,80.4,84.1,84.4,85.4,90.1,94.2,101.7,111.6,137.6,161,175.8,174.5,154.6,,105,68.4,62.4,67.6,69.6,52.6,37.2,31.4,38.6,47.2
20160422,49.5,49.6,45.9,46.4,53.3,50.5,50.3,46.4,48.1,46.8,41.5,37.3,36.4,29.5,26.5,27.9,26.3,23.6,19.8,18.9,18.9,20.1,26,26.9
20160423,20.9,20.2,22.8,21.9,24.5,20.7,19.2,23.2,24.8,19.9,16.3,15.7,17.1,14.1,15.4,18.9,18.9,24.9,28.1,32.9,34,42.8,48,44.5
20160424,49,49.5,54,53.7,52.8,51.1,50.7,54,59.4,67.4,79.3,79.7,77.7,85.7,101.8,116.3,131.4,132.1,130.1,129.6,116.7,111.2,97.2,82.9
20160425,71.7,61.2,61,62.6,66.9,71.2,75.5,78.9,86.7,96,105.2,114.7,125.4,123.5,99.6,86.4,81.3,70.8,66.8,72.7,80.4,89.6,113.1,112.3
20160426,103.9,90.8,83.7,83.1,73.3,69.8,68.1,68.1,72.6,79.3,79.5,81.6,82.2,89.6,89.8,88.7,85.8,80.5,73.7,68.9,69.6,67.5,68.8,74.2
20160427,75.1,77.5,76.7,77.4,77.3,78.2,80.7,80.6,81,83.9,84.2,78.7,79.5,81.7,82.1,86.1,84,87.8,90.6,95.3,102,108.6,110.8,110.5
20160428,109.9,107.9,109.8,106.6,101.6,96.4,93.5,89.7,89.2,95.1,90.3,86.5,85.8,96.2,97.3,91.7,78.4,67.4,60,55.2,50.2,50.2,45.3,44.3
20160429,41.5,39.1,38.3,39.2,39.9,41,42.7,49.1,58.2,74.6,92.6,116.6,142.6,167.4,180.4,180.3,175.8,178.2,189.9,187.6,183.8,190.9,193.8,197.8
20160430,199.4,203.9,207.5,202.5,193.9,186.9,182.3,175.1,176.3,175.5,162.8,149.6,145.4,146,142.2,115.3,103.9,97.9,95.9,110.9,118.5,129.6,140.4,153.6
20160501,163.9,173,173.7,175.9,182.3,189,189.3,189.3,195,197.8,203.5,208.3,214.2,216.5,222.8,219.2,203,195.5,185.3,197.5,197.2,157.5,91,69.2
20160502,59.1,64.9,52,45.6,36.1,29,32.7,55.3,81.2,61,36.7,32.9,35.9,40.1,39.1,38,49.8,56.4,47.8,52,53.7,53.6,50.4,44.5
20160503,43.1,40.8,38.4,35.1,31.4,27.8,21.9,19.9,20.9,17.3,20.1,18.6,17.5,15.8,21.6,20.6,25.7,24.1,22.8,22.9,18.8,18.6,34.5,42.1
20160504,33.9,29.4,32.2,30,30.4,27,24.6,32.7,37.9,29.9,31.6,28.5,27,33.3,27.5,30.4,28.2,28.9,33.6,43,42.3,35.2,30.4,28.9
20160505,34.9,36.9,34.5,29.5,26.6,27,29.3,35.4,41.7,44.6,48.7,46.2,48.7,53.1,58.2,66.3,68.5,70.3,73.4,73.5,74.6,78,86.8,157.1
20160506,254.6,318.8,314.9,232.3,118.3,53,32.4,25.2,26.4,23.5,22.1,24.6,17.8,18.6,20,18.9,17.9,15.3,14.7,14.5,20.8,20,20.1,20.2
20160507,16.6,18.5,19.8,17.6,18.8,18.7,22.3,23.9,28.8,22.1,21,15,17.2,16.8,15.6,21.9,20.1,22.3,22,26.2,30.3,32.6,36.7,40.8
20160508,45.7,43.5,48.4,50.3,53.1,57.1,58.8,66.3,75.4,79.9,90.9,94.4,86.3,75.6,67.9,59.3,61.1,64.5,58.7,50.4,45.9,46.3,35.8,31.8
20160509,31.3,32.6,32.2,32.9,35.7,38.6,40.7,44,54.9,56.7,51.8,53.8,51,46.5,33.5,26.1,26.8,24.7,26.7,26.4,28.7,32.4,35.1,36.2
20160510,37.8,37.8,36.8,36.9,35,31.8,29.9,32.8,37.7,39.7,33.1,31.3,33.7,31.6,29.5,32.2,33.5,37.4,44.4,47,55.7,60.8,65.2,70.5
20160511,76.6,79.9,87.4,101.9,113.9,123.8,132.8,137.7,145,148.4,159.7,166.1,170.6,179.5,172.9,173.1,172.4,167,159.1,155.5,159.1,169.9,172.9,167.4
20160512,174.7,179.3,153.9,74.8,16.3,12.2,13,13.1,14,19.2,15.5,16,17.9,18.7,16.2,14.8,12.2,11.5,11.9,15.7,18.1,26.9,28.6,31.2
20160513,33.9,31,29,27,24.6,25.5,26.4,29.9,33.9,35.4,37.4,35,29,34.4,38,41.3,42.1,39.8,31.9,29.9,29.5,29.9,35,37.4
20160514,40.1,42.4,45.1,39.1,26.7,23.8,24.7,27.8,30.7,32,35.1,37.2,36.2,39.2,40.5,40.9,41.1,42.3,45.1,46.8,49,54.2,59.8,64
20160515,65.2,66,66.4,65.1,64.6,63.4,59.5,55.8,47.9,35.8,24.2,18.4,10.3,11.2,11,8.1,8.9,8.4,9,11.6,18.4,36,40.8,39.1
20160516,37,27.4,21.6,22.5,24.6,26.5,29.8,32.5,39.4,31.3,31.8,27.6,21,19.3,16.3,13.4,13.4,15,14.9,19.8,21.6,25.2,30.7,34.3
20160517,37,38.7,37.9,37.3,38.1,39.7,40.1,46.8,57.6,61.7,70.6,76.1,82.6,85.8,85.9,85.4,72.2,65.4,66.6,68.5,64.4,60.6,54.9,49.9
20160518,47.3,47.7,52.6,53.5,53,56.5,58.7,66.8,74.1,78.4,81.9,84.3,76.2,65.1,58.6,56.1,58.4,56.8,55.1,57.8,60.9,65.5,70.4,75.1
20160519,80,79.8,83.2,84.8,88.6,92.9,96.9,105.2,115.6,118,112.9,106,90.5,85.5,78.2,71.6,67.7,70.1,63.7,65.9,70.5,75.7,84.5,85.1
20160520,84.3,83.8,87,95.3,100.1,100.9,106.9,110.2,114.6,115.3,111.9,110.3,103.6,97.6,89.2,85.1,76.9,70.5,59.2,53.1,52,60.7,69.5,73.3
20160521,77.3,75.8,78.4,78.1,81.4,84.9,89.2,93.9,96.1,91.1,89.7,90.8,87.4,82.5,78.6,69.6,64.6,49.9,40.1,35.6,41.4,46.8,45.2,45.7
20160522,48.9,50.4,52,53.9,55.3,57.8,56.3,51.5,53.6,53,51.4,47,44.4,47.9,46.6,47.4,46.8,45.4,45.1,44.7,46.9,54.1,58.3,61.7
20160523,63.5,59.2,59.1,62.3,68.5,72.8,77.1,82.8,87,87.6,89.5,91.9,90.5,93.5,86.5,78.1,69.5,64.6,64.1,53,27.2,17.8,15.9,14.2
20160524,14.9,15.1,16.7,16.7,20.8,25.6,31.8,39,40.6,33.2,25.4,22.3,18.1,17,16.2,12.7,17.5,15.7,18.7,21.9,21.8,22.9,19.7,12.3
20160525,9.4,11.5,8.7,10,11.9,11.8,9.6,10.3,12.1,11.4,13.4,13.2,12.2,14.1,15.9,14,13.5,14.2,15.2,15.7,17.4,21.3,21.3,25.8
20160526,28.2,27.8,29.1,37.2,50.2,51,41.7,36.9,29.7,21.8,16.2,16.5,13.1,12.4,11.2,11.1,12.6,13.8,13.9,15.1,19.8,23.7,27.2,26.9
20160527,26.6,29.6,30.3,30.4,34.5,37.1,39.7,41.3,50.3,54.2,60.3,59.4,54.9,58,61.8,66.8,64.4,56.3,55.4,71.8,67.1,52.8,45.9,42.9
20160528,39.6,39.4,40.6,43.5,46.4,51.1,52.8,60.8,69.8,66.7,60.8,53.1,48.3,47.3,45.9,43.5,42.1,46.4,43.4,43.1,46.2,49.7,54.9,59.4
20160529,60.6,64.5,66.3,65.3,65,61.8,50.8,30.8,21.1,12.8,14.6,11.7,12.5,13.7,14.7,16,16.8,18,20.1,23.1,29.9,40.6,50.5,51.7
20160530,52.3,55.4,55.6,54.9,54.2,53.1,53.1,52.7,59.9,72.3,82.7,88.4,91.1,99.7,106.6,112.7,122.4,119.6,120.2,124.2,124.5,124.2,115.6,103.9
20160531,89.9,83.4,81.1,83.2,87.2,89.7,91.9,67.2,46,31.6,31.1,32,30.5,27.8,29.2,26.8,27.5,26.9,25.8,26.8,29,33,30.9,28.4
20160601,22.8,24,24.5,25.2,26.2,25.9,28.5,31.2,35.6,37.4,40.3,39,36.8,37.9,37.2,38,37.9,43.1,40,38.7,37.7,38.5,40.5,39.1
20160602,39.6,38.6,39.4,38.9,40,43.2,47.4,51.6,59.9,65.2,67.9,71.7,57.3,48.7,49.8,47.3,47.4,44.7,44.9,41.3,41.9,45.9,50.2,52.7
20160603,53.4,54,54.8,56.8,57.3,60.3,63,67.6,74.8,81.5,85,88.2,90.3,92.1,89.8,82.3,77.3,81,86.9,96.3,108.5,105.8,99.9,95.1
20160604,89.6,84.7,79.8,79.3,83.2,87.1,91.9,96.2,105.2,115.2,125.5,128.5,116.5,97.5,87.3,80.1,76.8,75.9,73.2,72.9,75.8,79,77,79.5
20160605,83.8,89.4,93,89.3,81.6,77.8,74.9,72.8,73.9,75.2,78,84.8,90.9,96.6,93.6,88,84,81.8,79.6,71.3,56.4,50.8,49.3,48.6
20160606,49.1,50.7,51.8,54,58.9,65.6,70.5,77.7,84.9,89.3,93.8,101.4,111.2,115.8,123.3,125.4,125.4,126.7,128.3,126.3,120.5,100.7,77,53.9
20160607,47.4,49.4,50.8,54.7,55.7,51.5,49.5,45.7,42,39.9,40.7,43.5,46.7,55.7,60.6,61.5,62.2,63,60.8,65.9,69.6,75.9,81.2,85
20160608,90.7,90.9,92.8,97.2,100.7,104.7,110,120.8,137.7,144.4,133.2,124.3,120.8,115,112.6,119.2,117.1,125.6,136,166.8,181.3,177.8,178.1,177.5
20160609,169.7,154.8,151.7,153.3,150.7,148.6,147.5,152.5,161.8,,,,122.3,106.7,85.6,72.7,63.7,57,53.8,51.7,54.7,61.8,63.6,59.1
20160610,58.5,58.6,58.4,58.7,56.8,53.9,53.9,54.9,59.6,64.7,73.2,84.9,96.7,102.9,99.3,91.8,72.1,48.1,31.4,20.6,12.2,7.7,10.1,11.8
20160611,10,10,7.8,6.4,7.5,7.7,11.2,9.8,9,8.1,7,7.1,7.5,7.7,9.2,7.8,9.1,8.9,10.2,13.9,16.4,20.4,25.2,28.9
20160612,32.8,43.6,57.8,65.4,71.7,77.1,78.5,82.8,88.1,94.1,96.6,97,88.5,73.2,58.6,51.9,52.2,45.8,47.9,43.6,46.6,56.3,62,57.5
20160613,53.9,62.6,57.6,50.1,47.8,46.7,43.8,42.6,43.9,44.2,43.4,42.7,42.9,43.1,42.9,40.6,43.2,45.1,47.6,50.1,53.6,54.4,55.5,57.9
20160614,57.5,55,53.9,54.8,53.6,51.2,49.2,46.6,42.6,39.2,35,33.7,34,31.7,27.5,21.9,21.9,22.6,22.6,22.5,21.7,22.7,21.1,20.3
20160615,21.8,21.1,16.9,15.1,14.6,16,17.9,20.6,21.1,19.3,18,16.4,15.4,14.7,15.7,17.1,19.8,19.6,21.4,24.2,27.6,28.1,26.4,26.4
20160616,28.7,29.2,26.5,26.8,27.1,31.2,30,30.4,33.1,36.1,35.7,31.7,30.8,30.6,25.1,24.5,21.4,18.8,20.6,25.2,27.7,29.1,29.1,29.8
20160617,32.9,33.6,33.3,30.1,30.3,27.9,29.8,29.5,31.9,33.4,28.6,22.4,19.8,18.4,18.7,17.2,18.7,20.6,20.1,22.6,24.1,27.5,29.6,31.7
20160618,31.7,31.7,32.6,30.7,31.9,32.6,33.6,35.2,38.4,42.5,42.7,44.9,45,39.5,38.4,40.1,43.4,43.2,45.3,44.6,49.3,53.1,60.8,67.5
20160619,64.6,58.8,56.3,56.7,55.7,56.7,57.4,63.5,75.3,80.8,77.9,70.2,57.5,53.3,43.5,35.1,32.2,31.7,34.9,36.2,43.9,55.1,94.9,129.7
20160620,146.8,149.3,140.9,128.3,103.3,82.5,83.1,87.2,92.4,101.8,100.2,97,90,83.9,72.7,68.4,67,64.7,65.4,65.4,60.7,58.2,57.9,60.7
20160621,64.9,66.9,68.3,71.1,77.3,84,93.5,104.2,123.5,140.6,147.1,143.3,138.3,124.1,103.3,94.4,97.7,105.2,98.2,88.5,63.4,32.8,33.2,40
20160622,40.6,38.9,35.9,37.5,36.3,38.4,39.7,41.7,42.1,43.4,46.7,56.8,68.9,76.9,77.4,74.5,77.4,74.7,73.5,59.3,55.3,61.1,77.2,78.9
20160623,67.1,65.9,74.6,76.6,79.7,93.5,107.5,106.6,106.2,83.6,64.6,63.6,80.2,96.3,91.2,83.6,73.9,70.6,73.9,73.5,76.8,64.8,43.8,33.5
20160624,30.6,32,32.6,31.1,28.1,23,16.9,16,11.8,10.4,9.3,8.5,7.4,7.1,8.7,8.3,9.7,12.2,8.6,9.3,10.6,9.2,7.8,8.7
20160625,8.3,8.3,9.2,9.4,10.1,10.6,11.2,13.5,13.1,10.6,10.8,13.6,14.5,17.6,19.7,21.5,22.3,25.8,25.4,27,27.5,35.1,34.4,34.2
20160626,37.2,38.1,37.9,41,42.8,43,39.6,38.3,40.6,40.3,42.7,46.3,51.2,49.2,42.3,40.5,40.8,40.4,42.1,45.2,43,47.3,47.8,46.4
20160627,45.3,46.2,50.4,54.8,56.8,62.4,66.9,69.7,69.6,61.1,53.8,57,59.5,64,75.9,77.8,77.7,74.4,75.7,68.7,52.6,48.6,49.9,51.9
20160628,55.8,56.9,60.2,63.9,62,54.8,50.4,40.8,33,31.2,30.5,38.5,46.6,52.6,60.7,66.3,74.2,84.5,89.3,93.5,96.4,99.2,101.3,100.5
20160629,99.5,94.4,93,94.6,96.1,97.8,96.6,98.7,105.1,111,109.7,104.9,105.4,108.8,109.4,106.8,107.7,113.9,116.3,117.3,110.1,116.8,114.5,111.1
20160630,102.7,95.9,90.7,74.9,64.1,61.2,61.1,61.7,64.7,69.7,73.9,74.2,63.2,54.1,46.7,42,35.1,35.1,35.5,49.1,67.3,81.5,90.3,92.4
20160701,52.6,35,26.6,22.3,18.9,16.4,16.6,14.5,12.2,8.9,9.7,8.7,9.2,10.5,12,12,12.8,14.3,20.9,25.5,26.9,27.1,30.2,31.3
20160702,31.1,37.2,41.6,45.1,49.9,49.3,53.8,65.7,74.8,76.2,68.2,59,51.1,38.4,28.1,24.7,23.5,23.8,26.1,24.8,27.5,32.9,39.4,42.1
20160703,44.6,49.2,52.8,55.7,58.4,58.3,61.1,66.9,78.4,86.5,86.5,85.2,86.5,83.5,77.7,79.1,83.5,87.9,85.1,86.5,87.5,93.2,105.2,116.9
20160704,131.1,139.5,143,154.2,172.5,174.9,174.1,172.4,169.8,163.9,148.9,132.5,117.2,110.3,108.9,106.1,99.9,99.8,98.1,96.5,90.9,72.2,60.8,58.1
20160705,66.1,79.6,91.5,98.6,103.7,106.3,105.7,105.1,112.8,106.5,100.4,92.8,86.7,83.7,81.6,79.9,80.9,78.9,77.3,78.3,80.3,83.7,91.2,96.8
20160706,91.4,81,72,67.4,65,71.4,76.3,84.6,94.3,97.9,99.2,96.3,86.4,74.1,66.8,59.8,51.9,48,47.2,49.5,54.7,62.9,71,78.2
20160707,84.7,86.6,90.7,93.2,95.4,100.4,109.4,109.8,115.6,122.3,124.9,126.2,122.2,119.4,114.1,110.8,108.7,111.8,113.6,118.7,115.1,102.1,90.1,81.6
20160708,71.3,66.6,64.7,61.1,64,65.5,66.9,70.5,74.9,80.8,90.1,98.7,108.6,118.2,123.1,124,117.3,111.4,106.5,103.7,107.1,107.3,87.2,71.5
20160709,67.3,64.6,65.4,65.8,67,66.7,67.4,70.7,74,80.7,85.6,92.2,100.1,103.2,93.2,84.3,82.1,82.3,81.1,78.7,84.6,90.6,96.7,92.5
20160710,92.3,96.6,101.9,106.3,112.2,115.9,119.4,127.4,134,135.6,135.5,116.4,87,67.9,59.7,54.3,58.7,58.7,59.8,57.1,54.7,51.5,51.8,51.9
20160711,55.2,59.4,67.6,74.7,78.8,84.6,90.7,95.9,102.4,106.1,112,106.9,99.5,88.6,87.6,86.7,85.5,84.5,87.9,87.4,79.2,74,69.2,62.4
20160712,58.3,56.7,58.9,58.7,60.3,64.7,67.7,70.8,74.8,65.1,44.8,32.4,17.7,12.8,13.6,14,11.3,10.1,10.3,10.7,11.2,13.2,15.6,16.3
20160713,17.3,17.1,17,18.5,20.7,21.3,24.3,23.1,27.4,29,22.4,15.9,16.2,16.9,15.9,17.6,18.4,19.7,20.4,21.6,26,28.4,30.2,32.7
20160714,36,34.4,29.7,29.7,32.6,33.1,36,38.2,44.8,45,38.7,37.1,31.9,26.3,27.4,25.7,26.1,29.8,34.9,32.2,33.6,40.5,48.5,50.2
20160715,48.2,51.3,51.5,44.4,37,34.2,29.8,27.1,27.8,30.7,33.5,31.5,31.9,34.6,34.4,33.4,33.5,32.2,33,33,33.6,35,34.5,35
20160716,35.1,34.4,33.7,31.2,31.6,31.3,31.4,31.3,32.4,31.3,32.3,33.3,34.6,37,38.6,41.9,41.3,41.8,41.5,42.8,45.1,47.8,49.6,51.6
20160717,54.4,53.4,54.8,56.2,55.5,57.9,58.3,58.4,64.2,75.2,82.6,87.9,90.2,90.2,93.3,95,92.3,85.8,81.1,84.8,88.9,100.2,100.8,101.6
20160718,106.8,112,109.6,103.2,97.1,100.7,105.6,108.8,111.6,110.9,108.8,107.6,107.2,108.6,109.1,109.5,105.1,103.9,100.3,102.6,102.9,108.7,102,85.9
20160719,79.4,82.2,83.5,93,103.3,109.9,127,138.6,139.2,128.1,121.4,106.3,88.5,80.5,77.6,75.4,75.2,75.5,75.8,85.2,92,90.5,85.8,91
20160720,88.6,85.6,82.4,76.2,67.7,61.5,55.2,49.7,45.3,36.8,25,18.6,13.4,9.7,7.6,7.1,5.6,5.6,5.7,6.6,6.1,5.7,6.6,7.1
20160721,7.2,6.5,6,6.3,6,5.5,7.4,8.1,9.4,10.8,12.3,15.6,19.9,26.6,31.9,30.7,35.1,37.1,42.6,46.1,48.5,51.3,52.8,56.5
20160722,60.9,63.3,67,61.5,62.6,61.4,59.9,62.4,72.1,78.5,78.2,77.8,76.3,78.2,73.1,61.6,59.2,56.1,53.9,54.4,59.2,72.8,86.7,93.8
20160723,101.2,104.3,106.6,105.5,106.3,104.6,103.2,103.4,109.8,123.1,129,130.8,128.7,135.8,142.9,150.6,148.8,144.1,147,150.5,156.6,110.3,44.5,37.4
20160724,38.4,37.6,38.6,40.9,41.2,42.6,41.7,40.1,42.3,44.5,50.3,62.9,74.3,84.3,99.8,107.3,106.1,113,109,,,,,
20160725,57.5,57.7,52.7,52.5,50.1,44.8,,41.3,40.3,38,31.5,31.2,33.2,32.5,,,,,,,,,,
20160726,13.6,10.7,8.1,7.4,8.3,18.3,12.5,11.3,17.1,13.3,14.9,17.3,19.8,20.5,21,21.3,22.4,23.8,25,28.7,34.4,33.5,33.8,36.5
20160727,38.1,42.7,42.6,44.4,42.3,40.6,43,44,47.4,52.1,55.2,54.1,53.5,56.5,64.4,54.9,55.2,64.4,81.2,91.2,62.5,25.5,21.2,19.8
20160728,20.1,20,20.4,21.7,23.1,23.6,24.1,24.4,28,27.6,28.1,32.3,40.9,50.9,57.5,59.4,60.9,68.2,77.6,82.9,87.9,93.3,96.4,100.8
20160729,101.2,102.7,98.9,91.7,90.1,90.2,99.2,103.2,97.8,104.3,102.7,108.5,121.7,131.2,134.1,137.8,137.5,134.1,135.2,132.9,138.2,137.2,137.6,134.4
20160730,136.9,136.7,,,138.2,115.6,,112.9,147.8,166.7,179.3,184.5,191.1,211.1,209.6,211.4,182.4,149.4,94.3,50.5,44.1,37.9,40.8,44.4
20160731,39.9,39.9,40.7,43.4,46.1,49.5,53.9,55.2,58.7,60.3,56.3,55.3,58.1,64.5,65.6,60.5,59.5,59.3,63.4,67.6,66.7,69.8,68.3,64.1
20160801,64.9,63.1,61.3,62.1,61.4,60.5,63.9,66.9,66.4,58,56.2,57.4,55.2,58,66.1,72.8,73.4,69.2,73,78.5,85.3,91.1,102.7,106.7
20160802,110.5,112.5,103.8,93.6,80.9,64.7,61.1,57.7,55.6,,,32.3,28.5,25.2,24.6,25.3,24.8,26.9,29.9,32,36.6,35.4,39.1,44.3
20160803,52.3,58.3,61.7,64.8,,,,61.2,80.1,81.6,68.9,54.7,46,42.6,40.2,37.9,42.6,48.5,46.4,43.1,45.8,50,55.2,62.2
20160804,71.2,74,80.4,81,84.5,89.5,92.7,93.7,105.6,105.5,107.4,112.1,114,109.5,105.7,102,97.9,96.3,96.1,98.2,98.9,103.2,94.3,79.5
20160805,70,62.3,59.8,62.3,64.3,66,67.5,70.1,76.3,76.5,72.3,65.4,61.3,57,54.3,50.5,51.1,52.5,54.5,57.9,63.7,75.4,81.5,84.1
20160806,87.7,91.6,93.9,96.9,101.5,102.6,102.6,,112.5,118,112.2,101,94.3,90.9,89.9,88.9,90.9,91.2,91.4,90.1,94.6,95.4,89.2,61.3
20160807,34.4,24.7,24.4,23.3,23.5,21.4,20.4,,20.7,18.1,18.3,18.2,18.3,18.8,15.5,15.9,14.3,15.2,16,18.7,21.7,24.9,25.7,26.7
20160808,26.5,33.1,37,40.5,40.7,39.4,36.8,39.6,43.9,40.9,28.4,19.2,16.7,17.1,18.5,18.7,20,20,,,,,,
20160809,,,,,,,,,,47.4,45.5,41.5,39,40.2,41.4,45.9,52.2,54.7,49.4,46,49.1,56.1,62.9,64.7
20160810,66.7,70.6,73.6,79.1,84.5,90.6,,,98.5,89.5,79.7,71.4,69.5,68.2,65.9,72.6,76.5,79.2,86.1,90.3,91.8,87.5,83.3,80.6
20160811,76.4,76.1,76.6,78.2,79.3,79.7,84.7,85.5,89.4,95.4,98.1,96.3,88.6,85.5,88,90.9,93.5,97.6,91.5,83.7,81.1,84.1,84.9,84.1
20160812,83.1,82.5,83.9,83.3,87.4,89.8,95.6,102.8,112.3,109.1,106.9,91,62.2,32.5,,,,,,,,,22.6,
20160813,27.5,26.6,26.4,26.1,26.2,26.3,26.3,25.9,26.3,26,24.1,25.6,29.2,29.1,29.4,26.5,23.1,21.7,19.3,18.9,16.6,17.4,17.3,15.9
20160814,14.6,14.3,13.1,14,14.1,13.5,15.8,17.3,18.6,17.5,18,17.5,15.8,15.5,16.9,18.3,21,25.1,27.2,29.5,33.9,39.3,41.4,43.1
20160815,45,44.7,48.7,53.1,44.4,19.3,18.7,17.9,15.4,14.2,13.5,14.2,13.9,12,12,10.9,10.6,10,11.6,12.5,15,17.2,18.2,19.4
20160816,19.2,20.4,20.3,20.9,20.6,20.3,20,19.4,21,22.4,24.2,23.1,23.7,23.2,23.3,23,24.8,26.7,28.2,30.2,29.1,31,29.4,28.7
20160817,32.5,33.4,33.6,33.9,34,35.7,38.4,41.8,45.5,51.9,54.4,58.2,60.7,62.8,66.8,70,71.6,78.4,80.4,80.8,84.9,92,95.1,98.6
20160818,103.7,102.3,104.5,105.5,108,106.4,100.5,95.1,84.7,78.4,76.5,65.8,56.2,53.5,56.1,60.1,55.1,51.7,53.6,52.6,44.7,45.6,48.3,43
20160819,35.8,28,24,18.5,15.1,13,12.5,12.4,11,11.8,11.1,12,11.5,11.4,12.7,12.7,14,13.9,16.4,20.9,27.2,32.4,33.6,35.2
20160820,37.8,40.1,41.9,42.6,45.5,43.7,45.1,46,54.1,59.1,64.5,64.6,59.9,54.8,49.5,45.2,45.2,46.8,48.8,48,49.4,52.1,52.7,53.3
20160821,55.3,55.7,56.2,58,56.3,55,56,54.8,54.4,55.5,54,53.9,52.1,51,54.2,53.4,47,44.2,44.5,47.9,52.3,58.6,66.5,73.3
20160822,73.8,72.8,74.6,77.7,76.2,73.9,74.4,77.9,83.4,69.3,54,44,38.6,39.7,36.9,32.6,31.5,29.8,32.9,34.7,38.5,40.5,41.6,45
20160823,47.2,50.3,54.1,58.3,63.1,66.1,69.7,73.8,80.5,75.5,59.4,58.8,61.2,62.4,64.4,68.7,75.5,76.1,81.1,83.4,86.1,89.8,87.5,87.9
20160824,87.2,87.6,87.8,84.8,83.6,84,81.1,76.6,76.1,74.7,75.3,74.9,74.6,74.5,71.2,67.3,70.4,71.9,72.2,76.1,83.9,94.4,99.2,102.8
20160825,101.1,89.6,71.8,39.6,21.6,8.8,7.4,7,7.9,8.2,7.5,6.5,6.6,7.1,5.8,6.5,6.4,6.9,7.1,8.4,11.1,12.6,15.1,14.6
20160826,11.3,9.6,9.4,8.8,9.4,8.8,8.7,9.2,10.8,9.9,7.8,8.1,7.1,7.9,7.7,6.2,6.8,8.2,8.9,10.9,16,21.2,23.3,23.7
20160827,24.3,23.8,22.7,23.3,19.5,17.6,16.7,16.5,16.7,17.2,13.7,12.5,10.8,8.6,8.1,7.7,6.6,10.2,10.4,12.9,17.9,20.9,19.8,17.9
20160828,15.7,12.5,10.9,10.7,11.9,11.8,12.2,11.5,13,12.5,12.4,11.3,9.5,9,7.9,9,8.6,9.5,9.3,12,20.1,22.9,23.4,26.4
20160829,27.8,20.2,20.4,21,21,17.9,15.6,15.6,16.8,16.1,16.3,15.5,15.9,13.5,13.2,13.6,15.3,14.5,16.7,19.8,25.7,29.1,31.6,31.5
20160830,33,33.9,33.3,33.2,34,31.3,28.1,28.1,26.7,27.4,27.6,29.2,29.1,30.4,30.7,29.7,27.5,24.5,24.8,30.5,35.8,39.6,41.7,45.2
20160831,41.1,38.3,38.9,38.4,35.7,28.2,25.3,24.7,23.7,20.2,18.4,14.2,11.6,10.4,10.8,9.6,7.4,6.9,7.9,8.8,10,9.7,7.7,10
20160901,10.5,9.5,9.6,10,9.7,7.6,7.9,8.6,8.1,7.9,7.2,5.4,6.3,6.2,6.1,6.1,6.5,8,8.7,10.1,12.1,10.3,10.9,14.9
20160902,15.8,16.6,16.6,16.3,16.7,17.3,17.9,17.6,17.7,14.5,13,11.1,8.8,9.3,10.6,10.7,10.4,10.1,10.2,10.1,12.1,12.7,11.9,11.9
20160903,11.2,11.5,11.7,11.9,12.3,12.1,12.3,14.1,15.8,16.6,14.5,14.7,14.2,16.4,18.6,20.1,20.7,22.5,24,26.1,31.2,36.5,42.1,46.4
20160904,50.3,56.8,59.1,64.6,69.8,78.3,90.8,99.6,109.6,118.6,122.5,118,102.8,84.8,70.9,65.9,60.3,49.8,48.7,53.3,61.8,61.5,66.1,64.2
20160905,41.2,34.4,35,31.1,30.7,31.1,32.5,36.6,37.2,37.2,38.5,34.7,24.9,18.8,13.6,17,12.8,12.3,14.8,22.9,31.5,37.1,39.2,38.3
20160906,37.6,39.4,39.9,35.9,28.2,26.5,23.8,22.3,24.2,22.3,21.2,21.1,19.7,15.6,15.1,12,11.1,14,,,,,,
20160907,,,,,,,,,,49.6,53.9,56,49.4,44.1,43.5,43.6,38,37.9,,35.8,21.8,22.4,18.5,19.1
20160908,20.1,21.2,20.1,21.1,22.4,22.1,22.3,23.2,26.2,27.2,25.6,26,20.8,19.1,13.8,12.4,13,14.6,15.8,20.1,24,27.8,31.5,30.8
20160909,30.4,28.6,28.4,28,26.1,24.7,23.9,24.4,24.5,22.9,20.7,14.8,11.6,9.4,9.2,8.8,9.7,9.8,11.1,15.5,21.3,24.6,25.8,26.7
20160910,25.1,22.7,19,15.5,13.4,12.3,12.6,12.9,13,11.8,15.1,12.6,11.5,9.5,10.7,12,12.5,16.5,19.7,23.5,28.8,34.5,37.9,43.7
20160911,53.9,71.1,79.3,54.2,24.1,20.4,22.8,26.4,29.3,27.8,25.7,21.4,21.1,20.8,21.6,23.7,25.9,28,29.4,30.5,33.1,31,29.9,29
20160912,27.3,27.1,26.1,27.5,27.9,30.1,30.7,30.2,32.3,34.6,35.6,34,31.5,30.5,28,30.8,31.7,33.2,31.9,36,40.1,44.6,46,47.5
20160913,52.5,50.3,56.2,58.2,59.4,62.8,63.3,66.6,77.7,94.4,102.2,109.2,110.9,111.7,103.8,99.5,95.2,90.3,82.9,80.5,82.7,85.5,90.9,93.5
20160914,97.3,99.2,97.9,97,99,95.7,100,96.1,110.6,125.2,127.9,133.2,124.2,104,90.3,83.7,82.6,89.2,95.2,81.9,64.8,69.1,65.5,55.1
20160915,58.7,59.3,56.4,57,57.2,60.3,61.3,58.8,62.2,72.3,74.2,71.5,62,55.9,52.8,52.5,59.9,79.4,91.7,103.1,117.4,131.2,140.8,145
20160916,146.5,152.1,146.2,138.3,134.6,129.6,130.2,139.8,145.9,155.1,170,177.3,175.6,168.2,159.5,142,144.2,145.9,145.2,122.3,64.2,38.3,41.4,46.3
20160917,50.8,58.6,64.2,65.9,60.3,61.4,65.2,63.8,53.1,43.5,41.2,35.1,28.8,28.3,27.1,25.7,26.3,27.7,27.1,29.4,29.8,29.4,29.2,29.1
20160918,27.1,26.2,24.1,23.1,22.4,22.8,22.6,23.8,22.8,26.6,26.5,25.1,23.6,22.5,20.4,21.7,15.1,11.7,13.3,15.5,18.7,18.4,18.2,16.5
20160919,15.3,15.7,14.2,11.6,9.6,8.7,8.5,8.7,10.1,9.4,7,5.4,6.1,6.5,6.9,6,6.6,6.5,7.8,11.8,22.7,23.5,23.8,25.7
20160920,27.2,25,23.9,21.5,20.7,17.4,13.9,15.5,17.5,17.1,16.3,15.5,14.7,11.7,11.1,12.9,13.3,14.6,16.8,21.5,28.4,33.6,38.2,41.6
20160921,40.7,41,45.6,44.2,46.9,49.7,53.3,56.4,58.3,60.8,63.6,66.4,66.8,68.9,70.6,77,77.2,76.1,75,78,79.2,79.9,80.8,85.8
20160922,89.2,90.5,89.9,88.9,86.9,85.1,85.4,84.3,87.3,87.9,88.1,90.1,93.9,99.5,100.5,105.9,112.1,117.2,119.9,123.2,127.5,131.4,133.9,131
20160923,122.6,100.9,84.4,82.7,87,96,98.1,94.3,103.9,120.2,122.3,117.4,117.7,116.4,121.3,121.4,121.9,118.5,118.1,124.2,138.5,149.8,154.8,158.8
20160924,156.9,143.6,101.4,64.6,58.8,60.4,54.2,47.7,46.6,54.8,63.4,77.7,96.4,117,132.9,146.4,154.2,162.9,173.4,185.7,197.3,202.4,200.8,203.8
20160925,209.9,214.3,212.4,209.4,203.6,193.6,184.4,173.2,162.5,157.7,152.8,151.4,156.1,152.3,145.2,149.9,158.4,161.5,158.1,160.7,155.3,132.1,118.5,106
20160926,98.4,89.3,80.7,55.4,39.3,32.3,31.7,33.3,32.4,35.4,37.8,42.1,46.8,50.4,55.3,58.2,67.1,74,75.1,80.3,82.1,85.8,89.4,86.4
20160927,86,84.7,81.2,78.8,65.3,36.2,20.1,13.9,12.2,10.2,9.3,7.5,6.9,6.9,7.1,7.2,9.1,11.3,11.8,11.6,11.4,13.1,12.7,12.2
20160928,12.8,13.8,12.3,11.6,11.3,10.1,11.3,12.8,13.2,12.2,8.6,9.4,9.3,9.4,10.5,11.5,12.4,12.8,13.5,20.4,28.2,32.9,35.8,40.2
20160929,40,36.7,36.6,35.1,34.5,34.1,31.6,28.1,29.5,35.3,40.8,47.8,48.5,53.6,54,56.7,62.7,71.9,74.5,74.3,81.1,82.5,84.7,87.9
20160930,89.5,88.9,89.5,85.7,78.8,76.6,76,75.6,76.9,82.2,87.3,89.6,95.3,99.6,103.7,105.3,103.9,105.8,108.4,116.4,128.5,129,130.5,131.8
20161001,134.1,135.7,138.1,144.7,148.2,144.9,145.1,145.4,151,163.8,180.4,191.2,195.7,194.7,174.3,158.5,161.6,160,155.8,163.5,177.2,182.7,183.1,184.5
20161002,189.3,192.9,194,189.7,182.8,175.2,170.7,168.2,177.1,185.9,184.8,186.8,183.4,177.6,172.2,164.8,161.8,164.4,171.7,186.2,199.3,199.9,191.9,155.1
20161003,125.6,116,111.5,109.4,110,113,117,120.4,118.8,130.1,150.7,161.3,160.6,138.7,114.3,86.3,70.1,74.4,92.1,110.3,118.2,126.7,135.5,146.7
20161004,117.9,49.6,27,21.5,22.1,21.8,21.3,22,24.2,26.4,27.8,27.7,30.3,32.6,35.7,39.7,38.8,38.3,36.8,36.7,35.9,35.1,33.3,31.4
20161005,29,26.9,24.6,27,36.6,40.5,41.2,40.9,41.7,42.9,47.3,52.3,55.3,57.8,59.1,60.1,60.7,64.4,68.9,78.5,86.4,90.4,92.1,91.6
20161006,87.5,84.8,83.7,79.1,79,78.9,77.1,80.3,79,77.6,72,66.6,61.7,58.3,56.1,56,55.5,57.3,61.1,65.6,67.2,61.2,50.8,46.5
20161007,41.6,40.8,40.1,38.2,36.9,35.6,35.7,37.3,38.3,38,39.2,40.5,39.9,39.5,37.8,39.6,43.2,43.7,45.1,47.5,48.1,44,30.5,16.9
20161008,12.2,8.5,8.8,7.6,9.5,8.1,7.2,7.5,9.5,9.6,9.3,11.1,10.6,11.6,10.2,9.7,13.2,10,9.9,14.4,22.6,25.7,26.2,27.6
20161009,26,24.7,24.1,25.8,27.7,28,28.3,28.1,27.9,27.2,30,32.3,37.9,42.1,33.9,30.5,27,25.1,31.2,38.1,44.9,47.8,50.6,53
20161010,53.8,54.8,56.6,56.4,56.2,55,54.5,53.7,52.8,56.5,64.1,77,87,99.3,106.7,111.9,117.7,129.7,123.1,129.1,135.4,140.9,143.5,142.4
20161011,138.5,135.8,132.6,128.7,125,122.5,118.2,116.7,117.5,115.2,112.4,112.3,120.9,126,139.7,140,136.8,121,117.7,114.9,103.6,86.6,72.9,65.2
20161012,60.4,58.6,55.9,52.8,53.2,54.8,56.7,58.4,62.1,65.7,71.7,76,80.4,85.2,87.7,92.4,90.8,87.2,87.5,94.8,104,110.3,117.2,119.7
20161013,119.5,117.7,114.2,111.5,106.7,101.9,101,100.4,103.7,114.8,128.3,140.1,153.4,161,165.4,169.2,166.3,179.8,191.8,206.8,218.7,222.2,217.9,219.5
20161014,216.8,211.2,206.8,197.9,197.8,189.5,184.9,175.9,175.3,186.5,214.6,243.7,260.5,268.8,289.9,282.4,247.7,232.4,234.9,246.8,256.9,243.5,237.5,233.9
20161015,213.6,193.2,178.1,183.4,187.3,168.2,162.5,150.9,145.3,147.3,155.4,167.9,171.2,174.5,178.7,177.4,175.7,180,181.2,176.5,174.8,172.9,169,168
20161016,161.5,140.7,136.8,123.1,117.1,114.8,111.1,109.6,115.5,117.6,130.4,137.9,125.5,114,100.8,94.2,85.2,87.3,90.6,96.6,105,111.8,115.4,115.5
20161017,114.7,109.7,99.7,95.1,85.9,71.1,55.2,53.4,60.4,57.7,48.7,35.8,31,25.4,27.5,28,35.3,39.9,43.3,50.1,58.2,68.8,83,89.2
20161018,93.7,91.2,85.9,78.5,68.4,64,61.7,63.8,67.3,79.9,82.6,96.3,107.9,125.1,131.4,142.1,147,149.1,157.1,165,169,173.3,176.8,180.6
20161019,176.9,177,174.7,176.3,178.8,177.1,171.9,171.2,173.1,191.8,214.1,230.4,243.8,253.7,265.5,270.7,272.6,276.6,266.4,250,239.7,225.2,223.8,224.2
20161020,215.8,212.8,220.3,227.7,227.8,219.2,139.6,79.4,57,46.9,45,40.5,38.7,39.4,40.2,40.1,40.6,43.8,47.1,46.8,45.6,44.3,43.3,40.6
20161021,39.4,39.5,45.9,40.7,42.5,43.6,43.9,45.2,45.3,45.2,47.2,47.2,49.6,53.4,53.6,52.6,51.7,48.9,44.1,39.8,38.7,34.1,31.7,31.9
20161022,29.2,28.2,27.7,26,23.8,21,18.1,15.8,13.5,13.6,11.9,10.6,10.1,11.1,12.2,10.3,12.2,12.4,14.2,17.2,17.2,18.7,20.5,23.6
20161023,25.4,24.3,24.9,25.8,24.2,25.8,24.7,24.5,27.7,25.6,23.3,21.8,21.2,21.6,22.7,23.1,24.1,24.5,26.6,35.2,35.9,39.6,44.1,43.9
20161024,45.8,46.9,44.6,44.5,43.9,43.5,41.4,38.6,36.3,39.3,45.2,51.8,58.3,70.3,74.8,75.6,72.8,79.4,78.4,82.3,86,88.6,89.3,91
20161025,91.6,90.7,87.5,83.9,79.3,74.1,68.4,68.2,70,78.7,86.9,94.2,97.7,103.9,116,114.9,104.4,108.3,107.6,113.6,123.3,128.7,128,124.6
20161026,119.8,115.1,116.9,113.4,100.9,,,,23.4,19.2,19.9,16.9,16.5,17.5,25.9,28.8,26.8,22,25.1,28.4,30.8,30.1,31,28.9
20161027,28.2,26.9,24.2,22.1,21.2,21.4,23.3,25.8,30,33.4,38,41.1,44.3,47.4,47.3,46.1,43.8,39.6,35.2,30.5,26.5,23.7,21.3,19.3
20161028,18.7,18.7,17.8,18.8,15.3,13.7,12.6,13.5,9.7,10.5,9.2,8,7.6,5.1,5.8,5.3,6,5.7,6.7,9.6,13.3,15.3,19.1,20.2
20161029,24.4,22.5,20.3,18.9,20.4,18.1,17.8,19.2,20.7,21.1,22.4,22.5,22.4,22.8,23.2,24.5,24.3,24.8,27.3,33.6,40.8,42.7,44.2,47.1
20161030,50,51.7,54.4,54.9,56.7,56.8,59.5,61.3,64.6,72.6,76.3,81.3,82.7,83.5,76.6,49,22.3,10,9.8,7.2,7,6.8,5.1,4.5
20161031,4.1,3.5,3.7,4.1,4.5,4.5,3.9,4.1,6,6.2,6.2,6.9,7,5.9,6.4,6.8,8.6,8.7,10.9,14.8,16.4,18.2,23.7,25.1
20161101,26.1,28.4,30.3,31.9,34.2,35.3,34.5,36.8,37.9,33.8,31.8,39.3,44.4,49.5,53,54.6,56.8,57.3,62.3,68.3,70.7,77.3,80.9,83.2
20161102,86.8,90.4,90.8,91.3,90.9,90.9,91.6,88.9,91.3,97.2,96.4,97,101.9,105.5,98.7,98.6,100.6,102.7,112,124.3,138.5,146.6,149.9,149.8
20161103,148.6,143.3,141.6,139.9,139.8,135.9,133.3,128.4,123.3,123.1,135.5,159.4,193.5,213.3,238.8,258,251.1,252.4,257,260.1,259.8,258.6,249,240.2
20161104,233.8,225.8,215,207.7,201.9,196,192.5,185.9,179,185.5,219.3,253.1,269.8,286.1,299,299.2,283.1,262.9,247.1,230.8,218.4,206.5,193.2,182.7
20161105,183,181.5,176.3,166.1,155.8,146.7,141.9,135,132.5,148.4,182.6,197.5,179.9,192.3,190.8,197.6,192.1,195.8,196,195.2,177.9,148.9,143.9,137.1
20161106,136,132,115.6,100.4,89.4,77.7,66,60.4,56.6,55.7,53.4,53.4,53.6,51,48.1,46.2,45.9,49.2,58.1,71.1,83.4,91.8,96.9,102
20161107,102.8,90.3,88.9,85.3,80,77.4,73.6,72.1,71.2,66.5,47.5,23.2,13.2,8.6,8,6.7,7.8,7.2,8.2,10.6,11.9,10.9,10.5,10.5
20161108,11.8,14.2,14.3,14.8,16.6,17.2,17.2,21.3,24.5,30.3,25,22.4,24.2,25.9,31.4,36.5,41.7,53.6,57.6,65.3,73.5,83.9,89.1,91.3
20161109,91.9,92.9,94.7,96.6,97.3,97.4,100.4,101.6,108.8,120.2,130,144.8,160.8,172,175.6,183.7,188.5,192.9,202.9,203.1,213.6,217.6,216.5,218.4
20161110,219,210.3,198.8,183.9,168.9,157.5,151.8,149.2,145.4,147.1,152.4,167.5,179.6,183.4,183.7,165.2,143.9,130.9,146.9,167.2,141.5,99.6,85.9,78.8
20161111,73.1,80.4,89.2,94.6,104.2,106.6,108.3,106.8,112.9,115.3,115.5,108.9,101.9,88.2,75.3,68.2,63.9,61.7,62.4,72.3,76.8,78.8,83,81.5
20161112,79.4,79.5,77.1,74.8,72.6,70.4,67.8,67.7,64.8,64.7,59.7,61.2,66.6,72.9,73.6,76.9,88.2,86.7,96.1,101.9,103.5,100.5,88,71.2
20161113,62.9,60.5,57.6,54.3,52,53.9,55.1,56.8,59.9,64,70.4,79.3,90.5,100.8,107.9,118.9,127.2,132.8,139.1,145.6,150.3,157.4,164.7,165.7
20161114,161.9,156.2,150.3,140.5,129,105.3,56.1,28.1,18.2,17.7,15.4,14.1,9.9,7.7,8.9,8.1,7.4,7.6,9.8,15.3,19.6,19.4,17.7,17
20161115,19,21.7,23.4,23.2,23.1,19.6,18.4,20.5,26.5,30.2,33.8,32.3,31.8,33.4,39.1,47.1,48.5,49.8,60.1,68.5,87.3,91.7,103,117.3
20161116,123.3,113.1,102.4,94.4,84.7,76.5,74,72.1,76.5,81.2,83.5,84,85.6,88.2,,93.3,95.4,96.2,109.1,121.7,136.6,152,155.7,158.9
20161117,162.5,162.8,160,157.3,142.4,118.9,103.1,98.9,85.9,84.8,85.7,89.4,90.1,91.9,94.5,98,103.5,109.2,116.2,122.9,132.7,139.6,143.3,147.6
20161118,152.6,157.6,158.2,164.1,167.6,163.8,162.6,162.6,164.8,169.4,174.5,186.7,201.1,212.2,218.2,218.3,221.4,221.4,214,208.8,210.1,207,206.4,202.8
20161119,207.7,213.2,214.2,205.9,194.5,182.8,172.9,137.3,99.6,71.4,54.4,45.4,38.1,36.5,31,32.4,63.6,113.8,159.3,183.7,192.8,167.9,129.4,114.1
20161120,104.3,96.1,84.9,75.1,65,58.2,51.2,47.8,46.2,48.7,52.3,54.6,59.2,63.4,63.8,64,61.8,57.2,47.7,41.8,32.7,23.4,16.8,14.3
20161121,12.2,12.9,12.7,11,10.1,10.6,7.9,9.2,8.4,8.7,10.2,10.1,10.8,10.1,9.4,9.5,9.4,8,9.2,9.9,10,8.5,8.1,7.4
20161122,8.2,7.2,5.8,6.4,10.4,7.1,5.5,6.8,7.3,7.9,7.3,6.7,7.5,6.8,7.8,9.2,7.3,7.5,10.3,15,24.6,23.8,20.2,20.4
20161123,22.5,20.1,18.6,18.3,15.9,16,17.6,21.6,27.8,36.2,43.5,41.6,42.5,41.8,33.8,29.7,22.7,27,44.7,57.1,56.6,62.2,47.8,43.4
20161124,40.5,36.3,34.5,30.6,31.2,35.5,38.8,42.3,53.1,73,75.2,67,66.5,72.3,76,76,83.3,93,112.6,141.9,159,167.1,166.8,170.5
20161125,170.5,166,159.6,155.5,146.3,131.5,120.9,117.4,113.2,114.1,117.8,115.7,116.3,119.7,127.4,140.4,156.4,176.8,212.4,243.3,252.3,269.1,283.5,293
20161126,292.8,283.1,273,269,256.7,260.8,263.9,262.5,262,275.5,288.6,297.6,275.8,262.1,243.6,219.6,224.8,253.8,277,290.5,302.3,305.4,298.2,296.4
20161127,289.1,270.9,249.6,169.7,128.6,98.3,80.7,56.3,32.4,18.9,13.4,9.5,9.2,9.8,8.6,9.2,8.6,11.7,13.3,18.9,24.4,35.1,36.1,32.9
20161128,38.6,42.6,54.4,61,63.1,61.5,60.8,60.9,60.2,59.2,61.2,63.7,65.4,64.9,67,72.3,74.8,80.6,90.2,114.7,114.9,108.6,110.6,106.3
20161129,108.7,108.9,104.8,99.5,91.2,87.5,81.3,79.9,80.1,75.1,92,106.8,127.6,134.9,131.2,125.7,113.4,108.4,110.9,113.1,123.8,124.4,121.5,120.4
20161130,109.3,109.4,114.9,113.7,116.9,120.2,124.2,127.2,128.1,134.9,154.9,169,182.9,159,132.8,124.1,108.2,90.8,78.8,55.5,31.5,28.4,25.6,21.2
20161201,20.6,22.3,20,15.9,17,17.5,20.3,26.4,28.8,26.3,29.6,20.8,17.4,15.4,16.8,17.8,22.1,34.2,57.4,79.5,92,97.2,102.7,110.1
20161202,114.4,118.5,119.9,110.4,99.9,85.5,76.6,72.8,68.1,71,73.9,72.7,70.9,68.6,77.7,90.9,103.1,125.2,144.2,163.7,181.1,199.5,203.1,195.1
20161203,183.1,169.5,164.3,161,156,143.3,126.8,121,118,119.8,119.9,122.7,140.3,156.8,181.9,214.8,235.5,277.2,314.9,354.1,371.9,392.1,391.6,400.9
20161204,403.1,396.1,389.7,371,357.1,337.2,317.2,301.4,275.2,259.6,252.3,238.8,221,201.1,171.5,125.4,111.3,116,156.6,223.7,243.9,253.7,249.2,242.9
20161205,212.9,170.1,146.8,127.4,113.6,105.9,98.6,87.3,77.3,51.9,27.9,12.4,9.3,7.9,7.8,7.3,6,6.5,7.7,12.7,17.7,21.8,26.5,32.8
20161206,38.3,43.1,45.8,46.2,46.2,45.1,45.1,52,65.7,72.1,75.6,78.2,79,90.9,96.6,102.6,100.1,107.9,128.4,139.3,154.9,156.7,150,149.3
20161207,156.6,143.5,133.6,126.4,117.8,108.6,91.6,74.4,68.4,83.7,105.5,133.6,122.9,109.3,109.8,125.2,148.7,151.2,152.4,154.4,163.6,184.3,172,186.4
20161208,190.7,202.2,199,200.8,199.7,197.9,189,182.6,173.2,177.6,166.2,74.9,35.1,10.4,7.6,7.9,6.2,8.3,10.8,10.1,10.4,9.3,8.7,8.1
20161209,9.1,10.8,10.6,11.3,11.2,11,11.2,12.5,14.3,15.7,16.8,14.9,14.2,,14.7,18.1,23.9,30.5,40.3,49.1,56.7,63.9,65.3,67.3
20161210,67.5,67.7,70.3,66.3,61.1,53.3,46.6,43.7,42.5,48.8,48.8,46.5,44.5,42.5,39.3,40.1,42.1,46.1,56.4,70,77.1,88.1,92.9,100.7
20161211,111,123.5,123,122,124.6,128.3,133.7,139.5,141.4,147.4,152.3,158.3,175.6,193.9,200.8,198.2,195.3,205.4,220.3,226.4,226.4,232.3,232.5,234.3
20161212,234.1,229.1,229.3,225.7,221.9,218.8,220.1,222.7,225.2,226.5,227.9,233,234.1,230.6,224.7,,,,,,222.2,217.1,212.2,206.6
20161213,203.9,189.1,171.3,166.7,153.5,115.4,74.5,56,48.8,41.5,29.4,16.6,14.4,17,18.9,22.6,25.3,30.9,41.4,51.1,51.1,40.1,34.7,27
20161214,19.9,17.8,13.7,9.9,9.5,8.6,9.9,11.1,13.7,17.7,17.5,15.4,14.2,15.3,17.6,20.5,26.3,34.9,46.1,50.2,61.1,68.2,75,81.9
20161215,84.4,83.3,79,77.8,72.4,63.1,44.9,28.3,24.5,24,20.4,11.8,8.6,7.4,6.8,7.3,8,9.1,14.5,22.7,30.1,33.1,38.1,52.9
20161216,76.3,96.5,110.6,121.7,120.9,106.1,88.4,74.1,70.9,67.1,76.5,96.5,113.9,123.5,129.1,134.1,146.6,165.1,189.3,206,208.2,210.2,203.6,197.2
20161217,185.9,176.5,187.1,174.5,153.4,137.8,133,127.3,121.9,119.4,124.9,143.8,170.2,192.3,208.5,224.4,239.1,250.9,281.3,298.9,312.8,310.5,299.6,286.7
20161218,279.1,273.5,263.6,252.8,239.3,226.5,220.1,209.5,203.3,198.1,199.7,201.1,203.3,210.5,208.7,207.8,212.5,224.1,244.1,260.7,259.2,267.6,262.3,259.5
20161219,258.3,250,249,241.4,236.2,231.4,224.6,205.2,191.3,186.4,193.9,187,195.1,203.9,204,198.1,202.6,212.7,238.6,262.5,298.2,328.3,350.7,364.3
20161220,350.2,347.1,347.5,352.6,348,339.3,319.3,308.9,299.7,300.1,313.6,333.7,346.3,375.8,387.5,381.5,370.3,366.9,363.8,362.2,360.9,363.7,369.5,373.9
20161221,366.2,362.6,353.7,342.3,335.2,336.1,336.9,339,337.7,339.6,359.8,389.7,407.3,414,410.5,402.9,397.3,402,400.5,404.7,404.5,407.1,406.5,398.1
20161222,379.7,349.3,312,262.8,165.7,117.8,75,68.2,50.7,30.1,19.5,14.1,12.9,12.8,11.6,10.6,9.8,9.9,25.8,29.1,19,14.5,16.2,17.2
20161223,17.4,18.6,18,17.5,16.2,15.4,16.6,16.3,19,21.4,20.9,21.2,,,,,,,50.5,65.7,70.8,77.2,80.7,83.1
20161224,80.1,84,90.5,94.1,96,97.4,102.8,106.9,109.6,107.3,112.1,115.9,121.5,118.6,111.4,109.1,114.1,124.8,131.6,136.2,155.8,162.5,159.7,162.9
20161225,167.4,,,,,,,,,,115.8,116.6,137,139.2,141.6,145.4,147.7,154,162.2,178.6,185.9,186.8,188.7,180.5
20161226,177.1,167.5,158.1,145.9,117,72.1,50.2,38.6,29.7,29.9,27.7,23.3,21.8,18.1,18,15,14.3,15.5,16.7,26.3,29.5,31.1,35.3,38.7
20161227,36.9,32.8,32.5,32.1,28.4,24.3,23.8,27.3,27.1,21.7,20.8,15.7,14.8,14.1,14.1,16.7,18.4,27,52.4,79.4,106.7,101.7,115.7,127.7
20161228,134.7,136.5,139.9,144.1,143.4,146,137.7,134.9,129.7,116,87.6,68.1,41.8,30.8,20.1,14.5,15.5,15.4,16.2,16.9,18.1,17.1,17.9,18.2
20161229,20.1,22.8,23,22.2,21.2,19.5,18.8,19.8,22.6,21.3,,,,,,,,,,,,,,
20170101,,,,,,,,,,,,,,,,,,,,,,,402.6,400.4
20170102,393.4,379.3,346.3,314,259.1,207.6,155.7,124.3,122.6,124.5,135.6,164.5,200.6,214.5,187.8,211.3,221.9,220.8,206.2,213.6,221.3,234.3,250.4,263.3
20170103,280.9,291,289.8,278.8,265.7,268.2,265.5,256.5,243.5,243.1,258.6,254.4,263.7,268.3,265.9,290.4,327.3,341.8,374.7,412.6,445.2,461.5,456.7,442.1
20170104,437.3,440.8,426.5,419.2,411.6,392.9,364.8,336.1,301.5,302.1,333.3,322.5,326.6,313.9,313,305.4,297.8,335.4,353,362,368.5,349.6,337,310.1
20170105,267,238.4,220.6,223.2,237.5,260.8,285.3,278.9,264.5,262.6,263.5,262.2,260.2,235.9,215.2,188.9,173.6,186,189.2,192.1,192.9,189.1,194.3,195.5
20170106,193.7,190.6,188.4,199.2,191,183.5,180.3,183.5,185,194,206.5,206.5,202.2,195.2,195.2,191.9,188.7,196.5,198.8,209.1,217.5,224.4,224.7,226.3
20170107,226.1,229.2,229.5,226,226.7,227.5,217.7,209.9,207.2,205.3,203.5,199.4,198.6,174.1,153.6,136.1,122.8,124.3,122.1,133.5,140.1,143.1,153.3,160.7
20170108,155.7,135,105.9,84.4,65.2,52.9,46.7,36.7,36.1,37.1,39.1,42.3,45.1,49.5,53.4,63.5,74.3,76.6,75,71.5,53.5,37,24.6,22.2
20170109,19.1,15.2,14.6,13,12.5,12.1,12,13.1,14.4,16.4,17.9,15.6,14.5,14.8,17.5,23.7,33.5,39.1,49.7,67,86.9,106.1,124.4,124.1
20170110,100.9,59.1,27.8,12.8,6,6.1,6.6,7.3,8.8,10.9,10.5,9.1,8.2,9.4,16.1,19.7,21.4,29.4,36.5,51.6,65.2,70.6,73.3,75.8
20170111,75,74.6,73.8,74.4,72.7,73.2,70.6,68,69.1,72.8,75.7,83.8,86.3,87.2,69.4,61.1,68,80.6,82.2,88.6,93.4,82.9,68,58.3
20170112,53,48.9,47.8,43.9,41.6,42,40,37.3,43,40.7,51.9,47.4,50,60.1,64.3,67.8,76.5,84.2,92.5,106.8,112.6,83,42.2,28.8
20170113,25.3,22.5,17.1,12,12.2,10,11,13.6,13.7,15,15.7,14.7,12.6,12.5,13.3,12.4,11.9,12.8,14.5,17.3,17.9,18.7,17.9,17.5
20170114,20.1,19.3,19.4,20.6,18.2,19.1,19.1,20.2,24.6,24.7,25.4,24.3,22,20.4,20.5,20.4,21.9,25.6,31.4,43.5,48.2,55.6,53.4,47.3
20170115,45.9,46.9,44.8,44.8,44.6,42.9,43.3,45.4,44.4,47,50.4,51.1,53.5,55.3,63.1,68.1,71.2,76.4,78.9,83.7,88,96.3,94.1,96
20170116,100,100.5,100.2,96.5,94.7,94,94.7,93.3,92,88.5,84.4,81.5,88.4,89,94.9,98.9,101.1,113.4,119,121.7,128,130,129.3,126.9
20170117,128.5,129.7,129.9,129.9,128.5,129.7,128.7,127.9,132.3,137.8,139.6,135.4,140.1,146.3,151.9,138.2,141.7,159.6,159.8,166,163.7,167.5,161.8,160.7
20170118,131,104.4,85.8,76.9,66,60.6,49.5,41.9,41.2,41.5,35.2,29.4,26.3,26.8,29.6,37.8,48.8,53,59.1,59.7,62,64.8,71.4,74.2
20170119,81.9,92.7,98.6,102.3,104.1,103.9,102.7,101.3,101.4,89,55.4,23.5,14.9,11.2,9.7,9.5,10.1,9.7,9.8,9.7,8.5,8.3,8.4,7.9
20170120,8.2,9.2,8.2,8.1,8.3,7.7,8,10.5,14,19.2,20.5,19.8,17.9,19.4,19.6,20.6,21.7,24.2,27.8,40.8,52.2,62.8,71.7,77
20170121,76.8,80.8,83.2,85.6,83.5,80.4,56.1,34.8,20.3,12.9,11.4,8.3,8.4,8.8,8.3,7.9,7.7,7.1,7.7,8.8,9.6,9.9,9.8,11.5
20170122,12.9,12.8,14.1,13.1,12.7,13.2,13.6,14.4,16.4,17.2,17,19,19.7,22.5,23.2,26.7,32.4,44.2,51.8,59.1,58.7,50,48.5,48
20170123,43.2,51,48.3,35.6,30.2,28.3,27.5,27.5,27.8,28,30.8,30.4,29.2,29.7,31.4,40.4,44.6,48.9,52.7,67.3,77.9,83.7,87.9,
20170124,97,,93.4,91.4,94.6,91.2,90.4,85.7,,72.2,69,70.9,,72.7,71.7,87.5,97.3,,117.3,124.9,,,,
20170125,158.4,163.4,167.1,169.2,169.7,169.3,171,167.5,159.7,,158.2,156.7,153.3,158.2,,172.2,177.6,188.3,200.5,212.8,230,,,
20170126,,,,,292.9,287.4,286.5,,275.4,270.9,276.8,273.5,,,133.5,59.7,,,,,,,,
20170127,,,,,8.3,9.1,10.4,12.9,18.2,30.4,38.1,34.8,38.1,,,47.3,53.9,58.2,71.9,113.1,167,216.1,272.8,307.4
20170128,352.8,564.5,586.5,538.1,488.8,460.3,430.7,408.4,365,321.6,297.5,272.2,247.6,227.7,221.8,220,221.7,218.3,228.2,239.4,250.2,257.5,264.9,271.4
20170129,259.2,248.1,205.4,82.3,32.9,17.1,10.6,10.1,10.2,10.3,9.1,10.2,11.7,12.3,12.3,13.1,13,12.9,12.2,12.9,12.3,11.1,10.6,9.2
20170130,8.8,9.1,9.2,8,7.6,8.1,8.4,9.2,10.4,14.9,17,12.1,11,11.3,14.1,13.6,20.3,41.8,65.1,57.5,64.4,68.9,71.2,78.6
20170131,82.6,89.8,94,92.6,92.2,93.4,92.1,97.6,98.5,102,103.8,99.7,86.6,80.1,74.2,65.8,65.8,65.4,68.2,82,85.5,80.9,52.1,35.4
20170201,24.8,20.8,16.5,12.5,9.5,8.7,9.5,7.7,10.1,13.8,9.3,9.1,10,11.3,11.6,13.3,17.9,28,42.3,61.3,100.7,123.7,120.5,123.3
20170202,116.5,110.7,107,105.4,97.2,84.2,74,67,66.2,67.9,70.6,68,65.6,66.6,69.1,75.7,83.8,90.9,102.6,120.5,141.8,151,165,169.6
20170203,173.6,177.1,173.5,173.2,161.7,148.9,127.9,114.9,111.6,115.7,114.6,114.3,125.3,137.5,155.5,175.6,199.8,218.3,239.1,256,273.3,291.6,304.6,307
20170204,305.5,295.9,292.7,292.1,291.9,296.6,298.6,303.2,306.5,303.4,304.2,300.1,303.5,309.9,304.8,303,301.9,294.3,295,296.5,231.6,139.6,100.6,72.9
20170205,60.3,60.9,58.1,57.9,52.6,44.8,35.1,29.7,25,23.8,20.1,14.4,10.5,9.2,8.4,9.9,11.7,13.6,14.3,14.4,12.4,12.2,10.2,10.1
20170206,10.1,8.3,6.9,6.1,5.3,,6.3,6.7,8.5,10,10.4,8.8,7.5,6.8,8.2,8.8,11.2,13.5,19.8,26.5,33.8,38.8,47.6,
20170207,,67.9,66.5,67,,,70.1,,75.2,80.1,81.8,60.3,55.5,54.2,56.7,55.6,58,70.9,,,102.9,107.9,,112.5
20170208,112.3,111.3,110.7,107.4,98.2,73.3,44.2,23.8,14.3,9.6,8.5,9.3,9.2,,11.7,10.9,10.7,10.7,,10.6,9.7,9,9.7,
20170209,,,,,,,,,,9.1,8,,8.9,,,7.2,6.8,7.3,6.3,7,7.1,7.3,7.1,7.6
20170210,7.7,6.7,6.5,6.2,5.6,5.3,5.6,5.5,6.7,8,7.3,6.8,7.4,7.8,6.9,7.4,6.8,6.7,7.1,8.7,10.6,13.2,13.7,15.5
20170211,16.6,18.8,20.2,19.9,21.1,21.2,20.4,22,26.1,34.2,30.9,22.3,18.2,17.4,17.4,19.5,25.6,34.2,42.1,63.3,116.3,195.2,218.8,206.6
20170212,200.4,177.8,154.3,135.2,106.9,89.3,77,77.7,84.3,101.6,110.4,114.7,111.4,107.3,104.3,99.5,94.8,97.8,108.3,117.1,124.9,137.5,146.1,152.5
20170213,150.1,152.2,158.7,156.5,154.6,146.5,133.5,119.7,110.4,95.4,71.5,53.6,31.3,21,22.6,21.7,22.7,26.7,35.6,58.1,91.9,113.6,140.7,152
20170214,150.2,141.5,142.4,143.3,141.2,139,134.3,132.5,137.3,142,158.2,171.4,179.9,184.9,197,203.8,206.8,209.8,205.1,211.3,223.9,230.5,232.4,238.8
20170215,243,243.9,243.5,234.7,230.4,227.4,226.8,225.8,228,238,239.3,249.7,233.5,222.1,215.2,225.5,233.3,245.9,252.8,262.7,271.3,274.7,281.7,285.7
20170216,,,,,,,,249.3,213.2,163,96.5,44.1,21.9,16.6,12.6,10.2,8.6,9.5,10.3,11.4,10.6,9.4,8.5,7.9
20170217,7.8,8.1,8.6,8.5,8.9,8.4,8.9,10.4,10.4,11.6,9.6,9.2,8.3,8.1,10.7,15.8,25,35.6,46.3,55.9,60.6,61.6,62.1,61.5
20170218,66.2,73.1,82.1,85.1,88.4,88.2,84.3,79.1,82.4,86.7,94.4,96.5,96.5,93.5,88.6,85.7,83.5,77.3,81.9,99.6,115.3,129.6,132.8,135.9
20170219,137.2,141.2,144.7,147.8,149.9,154.6,156.5,157.1,156.7,161,163.3,166.1,,158.9,118.5,57,18.1,12.1,10.9,13,10.7,10.8,10,8.1
20170220,,6.6,,8.3,6.8,,6.7,7,8.3,8.8,7.8,7.8,8.5,9,9.9,,,11.2,,20.3,26.6,32.8,36.1,42.4
20170221,,48.5,48.1,49.3,,,73.9,,,73,74.8,,72.4,,48.4,48.2,48.2,48.7,47.1,55.4,63.2,65.1,65.6,68.9
20170222,73.5,81.8,88.8,91.3,92.7,94.5,95.8,98.9,104.7,115,127.1,131.5,132,132.9,138.9,132.6,118.2,82.3,39.7,22.7,14.9,13.1,9.9,10.5
20170223,11,12.5,11.9,11.5,12,12.2,12.4,12.9,17,18.4,16.4,14.9,12.2,12.4,14.1,18.3,23.4,22.6,22.5,25,33.8,38.1,42.6,48.4
20170224,55.5,61.1,64.7,66,62.7,59.6,50.5,46.9,43.4,45.1,32.5,25,20.5,20.6,21.5,21.2,21.5,18.7,18.9,20.3,20.2,16.2,19.4,18.4
20170225,14.3,12.5,10.9,10.1,10,8.6,9.1,11.8,19.6,18.7,15.7,12.4,10.6,11,11.3,10.7,10.6,11.2,11.6,14.9,20,22.7,23.2,21.9
20170226,23.9,25.5,25.9,24.7,22.7,23.4,25.1,25.5,29.7,35.7,33.3,30.1,27.3,25,24.6,24.9,26.6,26.8,28.1,35.9,45.4,55.2,57.4,59.8
20170227,62.4,62.3,62.5,63.3,65.9,74.3,77.4,76.4,81.6,84.8,90.8,98.2,104.6,100.2,95.7,80,62.9,53.3,50.2,54.2,64.8,69.9,69.4,67.6
20170228,58.4,48.1,38.7,31.9,29,24.8,22.8,21.4,22.1,22.2,18,11.7,9.1,7.6,8.6,11.6,10.5,11,11.8,17.6,22.2,25.3,24.8,24.4
20170301,24.9,24,20.1,11.9,9.1,8.7,8.4,6.4,7,6.5,7.8,8.7,8.2,7.8,7.3,7,8.1,8.8,8,7.5,8.3,9.5,8.8,11
20170302,13.2,14.2,17.9,21.1,24.3,28.1,29.6,33.9,40.2,48.1,48.5,47.6,44.2,43.8,43.3,40.2,37.8,36.5,36.5,42.2,53.6,64.2,68.9,72.1
20170303,73.7,73.8,74.1,73.8,74.8,76.1,76.2,81.1,84.4,87.2,89.5,95.3,98.1,93.1,91.5,92.6,95.8,100.8,100,97,91.2,82,72.3,64.3
20170304,54.7,48.5,47.5,49.8,53.2,56.4,58.7,63.1,70.2,75.8,77.7,78.6,87.4,95,99.2,105.1,110.9,115.2,120.9,125.2,135.7,143.3,144.7,127.6
20170305,100.5,52.3,21.2,12.4,10.2,12.1,12.8,15.8,18.3,23.1,22.9,18.9,16.3,15.2,16.4,16.2,14.4,10.7,9.5,9.3,9.9,9.5,9.8,10.8
20170306,12.9,15,17.5,15.9,19.5,22.5,25.1,29.8,36.5,43.4,41.9,35.5,25.6,18.4,15.2,10.5,9.2,9.3,8.9,9.4,9.1,8.9,8,7.7
20170307,6.7,7.1,7.4,6.3,6.8,6.5,7,7.3,8.8,,7.9,,7.6,8.3,8.7,7.8,7.5,6,6.5,7.1,7.8,7.4,6.7,6.5
20170308,7.7,8,8.1,8.4,10.3,9.2,9.2,10.3,11.5,12.6,11.7,10.4,11.7,12.8,13.3,13.4,12,10.9,10.5,12.8,15.5,16.2,17.5,16.6
20170309,14.9,15.4,14.2,12.7,,14.1,14.2,15.1,18.1,16.7,,10.2,,,10.4,,,,11.5,,21.6,29.7,,36.2
20170310,,38,36.1,35.4,,33.3,,,39.9,38.2,30.7,,26.2,,24.9,25,28.7,,32.2,,,60.3,69.5,76.5
20170311,88.1,,96.3,,,,,,89.7,,,,,32.1,,,,,,,14.9,11.4,11.2,
20170312,,,,,9.3,,,,7.7,6.4,,6.5,6.5,,,7.5,,,,,,9.9,,
20170313,,,,,8,,,14.4,14.5,,10.5,,,,7.4,7.9,,,,,,,,
20170314,,,,,,,,,22.9,,16.1,,,,,,,,,,27.6,,,
20170315,64.3,59.7,,,,49.8,50.3,53.8,57.9,58.7,,,,73.8,75.6,,63.4,,61.9,72.4,83.4,95.7,101.5,108.7
20170316,111.1,114.7,111.4,113.7,113.7,,,,,127.6,,134.4,,,,,99.5,93.6,94.7,106.1,117.9,126.4,115.4,93.6
20170317,83.6,82.9,83.1,85.2,87.3,90.4,94.8,99.2,105.9,117.4,123.5,126.2,130.4,132.9,133.3,130.9,135.2,141,145.4,150.7,159.6,169.9,171,172.6
20170318,173.3,172.4,169,166.8,166.9,160.5,154.6,149.3,152.3,149.6,135.4,126.5,121.6,126,122.4,108.1,100,103.8,120.5,134.7,152.9,178.3,194.7,211.6
20170319,226.1,232.5,241.1,247.7,242.5,232.9,230.2,229.2,230.3,236.1,244.8,253.8,255.6,252.6,236.8,208.5,184.2,177,182.1,199.2,203.1,199.3,200.5,197.5
20170320,197.3,194.3,196.6,196.1,192.5,187.4,183,181.4,183.1,186,187.7,183.9,175.9,170.1,147.6,136.6,111.5,80,70.4,69.7,69.6,70,71.1,69.6
20170321,67.2,68.9,70,68.9,68.7,68.3,69.5,66.9,65.3,68.7,76.8,81.9,87.4,93,91.2,85.2,87.8,93.9,102.7,106.9,104,106.7,107.2,109.7
20170322,116.2,122,124.6,124.7,122.8,126.2,130.1,133.1,138.7,143.9,147,149.4,144.2,138.2,130.4,126.1,126.5,131.3,135.9,138.1,146.4,154.5,157.1,174.7
20170323,196.5,202.9,188.3,176.3,168.7,163.1,169.5,159.8,134.6,109.5,91.6,92.7,96.7,103.4,101.5,98.5,95.1,92,92.4,97.6,104.5,107.3,106.2,105.1
20170324,95.7,78.4,71.1,69.2,64.5,62,64.3,63.9,60.2,56.7,55.3,55.9,57.5,56.3,57.3,56.3,56.3,56,55.4,57.4,58.4,59.2,60.2,58.5
20170325,60.1,58.5,58.1,54.1,52.7,50.9,50.5,51.8,54.8,56.7,54.9,48.7,37.1,29.5,26.6,26.7,23,18.2,15.9,19.3,16.4,16.1,17.5,16.8
20170326,13.4,12.8,10.9,11.3,11,10.8,10.5,11.4,12.7,12.5,11.6,13.4,13.4,12.6,13.4,14.1,14,13.2,10.8,11.6,14.8,16.1,17,16.3
20170327,15.2,15.4,15.2,14.5,14.3,15.9,17.5,19.9,19.1,14.9,13,11.9,12.3,12.8,12.4,12.6,13.9,13.6,15.8,17.9,23.8,30.4,34.5,36.7
20170328,41.9,44.1,47.4,50.6,53,54.5,54.9,56.6,56.8,57.1,61.8,61.3,57.5,54.2,47.8,50.6,51.6,51.6,52.9,57.6,63.2,71.5,,86.1
20170329,91.4,,,106.6,109,,,,113.8,123.8,,145.7,147.5,138.2,122.8,119,116.8,115.8,115.1,114.3,121.2,121.1,114.5,108.5
20170330,108.3,110.8,115.1,119.7,124.3,128.5,133.3,128.3,133.6,127.3,115.5,86.3,70.3,64.4,63.3,60.6,57.1,55.4,54.1,56.3,61,61.8,60.5,57.2
20170331,53.3,51.2,50.4,46.9,36.5,22.7,18.8,18,17.8,15.4,12.3,10.8,11.1,12.1,10.5,10,11.6,11.3,13.3,14.1,20.6,31.2,36.3,38.6
20170401,42.6,43,42.9,43.8,39,29.6,25.7,28.6,24.4,19.8,16.6,14.7,13.4,14.6,16,20.8,20.5,20.9,22,27.5,39.6,60.6,70.2,72
20170402,70.4,70,69.6,70.6,67.2,66.3,66.8,69.2,72.3,74.4,71.2,69.5,68.8,66.5,61.1,53.6,54.9,59,59.5,62.9,70.6,81,89,92.7
20170403,93.7,97.8,104.2,105.7,106.2,107.1,113.4,126.9,144.7,165.5,184.1,197.5,193.8,180.5,157.5,129.5,105.6,89.2,83.6,91.3,102.8,112.7,118.8,113
20170404,107.5,105.9,108.1,111.4,117,124.9,132.3,142.5,157.9,169.6,175.6,180.1,184.8,186.9,183.7,180.3,166.2,148.9,129.5,99.5,77.4,72.5,64.6,58.5
20170405,56.8,53.9,56,55.7,57.9,60.7,63.4,67.7,68.8,66.2,65.5,62,60.3,60.9,63.8,67.3,66.1,66.4,69.2,73.7,77.8,79.4,82.1,84.4
20170406,83.9,78.1,76.4,76.4,78.5,80.7,84.3,89.1,95.5,106.1,116.5,118.8,112.8,100.2,89.9,82.6,82.8,87.8,94.1,96.3,112,126,139.3,164.9
20170407,157.3,149.7,131.9,104.6,86.7,84.1,81,79.8,50.4,53.4,57.9,59.9,60.3,63.6,70,76.5,83.7,87.4,91.8,94.9,99.7,105.9,110,114
20170408,116.1,117.1,115.9,118.1,119.2,117.6,122.5,116.7,102.2,93.5,74.3,56,42.9,34.9,32.4,30.8,30.3,35.2,43.7,59.5,71.1,81,78,77.1
20170409,71.9,69.6,68.6,68.4,67.1,67.1,68,69.7,74.1,74.7,66,60.8,56.4,56.9,58.4,57.9,60.1,61.5,64.5,62.9,56.6,56.1,54.4,54.9
20170410,57.2,59.1,61.3,62.4,64.5,65.1,65.3,67.3,72.3,75.8,76.7,81,80.4,73.2,67.3,61.3,54.6,55.7,52.8,51.9,55.7,63.4,68.8,75.6
20170411,76.7,75.7,76.3,74.9,66.3,52.8,32.2,17.1,9.8,9.9,9.8,10.4,16.2,12.5,9.1,19,11.8,8.3,11.8,12.7,14,15.3,22.3,27.5
20170412,30.7,30.5,30.1,31.2,34.4,36.5,38.4,42.3,46.1,43.5,40.9,35,29.9,21.8,21.2,18.1,16.3,12.4,10.5,14.8,21.1,39.8,51.8,51.1
20170413,45.9,45.2,43.2,42.6,41.9,44.1,46.8,48.3,51.4,49.9,51.9,66.8,56.2,63,66.9,69.8,71.2,76.8,73.6,66.5,57,59.2,64.3,69.4
20170414,73.2,73.7,75.5,73.5,72.2,71.8,73.1,77.8,90.6,98.4,83.4,67.3,54.5,52.4,46.9,43.9,36.1,26.9,31.7,30.1,32.9,37,36.2,39.2
20170415,37.9,41.1,40.5,41.9,40.6,41.2,41.9,43.8,49.5,48.2,41.2,33.7,30.6,28.8,23.5,21.4,20.1,23.6,22.9,25.9,33.4,36.2,41.4,41.5
20170416,44.2,46.4,47.7,44.2,44.6,42,46.4,46.8,52.3,53.8,66.6,98.1,116.5,119.5,117,125.9,128,127.6,131.8,134,135.7,144,149.9,148.1
20170417,146.6,146.8,146.5,147.6,148.9,147.6,147.2,151.7,164.7,183.7,195.2,186.5,164.6,153.2,146.2,136.3,119.9,108.4,94.7,75.7,60.9,50.5,33.2,21.2
20170418,17.4,20.7,26.1,26.3,22.2,21.5,18.6,20,20.8,23.7,25,20.6,24.8,18.5,22,25.8,20.3,17.3,19,20.2,19.3,25.6,28.6,30.2
20170419,32.3,29,29.6,30.4,33.1,34.9,36.7,34.5,35.7,36.2,40.5,40.8,44.4,40.1,43.2,44.1,46.8,48.8,50.4,53.1,56,58.4,61.2,
20170420,,59.1,59.2,,,58.2,55.9,,,,64,38.8,22.6,21.5,20.4,17.5,,,,15.9,17.5,16.1,13.7,
20170421,,,13.1,,,,,15.9,,19.4,18.5,,,,16.1,,,15.3,15.3,,,24.9,30.7,30
20170422,,,35.5,,,36,38.4,,,,53.1,55,,,,39.2,42.9,45.9,45.5,,,,44.4,48.6
20170423,48.7,50.7,42.1,28.1,,,14.4,11.7,,10.3,,,,14.9,13.1,,,,,,,,,
20170424,,,,,,,,,,52.4,37.5,29.4,33.2,25.7,21.8,26.5,19.9,15.5,15.7,14.2,13.3,14.7,12.2,10.5
20170425,10.1,11.9,12.4,12.1,13.1,12.7,12.2,14.4,14.8,15.3,13.8,12.1,10.8,11.1,13.1,11.6,12,12.7,13.1,15.7,20.6,22.9,23.7,27
20170426,27.8,24.5,20.3,21.5,19.4,18.5,19.5,22.8,21.9,16.6,12.3,12.2,12.6,11.3,11.1,12.8,10.4,14.4,15.3,13.7,13.3,13.2,16,15.6
20170427,18.1,28.9,24.4,21.3,19.6,18.9,19.7,23.7,23.6,20.5,17.3,17,14.8,13.2,16.6,19,17.8,18.1,17.9,17.3,16,28.4,32.1,28.3
20170428,27.9,33.5,26.8,23.1,23.9,20.8,24.1,27.4,28.9,25.1,26.1,22.6,21.5,21.5,19.6,23.4,28.1,30.7,34.5,28.8,28.4,29.7,33.4,30.4
20170429,32,35.7,35.8,37.4,35.7,37.7,36.2,42.1,47.1,40.8,36.8,32.8,31.4,33.9,33.3,36,34.4,41.7,42.1,49.1,48.4,57,52.6,52.4
20170430,54.6,53.4,53.1,52.5,48.7,41.1,42.5,46.4,54.1,65.2,71.1,66.9,65.6,62.6,62.7,66.8,58.3,54,50.8,43.8,35.9,35.5,37.3,37.1
20170501,34.8,36.2,39.7,41.2,42.7,39.3,37.9,43,53,56.7,50,51.3,49.7,52.2,45.8,51.8,43.7,46.3,37.9,35.1,31.3,30.4,30.7,27.4
20170502,30.4,37.9,33.6,34.6,33.7,35.6,36.1,42.9,47.2,55.5,57.1,51.8,60.2,69.3,76.2,79.9,79.6,74,73.1,76.3,77.8,89.9,96.7,98.2
20170503,95.1,92.3,92.7,92.1,90.4,90.9,92,94.3,98.4,98.3,102.5,94.1,83.7,75.4,63.5,57.9,50.8,48.1,43.8,34.5,33.6,31.5,30,33.7
20170504,35,36.2,37.1,51.4,104.7,264.7,360.4,514.6,571.6,575.2,549.4,506.6,413.9,365.9,346.7,320.9,321,316.5,335.7,339.9,407.8,442.2,455.5,456.7
20170505,453.2,432.3,428.7,398.7,371,351.1,335,309.4,332,226.8,142.7,108.6,61.1,52.7,50.6,40.6,32.7,28.1,27.2,26.5,30.6,29.2,34.5,38.9
20170506,39.3,75.6,40.6,41.4,45.1,40,41.6,44.9,56.2,51.9,47.3,42.4,36.5,48.6,31.5,30.3,32.6,35.2,44.5,45.9,48,52,54.7,54.3
20170507,57.1,49.2,39.7,36.5,33.4,31.1,31.6,34,44.8,49.2,46.4,40.1,33.8,34.3,30.1,32.8,24.8,28.2,32.5,37,42.7,47.5,52.7,62.8
20170508,63.3,59.6,57.8,57.4,57.3,51,53.4,57.1,58.3,61.4,63.1,70.6,75.3,71.1,72,71.2,68.2,65.6,70.6,70.7,82.4,97.1,98.1,93.6
20170509,74.5,55.2,45.3,44.8,44.3,46.5,46.3,49.3,55,62.6,68,69,64.8,57.7,56.8,53.6,50.7,49.8,43.2,40.6,37,37.5,35.3,36.6
20170510,36.7,40,42,43.9,47.4,50.6,51.2,54.8,63.1,68.1,66.3,52,35.6,26.1,22.9,22.6,23.7,27.7,32.4,33.8,39.8,42.5,41.3,41.5
20170511,42.4,38.6,37.5,35.1,30.7,29.6,32.1,34.1,34.4,33.7,36.7,48.3,55.9,52,48.9,37.7,27.9,22.6,21.1,21.3,25.7,25.7,32.4,34.6
20170512,39,40.1,38.7,41.3,42,41.1,40.4,44.2,49.7,50.7,53.1,55.6,57.2,55.6,57.5,60.1,59.4,58.6,58.7,55.4,54.1,52.4,42.8,37.6
20170513,32.2,37.9,40.7,43.8,44.6,43.3,28.7,22.5,17.9,16.5,18,20,17.8,15.3,16.4,16.7,14.9,16,18.9,16.4,18.8,21.6,25.7,
20170514,25.1,23,22.2,17,17.2,15.5,14.2,17.5,17.6,15.1,14.9,17.1,17.6,16.7,16.2,16.7,17.5,21.8,21.7,25.2,25.5,25.9,25,23.7
20170515,19.9,17.6,17.3,15.9,15.4,17.3,23.3,30.3,35.4,36.8,35.7,35.8,33.3,27.5,28.9,25.7,25.9,27.3,26.8,27.4,28.5,29.6,32.3,34.2
20170516,31.4,33.5,35.9,34.4,35.5,37.2,39.5,43.9,48.5,51.1,53.7,60.3,58.7,57.2,53.6,48.7,49.6,50.1,51.1,51.1,49.6,49.6,46.5,46.9
20170517,47,49.3,52.1,53.5,53.4,55.2,56.7,61.3,64.8,71,78.8,81,83.7,82.1,74.7,65.4,61.5,61.7,60.3,59,60.2,67.8,75.1,79.5
20170518,79.4,81.2,82.9,86.2,89.3,90.7,90.1,93.7,101.5,110.6,114.5,104.3,90.1,87.1,86,89.4,83.4,,,,,,,
20170528,,,,,,,,,,,,,,,,,,,,,,,,48
20170529,47,41.1,39,38.6,39.3,37.1,35.3,33.6,30.9,25.4,23.1,21.9,21.6,18.1,19.3,21.3,21.5,23,24.3,25.3,27.7,28.1,30,30.6
20170531,,,,,,,,,,,,,,62.8,50.4,42.6,39.6,32.9,33.4,36.1,39.2,40,38.2,31.5
20170601,,,,,,,,,26.3,24.9,21.4,19.3,19.3,19.8,19.9,22.2,22.3,26.5,29,34.2,32,26.7,25.1,24.2
20170602,,,,,,,,25.8,25.1,24.9,26,26.3,24.2,21.6,21.5,24.4,23.5,22.7,21.9,20.5,19.9,21.3,20.5,20.3
20170603,,,,,,,,,,43.9,43.9,42.5,38.3,36.7,30.3,27.8,23.3,20.1,19.5,18.2,17.9,19.6,22.7,25.2
20170604,26.6,29.2,32.1,34.8,37.6,39.1,40.7,45.9,52.8,59.2,61.3,59.9,61.6,59.6,54.5,50.8,45.2,39,36.2,33.4,31.7,36.2,38.2,41.5
20170605,,,,,,,,62.5,71.7,76.2,86.9,87.8,82.3,80.7,73.3,69.5,77.3,83.1,,,,,47.9,40.2
20170606,39.8,34,36.1,36.9,39.2,40.3,42.6,39.5,40.4,39.5,38.1,39.8,43.4,46.3,37.5,31.4,27.3,27.3,29.4,32.2,35.3,38.4,42.5,44
20170607,,51.1,53.5,57.3,60.4,62.4,63,70.5,80.1,79.3,74.9,70.6,48.9,30.5,26.8,26.3,24.1,22.4,21.7,21.8,24.7,30.9,34,32.9
20170608,34.1,35.5,32,32.2,28.5,29.7,27.9,29.8,30.5,32,32.8,32.2,29.8,28.6,23.8,18.8,19.7,14.8,14,14,16.1,22,25.9,27.9
20170609,25.4,22.9,24.1,24.3,23.7,24.8,26.4,27.4,30.1,32.1,33.8,33.3,36.7,39,34.7,27.9,27.2,27.1,27.5,30.4,32.5,36.9,45.8,35.2
20170610,23.7,20.1,19,20.2,22.4,23.8,24.3,24.8,26.9,24.4,19,19.3,17.4,19.1,21.9,21.2,21.7,24.1,25,23.9,22.8,19.5,21,22.3
20170611,22.3,21.6,22.7,24,25.9,27.2,31.2,31.2,33.5,34.5,33,31.8,27,24.2,27.6,33,38.5,38.9,40.4,40.2,39.9,38.9,36.5,34.1
20170612,31.2,27.8,28,28.7,29.3,32.4,34.6,40.4,41.4,39,36.1,36.7,33.2,35.4,35.3,37.7,38.4,39.8,40.1,39.4,36.2,35.7,35.3,36.9
20170613,38.3,37.5,38.7,39.4,41.1,43.7,43.5,45.7,47.8,45.6,45,43.4,40,40.5,35.5,36.1,31.5,31.3,31.8,31.5,33.2,35.7,39.9,46.1
20170614,48.2,49.2,50.3,50.4,49,47.5,47.9,50.9,51.8,51.4,47.5,43.2,38.3,34.2,26.7,20.4,20.1,20.1,20.6,20.7,25.1,29.4,31.6,33.3
20170615,35,36.7,36.9,37.7,38.8,41.1,40.3,44.4,45.7,48.3,43.5,43.8,41.2,38.2,33.3,31.1,31,32.2,33.4,39.2,44.5,50,53.6,60.7
20170616,63.5,65.1,65.8,66.9,64.3,67.3,66.8,67,67.7,70.7,74.5,75.9,63.2,51.3,53.3,55.8,54.3,53.7,56.8,57.9,56.9,58,58.6,56.8
20170617,58.7,62.5,60.9,64.2,64.6,67.4,70.9,74.4,82.1,86.1,77.8,72.3,73.6,71.2,76.2,80.5,85.4,78.7,77.8,84.2,101.8,112,111.9,103.4
20170618,90.2,80.6,80.8,73.5,68,68,68.5,68.7,71.1,72.9,77.6,78.8,79.6,80,76.5,70.3,67.5,70.2,74.6,74.4,72.9,64.6,58.6,54.2
20170619,48.7,46.3,44.1,41.1,40.8,39.4,39.5,37.5,38.2,38.1,41,37.2,37.2,33.8,34,32.2,33.1,31,29.2,30.3,36.5,41.5,48.6,52.8
20170620,51.2,44.6,39,32.4,27.8,29,26.4,26.8,26,28.5,26.8,26.4,27.4,29.5,32.3,32.7,30.7,32,34.4,35.9,36.8,39.8,45.4,47.1
20170621,43.3,42.5,42,45.9,48.5,49.8,47.4,47.6,47.9,49.7,51.5,51.3,54.1,57.4,58,59.8,60.3,62.2,62.5,64,56.1,43.4,31.7,24.3
20170622,21.8,18.6,20,21.1,21.3,23.4,25.2,29.5,29.3,26,26.7,28.2,28.9,31.6,29.8,30.4,33.9,39,45.8,39.6,46.7,56.4,57.7,48.6
20170623,41.9,39.8,34.7,29.9,26.7,21.8,20.5,17.2,14.5,13.2,11.5,14.6,17.3,20.2,22.3,21.2,18.8,18,16.7,16.1,14.6,15.3,16.3,17.1
20170624,17.9,17,16.8,17.5,18.2,20.8,21.6,21.3,21.3,19.4,19.5,17.3,17.1,17,17.1,17.7,16.7,19.7,21.5,24.2,25.1,28.9,30.1,31.3
20170625,32,32.4,32.5,31.9,30.7,28.5,29.6,34.1,36.9,37.6,37.4,32.4,30.2,27.6,22.6,20.8,22.1,22.3,21,19.6,18.5,20.9,20.8,22.2
20170626,23.4,23,23.7,23.2,22.4,23.2,24.8,24.8,23.4,22.8,22,20.7,19.1,19.8,19.9,20.8,24.1,23.3,23.6,23.3,26.2,30.9,33.2,35
20170627,39,40.5,46.3,49.5,58.7,64.2,71.5,84.6,106.7,117.6,117.4,114.6,106.5,94.2,73.1,68.8,68.2,63.8,59,59.3,56.9,52.2,36.6,31.2
20170628,30.7,31,35.6,43.1,57.7,64.5,73.6,83.3,95.7,107.8,111.8,115.1,118.6,119.7,120.2,119.6,106.3,107.1,104.5,101.5,103.5,109.5,119,129
20170629,134.6,131.8,121.3,59.7,52.7,51.1,55.4,54.2,59.4,64,80.1,72.8,58.3,49.5,44.6,45,45.6,51,47.1,49.8,52.5,56.6,60.3,56
20170630,53.7,54.8,56.5,60.5,65.4,70.3,73.5,77.1,81,82.5,84.6,87.5,91.8,92.2,86.8,74.9,66.2,66.6,65.6,66.2,70.4,76.7,71.8,70.1
20170701,70.6,71.2,72.7,73.2,74.4,75.8,77.8,80.9,87.1,94.5,98.6,101.9,106.4,111.5,107,91.3,86.2,87.8,87.1,84.6,81.7,86.4,95.2,109.5
20170702,118.4,125.1,131.2,135.5,137.2,136.5,133.3,129.4,121.7,112.7,108.8,108.7,106.4,98.1,92.1,83.9,80.7,75.1,62.6,49.2,39.3,35.3,33.3,34.3
20170703,35.4,36.5,42.3,46.2,48.4,52.1,57.3,62.7,69.6,69.5,68.6,68.2,70.5,71.5,71,72.1,73.7,72.8,72.2,69.9,70.1,64.4,57.1,51.4
20170704,53.1,48.3,43.4,40.5,37.6,40.2,40.6,42.4,43,40.6,43.4,48.6,50.4,53.3,56,56.4,50.8,44,46.2,47,50.3,54.8,60.1,60.5
20170705,62.5,66.6,69.2,69.3,69.9,70.5,71.5,71.2,78.1,87,93.3,95.2,100.4,104.6,104.6,103.9,95.3,92.3,88.5,80.5,81.4,79.3,70.9,60.3
20170706,58,57,59.9,64.5,74,82,92.6,111.5,123.1,136.1,134.7,122.5,117.1,109,77.6,32,23.9,22.7,23.7,24.5,31.1,39.2,39.7,37.7
20170707,34.4,35.5,31.9,31,30.7,25.6,25.5,26.2,22.2,21.3,22.2,20.9,24.5,23.3,23.3,22.8,30,35.9,42.8,50.6,55.9,60.4,36.5,15.9
20170708,13.3,12,11.8,13.2,15.5,16.6,18.8,20.3,20.3,21.7,21.4,22.8,26.5,30.3,38.4,47.4,51.5,55,56.2,61.6,66.9,76.4,79.8,84.9
20170709,89.7,94.2,100.1,100.1,93.9,91,89,83.8,90.4,,,,,,,,,,,,,73.4,68.9,53.4
20170710,35.4,20.3,18.9,21.1,23.9,26.5,27.2,28,28.2,26.7,26.7,24.3,20.2,19.8,18.8,18.4,19.8,25.4,20.4,19,23.9,31.3,31.8,30.2
20170711,31.5,31.3,34.6,35.3,33.2,30.8,28.8,28.7,31.1,33.2,40.9,44.6,56.8,56.6,58.4,57.6,60.2,69.2,72.3,70.1,67.4,70.7,73.1,77.6
20170712,82.6,87.3,89.3,78.8,74.4,75.3,71.5,67,70.6,76.5,76.4,74.8,66.6,62.9,62,61.9,64.7,63.8,69,71.7,71.2,72.8,74.6,76.7
20170713,80.4,76.3,70.8,66.7,62.5,60.2,61.6,62.5,62.3,63.7,65,74.6,74.1,78,76.3,78.9,75.9,70.4,68.8,63.5,62.5,62.9,47.1,36.5
20170714,28.5,19.9,20.3,18.7,20.7,18.8,20.8,21.6,24,23.5,25.6,25.7,31.5,32,32.7,37.4,44.9,49.2,52.2,55.2,57.8,53.1,42.3,30.4
20170715,31,31.4,29.5,28.5,24,19.7,23.1,27.8,31,30.8,31.6,37.9,38.3,38.9,38.2,39.7,40.3,40.7,39.2,38.6,42.9,46.8,51.1,53.5
20170716,55,56,58,55.2,54.2,54.8,56.1,58.1,61.6,71.7,83.5,86.6,82.4,80,79.8,78.6,75.1,68.4,65.2,61.9,60.1,55.2,54.7,55.4
20170717,51.1,48.8,43.2,44.3,43.9,42.2,44,45.9,47.7,48.9,53.5,56.8,60.2,64.3,66.8,64.5,61.6,60.6,56.3,58.8,64.2,73.8,79.6,80.8
20170718,75.6,71.8,69.4,67.7,68.3,71.8,73.1,76.8,79.8,77.5,71.2,69.4,59.1,59.2,58.9,54.3,48.4,50,50.3,52.5,54.5,53.7,44.9,49.1
20170719,52.6,57.9,61,65.1,66.6,69.3,71.4,69.9,76.1,81.6,85.6,88.4,86.1,82.1,80.2,78.8,75,71.9,70.5,71.2,71.2,71,73.1,76.4
20170720,76.7,74.7,73.3,75.3,80,85.6,87.1,93.4,104.1,107.7,102.9,99.3,93.8,93,93.9,90.9,91.8,93.8,97.6,99.3,101.6,105.6,113.3,114
20170721,97.3,62.9,28.9,24.5,23,30.7,30.6,29.6,27.1,17.6,12,8.8,8.4,,12.1,12.6,13.4,13.2,12.4,13.1,15.5,16.4,19.2,19.1
20170722,20.3,20.6,20.3,19.3,19.6,18.1,17.9,19.1,21.7,21.7,22.5,23.2,24.1,25.1,23.7,23,22.6,23.2,22.6,24.3,25,26,27.6,27.3
20170723,28.9,29.9,,,,,,,,47,48.7,42.2,44.8,49.7,53.8,53.4,51.7,49.3,47,42.9,44.8,55.6,63.6,66.8
20170724,67.3,66.3,65,63.7,61.1,56.8,51.3,45.1,43,43.8,46.5,49.9,49,41.3,35.8,30.3,27.8,24.9,22.8,21.4,22.1,22.5,22.4,23.4
20170725,23.2,23,23.4,21.1,18.5,18.2,18.2,21.8,21.9,23.5,27.6,33.7,50.9,56.4,45.5,46.7,42.5,39.2,39.3,35.7,36.1,35.7,39.2,38.3
20170726,40.1,41,38.8,37,28.2,23.4,22.6,23,22.4,21.6,20.8,21,19.2,17.8,16.2,15.5,14.3,13.7,15.3,17.5,19.7,20.6,22.7,24.9
20170727,26.1,29,30.7,31.1,31.3,31.9,32.3,31.9,36.6,39.4,39.2,39.9,39.1,41.9,40.6,39.4,42.6,45,42.2,44.3,45.7,47.5,45.5,43.7
20170728,40.5,38.8,37.3,36.4,35.6,32.6,31,27.6,25.6,24.5,25.6,25.9,24.2,20.9,20.2,18,16.6,17.7,19.3,22.5,25.5,31.2,33.9,35.5
20170729,35.9,34.3,31.9,31.9,29.7,28.1,29.1,29.1,30.7,32.1,36.4,42.8,49.5,45.1,36.7,35.6,32,29.5,27.2,23.4,22.9,22.8,24.6,26.1
20170730,27.6,34.3,32,33.1,35.5,36.5,37.8,40,45.7,50,47.7,43.9,35.3,33.8,34.2,43.5,41.3,30.5,30.7,36.4,38.2,35.5,39.1,47.1
20170731,48,55,61.3,65.7,70.9,70.8,75.8,79.3,84.6,91.6,89.5,84.7,81,76.5,73.2,72.9,70.6,72,73.3,78.9,76.9,76.5,76.8,77.4
20170801,81.4,79.8,81.7,83.1,85.1,86.4,86.6,89.6,92.6,93.7,91.7,84.7,73.7,65.4,57.4,50.2,46.1,44.9,42.5,43.8,45.2,46.9,46.7,50.6
20170802,46.8,44.1,43,41,33.3,31.5,36.2,33.6,41.6,46.2,46.8,49.7,47.4,45.4,33.9,37.7,31.7,30.5,27.7,32.8,31.8,27,20.1,23.5
20170803,16.2,14.5,13.6,8.4,8.4,7.8,9.1,17.9,22.4,19.5,20.4,22.4,22.3,22.9,22.8,20.5,20.1,21.9,26.1,30.6,34.9,38.7,38.3,37.5
20170804,34.2,30.9,30.9,30,32,30.2,29.7,28.8,27.7,31.4,30.9,26.5,23,20.1,18.7,16,17,15.9,13,15.8,17.8,19.3,17.9,18.1
20170805,18.4,22.5,24,25.1,25.3,24.3,34.5,49.5,40.2,,,24.6,23.6,24.6,27.3,32.7,32.6,29.5,30.2,35.6,43.2,41.4,31,28.3
20170806,23.1,18.4,21,23.5,24.9,25.7,26,28,30.6,32.3,30.2,25.6,17.5,13.8,12.3,11.2,9.7,8.4,9.4,11.9,14,16.4,17.9,16.7
20170807,16.7,15,13.3,11.7,11.2,10.2,10.3,10.2,9.4,8.8,7.3,9,7.4,7.7,7.3,7.8,7.4,10.8,11.2,11.2,13.3,16.6,17.6,19.5
20170808,20.9,21.9,22.2,24.9,26,27.3,28.8,31.4,36.4,41.3,38.5,34.4,32,30.3,32,33.2,32.2,31.1,29.6,32.9,29.4,28.3,20.3,12.7
20170809,10.3,9.7,10.1,13.4,15.2,14.6,16.8,16.7,17.7,18,16,16.5,20,23.1,24.8,23.4,23.2,22.7,25.4,25.9,31.1,37.7,42.8,45.9
20170810,49.8,48.1,47.4,44.9,46.7,48.6,49.1,44.7,47.6,53.9,60.5,65.7,75.4,81.9,79.8,77.9,76.5,74.1,72.8,72.9,72.7,75,74.4,74.9
20170811,76.8,81.1,88,92.3,97.4,106.5,112.7,115.3,124.3,124.4,131,125.6,130.9,126.7,100.5,78.5,70.7,66.8,75.5,73.3,75.5,59,37.8,24.9
20170812,24.7,23.6,25.3,28.4,27.6,27,28.1,26.4,26.3,25.1,25.6,23.9,25,26.4,27.5,30,30.5,29.9,27.1,27.4,29.5,37.7,42.6,46.3
20170813,47.8,47.7,48.2,46.4,47.5,49.2,48.5,45.5,46,45.8,50.3,53.8,55,59.7,61.8,57,38.5,20.2,18.8,19.3,21,22.8,24.6,25.6
20170814,26,26.4,25,24.4,22.6,23.6,23.3,24.2,27.2,28.4,30.1,28.5,27.7,28.8,30.3,27.4,25.7,26.9,26.5,28.5,30.4,32,32,31.9
20170815,32.3,34,36.1,33.5,35.8,37.2,40.3,42.5,48.3,52.6,55.9,57.3,58.5,56.8,56.4,52.8,54.1,57,62.4,63,60.7,61.4,62.4,65.4
20170816,66.7,67.9,71.2,70.7,69.7,70.3,70.2,72.1,76.3,88.1,88.7,89.2,84.3,79.6,69.6,44.2,24.6,16.1,14.7,14.6,16.9,18.5,21.2,24.8
20170817,29.2,28.6,29.1,30,29.1,24.9,26.2,25.2,25.2,20,16.3,14.1,15.8,16.8,17.1,18.1,19.1,21,21,22.6,25.5,29.2,30.9,31.6
20170818,33.1,32.9,37,37.1,38.2,40.7,46.1,56.1,65,73.7,73.4,71.2,67.1,71.4,72.2,56.2,36.3,37.3,33.8,37.8,44.2,48.2,51.8,53.1
20170819,54.5,52.6,48.4,45.2,42,44.5,50.7,47.8,42.8,40.3,38.8,37.9,35,35.3,32.2,29.4,26.9,28.7,32.2,37.5,41.1,44.3,47.1,50.8
20170820,50.4,51,51.3,50.9,55,57,59.2,61,66.4,70.5,69.7,69.6,66.8,60.4,51.6,52.1,51.5,51.5,50.9,48.7,53.2,56.2,57.4,57.1
20170821,57.8,57.5,58.1,59.2,61.7,63.9,68,72.7,80.3,81.4,81.3,73.5,69.9,61.4,58.8,58.1,59.5,62,66.9,74.8,80.4,86.6,86.1,83.7
20170822,84.4,84.6,83,86,86.8,88.1,87,89.2,92.6,98.9,97.1,96.1,91.5,76,66.2,66.2,64.2,57.5,49.5,47.8,45.6,39.7,38.9,41
20170823,46.9,54.3,59.4,57.5,45.8,42,28.5,16.9,13.1,11.3,10,8,9.4,7.5,7.4,8.5,8.5,9.2,9,9.8,15.2,18.5,20.3,19
20170824,17.5,17.8,19.2,18.8,18.9,18.9,20.1,24.8,31.1,27.7,13.6,8.3,6.9,6.3,5.8,7.2,6.3,6.4,6.1,7.7,10.3,11.7,16.8,14.8
20170825,14.2,11.6,11.8,11.2,10.7,11.2,11.5,12,12.5,13.1,11.4,10.8,8.2,6.9,6.2,6.3,6.8,5.6,6.9,7.7,11.7,14.6,15,16.8
20170826,17.6,,,,,,12.8,14,15.3,15.6,14,14.7,13,13.9,15.5,16,15.8,15.9,17.4,20.3,22.8,24,19.4,14.2
20170827,12.4,13.8,14.4,13.4,11.5,9.7,8.2,8.2,9.8,12.1,13.7,15.4,16,19.1,19.4,20.6,20.1,19,20.9,21.5,22.7,22.5,23.7,23.1
20170828,24.5,24.5,26,27,28.2,30.9,30.4,29.9,30.6,28.8,27.5,23.5,16.2,10.2,8.6,6.2,6.5,7.5,7.7,9.3,12.5,14.5,13.2,13.3
20170829,13.2,14.5,13.6,14.4,12.7,12.9,12.2,12.5,15,14.8,14.8,16.1,14.9,14.4,15.2,15.6,13.7,15.7,17.7,18.2,24.9,35,41.2,49.1
20170830,46.9,36.8,32.5,28.5,27.1,26.8,28.8,35.5,43.2,48.7,56.3,63.5,64.5,64.4,64.2,59.4,56,56,59,64.6,67.5,65.2,60.7,55.5
20170831,54.5,54.8,56,56.9,59.4,60.8,62.2,65,68.2,74.1,79.2,83.2,86.4,85.2,85.7,85.6,87.4,90.6,94.2,100,106.2,107.9,109.6,117.1
20170901,116.7,136.4,136.1,124.8,117.3,116.5,124.9,120.8,105.8,120.9,134.6,137.2,133.7,133.7,132.3,133.7,137.9,147.9,156.5,166,171.4,168.4,166.1,165.2
20170902,161.9,162.5,163.2,159.6,153.7,142.2,138.9,132,136.1,147.6,145.2,136.1,103.2,,68.1,59.6,51,42.6,44.6,47.7,52.4,51.5,46.8,45.4
20170903,43.9,42.6,44,42.9,44.2,44.9,47.9,51,56.6,63.3,70.3,62.4,50.1,44.3,44.9,47.3,54.2,60.8,62.2,64.5,71.5,78,82.2,83.1
20170904,85.4,89,91.2,95.4,98.4,96.6,99.6,101.4,106.2,111.8,115.8,110.9,97.5,88.8,81.1,75.9,72.6,66.6,60.4,63.7,72.2,76.4,80.5,73.5
20170905,74.1,75,77.3,78.7,81.1,81.1,78.5,78.7,84.6,68.9,37.8,20.4,10.3,7.9,6.9,5.3,4.4,5.6,6.7,8.2,14.3,17.5,20.3,24.2
20170906,21.3,23.2,21.7,20.1,18.2,16,15.5,14.9,15.8,11.5,12.9,9.9,10.2,10,8.5,9,11.3,12.2,15.3,21.2,26.5,27.4,29.1,30.4
20170907,31.4,32.4,28.8,29.2,24.9,22.7,22.7,23.9,26.9,26.8,30.7,34.1,38.9,41.5,42.5,45.8,50.3,65.2,71.6,75.1,91.2,106.6,109.8,107.3
20170908,106.1,106.8,99.7,99.3,103.4,104.8,107.9,101.5,103.1,107.2,119.9,123.7,117.7,114.1,107.8,107.6,109,108.8,106.2,110.1,121.4,130.9,146.8,155.1
20170909,154,156.4,155.6,144.6,130.8,119.5,111,108.2,106.5,106.9,108.9,109.7,109,107.2,106.8,98.5,90.1,85.4,82.8,78.5,82.7,84.8,88.7,88.9
20170910,95.5,106.7,119.3,124,130.2,136.8,142.3,143.2,145.1,147.3,135.7,82.2,59.9,49.5,44,44.6,46.2,43.1,44.8,41.8,43.9,46.6,53.6,52.9
20170911,54.6,54.2,55.1,51.9,48.7,43.1,35.4,23.7,14,10.9,7.4,6.2,4.7,4.1,4.8,5.1,5.9,6.5,8.3,10.2,15.2,18.8,18.5,19.1
20170912,19.2,21.6,20.7,19.2,18.9,17.8,15.7,14.8,15.1,16.7,16,12.7,11.7,9.8,10.4,10.8,13.6,18.7,27.8,36.7,41.6,42.3,44.8,47.3
20170913,45.6,45.2,44.5,44.3,41,41.8,40.9,41.3,46.8,57,68.9,84,100.3,98.5,96.5,91.1,89.8,92.4,92.8,92.7,97.9,100.5,101,100.4
20170914,103,102.1,105.6,107.9,108.8,111,110.1,111.6,118.7,127.1,125.6,111.9,91.5,74.8,51.4,41.8,41.7,36,35.6,39.5,44.3,47.4,48.5,49.2
20170915,47.2,51.3,52.3,53,54.7,56.3,60.5,63.8,73.2,70.6,74.6,80.6,82.7,81.2,74.3,61.4,47.4,44,40.6,45.3,49.7,52.2,54.8,57.1
20170916,58.8,63.7,62.5,73.8,72.4,72,74.8,78.9,85.1,92.1,101.4,104.4,105.7,105.8,104,94.8,87.9,85.8,91.6,89,95,97.9,98.2,88.1
20170917,55.1,34.5,20.8,13.7,8.3,8.9,9.5,9.7,12.6,10.6,8.9,5.8,6.1,5.8,6.1,5.9,6.6,7.2,8.8,13.2,16.8,18,19.1,19.2
20170918,20.3,20.4,21.7,20.3,20.4,18.4,15.9,18.4,18.8,19.9,20.2,19.9,23.3,27.1,27.4,28.5,28.1,30,32.1,32.8,33.4,27.8,29.8,30.7
20170919,30.5,28.5,22.5,17.9,16.2,16.1,17.1,17.8,19.4,15.2,12.3,9.5,7.4,8.7,13,6.7,6.8,6.1,10.4,9.2,12.3,16.3,14.8,13.8
20170920,13.2,12.3,12.5,10.5,9.8,9.8,10.1,10.5,13.9,13.8,12.6,10.9,10.6,7.9,8.5,8.9,10.5,11,14.2,20,25.1,27.9,32.9,33.1
20170921,34.1,35.3,35.7,34.5,33.4,32.9,33.3,36.6,39.9,44.7,52.6,61.6,70.7,78.3,81.6,77.9,74.9,75.6,76.8,79.7,82.8,82.1,73.3,64.9
20170922,63.8,57.1,43,33.8,40.2,36.1,37.4,42.3,36,24.6,14.2,10.4,8.3,7.6,7,7.9,7.9,9.7,15.3,22,28.1,28.4,28.1,26.5
20170923,26.3,23.9,27.7,30,29.2,29.9,29.7,30.3,32.7,36,42.2,45.5,50.5,56.7,58.8,59.8,63.2,63.4,63.9,68.7,71.3,74.8,72.8,72.8
20170924,72.2,74,71.3,69.8,71.6,70.8,71.7,72.4,77,80.4,77.4,67.4,55.2,48.1,44.9,42.7,44.6,47.7,54.5,68,76.4,82.5,85.4,88.9
20170925,98.9,106.8,93.3,69.1,57.7,52.4,50.1,52.1,53,54.6,59.2,65.2,75.6,83.6,90.7,93.6,93.8,91.7,89.4,91.8,98.2,99.3,97.5,102
20170926,103.5,108.1,112.4,116,115.6,116.1,111.8,108.1,83.6,39.8,22.8,12.1,10.7,11.7,10.8,11.3,11.3,10.4,10.6,11.2,12.4,13.1,13.5,13.2
20170927,14.2,15,14.5,14.9,15,16.3,18.2,19.9,23,25.6,25.5,24.7,28.1,28.8,31.9,36,37.3,37.8,37.6,39.9,42.8,42.2,37.4,36.1
20170928,25.5,11.6,8.1,7.1,6.5,6.3,7.7,9,12.3,9.4,7.1,4.9,4.8,11.8,5.7,6.4,6.6,6.4,14,13.2,17.4,25.9,26.8,
20170929,31.1,29.2,35.5,30.6,34.7,34,32.3,31.4,34.3,35.2,39.2,40.9,49.2,46.7,47.9,50.2,51,48.6,48.5,56,66.5,68.4,65.1,71.5
20170930,74.3,66.9,60.5,59.9,59,63.8,64.5,64.7,71.4,82.5,97.5,116.7,136.2,152.4,155.8,150.9,152.8,141.7,145.3,156.8,172.9,168.8,172.2,175.6
20171001,177.1,176.7,171.2,163.3,152.9,144.1,146.3,148.2,144.5,104.1,54.9,28.8,21.7,17.2,12.9,11.5,9.5,9.3,11.6,13.7,15.1,16.1,17.2,16.2
20171002,17.7,18.1,13.9,12.9,9.8,9.9,10.2,11,9.4,11.2,10.4,10,10,9.9,10.6,9.2,10.8,12.1,13.7,14.6,16.6,17.7,17.6,17
20171003,16.7,17.1,16.7,17.5,16.5,15.6,16.5,16.1,15.5,16.2,16,15.3,11.4,8.2,8,9.2,10.7,12.2,14.8,15.8,19.6,23.6,26.3,27.5
20171004,30,30.6,30.1,30.6,25.9,24.1,22.1,20.7,20.2,21.9,24.7,29.9,34.5,37.5,38.8,35.8,33.2,29.3,27.7,30.5,33.9,37.1,42.3,47
20171005,53,54.7,57.3,56.9,57.5,55.1,56.1,56.1,61.6,66.7,68.2,62.9,55.1,51.3,49.8,47.2,48.2,48.8,47.6,49.3,54.9,59.2,60.5,60.8
20171006,60.7,60.5,62.3,64,64.2,65.1,68.8,69.8,71.5,78.1,82,79.3,73,66.9,62.5,61.5,60.6,57.8,57.1,59.8,63.7,64.4,69.9,74.3
20171007,74.1,76.6,76.6,78.6,82,82.5,81.9,84.3,92.6,99.5,107.3,115.9,122.2,127.8,133,137.7,136.5,138.5,144.4,148,149.6,151,150.7,149.8
20171008,146.5,141,139.5,135.7,139.3,137.1,135.7,135.2,135.6,138.1,142.7,140.1,137.7,134.5,132.3,122.8,112,101.6,95.2,90.1,86.8,80.2,74.3,66.8
20171009,65.6,60.5,53,51,49.1,48.8,50.9,52.9,52.3,46.6,39.5,31.3,20,11,9.4,6.6,5.3,5.6,5.4,6.2,7.6,7.1,5.7,5.3
20171010,4.2,4.9,5,3.5,4,4,4.7,4.6,5.5,5.2,4.1,5.8,5.7,6.6,5.2,5.5,4.6,4.9,5.7,6.2,8.2,8,8.8,9.7
20171011,9.2,11.1,10.2,11.3,9.8,10,10.2,12.7,13.7,12.6,14.3,13.6,11.9,10.9,7.8,7.9,7.1,7.6,10.8,14.5,15.1,13.4,11.6,10.8
20171012,11.4,10.3,9.8,9.8,9.7,9,8.6,8.6,9.4,9.4,10.5,10.5,14.6,17.9,21.7,26.7,32.7,36.9,39.3,43.9,46.3,46.6,44.2,40.9
20171013,38.9,37.5,35.3,32.6,32.1,30.6,28.6,28.7,30.9,34.3,35.8,42.6,49.9,53.1,50.8,50.2,43.7,36,45.4,51.8,58,55.9,51.9,45.6
20171014,36.4,27.5,20.8,18.1,14.6,14,12.7,14.4,13.9,14.4,11.4,17.5,17.1,18,19,22.1,18.4,25,28.9,29.4,27.9,29,30.8,31.8
20171015,32.9,31.1,34.5,32.8,33.3,35.3,33.9,33.8,36,34.9,39.3,44.5,56.3,56.2,60.3,70.2,67.7,69.3,76.7,74.2,77.5,74.9,71.6,73.7
20171016,71.7,68,63.3,49.9,43.5,38.6,27.1,22.1,20.8,17.9,24.6,21.4,24.8,34.1,34.6,40.9,44.8,44.2,53.1,53,59.7,64,71.6,71.1
20171017,69.4,68.8,64.3,62.7,60.1,57.5,54.7,57.5,61.2,69.5,75,71.8,83.4,85.5,80.2,78.5,80.6,77.2,75.8,82.6,81.6,81.4,84.2,81.5
20171018,80.5,82.1,78.6,81.1,80.1,79.9,71.9,74.3,70.9,64.9,62,63.4,62.8,64.5,59.2,59.7,60.4,60.5,60.7,67.6,67.6,68.1,63,67.3
20171019,67.4,62.5,61.3,53.7,51.5,51.2,48.7,44.9,39.2,46.7,53,56.5,58.9,57.9,57.5,52.2,54.8,51.4,61.2,61.5,72.2,66.4,68.1,64.8
20171020,58.8,59.4,63,62.6,64.5,62.1,68.5,71.8,76.8,79.1,87.1,98.2,104.8,113.3,121,117.6,120.3,125.2,125,129.9,120.9,116.5,105.1,101
20171021,96.1,90,91.1,89.3,85.1,83.2,78.3,65.2,70.3,74.5,100.8,106.7,106.1,98.9,94.7,92,82.7,73.1,56.1,43.2,41.2,36.4,32.7,29
20171022,27.7,29.7,33.7,29.8,30,31.2,31.1,31.4,32.6,34,35.4,35,35.7,37.9,39.5,47.8,42.5,44.6,45.6,46.3,49,51,50.3,49.6
20171023,48,49.3,40.4,37.9,36.2,33.5,31.6,30,28.6,29.8,30.6,31.6,34.5,29.8,29.4,28.7,30.9,34.5,38.6,46.1,49.6,56.2,50.6,51
20171024,52.4,52.3,49.9,48.7,46.8,45,41.3,39.1,39.2,44.5,51.9,61.4,72.7,81.4,83,80.5,84.5,89.2,92.3,97.5,100.4,101.9,100.5,100.3
20171025,97.3,91.3,87.4,86,81.8,80.7,81.1,79.4,82.4,93.9,104.9,110.5,114.5,115.9,118.5,122.3,124,126.4,131,134.3,136.4,139.5,138.2,133.3
20171026,129.1,124.4,120.1,116.3,112.9,111.7,111.6,111.2,117.7,136.3,156.2,164.8,174.7,181.6,183.6,186.1,181.6,180.1,177.2,174.5,172.1,165.2,160.6,158.1
20171027,151.9,149.3,150.6,151.5,153.2,157.9,160.2,159.2,159.1,164.7,163.9,167,168.6,175.7,183.2,182.9,182.4,179.5,174.8,170.1,165.9,155.7,144.9,138.6
20171028,124.7,118.2,114.5,,,,119.4,85.9,38.4,20.4,13.7,12.8,12.3,10.2,7.4,6.4,5.9,5.7,6,6.3,6.5,6.1,5.1,5.3
20171029,5,5.2,5.7,6,5.9,5.6,6,6.6,6.4,6.8,6.2,5.6,4.9,6.4,7.4,6.2,6,6,8.3,13.9,17.7,19.1,21.1,19.4
20171030,19.7,19.3,17.7,17.9,19,17.2,17.8,19.5,21.4,19.3,17.5,15.3,13.1,14.1,13.4,14,14.4,19,21.4,28.8,35.2,38.9,39.1,37.6
20171031,35.6,37.1,38.4,39.2,37.9,39.3,38.8,39.5,39.2,42.1,45.1,48.5,52.8,57.4,63,71.9,77.1,86.6,93.4,101.1,105,107.9,108.4,107.8
20171101,108.4,107.9,110.3,107.9,96.5,89.6,82.7,77.4,75.5,71.2,66.3,54,46.5,45.7,48.3,42.4,39.1,38.4,45.8,53.5,60.7,60.5,64.4,65.9
20171102,65.7,64.3,66.6,68.6,,,,,,,,,,,,,,,,,,,,
20171103,28,23.2,19,17.8,14,11.9,11.5,10.3,11.4,11.2,9.4,9.1,8.2,7.5,6,6.5,6.9,7.2,8.6,11.3,15,17.3,16.4,16.8
20171104,18.2,18.4,17,16.5,16.7,18.4,18.7,19.3,22.5,23.3,26.1,28.8,34.6,39.8,43.9,46.2,47.9,50.2,54.1,62.8,71,75.9,77.5,79.3
20171105,78.7,76.4,73.9,70.7,73.2,72.9,67.9,69.4,69.7,73.9,79.5,87.4,100,111.1,119.9,121.9,120.7,121.1,123.5,131.6,136.5,142,142.2,142.4
20171106,140.3,139.7,140.3,139.6,140.7,140.8,141.6,140.1,140.1,145.9,153,158.2,158.3,155.4,156,158.1,158,153.8,155.5,162.8,168.7,176,177.1,176.5
20171107,176.9,175.2,176,174,172.1,169,166.2,162.1,159.1,152.4,132.2,83.8,55.8,41.3,36,26,21.4,18.2,15,16.1,14.9,13.4,13.3,13.8
20171108,11.4,12.2,9.5,9,9.2,10,10.2,11.4,13.6,17.9,17.6,17.1,16.7,19.1,19.2,21.1,22.2,24.5,27.6,33.9,37.1,37.2,38.7,39.6
20171109,39.1,38.3,39.3,39.3,39.6,39.3,40,40.4,40.6,43.4,41.4,41.2,42.5,46.4,50.9,57.2,61.7,66.2,69.4,72.4,82.4,81.8,81.9,79.1
20171110,67.9,40.3,16.2,9,6.6,7.5,7.4,7.6,7.6,5.3,4.8,5.8,5.9,6.4,6.3,5.3,5.2,5.4,5.1,6.3,7.1,6.8,6.1,7.2
20171111,6.2,6.3,5.9,6.5,5.4,6.8,7.3,8.7,10.4,13.8,10.5,11.5,13.6,17.2,19.9,22.6,24.3,24.3,26.5,30,34.4,41.1,45,45.8
20171112,48,48.3,49.7,50.1,48.9,46.6,46.8,46.1,47.4,47.4,47.3,47.4,47.7,51.2,52.4,57.2,61.3,65.6,68.1,74,80.3,82.4,81.1,84
20171113,81.2,81.7,79.7,77.4,72.2,65.9,60.1,40.5,34.5,32.2,23.7,11.5,7.1,7,6.4,6.7,6.5,5.4,7.3,6.2,5.1,5.2,4.5,5.1
20171114,4.8,4.8,5.3,5.3,5.5,5.3,6.3,6.7,8,7.6,6.9,7.1,7.4,8.1,8.4,8.1,8.6,8.9,11.1,16.8,24,26.7,30,31.2
20171115,28.9,26.7,26.6,24.8,19.5,13.9,10.7,9.8,10.9,10.6,10.1,10.2,11,9.7,9.2,10.4,12.2,12.4,16.1,21.7,29.5,29.7,36.5,38.9
20171116,44,44.1,44.3,45.5,46.5,47.4,48.4,49.3,50.9,56.3,60,58.2,53,52.9,52.5,53.4,52.5,54.9,59.4,67.1,74.8,76.8,78.9,78.2
20171117,75,73.9,73.6,71.8,66.5,56.8,45.8,30.8,17.4,13.3,11.5,9.2,8.8,8.7,7.8,6.2,6.5,6.3,5.6,6.4,6.1,6.3,6.5,6.7
20171118,6.8,6.1,7.2,7,6.3,6.4,5.9,6.7,8.6,10.7,9.9,12.1,17.2,29.1,39.9,54.8,72.8,77.5,70.5,77.1,87.1,84.9,84.5,88.6
20171119,88.8,94.1,91.4,90.4,89.6,89.2,84.5,81,78.3,79.2,80,77.9,75.7,75.8,74.3,77.3,84.1,90.1,99.7,107.4,110.2,112,113,115.9
20171120,114.8,112.3,111.9,108.4,107.6,106.3,103.8,99.7,101.9,108,110.8,105.7,88.7,72.5,62.9,60.3,66.8,87.4,115.3,127.8,130.8,132.6,132.2,126.9
20171121,126.2,127.2,127.7,127.1,124.4,125.3,124.7,125.5,127.4,134.9,148.3,157.2,160.4,164.8,170.5,165.4,165.1,166.1,160.8,138.7,71.7,33.8,16.1,12.8
20171122,12.3,10.5,9,8.1,7.7,8.6,8.5,10.2,11.1,11,8.3,7.2,6.4,6.5,6.4,6.7,6.1,5.6,5.6,7.1,6,5.5,5.5,5
20171123,5.4,4.5,4.8,4.9,5.1,5,6.7,8,10.6,12.1,12.1,9.2,8.4,9.2,9.5,9.6,12.8,10.6,8.8,5.9,6.1,5.7,5.6,6.6
20171124,6.7,6.1,6.1,5.4,5.6,6.3,7.2,10.4,12.8,17.9,16.3,14,11.6,11.4,12.8,15.9,19.4,25.3,31.8,37.9,43.6,48.1,49.9,54.4
20171125,53.5,,50.2,51.1,50.9,,,,54.8,61,60.1,54.7,46.1,38.8,35.2,33.6,34,32.5,37.5,39.4,38.6,35.8,32.9,25.5
20171126,16.8,12.7,8.1,7.2,6.6,4.4,5.6,5.1,6.2,6.4,6.1,6.5,6.9,6.4,8.6,9.9,11,12.4,14.3,21.1,26,32.7,38.6,44.8
20171127,47.6,50,51.4,54.6,54.8,52.5,53.2,55.9,57.3,60.1,65.5,69.8,75.4,75.4,74.1,73,75.4,79.4,86.1,91.8,93.7,93.9,98.7,97.6
20171128,94.8,92.8,91.4,91.3,91.7,88.4,87.5,88,84.9,70.3,41.3,19.5,15.3,10.2,8.6,6.8,6.7,5.7,6.2,6.6,7,6.3,7,6.5
20171129,5.5,5.9,5.6,6.5,5.6,7.1,8,8.5,10.7,13.5,12.2,12.2,10.8,12.6,,,14.2,16,19.3,24.5,27.4,32.1,34.1,32.9
20171130,32.9,32.8,32.3,30.2,25.6,25.4,17.9,13.3,12.7,14.1,10.5,7.9,7.6,7.8,9.7,13.4,19.5,25.1,32.6,43.6,52.5,54,56.1,60.1
20171201,62.8,64.5,63.2,64.9,66.1,64.1,62.1,61.9,65.1,66.7,66.9,63.4,59.6,53.1,47.9,50.6,52.9,64.6,83.2,101.8,112.9,116.5,114.4,118.1
20171202,125.4,126.8,124.3,116.1,111,108.5,106.2,107.3,109.7,115.8,130.2,138.8,147.4,154.9,164.5,168.9,175.1,189.6,198,202.8,208.5,209.1,205.4,200.4
20171203,201.8,200.5,191,171.7,148.9,123.7,94.7,67.8,51.4,37.2,21.8,15.6,11.1,10.6,10,7.2,6.1,6.3,8.2,7.8,8.1,6.1,5.8,5.7
20171204,4.8,4.7,4.1,4.1,4.1,4.7,5.5,6.1,7.4,8.4,7.7,5.6,5.7,5.9,6.4,6.5,7.2,7.1,10.2,12.6,15.7,14.1,12.1,11.8
20171205,14.3,17.6,23.1,33.4,32.9,31.2,30.8,33.1,41.6,45.3,42,34.5,27.3,21.7,17.7,16.4,17.2,15.8,18.8,25.8,30.8,32.4,34.7,38
20171206,44.2,48.7,48.8,50.3,50.7,46.6,46.3,41.9,38.2,36.9,36.7,32.5,21.9,17.3,14.4,13.2,17,17,18.4,19.7,22.3,19.4,16.8,15.5
20171207,12.5,11.9,11.4,10.9,11.8,10.1,10.7,12,13.3,15.8,17.5,13.2,10.6,9.8,7.7,6.6,6.1,6.4,6.4,6.9,,8.2,7.3,8.7
20171208,9.1,8.3,,,8,10.6,15.1,18,33.3,25.8,30.5,,,25.8,22.9,21,22.2,23.8,27.9,35.1,40,41.5,41.5,41.8
20171209,40.2,37.5,37.3,34.9,32.7,35.3,38,37.4,39.3,42.4,48.8,46.4,43,36.9,32.5,32.9,34.8,37.9,54,54,62.7,65.9,54.9,34.5
20171210,18.3,10.2,9.7,10.8,8.6,6.3,5.4,6.7,6.9,6.9,6.8,6.3,8.5,8.8,7.7,6.3,6.9,6.8,8,9.4,10.4,9.4,10.1,11.5
20171211,11.3,13.3,12.9,11.9,10.5,9.4,7.6,7.7,6.3,6.8,8.7,10.8,7.2,7.8,7.1,6,5.5,6.3,8.1,9.9,11.1,9.6,9,9.1
20171212,7.9,7,6.8,5.4,5.9,6.1,6.6,7.2,9.2,10.6,10.8,11.6,12.9,11.6,11.7,14.6,15.7,17.3,19.5,22.7,27.6,30.9,31.3,35
20171213,38.1,37.8,37.3,32.5,30.9,28.3,29.3,29.8,31.1,34.4,31.9,29.8,27.7,29.4,30.5,32.6,34.7,35.4,38.1,42.4,44.2,46.8,50.2,53.5
20171214,54.1,55.3,57.8,60.6,62,60.6,64.4,64.8,71,72.9,72.5,75,72.9,68.7,71.9,74.9,77.8,80.2,84.3,86.9,94.4,98.6,105.4,109.1
20171215,114.6,112.6,109.3,103.4,97,92.1,80.2,60.7,39.2,28.2,22.4,15.8,13.2,13.7,12.4,9.6,9.5,10.6,12,13.4,12.9,12.8,12.3,12.2
20171216,12.3,8.9,7.4,6.6,6.9,7.1,6.8,6.9,8.1,9.8,8.5,8.1,10.7,8.2,7.5,7.9,7.2,7.8,9.3,11.2,11.9,11.4,14.7,16.5
20171217,17.2,19.6,19.8,19.2,21.2,23.2,24.8,28.8,28,33.8,40.6,38.2,33.2,29.4,25.6,26.3,31.2,29.9,30.4,38.8,43.8,48.4,46.5,56.5
20171218,46.7,41.5,36.4,31.3,26.8,23.1,19.1,15.8,15.4,15,13.7,12,10.2,9.3,7.4,6.8,7.3,6.8,7.6,9.9,7.6,7,6.3,6.9
20171219,7.8,12.9,10.8,11.6,10.1,11.5,14.5,16.5,21.2,33.2,31.4,27.8,36.4,41.3,48.1,44.2,49.2,55.4,62.1,67.6,65.8,68.6,69,67.8
20171220,65.4,55.3,47.7,39.1,32.4,26.3,23.1,19.3,19.2,19.2,15,14.6,9.6,7.6,8.3,6,7.3,10.1,12.8,21.6,29.1,32.6,35.3,37
20171221,38.4,38.6,40.6,44.1,45,44,43.1,41.1,38.6,41.3,42.1,43.8,45.9,44.4,45.7,,,65.9,83.1,98.9,109.2,117.9,117.9,114.1
20171222,104,94.3,95.1,89,87.4,80.3,73.1,69.2,62.1,55.3,41.9,31.6,19.5,16.6,12.9,13.4,12.3,14.8,17.9,27.2,29.7,30.3,28.1,28.6
20171223,30.2,28,25.7,23.6,21.6,21.6,19.8,21,23.9,30.6,35.2,40.9,46.8,46.4,43.7,42.3,53.3,46,48.4,51.6,54.1,55.1,57.8,58.7
20171224,58.3,50.5,36.6,30.9,27.7,24.9,20,17.9,16.1,14.8,10.2,9.4,9.1,8.7,8.7,7.2,7.4,7.6,7.5,9.8,8.4,8.3,7.5,7.8
20171225,7.8,9.1,9.6,9,9.5,11.6,13,16.3,21.4,26,29.2,37.8,43.3,42.1,41.2,39.5,41.8,44.1,46.9,55.2,55.9,59.2,55.6,52.1
20171226,44.9,33.1,22.1,16.9,13.1,12.6,12.7,13.6,16.7,21.1,25.9,25.3,21.4,20.5,29,23.4,25.5,28.5,34.8,42.1,46.7,49.8,50.9,56.1
20171227,55.9,53.4,52.5,54.4,52.7,54.3,53.3,57.6,57.8,63.1,68.8,74,80.8,85.9,87.9,87.4,87.9,86.2,89.7,95.6,104.7,107.7,105.6,103.1
20171228,102.6,99,96.8,95.9,87.8,81.1,77.1,76.2,79.2,85.8,94.1,101.1,107.1,117.9,121,126.7,129.3,135.1,145.8,152.2,152.4,156.9,155.1,158
20171229,158.7,160.3,161.4,159.4,157.7,154.4,152.9,151.6,150,150.8,155.7,164.5,172.6,183.7,199.6,207.9,209.9,211,210.1,210.8,211.8,212.4,211.3,210.7
20171230,213.4,215.6,212.6,206.6,210.6,214.4,213.1,210.8,209.5,205.9,204.8,201.9,173.9,108.5,81,56.4,42.3,35.2,35.5,32.2,30.2,31.4,29.5,27.9
20171231,17.3,23.8,23.3,26.6,16.4,24.7,28.7,26.4,27.9,34.1,36.7,33.9,43.2,45.6,42.6,37.4,37.6,42,51.5,63.9,64.7,63.7,64.2,62.9
20180101,62.3,63.5,52.1,46.4,42.8,35.9,28.7,28,28.1,27.9,24.4,23.8,25,23.2,23.2,26.1,32,40.4,52.7,59.6,63.2,61.4,56.1,51
20180102,46.7,45.4,44.8,45.1,48.1,47.5,49.5,51.3,49.4,50.1,46.9,40.4,27.3,21.7,18.1,15.5,13.9,13.9,11.6,18,20.3,14.9,12,11.6
20180103,11.3,12.1,11.4,7.8,9.9,9.4,11.2,10.3,10.9,10.6,13,11,10.4,10.2,9.7,10.5,11.6,11.7,16.1,19.9,23.6,22.1,22.6,20.4
20180104,17,15.8,15.7,15.3,13.1,11,11,11.3,12,13.4,13.8,14.8,12.8,12.8,12.7,14,14.7,15.2,17.4,19.2,23.1,27.2,30,33.2
20180105,36.5,37.1,39.6,37.9,36.3,33.4,33.7,33.9,33.1,32.4,31.1,25.9,24,22.1,21.1,25.2,27,29.7,35.4,45.8,65,84.1,84.9,76.4
20180106,45,26.6,25.2,21.2,19.5,18,18.7,18.7,13.3,18.8,17.2,14.4,14.9,15.3,14.8,14.7,13.9,14.7,17.3,26.8,37.8,37.8,40.5,45.6
20180107,52.6,58.5,60.3,63.9,65.8,66.5,67.3,62.4,59.9,57.3,55.5,53.3,55.1,53.3,50.4,42.6,41.4,38.5,38.8,38.3,30.5,25.2,23.9,21
20180108,20.6,19.4,20.8,20.6,20.5,21.4,22.1,24.4,21.1,16.8,13.4,11.8,11.1,11.8,11.6,11.1,9.2,8.1,7.1,7.1,7.6,7.2,6.6,5.9
20180109,6.8,7.4,6.8,8.7,8.9,12,13.6,15.8,17.3,16.9,15.4,11.4,8.2,7.1,8,6.7,6.1,5.5,4.5,5.4,5.7,5.1,4.9,5.8
20180110,4.9,4.9,5.3,5.1,5.1,5.1,5.1,5.2,6.4,7.5,8.5,8.9,7.7,6.6,7.1,7.2,6.2,6.1,6.4,6.8,7.2,7,7,7.9
20180111,7.8,7.2,6.3,6.2,7.1,7.5,7.6,7.3,7.9,9.3,9.6,9.2,8,8,8.8,8.5,9.8,10.5,13,20.9,28.5,33.1,36.9,41.9
20180112,46.1,48.7,50.6,54,54.3,53.3,51.9,48.9,43.3,39.5,44.1,38.7,41.8,42.3,50.1,52.6,57.7,73,94.2,107.9,113.7,115.4,112.7,112
20180113,108.3,101.5,97.7,90.4,80.4,69.4,59.3,54.7,58.9,60.7,62.8,63.1,65.5,71.4,75.8,91.6,125.4,162.1,185.7,195.9,195.9,198,203.1,199.2
20180114,199.2,192.7,188.4,190.8,187,182,179.5,178.1,176.6,180.9,182.8,185.5,171.9,145.4,122.4,103.7,104.7,120,135.1,130.9,116.1,101.9,68.6,38.3
20180115,31.6,29.4,28.2,28.5,22.7,21.2,19.8,21.4,22.1,25.7,25.8,25.8,26.3,27.3,30.6,35.7,42.1,47.5,52.8,59,59.4,54,52.1,52.6
20180116,53.9,52.8,52.6,49.3,43,42.3,42,42.2,41,42.1,41.1,38.2,31.2,29.3,29.4,31.4,35.9,40.4,43.4,53.6,65.1,69,69.8,69.6
20180117,65.8,68,72.8,73.1,71.5,73.1,73.2,71.3,70,72.9,76.1,76.6,70.7,57.3,37.8,24.7,20.6,18.7,18.9,17.5,19.1,18.2,20.9,19
20180118,21.4,22.2,21.5,23.8,26.3,29.5,30.1,29.6,29.3,26.9,37.4,43.4,43.3,49.9,63.4,81,90.1,98.5,115.1,135.1,145.6,153.1,155.4,153
20180119,146.8,136.4,125.9,112,107.3,101.4,94.6,90.3,89.6,89.5,91.2,81.9,69.4,60,52.1,52.5,65.8,80.4,94.2,109.7,123.6,131.7,127,98.1
20180120,64.7,54.7,53.9,50.6,44.5,39.5,33.5,32.1,33.9,40.2,36.2,35.1,42.8,50.6,55.1,56.4,53.4,43.4,35.4,30.2,28.7,27.2,29.8,31.9
20180121,28.7,28.6,30.1,32.2,34.1,35.6,36,34.5,33.2,34.6,34.1,35.6,37.8,40.2,41.9,42.8,42.9,43.3,42.6,41.8,43.1,43.1,42,42.6
20180122,43.4,45.2,48,50.1,50.1,48.9,47.3,41.1,31.9,23,24,26.4,31.3,33.2,47.5,46.6,43.9,36,26.4,20.7,15.9,11.9,10.3,8.8
20180123,5.8,5.5,5.2,5.3,5.2,5.5,5.2,5.5,6.9,7.2,7.1,5.8,7.4,7.1,7.2,6.7,7.8,9.3,11.2,15.8,21.9,28.4,33.1,35.9
20180124,37.4,27.9,25.5,19.2,14.6,12,12.4,13.9,16.9,20.6,17.8,,12,14.6,9.7,12.6,12.9,17.9,26.1,35.9,39.2,43.2,45.5,49.1
20180125,42.3,32.7,25.2,23.1,19.7,16.2,13.4,10.8,10.4,11.2,9.9,9.6,9,9,8.6,9,9.1,8.7,8.2,11.4,13.6,16.4,18.4,18.4
20180126,20.2,20.9,18.4,15.1,13.8,14.5,14.2,16.1,18.6,21,22.8,20.9,21.9,30.4,33.2,34.1,36.4,38.2,39.9,45.6,50.6,59.2,68.8,73.9
20180127,72.7,74.5,74.5,77.3,76.2,79.4,79.8,77.5,75.7,72.6,75.5,75.5,79.2,83.3,88,94.2,100.5,103.6,106.2,109.9,111.7,111,106.6,97.8
20180128,88,54.2,28.4,16.2,14.3,13,13.2,10.8,10.1,8.2,7.9,7.7,8.5,9.1,8.6,7.7,8.4,7.4,11,14.9,21.9,23.1,21.6,17.2
20180129,12.9,10.7,11.7,12.3,13.5,11.8,11.7,13.3,15.6,17.2,19.2,14.7,11.8,11.1,9.1,8.5,7.4,7.4,9,10.6,13.4,15.1,18.1,19.9
20180130,23.5,19.9,19.8,18.5,19.1,18.1,17.6,19.1,20,18.3,20.8,14,13.7,12.4,13.5,13.8,13.1,13,15.1,19.9,19.3,15.2,10.6,10.4
20180131,9.6,10.4,8.8,10.6,12.5,11.8,13.8,14.5,17.2,20.3,19.3,18.4,16.7,14.9,15.6,17.8,21.7,24.6,29.8,33.4,42,46.2,48.1,48.6
20180201,50.8,47.8,47.2,46.4,44.8,42.2,39.2,41,40.6,46.1,48.7,48.3,45,40.8,37.3,36.9,33.5,30.8,29.1,23.2,15.6,9.5,7,6.2
20180202,6,6.8,6.2,6.5,6.8,6.8,5.9,6.1,7.2,8.2,8.1,8.5,7.9,9.4,9.1,9.3,7.8,8.5,9.8,12.3,10.6,10.9,10.4,10.7
20180203,10.6,10.6,10.2,11.3,12,13,11.2,12.8,16.1,21.9,22.7,16,12.1,10.7,7.8,7.8,7.9,7.2,6.1,8.6,9.2,7.8,8.7,8.6
20180204,9.3,9.5,10.6,12.3,10.9,11,14.1,20.2,25.9,29.8,28.1,28.7,29.1,28.1,25.9,22.6,20.4,23.3,25.3,30.1,31.5,26.2,21.8,11.9
20180205,7.1,6.3,5.4,4.9,5.4,5.9,6.8,6.5,7.1,7.9,9,7.4,7.7,7,7.4,7.9,9.6,8.5,8.8,10.4,11.1,12.1,12.5,11.5
20180206,11.2,13,12.2,13.5,14.4,15.9,18.2,19.4,21.4,24.9,30.9,36.3,48.7,55.5,58.4,62.3,65.1,72.3,76.2,78.4,81.8,84.7,86.9,88.8
20180207,93.8,92.9,89.7,87,83.7,77,65.6,57.7,34,19.7,12.6,9.2,9.9,9.8,8.7,9.1,8.4,8.3,7.7,9.5,11.6,10.5,11.5,11.1
20180208,12,13.9,17.8,17.4,25.1,23.6,24.8,26.4,36.1,53.4,66.9,78.2,76,72.6,64.4,58.1,58.5,63.3,63.1,69.4,75.1,89.2,89.2,84.4
20180209,89.8,91.1,87.2,84.6,82.6,78.1,75.4,73.3,74.4,72.4,63.2,44.4,28.2,19,15.7,14,14.9,15.3,13.2,16.2,14.6,12,11.5,11.2
20180210,11.7,11.8,11.1,11.8,12.8,14.5,15.4,14.9,18.7,18,18.2,12.5,10.3,9.9,9.8,8.8,7.9,9.3,8,9.1,10.5,11,11.2,12.9
20180211,13.4,13.4,13.3,11.2,11,10.4,9.5,10.2,9.2,9.2,8.8,10.4,9.3,9.5,9.2,9.5,9.2,8.4,8.6,11.1,11.8,13.4,14.9,14.8
20180212,13.6,13.2,14.6,13.5,14.4,14.5,13.1,12,13.2,15.3,13.2,10.2,8.3,7.1,7.4,10.8,10.3,11.5,12.7,14.6,17.7,26.7,35,37
20180213,43.1,47.5,45.9,44.1,38.3,36.5,32.5,35.6,29.1,30.7,45.3,54.6,68.4,75.8,77.1,78.8,82,79.9,80.2,86.7,100.3,99.5,101.5,92.8
20180214,72.7,58.2,38.2,22.3,14.8,10.8,7.4,5.6,5.8,6.2,6.2,6.9,8.7,10.1,11.6,8.8,9.5,9.5,10.1,15.4,20,24.8,22.4,20.8
20180215,20.6,19.8,19.2,16,13,14.3,13.6,17.8,24.1,29.1,31.3,23.8,22.8,24.3,35.4,45.4,49.7,53.1,60.1,78.4,129.3,166.2,212.7,254
20180216,252.5,312.7,313.5,313.5,290.2,264,199,150.2,122.1,84.3,38.6,27.9,20.6,20.3,17.6,15.6,13.1,12.6,14.8,22.2,33.9,41.3,43.5,48.1
20180217,56.9,65,75.5,70.3,74.1,68.9,65.6,66.8,67.5,69.6,73.4,77.9,83.1,83.9,87.7,88.6,85.2,82.2,83.5,87.2,96.5,102.2,108,108.9
20180218,110.7,110.2,109.3,110.2,110.2,109.4,109.1,107.5,110.4,117.6,118.8,121.4,123.9,124.2,120.2,116.7,113.4,111.4,114.5,121.7,135.4,148.3,151.2,148.2
20180219,154.3,140.5,129,121.8,113.9,115.6,116.2,114.5,119.1,128.1,136,137.8,142.7,146.4,151.6,159,163.2,165.3,170.1,170.7,165.2,154.5,151.6,150.6
20180220,149.8,146.9,143.6,120.4,96.4,78.4,57.1,41.9,29.7,32.2,23.5,15,13,20.2,16.8,16,19.5,19.5,24.9,31.9,47.2,59.1,62.4,62.9
20180221,61.5,56,51.9,45.4,43.5,46.6,51.4,56,61.8,73.6,70.7,64.1,54.7,53.9,48,37.2,30,27.5,26.9,26.2,22.6,19.1,17.3,17.6
20180222,15.5,17.7,16.1,18.5,17.9,16.3,17,18.5,21.7,25.8,30.8,30.3,27.9,21.6,17.5,16.5,18.7,18.1,18.9,20.2,28.2,26.8,27.6,29.2
20180223,27.6,29.4,29.5,28.4,25.7,23.9,23.5,22.5,26.2,36.6,47.4,47,44.6,33.9,19,13.7,,12.2,,,,7.5,16.3,48.4
20180224,53.6,45.5,38.3,33.4,32.4,29.7,26.7,25.9,24.4,25.6,23.9,20,21.6,19.5,21.2,24.1,26.4,28.5,30.2,32.1,31.3,29.5,26.7,24.2
20180225,23.9,25.5,26.6,27.6,29.1,30.5,31.9,33.4,36.8,43.7,45.8,49.5,55.1,60.9,68.2,73.1,78.4,82.9,88.4,93,100.4,102.3,101.6,100.3
20180226,100.8,101.3,98.5,93.5,92.9,94.1,96.8,99.6,102.9,108.7,116.7,129.4,134.2,139.6,138.9,139.9,139.5,137.9,140.6,151.9,164.2,170.4,169.9,173.6
20180227,171.5,173.6,178.7,190.8,201.3,205.7,204.4,204.2,202.3,190.3,188.2,180.4,177.5,178.8,175.6,173.5,170.9,166.7,160.6,157.1,153.4,147.6,136.2,125.3
20180228,114.8,109,107.4,105,105.6,104.6,103.9,101.6,103.4,107.5,108.3,111.1,116.1,118.7,126,133.7,143.4,136.9,123.1,96.6,46.3,15.4,9.8,9.7
20180301,7.9,7.8,7.6,6.9,6.9,6.4,8.1,7.4,9.3,10.6,11.4,8.2,8.7,8.1,9.6,13.7,20.8,20.7,25.2,28.5,31.3,35,39.5,46.6
20180302,55.6,61.5,66.7,64.2,62.1,59.9,58.1,55.2,57.2,56.8,59.6,63.8,68.5,73,77.8,80.1,84.3,89.8,95.4,100.4,131.7,143.6,153.1,151
20180303,148.4,148.4,150.4,151.5,151.2,149.6,146.2,143.4,143.2,148.1,157,169.8,178.3,184.6,189.9,194.6,198.4,199.8,199.1,197.6,197.3,198.4,187.9,178
20180304,174.4,161.6,127.6,88.7,63.3,68.5,47.2,59.2,98,93.7,72.3,73.9,66.6,62.7,58.9,53.8,51.5,47.2,43.7,39.6,39.6,39.2,40.2,39.8
20180305,42.7,42.4,40.8,40.9,42.8,44.3,46.8,47.1,50.4,54.8,58.7,54.9,55.3,52.4,48.9,48.4,49.6,50.4,54.3,50.1,41.7,35.8,36.2,34.8
20180306,36.1,36.4,37.4,37.3,39.6,41.9,45.5,47,50.9,58,61.1,62.4,60.5,60.2,60.5,56.1,50.7,46.2,43.7,41.8,36.4,32.2,30.3,28
20180307,26.9,25.7,26.2,27.8,30.2,32,32.1,35.4,37.8,39.1,40.5,45.6,49.7,52.4,55,55.6,59.6,62.8,64.1,66.3,67.8,66.9,65.9,64.4
20180308,57.6,44.5,34.9,31.1,24.9,22,20.3,20.8,22.9,23.1,21.9,25.8,30.5,30.2,38,50,59.9,69.4,73.7,87.1,85.9,83.1,78.8,75.2
20180309,77,78.2,75.9,75.1,72.3,70,67.4,68,69.5,73.6,80.1,91.7,98,107.3,116.3,122.1,129.8,134.6,139.2,144.4,150.9,151.9,149,149.9
20180310,149,147.2,145,143,142.4,141.1,143,145.9,147.6,152.2,145.9,143.6,142.3,153.2,149,137.5,127.3,119.2,104.7,92.9,74.2,59.1,48,41
20180311,39.5,40.4,39.4,41,41.3,42.8,46.8,50.1,56.5,61.4,64,62.4,61.7,62.9,65.9,69.3,76.8,84.6,85.8,94.1,93.7,93.2,88.8,88
20180312,94.5,95.5,102.7,102.2,102.6,99.4,100.3,103.2,110.2,117.6,121.1,134.1,146.5,156.9,168.5,175.1,179.8,185.7,189.7,202.9,211.4,216.3,217.2,216.8
20180313,216.2,213.4,211.3,209.5,207.7,204.5,202.7,201.8,210.8,219.1,230.4,243.8,253.9,261.1,264.3,269.4,273.1,273,274.5,281,293.4,304.6,306.1,311.2
20180314,306.4,309.1,317.3,330.2,330.6,303.7,263.2,244.3,244.5,238.6,219.1,205.9,206.2,214.9,212.3,200.2,201.5,198.8,195.6,203.6,212.8,228.6,237.8,233.8
20180315,207.2,150.1,50.4,21.8,14.3,12.5,10.8,9.1,8.8,8.8,9.2,9.2,8.5,7.6,8.4,8.1,8.8,8.4,9,11.2,19.2,23.6,28.9,27.8
20180316,26.5,26,22.5,22.5,22.7,22.6,24.6,28.8,31.2,30.3,27.6,29.6,30.8,35.1,37.3,39,40,38.8,39.4,41,43.6,45.4,45.2,46
20180317,41.1,38.1,37.6,38.1,37.4,38.4,39.3,40.6,42.3,46.3,48.5,53.4,65.8,72,74.9,75.7,76.2,79.1,80.9,82.9,83.7,84.1,85.4,86.1
20180318,89.3,91.4,92.4,93.1,93.6,94.6,95.2,95.2,98.8,101.3,102,100.7,107.7,112.4,112.8,108.4,102.8,101.2,102,107.8,112.3,123.7,129.5,131.8
20180319,132.2,129.7,129.1,125.5,122,120,117.8,116,116.7,114.6,93.6,58.7,45.5,38.9,41.2,43.3,37.3,30.8,27.3,29,31.5,33.5,34.2,34.7
20180320,39,45.1,46.1,42.7,41.7,33.9,29.1,27.1,24.3,21.9,16.8,14.6,13.4,13.9,14.2,13.4,15.9,17.3,20.1,21.4,23.6,25.6,29.2,32.5
20180321,36.1,39.8,43.1,43.3,45.7,45.4,44.8,45.2,46.5,51.5,54.6,57.5,59.9,61.2,61.8,61.6,63.6,63.8,65.1,65.6,69.2,72.2,75.2,78.8
20180322,78.1,81.6,82.2,84,84.9,87,85.8,87.4,89.4,88.8,88.5,90.5,88.4,89.1,84.6,81.3,74.3,75.6,80.3,89,91.4,89,92.2,93.6
20180323,97.3,102.3,104.3,108.2,111.2,120,127.4,131.9,137.8,146.7,153.4,153.8,159,144.1,120.6,97.6,71,64.2,60.6,68,83.4,95.9,89,89.1
20180324,80,74,80.2,135.3,157.3,163.8,161.6,158,161.1,173.4,187.4,145.7,112.4,71.3,47,42.8,39.4,31.6,30.1,36.3,42.5,47.3,52.2,56.6
20180325,54.4,59.8,66.7,55,55,57.1,54.4,59.9,64.2,59.9,55.9,54.8,53.5,55.3,54.4,49.6,45.3,45.2,47.2,52.1,61.4,74.9,84.1,86.7
20180326,87.3,87.8,83.6,100.5,87.9,90,97.8,98.4,95.3,105.4,113.7,121.5,126.6,128.3,126.6,126.2,129.1,130.8,139.8,147.3,156.1,166.3,168.4,166.3
20180327,161.2,158.9,159.8,161.5,163.4,165.2,162.6,164.4,173.8,186.1,198.6,192.2,197.5,199,192.5,187.2,191.6,194.4,198.8,212.8,226.9,226.7,227.5,226.2
20180328,226.5,225.6,221.7,216.3,209.2,201.2,186.6,190,186.4,184.8,175.5,153.3,140.4,136.7,122.7,113.6,109.2,91.6,74.5,62.4,53.6,48.9,47.7,48.3
20180329,47.7,47.4,48,46.4,46.4,47.7,42.6,46.3,50.4,48,47.4,46.4,45.7,42.2,38.4,37.2,37.5,32.8,32.9,32.2,29.6,29.5,27.8,26.8
20180330,23.9,31.3,26.3,25.3,28.3,33.4,32.6,35.5,35.3,31.6,29.4,30.8,32,34.1,34,40.3,43.8,51,51.6,53.2,56.7,59.7,63,71.5
20180331,76.2,82.5,81.9,87.2,89,87.8,84.8,85.4,89.5,94.6,93.8,93.6,92.8,94,98.2,100.2,105.3,108.7,114.7,124,136.2,140.5,154,153.5
20180401,154.7,149.5,145.7,141.8,139.2,139.8,152.3,163.2,177.8,193.5,220.3,234.9,239.5,243.5,237.9,217.6,178.8,148.9,129.2,131.3,154.9,173,180.5,180.2
20180402,176.3,174.2,176.2,187.6,205.8,220.6,227.6,229.7,242.1,256.6,271.1,280.5,279.1,271.5,256.7,249.5,248.7,241,243.9,247.1,247.9,239.5,206.4,103.1
20180403,71.1,53.1,39.6,30.9,24.7,17.7,14.3,12.3,10.2,8.9,9.7,8.5,7.2,8.7,7.2,6.8,6.5,5.4,5.8,7.3,9.1,10.9,12.2,15.3
20180404,18.3,20.7,21.1,22.9,23.5,24,24.8,26.3,27.7,26.9,23.7,17.9,14.3,15.3,16.2,15.9,14,14.6,17.9,21,24.5,27.6,29,28
20180405,27.4,29.7,32.5,33.6,36.9,38.5,42.9,44.6,41.7,42.7,44.4,49.5,52.1,52.4,53.2,56.9,60,64.2,67.6,68.4,69.9,55.9,58.1,65.7
20180406,61.8,42.5,17.9,9.2,7.6,11.9,16.3,19.2,20.2,21.6,21.9,19.6,15.1,12.8,9.1,7.8,6.8,8.3,8.2,8.1,9.5,9.9,8.3,8.4
20180407,8.2,,,9.6,9.1,9.1,7.9,7.5,8.5,8.3,8.5,9.4,9.2,10,11.6,12.7,17.7,22.9,28.2,29.8,34.8,38.6,39.6,38.7
20180408,40,37.4,38.1,35,32.8,32.5,31.3,35,38.2,36.6,35.3,35.2,32.8,29.9,27.1,28.7,32.3,38.2,42.5,48.6,51.1,54.2,56.9,56.4
20180409,51.2,49.1,48.9,52,55.7,59.9,62.1,62.8,66.1,68.8,71.9,74.3,78.6,80.8,87.6,99.9,110.5,115.6,118.6,127,129.5,127.3,122.1,111.1
20180410,106.5,103.6,100.3,98.3,98.4,101.4,105.3,108.2,116.5,114.5,93.6,51.1,25.4,17.9,11.9,11.5,11.7,9,9.3,9.7,9.2,8.7,7.8,7.5
20180411,9.4,11.6,10.6,10.7,10.8,13.6,15,19.3,22.2,18.5,18.6,19.3,16.6,14.3,15.5,13.1,20.9,23.8,23.4,24.9,29.8,33.1,37.4,51.3
20180412,40.5,44.5,39.5,31.6,28.2,18.5,20.5,37.2,37.2,35.5,37.8,38.5,48.5,58.4,43.4,43.6,39.1,34.9,27.2,23.5,21.9,18,20.4,19.8
20180413,19.9,22.1,26.2,27.9,35.1,32.6,33.8,37.9,43.5,50.9,48.5,50.2,52.1,50.8,54.2,53.2,51.1,45.5,38.6,39.9,40.6,36.7,33.7,32.6
20180414,32.1,33.4,36.3,45.8,65.8,67.5,35.8,18,12,,9.1,14.4,15,13.1,11.7,13.7,17.3,22,28.7,40.4,44.3,45.5,41.2,36.5
20180415,35,40.9,31.8,31.4,23.1,23.4,28.1,32.3,34.8,19.2,16.2,13.5,14.6,13.2,17.1,17.4,19.4,21.4,20.2,26.4,27.2,28,34.8,34.2
20180416,38.8,44.2,44.2,39.7,44.5,46.6,45.3,50.3,60,58.7,63.4,72,80.9,83,86.7,94.6,96.6,99.9,93.3,98.5,101.6,99.6,97.1,98.5
20180417,91.5,85,83.4,79.3,76.3,74.8,75.2,78.2,82.9,92.2,93.8,98.5,103.6,109.6,114.9,121.4,117,126.6,124.5,124.3,124.2,117,113.9,110.9
20180418,99.5,92.4,87.2,85.1,84.5,86,86.9,89.9,94,96.4,98.4,99.9,103.5,107.7,115,120.5,126.6,131.4,133.2,133.1,138.1,140.8,146.8,151.8
20180419,153.2,152,150.8,147.7,144.7,145,143.7,145.8,147,149.8,148.8,142.8,135.9,128.9,120.5,116.2,103.2,91.5,86.2,82.1,77.2,74.6,77.8,82.1
20180420,94,106.2,121.7,137.2,144.7,150.8,160.9,166.2,166.3,165.4,163.4,157.7,148.9,139.2,121.3,102.8,88.3,79.9,81.6,82.1,85.8,94.8,98.9,103.8
20180421,111.8,114.5,117.4,117.5,115.4,120.7,124.1,124.9,118,109.1,105,100.2,95.4,83.4,59.2,33.2,16.6,7.3,7.3,7.4,8,6.3,7.2,6.5
20180422,6.4,5.6,6.8,6.8,6.2,7.3,8,8.8,9,9,10.8,11.4,11.9,10.1,11.2,10.9,10.2,11.5,11.7,12.3,13.8,14.1,13.5,12.8
20180423,14.1,13.3,14.3,15,15.5,15.9,15.4,17.2,17.6,18.3,18.2,17,16.2,16.2,15.7,15.7,15.8,16.7,16.9,17.8,20.4,23.4,26.6,26.7
20180424,27.1,28.6,28.9,28.8,26.7,23.1,21.8,21.6,22.1,19.3,16.5,13.9,14.7,11.6,10.3,11.2,14,13.8,14.8,17.9,22.2,26,25,26.2
20180425,26.3,27.3,27.5,27,28.5,27.8,39.4,32,32,35.2,34.1,35.9,27.8,21.6,21.1,22.5,25.5,28.6,28.4,31.5,40.1,44.9,58.7,72
20180426,78.6,85.2,92.4,95.4,95.6,92.8,90.4,89.6,94,109.7,123,124.9,115.9,106.5,83.9,69.8,68.7,73.8,75.5,80.6,85.8,90,90,80.6
20180427,70,57.4,53.8,52.9,47.9,46.5,47.4,49.4,46.8,42.8,42,41.4,39,34.8,30.4,29.2,31.9,33.7,31.4,33.9,35.4,37.8,38.2,38.9
20180428,37.7,39.3,38.7,40.7,41.8,41.7,43.9,46.5,50.8,57.4,61.4,70.2,84.7,99.4,113.3,118.5,121.1,122.2,122.4,128.3,144.3,162.9,177.6,182.9
20180429,189,187.4,181.4,173.7,169.4,154,132.9,132.6,133.6,139.6,154.1,153.5,142.4,134.5,122.2,117.8,114.1,119.8,118.2,116.2,112.3,107.1,101.4,79.4
20180430,54.9,34.2,27,23.5,20.3,17.5,18.6,20.2,24.8,28.8,32.2,31.4,34.3,36.7,36,34.1,34.7,34.9,30.9,29.7,31.3,28.9,29,29
20180501,30,31.4,33.1,34.8,36.8,41.6,45.8,60.9,81,74.2,72.9,67.5,65.3,56.9,50.2,33.3,30.9,30.5,25.3,27.9,26.3,25.9,29.5,31.9
20180502,31.6,27.3,25.3,21.7,17.6,15.3,13.8,16.7,19.4,19.3,13.7,14.4,14.6,12.5,12,11.3,13.1,15.2,12.8,14.4,15.8,11.4,11.8,12.2
20180503,11.7,12.4,12.3,12.6,12.8,12.7,12.2,15.9,14.9,16,12.5,11.2,10,9,10,14,13.8,20.5,21.6,18.7,21.7,22.9,22.7,25.9
20180504,26.8,29.9,28.5,29.9,29,34.2,33.6,38.2,45.9,49.9,55.9,59.8,60.9,74.3,70.3,72.3,74.6,76.2,79,86.5,88.6,91.2,95,94.4
20180505,96.1,93.4,90.5,90,89.1,86.8,87.9,84.3,83.8,86.7,97.7,110.7,115.4,101.8,88.7,72.3,57.5,51.7,49.8,51.2,57.7,61.9,68,68.6
20180506,64.6,62.1,56.6,55.6,53.8,52.8,53.6,55.4,67,63.8,68.8,77.5,75,67.5,56.5,51.8,51.4,53.2,52.3,50.5,50.4,50.5,48.9,48.3
20180507,46.9,47.6,47.2,49.1,47.9,49.5,47.4,48.9,54.2,59.9,62.2,60.7,71,86.9,84.3,80.7,75.3,63,49.6,35.2,30.2,26.5,26.1,25.2
20180508,22.2,22.3,22,21.9,22.1,22.5,25.4,29.2,33.8,31.3,26.9,28,27,28.3,28.6,30.2,37.6,39,32.2,32.1,36.4,34.8,34,32.7
20180509,31.6,34.4,33.1,33.1,33.8,,37.2,40.2,46.7,53.9,52.2,54.9,59.7,51,50.3,49.9,46.2,48.3,44.2,44.2,47.1,48.9,51.5,57.8
20180510,59,62.6,64.9,68.3,70.4,72.1,73.4,74.2,79.8,87,94.6,102.1,104.2,110.7,112.9,114.7,109.2,104.7,103.6,96.2,92.9,89.4,92.6,91.9
20180511,88.9,84.2,80.2,72.3,71.6,71.3,72.7,65.8,63.8,65.5,71.7,74.7,77.6,81.5,86.6,84.2,78.2,79.4,83.3,89,98.4,104.5,109,115
20180512,123.9,131.2,137.5,141.3,143.2,145.9,147.4,152.1,165.6,180.8,190.5,189.1,183.4,178.5,168.4,162.7,157,155.7,140.2,110.6,41.4,27.9,27.1,28.4
20180513,32.2,33.5,35.1,,35.1,32.5,31.6,34.2,,36.9,39,42.2,42.3,43.7,42.1,45.8,52.2,53,58,63.7,69.4,76.3,78.7,81.9
20180514,89.2,96.9,101.2,104,107.8,,115.6,120.9,132.2,142,148,152.6,153.9,154.6,150.2,143.9,140.2,129.8,115.8,102.2,95.6,88.3,69.9,61.6
20180515,55.9,53.3,50.1,52.1,52.8,57.2,60.2,65.9,71.1,72.4,74.5,74.2,78.3,79.1,83.3,87.9,91.3,90.9,86,63.5,58,53.9,54.9,57.6
20180516,71.4,93.1,102,110,116.3,119.2,120,118.6,122.4,128.9,128.9,129.2,119.6,115.9,114.3,111.2,106.6,97.7,91,88.4,86.6,89.7,93.5,95.9
20180517,91.9,77.8,67.8,61.4,59.2,61.2,61.2,60.5,58.1,57.8,54.1,49.9,35.4,24.9,19.3,16.8,15.3,15.4,16.6,17.6,20.1,20.8,22.1,22.5
20180518,23.5,23.8,23.8,23.2,22.3,20.5,20.7,20.3,20,21.1,21.3,20.9,23.2,19.1,19.8,21.2,20.7,23.5,22.8,23,25.8,29.3,36.7,35.9
20180519,35.4,36.7,37.1,39.2,39,39.6,40.4,44,49.1,52.9,52.9,45.9,34.4,32.9,30.1,28.5,28.9,29,30.4,33.2,36,38,36.5,35.4
20180520,33.4,31.6,31.1,29.6,31.8,35.2,40.7,43,41.7,39.5,38.3,34.4,31.7,28,26.1,25.3,29,30.3,36.3,48.2,54.8,60.9,60.2,61.6
20180521,59.9,59.1,59.7,59,58.2,,56.3,59.7,63,67.5,70.5,69.1,68.3,63.4,63.5,53.8,45.6,41.6,40.5,42.6,45.5,46.6,48.4,47.9
20180522,47.9,46.1,47.8,48,45.6,44.1,41.1,40.9,42.8,44.8,41.2,35.6,35.7,33.5,32.4,31.3,34.8,42.1,38.9,40.9,47.2,54.3,65.7,72.8
20180523,76.9,70.7,66.5,63.8,59.9,59.2,55.4,,75.8,81.1,82.4,78.1,71.2,62.8,56.9,51.4,43.8,,46.8,42.9,47.6,44.6,44.8,49.4
20180524,43.6,43.3,43.5,,40.8,40.6,41.8,48.1,56.6,62.2,64.9,70.4,68.4,65.2,55.6,51.4,47.6,48.2,52.3,55.9,59.4,61,56.6,55.5
20180525,49.5,45.2,44.3,45.7,45.9,47.2,49.5,56.1,63,66.2,67.5,69.6,73.1,78.3,77.7,74.8,69.4,67.3,67.2,67.6,60.5,60.9,68.8,70.6
20180526,74.2,81.2,85.7,,94.1,,100,108.8,116.2,124.8,133.2,136.8,138.1,137.9,139.8,137.5,135.5,114.5,98.6,77.4,65.2,61.3,61.1,62.4
20180527,58.6,60.4,61.3,56.7,55.3,54,53.5,54.5,57.5,52,43.3,37.4,34.3,34,29.1,33.1,36.7,40.8,38.4,40.4,39.4,36.7,36.8,59.2
20180528,70.7,77.7,96.3,105.6,145.6,,166.8,155,140.2,114.5,60.1,24.1,15.9,12.5,10.9,12,10.8,,6.9,7.5,9.3,9.5,12.6,12.9
20180529,18.1,15,14.3,20.2,16.3,13.1,13.2,17.1,,16.9,10.6,9.9,11.8,11.8,11.3,,,,,,,,,
20180530,,,,,,,,,,,,,,,,,9.4,10,10.6,14.3,13.4,17.3,20.7,19
20180531,19.7,23.2,28.8,31.1,32.5,37.8,41.1,44.4,47.3,45.9,39.2,37.8,33.1,27.9,22,19.9,20.7,21.2,19.4,21.9,23.6,25.1,30,30.3
20180601,27.9,29.5,29.2,30.9,32,32.3,33.1,33.7,34.7,35.1,31.6,32.7,25.3,20.8,20.7,21,20.3,22.2,21.6,23.8,26.7,30.5,33.4,33.7
20180602,33.5,35.1,38.1,40.8,41.5,42.6,43.1,45.9,48.2,52.1,55.2,58.4,61,58.9,54.2,51.6,48.2,47.4,49.1,49.2,54.7,55.6,60,62.9
20180603,64.6,63.3,63.2,64.7,65.1,66,68,72.4,73.5,76.5,75.6,74.3,58.6,42.9,37.4,40.9,42.1,42.1,38.9,37.9,37.5,39.6,39.5,37.2
20180604,36.6,35.8,33.4,33.5,32.4,33.5,47.1,37.1,40.2,42,40.2,34.1,28.7,24.1,21.5,20.4,22.5,25.8,24.2,25.5,25.2,32.6,33.4,34.1
20180605,31.5,30.1,33.6,34.8,36.8,38,40.2,40.2,41.8,46.1,52.1,54.3,51.9,46.3,45,38.6,36.9,37.9,42.7,36.8,35.4,36.7,36.4,38.9
20180606,37.5,36.5,37,36.8,37.3,37.8,39.2,41.3,44,49,52.8,53.1,53.4,56,59.3,60.5,61.7,60.5,61.4,60.6,62.1,62.3,64.2,63.3
20180607,64.1,61.7,61.7,44.3,22.6,16.4,12,12.8,15,20.1,22.4,25.3,26.1,28.5,25.8,21.6,19.8,16.7,18.3,18.4,13.4,15.8,15.6,15.9
20180608,16.4,16,17.3,17.5,16.6,17.5,16.3,16.7,16.8,15.3,14.2,13.8,15.8,,7.9,10.1,9.5,10.6,11.6,13.2,17.1,20.7,25.5,27.7
20180609,,,,,,,,,20.4,17.3,17.6,,,,,,,,,,16.9,17.2,21.8,26.5
20180610,28.4,28.1,31.5,31.6,32.5,30.1,27.5,25.1,,23.9,21.8,,,,,,,37.3,40,41.2,,36.6,38.6,46.4
20180611,52.2,56.2,59.8,62.3,65.1,65.5,64,63.3,65.6,63.4,,64,65.2,64.4,64.5,66.2,64.3,65.1,61.9,60.7,58.1,,64.5,65.9
20180612,73.7,84.3,92.6,94.7,94.8,96,97.6,103.4,108.5,111.4,111.6,104.8,93.4,80.5,66.2,62.3,57,61.7,57.2,50.2,53.1,55.6,61.8,64.6
20180613,63.7,59.8,63,70,76.2,81.7,87.3,91.2,92,82.6,80.3,,52.7,17.7,8.9,10.3,8.9,10.4,10.3,9.3,10.6,12.1,14.3,15
20180614,,17.4,17.5,15.3,16.9,18.2,19.2,22.6,25.2,22,22.9,21.8,21.2,18.8,18.3,16.5,15.7,15.3,17,16.6,17.5,25.6,45.4,62.6
20180615,76.7,91.8,108.2,119.8,130.9,133.6,130.5,124.3,117.2,104.5,92.9,85.5,83.4,83.3,75.6,64.9,61.7,54.4,49.9,41.9,38,30.3,28.5,
20180616,39.2,43.3,47.6,52.8,60.6,67.5,72.9,79.8,86.1,87,86.2,90.5,92.2,93,89.7,86.7,80.5,79.4,75.1,77.7,80.1,83.8,86,90.4
20180617,94.7,95.7,86.8,77.6,70.2,65.5,50.9,30.4,23.9,22.9,25.6,22.9,24.5,26.2,26.6,25.2,29,33.1,37,40.3,48,53.7,54.8,57.6
20180618,62.7,66.8,71.2,74.9,78.5,81.5,84.5,93,106.7,115.9,114.8,110.1,100.1,93.3,86.8,85.5,78.5,76.7,77.1,52.4,39,34.8,36.7,35.9
20180619,37.3,37.7,37,43.9,63.2,80,83.7,75.8,59.7,63.6,60,56.2,52.7,41.8,28,18.6,19.3,20.1,22.2,24.9,28.9,33.8,43.2,67.7
20180620,64.8,60.3,62.1,60,63.1,62.5,63.1,65.7,68.7,66.6,52.4,37.9,27.7,17.6,11.6,12.1,11.7,11.3,10.8,12.4,13.7,15.9,17.8,19.3
20180621,21.3,22.7,22.4,27,36.6,39.4,34.2,30.4,25.7,24.6,27,29.8,29.4,26,25.3,22.1,25.1,30,32,36.1,40.8,40.5,35.8,37.3
20180622,41.6,49.5,59.1,65.6,60.1,67.9,78.6,88.3,94.1,86.5,82.3,83.6,68.2,51.2,42,41.9,41.5,43.2,43.8,44.4,45.9,49.1,50.2,50.1
20180623,50.3,52.1,57.1,58.8,61.1,62.1,64,65.3,64.2,61.2,62.4,63.1,61.9,58.6,52.9,48.8,48.2,47.4,47.2,48.1,49.1,50.4,56.9,57.8
20180624,58.9,58.6,55.9,55.9,55.7,56.2,55.5,54.8,57.8,59.6,63.5,66.8,66.7,67.9,63.6,60.8,56.2,51.8,50.6,50.7,47.4,44.5,37.9,38.2
20180625,37.3,36.9,39,45.8,50.7,53.6,59.6,64.9,66.7,67.9,69.2,71.8,74.7,76,77.4,82.5,90.4,93,93.7,93.8,97.8,110.9,122.2,133.5
20180626,137.5,144.5,148.2,153.7,154,155.5,155.5,156.8,160.2,165.4,169.3,167.2,160.1,137.1,118.9,100.2,65.4,54.6,57.9,61.4,61.4,61.8,63.9,61.7
20180627,60.4,55.7,55.8,58,59,62.2,62.9,62.6,62.4,49.2,29.4,15.8,11.5,9.9,8.2,7.5,7.3,6.1,6,6.6,6.2,7.1,6.6,6.6
20180628,5.4,5.2,5.3,6.5,5.6,5.7,6.5,7.3,6.2,6,6.1,6.2,7.2,8.2,8.1,9.4,9.1,8.6,9.1,10.4,12.2,16.6,18.5,18.7
20180629,18.8,19.7,18.6,19.8,19.6,19.5,20.5,22.1,21.5,20.7,19.1,18.3,19.4,19.3,17.6,15.9,13.6,13.2,12.5,13.2,13.1,16.8,21,21.8
20180630,20.1,20.4,20.7,22,23,25.9,26.4,29.6,33.4,37.9,42.1,46.6,50.3,49.1,44.3,40.4,38.1,41.7,35.9,28.5,23.5,18.5,19.5,20.5
20180701,22.8,24.2,26.5,28.8,29.2,28.9,28.9,30.2,35.6,42.7,51.9,61.6,66.7,70.8,75.3,71.7,69.2,62.1,55.6,51.5,47.7,41.4,36.9,36.9
20180702,36.7,37.9,39.4,43,44.4,45.4,49.1,55.8,57.2,,50.6,,46.6,,43.4,40.5,40.1,40,40.7,41.7,42.1,42.8,36.8,35.5
20180703,37.5,41.2,42.1,42.1,40.9,38.2,36.9,38.4,42.4,44.9,46.9,52.9,54.2,56.7,57.9,56.5,56,54.1,54.3,53.9,55,58.5,60.2,57.8
20180704,53.9,49.9,49.9,47.1,46.6,54.8,57,55,59.6,65.3,67.5,65.2,61.6,55.6,52.4,48.7,47.4,49.2,51.2,54.5,57.3,58.3,63.2,66.4
20180705,67.5,72.8,75.7,76.5,76.6,76.5,78.9,84.2,85.9,82,81.9,86,86.8,87.4,83.2,78.2,75.8,56.2,41.4,31.2,29.8,33,28.7,26.6
20180706,26.9,26.7,26.7,28.8,31.5,31.8,31.8,34.1,33.4,32.5,33.5,34.1,35.6,39.3,39.8,42.2,45.9,46.8,46.6,42.6,41.2,42.7,44.2,47.6
20180707,,58.6,58,50.3,47.7,45,44.9,45.2,45.7,47.1,51.6,55.8,56,54.8,52.8,53.2,53.6,54.8,51.7,50.5,47.9,49,48.3,49.2
20180708,47.7,44.4,42.9,44.6,44.5,45.9,46.8,47.6,53,56.3,56.8,54,48.1,44.5,42,40.5,38.6,38.1,41,44.8,49.7,55,59.9,69.1
20180709,80.6,86.9,90.2,96,100.4,101.3,100.8,103,109.2,114.9,117,115.5,102.2,78.8,52.5,37.6,34.1,36.3,36.3,36.5,32.6,28.2,29.6,29.5
20180710,29.9,30.3,32.7,34,34.8,,35.7,36.4,38.1,38.8,37.1,35.5,35.2,34,35.7,34.5,29.9,26.8,25.8,25.4,26,26.1,29.2,30.4
20180711,33.8,36.8,40.8,35.8,32.9,35.7,37.4,39.5,40.8,36.3,31.2,23.9,17.3,13.4,13.8,14.3,14.3,17.4,18.4,19.8,21.5,23.7,26.8,26.6
20180712,25.8,26.7,28,26.9,28.1,26.9,25.4,25.2,28.6,27.3,29.2,29.5,27.9,44.6,32.3,34.6,39.3,36.7,32.4,32.8,33.5,34.9,35.8,31.6
20180713,32.2,33.3,31.1,28.3,26.1,28.3,29.1,31.8,36.4,40.8,44.3,45.1,45,45.7,43.4,45.3,48.2,48.2,50.5,53.2,52.2,51.7,49.6,46.3
20180714,53.3,45.5,46.6,,47.6,48.1,50.6,49.8,53.6,55.7,,,,44.2,,39.6,39.8,39,37.1,41.4,48.9,53.4,56,58.2
20180715,61.3,,64.4,65.1,66.3,,65.4,,78.4,84.6,79.3,69,59.7,49.6,45.6,41.3,35.7,34,35,38.4,42,43.5,46.4,47.9
20180716,49.7,51.8,56.4,64.6,39.4,21,10.8,10.8,11.6,14.4,16.1,19.5,24.9,29.5,33.6,37,39,26.7,22.6,15.1,9.4,10,9.6,
20180717,12.8,13.5,14.8,14.5,15.3,15.2,15.9,15.2,23.9,18.2,14,14.7,12.2,15,17.2,18.8,16.9,15.8,18.6,19.2,22.5,24.2,29.7,34.7
20180718,37.8,39.5,42.1,45.4,49.9,50.8,48.9,45.5,48.6,51.6,56,61.3,68.2,74.9,81.1,89.4,93.2,100.4,103.1,109.6,109.7,112.3,111.6,100.2
20180719,64.3,61.5,52.6,52.9,56.3,62.8,58.1,58.7,57.9,53.4,54.1,57.7,60.7,74.8,96,104.3,92.7,51.7,38,47.3,56.3,69.9,87.7,96.7
20180720,105.7,105,102,96.9,88.7,87.7,84.6,86.3,86.7,86.4,81.3,78,83.3,83.9,82.7,75,65.3,60.9,60.6,62.2,64.5,59.6,58.3,
20180721,90.2,56,59.4,70.2,72.9,77.4,85,86.7,87.3,86.1,80.2,76.1,72.5,71.1,71.8,66.7,61.7,52.1,46.7,49.3,50.5,50.3,53.2,49.3
20180722,51.3,52.1,57.7,65.5,67,75.2,80.9,83.5,86.3,85.1,79.4,43.8,24,23.5,22.6,19.3,16.2,14.8,17.1,19.4,22.2,25.3,27.2,28.9
20180723,29.5,34.2,37.9,49.6,53.4,58.1,62.3,62.5,63.9,64.4,66.7,68.8,68.7,,,,,,,48.2,40.4,28.3,22.2,21.5
20180724,21.3,20.1,17,15.2,22.8,23.7,23.3,25,21.3,11.5,10.5,10.4,9.2,10,11.6,12,11.5,11.6,13.9,17.9,20.6,20.1,18,17.7
20180725,16.8,14.5,12.6,12.9,11,10.1,8.5,8.8,8.2,8.7,8,8,8.5,8.3,8.5,8.4,9.9,7.6,8.8,9.6,12,11.5,9.8,10.4
20180726,10,10.8,10.8,11,10.3,8.5,9.4,9.1,8.6,8.7,8.5,6.6,6.6,8.3,11.7,11.9,12,13,12.5,13.4,15.2,17.9,20.2,21.9
20180727,36.8,59.1,65.9,61.5,53.6,40.4,34,32.8,35.1,33.2,36.6,39.1,41.1,43.9,44.7,43.5,41.7,40.2,40.6,46.1,51.7,56.2,58.9,57.8
20180728,61.6,63.2,63.4,61.4,57.4,57.8,56.1,55.6,53.5,46.2,42.6,45.7,47.9,44.5,41.6,39.6,39,40.2,41.6,47.9,54.4,61.1,64.9,66.6
20180729,69,68.2,70,68.8,67.6,67.4,66.4,68.1,71.8,75.8,78.9,82.5,79.2,75.4,68.6,64.1,62.6,60.8,62.1,64.8,65.7,71.5,74.4,76
20180730,71.5,71.1,74.1,76.2,78.4,80.5,82.1,85.4,89.3,93.4,91.8,84.8,72.2,66.5,62,57.4,51.7,51.8,51.7,53.9,55.9,56.1,57.7,60.2
20180731,61.7,67.8,71.4,68.5,68.2,67.3,68.8,72.9,81.7,88.9,83.1,73.4,64.7,59.9,52.9,45.9,44.2,45.1,45.5,47.4,53.6,52,51.4,52.2
20180801,52.3,53.1,53,53.6,54.6,59,59.8,57.2,58.9,57,56.4,52.7,51.9,49,51.2,51.5,50.8,52.4,51.6,53.5,55.8,66.3,,85
20180802,,92.4,92.4,95,94.1,94.1,91.3,89.8,95.1,104,103.5,97.3,91.2,80.9,74.9,68.7,69.1,66.4,60.8,58.3,58,59.8,60.7,62.8
20180803,59.2,52.5,51.8,55,55.4,57.1,59.4,61.1,63.6,64.8,66.9,60,50.4,46.4,44.3,46.8,46.9,45.6,43.8,45,43.4,42.3,44.2,46.1
20180804,49,51.2,54.7,56.5,59.9,62.2,63.1,70.6,77.4,80.9,79.2,74.5,64.1,61.4,61.3,63.6,63.2,63.5,64.6,64.5,61.3,60,61.3,60.5
20180805,57.5,50.6,46,44.8,45.9,45.9,46.8,47.7,44.6,40.9,40.4,38.5,33.8,34.4,35.2,36.8,33.9,32.9,28.9,24.4,27,28.3,29,27.6
20180806,22.8,18.1,16.7,15.8,16.3,18.4,20.7,22,22.1,24.5,24.4,25.4,28,28.8,33.3,40.1,45.8,50.9,53.8,55.6,57.3,58.8,61.4,63.3
20180807,65.3,67.5,68.7,70.5,71.2,71.5,69.5,67.5,64.6,65.5,67.1,60.5,54.8,50.5,48.3,49.4,47.1,43.2,41.5,38.8,39.2,40.6,42.9,44.3
20180808,47.1,49.7,48.9,47.5,43.4,30.3,19.6,17.3,16.8,13.8,8.2,7.9,7.5,8.3,10.3,10.1,11.7,11.6,11.7,12.4,13.4,14.8,17.5,19.6
20180809,21.3,22.9,23.1,23.9,25.3,24.8,25.6,26.4,29.8,28.2,24.8,22.6,21.2,21.6,19.8,,19.7,19.2,20.4,21.7,22.3,23,22.5,25.4
20180810,28.2,29,31.1,31.8,32.4,33.7,33.3,35.8,42.8,49,,35.4,32.9,29.9,27.6,23.7,22.5,22.3,23.3,25.1,29.3,30.7,31.4,32.4
20180811,32.8,35.8,40,46.9,59.6,67.6,42.5,33,30,32.4,36.4,43,48.1,50.3,59.3,64,63.1,62.2,,38.2,33.8,35,36.7,38.7
20180812,40.7,43.3,48,48,42.6,45.4,44.7,44.9,49.4,52.4,52.5,51.4,49.4,48.6,44.9,43,44.1,48.9,51.4,52.7,56.4,49.6,40.7,38.9
20180813,33.7,32.5,27.1,23.9,27.6,29.1,31.1,31.9,32.5,33.6,36.5,38,43,46.3,50.7,54.5,52.2,52.1,54.8,55.7,56.9,63.4,59.2,43.4
20180814,37.2,,35.6,37.9,37.7,36,37,36.8,32.9,28.4,27.1,24.7,25.2,26.8,22.7,14.5,9.9,9.7,10.2,9.4,11.4,,12.9,14.7
20180815,,16.4,15.2,15.2,,16.1,15.8,17.7,18.4,16,12.5,10.5,10,10.5,,10.6,11.6,11.2,12.1,13.7,15.1,15.7,16.1,14.7
20180816,14.1,14.2,12.8,11,10.8,10.6,10.3,11.1,10.2,10.7,11.2,11.2,12.2,10.2,10.8,12.4,13.6,14.9,13.6,,,19.6,21.4,21.4
20180817,21.8,19.7,21.4,20.9,23.4,24.5,24.9,27.3,29.5,31.3,33.1,36.5,38.1,35.4,32.8,32.7,31.8,30.5,32.2,31.9,33.2,35.5,35.6,36
20180818,37.8,39.5,38.7,39.3,33.2,18.6,12.4,9,5.9,6.7,7.1,8.1,7.8,7.4,7.5,7.7,8.4,9.4,11.7,12.1,14.1,14.4,14.4,13.9
20180819,14,14.3,,14.8,13.7,13,13.4,14.1,14.9,19,24.6,26.9,26.9,27.2,30.2,32.6,33.8,25.9,21.2,22,23.7,18.6,18.9,18.4
20180820,19.8,20.8,22.9,26.1,26,26.1,25.5,26,25.8,22,21.1,21.1,22.2,22.3,21.3,21.5,21,20.6,20.9,23.1,25.3,27.3,29.5,29.9
20180821,28.7,25.6,20.9,16.7,12.3,9.3,9.6,9.1,10,9.4,9.1,8.4,8.1,9.4,9.1,,9.3,10.1,12,12.8,14.9,17.1,17,18.6
20180822,18.7,18.5,20.6,23.2,23.8,24.5,22.7,22.8,23.8,23.9,23.7,23.8,22.9,21.4,19.8,20.5,20.4,19.6,18.6,20,21.7,23.3,23.1,23.1
20180823,24,24,21.2,20.3,18.7,18.3,16.8,16.4,16.2,15.7,14.8,16.3,16,15,12.8,12.2,13.5,13.4,17.8,18.7,19,21.3,22.9,22.6
20180824,22.8,21,21.1,19.2,17.8,17,16.6,18.9,17.2,12.7,10,8.6,7.4,6.7,7.1,7.5,7.4,7.5,9.4,10.2,12.4,14.6,14.5,14.9
20180825,15.1,14.1,13.7,12.5,12.6,13.8,13.1,13.8,14.3,17.5,19.6,20.7,23.3,28.5,37.6,39.4,39.9,43.2,46.5,50.2,53.4,57.3,56.6,57.4
20180826,57.5,55.5,52.3,51.3,53.7,58.1,61,61.8,64.7,68.4,69.9,67.2,63.5,56.2,45.2,39.1,40.8,46.9,52.3,50.2,51.3,55,58.8,64.1
20180827,67,71.5,74.3,80.8,85.1,87.1,88.8,89.3,84.1,81.9,79.6,78,71.7,67.2,62.3,58.1,55.7,49.2,39.2,34.3,33,32.7,31.1,30.9
20180828,31.5,32.9,38.2,44,47.3,52.3,54.8,60.5,64.7,65.9,,58,58.8,63.2,62.9,64.2,60.9,57.5,52,53.9,57.2,59.4,57.8,60.1
20180829,51.3,30.3,21.1,15.8,12.3,10.7,9.1,8.9,7.1,7.5,6.2,6.4,5.3,5.2,6.4,6.9,7.7,7,7.6,7.9,9.5,12.1,11.5,13.2
20180830,14.9,16.1,18.5,20.4,23.9,25.3,27.7,27.4,26.9,22.1,20.3,19.1,16.4,16,12.5,9.4,8.9,8.2,7.7,8.7,11.3,14.1,14.1,14.2
20180831,14.2,13.7,14.2,13.9,14.7,12.4,13.9,13.8,15.1,16.7,13.9,12.5,12.4,12.9,12.9,12.4,14.3,13.1,13.1,14.4,18,20.6,21.2,22.6
20180901,24.3,,27.1,33,41.5,52.9,60.4,67.1,72.7,74.4,70.1,62.4,47.7,36.6,31.4,26,26.9,25.4,26.3,26,25.9,31.3,34.5,37.6
20180902,38.4,37.9,33.2,30,30.7,29.5,29.3,27.1,,,31.2,35.4,35.5,35.2,35.6,34.3,35.3,35.6,38.5,43.5,53.5,62.2,67.5,71.2
20180903,75.5,78.9,77.5,76.5,72.3,71.8,65,58.8,60,32.2,16.5,5.4,5,4.9,5.1,4.2,3.4,3.9,4.1,4,5.2,4.6,5.2,5.1
20180904,5.4,5.4,5,5.2,4.4,4.5,4.5,6.2,5.8,5.4,5.4,4.9,5.8,5.9,6.4,6.7,6.2,6.6,6.9,9,11.9,14,13.6,12.8
20180905,13.5,11.8,11.2,11.2,10.1,9,10.7,11.4,11.8,10.7,10.6,10.3,8.3,7.7,8.5,7.6,8.5,10.4,10.6,12.1,14.7,16.5,17.4,19.1
20180906,19.8,20.6,20.2,20.4,18.3,14.1,13.4,10.8,9.6,7.1,6,6.2,5,4.2,4.3,4,4.4,3.9,4.2,5.1,5.9,5.8,6.8,6
20180907,6.9,5.6,5,4.7,4.8,5.4,4.7,6,5.5,5.6,4.8,4.2,4.9,5.7,5.7,5.5,5.3,6.2,6.9,6.9,7.2,6.6,6.7,6.8
20180908,7.4,6.9,6.8,6.8,7,7.3,7.2,8.9,8.4,7.5,6.7,5.4,5,4.8,5,4.2,5.5,6,5.9,8.8,12,14.4,14.9,15.5
20180909,14.5,14.2,15.2,15.5,16.2,17,18.7,18.5,20.7,25.3,26.8,28.4,28.1,24.9,22.1,22.4,22.2,19.9,22,25.4,27.3,29.3,30.7,30.4
20180910,32.8,32.8,34.3,36.1,36.6,40.4,45.9,46.5,51.2,56.2,58.7,58.8,53.9,42.6,35.2,33.5,33.8,35.3,36.4,37.8,40.7,42.9,45.5,45.2
20180911,43.2,42.7,43.9,45.8,48.5,52.1,54.9,58.1,59.7,63.3,64.9,64.9,61.6,56.5,46.7,39.3,36.3,36.5,34.4,32,26.5,24.2,28.7,26.4
20180912,27.6,28.3,31.7,33.6,35.2,34.7,34.5,35.2,37.6,40.8,48.8,48.6,44.3,41.7,45,46.7,50.5,51.5,53,57.3,59.7,64.2,70.2,73.4
20180913,76.6,75.2,71.7,72.3,75.8,78.6,76,76.9,82,89.5,93.9,96.2,93.2,85.7,79.9,71.7,68,65.7,64,64.4,69.8,74.9,76.4,83.4
20180914,89,91.7,96.2,98.3,101.9,102.1,102.3,102.8,102.7,106.9,114.4,119.9,115.6,107.9,92.2,79.2,73.9,74.7,76.1,82.8,92.1,100.2,104.5,112.7
20180915,112.4,97.8,71.9,39.2,24.2,12.8,5.3,7.5,6.2,5.7,4.8,5.4,4.9,6.1,5.2,4.4,4.9,5.5,5.5,7.3,8.7,9.5,9.4,9.4
20180916,9.4,8.2,8,8.4,7.4,7.7,6.1,5.9,6.6,7.2,5.8,4.7,5,4.7,5.1,6,5.5,5.5,5.9,9.2,14,16.1,18.2,17.7
20180917,16.5,16.2,15.5,12.7,12.2,11,10.7,10.8,11.8,10.9,10.1,8.5,8.4,9.2,6.7,6.8,8.6,7.9,12,15.7,17.2,18.4,19.9,25.5
20180918,27.3,27.6,27.9,24.1,19.8,16.8,15.8,14.6,15.3,16.3,16.8,15.4,15.6,16.7,17.1,21,22.9,23.9,23.9,25.6,28.5,31.1,33.2,33.1
20180919,34.7,38.2,36.3,33.7,31.4,30.2,29.4,26.1,26.4,26.7,27.6,29.6,32.6,32.2,31.4,31.3,30.4,29.3,31.6,33.6,39,41.5,42,43.6
20180920,44.4,42.9,38.8,38,36.3,35.7,33.9,31.2,32.9,35.9,40.3,44.2,48.9,51.6,53.1,53.7,52.6,56.4,59.1,57,62.8,69.4,70.4,69.8
20180921,69.7,70.1,66.1,61.2,35.1,19,14.3,11.4,10.6,8.9,6.8,6,6.6,5.8,5.3,5.8,5.4,5.1,5.8,5.5,5.8,6.7,6.7,6.8
20180922,7.1,5.4,5.1,5.3,5.9,6.4,6.8,5.9,8.3,5.1,4.5,4.8,4,4.8,5.1,4.5,4.6,5,6.3,7.8,11.5,8.2,6.8,7.7
20180923,7.4,7.6,6.7,6.8,6.5,6.1,6.9,5.4,5.8,4.4,4.2,3.9,3.4,4.5,4.6,3.7,4.1,4,4.2,4.6,6.4,7.8,8.9,8.1
20180924,8.9,7.8,7.2,7.6,6.8,7.4,7,7,8,7.5,6.6,6.9,5.5,5.2,4.5,6,6,6.5,7,8.3,14.2,16.7,19.5,19.8
20180925,20.4,20.4,20.9,19.9,20.3,20.8,21.3,22.4,23.6,26.2,27.3,,19.3,16.6,17.2,18.9,19.6,19.8,20.8,25.4,27,26.6,27.7,30.7
20180926,30.4,31.3,32,31.9,32.7,33.4,34,35.4,37.9,39.2,42.5,37.1,33.8,28.9,28,27,28.1,36.3,40.3,35.9,37,36.4,39.1,40.9
20180927,42.3,44.8,45.8,47.1,48.1,50.3,50.6,53,56.1,61.1,67,75,77.9,76.5,75.8,69.1,71.3,72.3,75.5,81,83.7,86.2,90.4,89.5
20180928,88.3,86.8,83.1,81.9,80.2,75.6,69.7,65.9,67.6,73.4,79.6,81.9,76.2,60.3,42.9,33.1,29.1,29.2,26.9,28.4,29.1,25.5,16.8,14.4
20180929,12.8,10.8,10.2,9.1,10,9.1,7.7,7.5,7.3,4.8,4.2,4.5,4.6,4,4.5,4.9,4.9,4.6,5.1,5.5,6.4,6.2,6.9,6.2
20180930,8.3,7.2,6.5,8.1,7.8,8.1,9.3,9.5,9.8,6.8,5.2,4.6,3.2,4.1,4,4.7,3,3.4,3.2,3.6,3.6,4.2,4.6,5.4
20181001,5.9,6.7,7.3,7.8,6.8,7.9,8.1,9.4,10.7,9.2,8,7.5,6.9,6.9,6.8,7.5,7.6,7,6.7,8.3,9.5,9.9,9.9,11.5
20181002,9.8,10.9,10.1,10.6,11.6,10.8,10.8,10.8,11.1,10.4,9,7.9,7.8,7.3,7.2,8,8.1,7.7,10.6,13.8,20.7,22.8,22.2,21.6
20181003,21.6,20,20.1,17,14.8,15.2,15.1,14.4,15.4,13.4,11.8,11,9,6.9,6.1,6.6,6.7,6.9,10.4,14.2,20.3,23.4,24.5,26.2
20181004,24.5,23.2,22.8,21.2,19.7,18.1,18.2,17.6,20.5,22.2,34.9,46.8,51.6,56.1,58.3,61.5,63.8,66.3,69.8,75.2,78,74.4,74.2,72.6
20181005,71.6,70,71.1,71.9,74.5,73.7,73.2,74.6,74.8,78.1,81.9,78.1,79.6,82.8,84.4,83.7,82.8,82.7,86,90.9,96.3,101.5,99.4,97.6
20181006,82.9,50,28.1,16.2,11.7,8.8,6.4,5.4,5.7,3.6,3.9,4.2,3.9,4.4,4.7,4,4.1,3.6,4.5,5.4,6.3,6.5,7.9,8.2
20181007,10.4,9.1,11,9.9,9.2,6.8,6.9,8.9,10.2,9.6,9.6,8.1,7.9,7.2,7,7.8,7.2,8.5,8.9,14.2,18.2,19.4,23.4,23
20181008,24.5,22.6,22.3,20.1,18.6,16.3,15.6,13.5,13.5,11.8,9.4,6.3,4.6,4.3,4,4.7,5.7,6.1,8.7,14.6,16.4,15.4,10.5,7.6
20181009,6,5.7,5,4.3,4.6,4.8,5.7,4.5,5.1,4.6,3.9,4,3.7,4.3,3.5,3.9,3.6,3.2,3.1,3.4,3.4,3.7,4.5,4.8
20181010,5,6.1,6,6.4,6.9,7.9,8,9.1,9.2,9,8.8,7.8,6.4,6.2,5.4,5.6,4.6,4.5,5.1,7.3,8.2,9.1,7.9,7.2
20181011,7.7,7.1,7.8,8.5,7.9,8,8.7,9.6,11.5,10.5,7.3,5.8,5.4,5.6,5.3,6.8,7.5,8.5,11.8,16.6,22.2,23.5,25.9,29.4
20181012,29.4,27.3,27,25.7,23.9,21.9,20.9,18.7,21,20.5,21.2,25,29.1,35.3,42.4,46.1,50.7,58,61.5,66.5,71.5,76.9,78.8,76.2
20181013,73.6,71.9,71.1,71.8,73.6,74.3,73.3,71.7,72,77.4,77.4,78.4,79.6,84.4,89.5,93,95,96,98.9,105.8,113.6,117.6,120.9,121.6
20181014,123.4,124.5,124.5,124.4,125.9,126.6,124.4,123.8,126.8,134.4,142.4,148.2,155.2,156.8,156.6,151.8,153.9,157.4,159,161.4,164.4,167.8,166.2,169.8
20181015,168.6,167.8,166.9,164.8,162.6,163.5,162.6,162.5,164.3,169.3,169.7,167.3,164.9,164.9,164.2,161.4,153.6,148.4,139.6,132.2,127.5,129,132.1,130.7
20181016,126.7,115.6,103.1,96.3,92.6,87.6,82.2,76.2,70.8,63.4,54.3,46.5,37,31.5,27.3,27.2,30.7,34.7,41,48.5,57,60.9,62.6,64.7
20181017,63.3,62,61.6,59.1,56.3,55.7,54.4,52.5,50.6,41.3,37.1,21.9,14.2,11.4,9.5,10.1,9,9,13,17.9,23.6,27.6,29.8,31.9
20181018,31.9,30.7,28.5,28,24.5,22.4,20.3,20.9,20.8,20.5,20.4,24.5,31.3,34.7,38.2,41.1,37.1,38.7,43,51.2,55.1,55.2,57.3,55.7
20181019,55.2,54.7,54.9,51,44.5,37.6,33.6,34.4,37,37.9,38,39.6,45.9,49.2,40.7,38.5,40.1,42.2,49.7,58,65.8,64.6,65.6,68.2
20181020,69.7,66.8,67.9,64.5,62,57.2,53.8,52.5,55.1,57.6,61.1,66.3,71.3,75.4,70,66.2,65.5,66.2,71.2,79,84.4,88.3,92.4,92.7
20181021,91.8,91.8,91.4,92.3,94.5,98.7,96.2,96.3,95.6,99.6,103.6,110.1,115.7,119.8,124.4,129.1,132.7,135.3,138.7,143.8,149.2,150.4,151.4,149.5
20181022,150.2,149.9,149.6,148.1,147.2,145.4,144.5,146.2,150.3,160.2,174.1,182.3,188.9,183.9,167.2,150.3,139.6,126.3,56.1,26.8,24.4,21.9,16.5,10.2
20181023,7,7.7,6.6,6.4,6.9,8.2,8.8,11,14.4,17.1,16.6,11.2,9.8,9.7,9.5,11.3,12.8,12.6,17,,27.8,30,30.6,33.3
20181024,34.6,35.9,36.2,33.4,35.4,34.4,34.8,34.2,35.2,37.1,39.7,42.7,46.8,49.2,50.2,48.5,44.1,47.8,51.3,61.3,69.3,74.3,75.8,79
20181025,77.5,74.8,75.9,76,78.5,80.8,80,82,84.3,93.8,107.1,115.9,125.5,128.5,129.5,117.4,123.2,122.8,127.8,128.3,111.3,52.7,19.8,6.2
20181026,5.7,4.8,5.6,5.1,6.1,5,5.1,4.8,4.5,5.3,4,4.7,5.3,6.2,5.2,8.8,10.2,10,10.1,10.1,11.9,10.2,10.1,9.6
20181027,11.2,9.2,11.3,13.7,12.7,11.1,14.7,18.3,20.7,23,23.6,23.5,25.3,21.6,18.1,18.4,13.9,15,19.8,25.7,25.3,17.7,14.4,11.2
20181028,10.4,7.8,9.4,9.8,11.3,7.7,8.4,8.5,9.6,8.9,10,10.5,12.7,11,9.7,11.3,9.1,9.2,10.7,9,9.4,8.4,9.9,8.6
20181029,10.2,8.9,9.1,9.4,9.3,8.3,7.9,4,11.4,8.9,9.8,10.1,10.2,9.4,9.8,9.7,9,9.7,13,13.9,15,9.9,15.8,14.3
20181030,16.7,15.6,18.2,16.4,14.8,13.8,13.8,14.9,19.2,19.7,17.4,13.3,11.4,11.2,13,13.4,13.1,13.3,17.3,21.1,28.5,26.3,29.7,31.9
20181031,33,33,33.4,31.6,31.5,30.8,29.8,28.5,27.1,23.5,24.6,21.5,19.4,21.9,20.7,21.8,22.8,20.5,22.4,35,42.1,45.1,41.7,39
20181101,38.1,38.1,40.4,33.7,37.2,36.2,33.3,34.7,35.9,31.6,27.3,27.4,30.6,33.3,43.2,52.5,64.7,85,93.3,105.5,114.1,116.8,125,129.4
20181102,119.7,119.8,115,113,108.5,106.8,98.6,100.1,94.4,98,95.8,101.9,111.3,125.9,133.3,139.6,136.2,142.2,148.6,154.2,164,159.9,164.1,157
20181103,160.3,160,157.3,152,154.9,154.3,151.6,150.6,154.7,162.7,179.5,189.2,190.5,195.4,187,167.8,153.1,151.3,153.9,164.2,180.1,186.9,185.8,181.1
20181104,186.9,189,198.8,197.1,193.2,178.5,173.5,162.1,135.4,105.2,77.1,61.9,43.1,36.9,34.9,26.6,28.6,22.1,24.8,23.7,21.6,19.3,21.2,16.2
20181105,21.1,15.3,22.5,15,19.9,20.2,17.6,20.7,15.9,20.4,21.3,20.2,20,24.2,25.6,26,23.2,25.6,27.9,36.5,41.1,38.8,38.9,38.7
20181106,38.3,35.5,35,21.9,15.5,12.1,11,14.9,11,11.8,15.6,7.5,12.1,6.5,12.1,8.4,6.8,9.1,13,22.5,19.9,24.5,32.1,30.8
20181107,31.4,27.1,26.7,26.1,30.1,30.4,29.3,27.8,27.3,26.9,19.7,20.1,26.4,26.4,22.8,26.9,34.8,33.9,42.8,47.5,52.9,52.4,59.5,60.3
20181108,56.5,58.8,58.5,57.2,58.4,56.8,57,53.7,58.6,60.4,54.3,51.8,53.9,58.1,65.8,73.6,86.9,99.1,103.7,103.6,106.1,102.5,96.1,94.8
20181109,92.3,91.1,90.2,87.1,84.6,81,76.2,70.9,57.2,45.1,32.2,20.9,12.2,7.8,6.6,6.9,6.4,5.9,8.3,10.3,11.8,11.9,10.4,10.3
20181110,10.5,9.6,9.9,9.5,10.3,8.7,8.4,9.8,11.6,15,12.2,10.8,10.6,10.8,10.3,11.6,14.4,16.1,19.3,24.5,31.2,34.6,35.9,34.9
20181111,33.3,32.9,32.3,33.9,34.2,36.3,38.5,40.1,40.8,43.5,46.1,47.7,48.7,50,50.5,50.4,50.2,51,56.5,62.7,68.1,70.5,74.6,77.5
20181112,79.6,79.8,79.9,80.6,79.7,76.1,75.1,73.4,72.6,75.3,80.4,87.8,94.6,101.1,104.2,109.1,118.4,128.7,133.9,141.1,147.5,150.2,150,149.3
20181113,142.5,136.9,134.8,134.2,135.7,134.8,127.8,125.3,124.6,133.2,145.4,156.9,175.3,192.6,208.3,228.1,237.5,239.2,239,239.3,239.2,231.8,220.7,212.7
20181114,208.2,200.3,201.1,204.6,206.2,205.2,206.3,207.8,209.7,219.9,228,236,238.8,239,239.9,235.3,222.2,214,210.7,210.2,207.9,208.4,205.5,204.8
20181115,195.5,189.2,172.9,167.6,164.5,162.7,150.9,113.7,77.2,52.5,32.8,25.8,21.3,12.9,13.7,12.7,10.6,9.7,11.8,10.1,11,8.3,5.8,5
20181116,4.8,4.8,4.4,4.2,5.2,5.1,6.1,6.5,8.5,9.1,7.1,6.4,5.4,6.3,7.6,8.2,8.9,12.3,17.6,23.8,29.7,33.4,37.3,37.5
20181117,36.6,36.8,37.5,37.9,36.8,36.6,37.2,35.6,34.3,33.2,36.4,37.6,37.3,39.4,42.4,45.1,47.2,51.2,60.6,68.1,73,72.6,77.2,78.3
20181118,79.1,74.9,72.4,70.1,65.8,63.4,60.6,56.7,49.2,33.6,27.2,20.7,16.6,12.5,11.2,12.2,12.3,12.7,14.2,19.9,22.2,23.8,27.1,30.6
20181119,30.8,29.1,28.6,29.3,29.1,27.7,26.2,23.8,23.3,23.9,28.7,33.5,41.4,50.8,60.7,74.8,82.9,89.7,96,100.4,97.2,90.7,84.6,83.5
20181120,80.8,80.6,75.4,74.2,75.8,77.6,76.9,72.5,64.6,55.7,47.1,35.5,27.3,22.2,20.2,18.4,19.5,22.5,31.7,37.5,41.2,41.3,39.4,35.5
20181121,32.2,37.6,39.8,39.2,36.1,32.5,20.7,15.6,11,9.3,7.5,4.4,5.9,5.5,7.3,8.9,13.2,16.2,21.8,29.3,33.9,36.9,36.8,37.3
20181122,38.1,36.6,35.1,33.7,33.3,32.4,29.3,26.2,25.4,27,25.8,21.7,18.1,17.7,17.7,19.3,22.2,24.1,30.5,40.7,49.8,53.6,56.9,57
20181123,59.5,57.8,60.2,61.5,59.9,61.3,59.8,57.7,57.1,54.4,52.8,54.2,55.8,61.3,66.3,73.2,83.4,90.7,92.4,97.5,108.5,104.8,104.7,102.8
20181124,100.5,98.8,96.4,86.6,76.4,71.5,61.4,57.1,57.3,60.8,53.5,60.2,79.2,86.3,92.1,91.4,99.1,114.7,135.1,147.6,145.9,141.5,140.1,143.7
20181125,138,130.4,126.9,122,116.7,102.7,94.7,90.9,90.8,93.7,90.2,86.1,78.9,67.5,59.1,67.9,72.1,76.6,83.4,101.7,117.5,126.6,128,131.1
20181126,133.1,136.4,142.6,145.6,146.9,151.8,155.3,162.1,170.1,180.6,204.3,219.6,239.6,255.3,256,245.6,247.6,262.5,273.1,284,310.1,301.8,284.1,276.8
20181127,253,200.7,145.4,94.6,72,58.3,48.6,43.3,39.5,37.8,34.6,29.7,27.7,24.5,23.5,21.9,22.3,23.8,29.6,36,42.2,42.2,42.7,45.9
20181128,48.8,46.8,47.2,49.9,49.2,49.4,48.5,49.3,50.1,53.1,53.4,55.3,57.5,59.5,60.9,57.4,60.3,60.9,66.4,74.2,73.1,73,74.2,74.3
20181129,71.9,71.1,68.9,63.1,60.6,53.9,47.8,47.3,45.5,48.4,52.2,53.9,52.8,55.4,56.7,58.5,62,65.2,67.5,69.9,69.5,72.7,74.5,75.8
20181130,75.1,74.2,74.9,73.5,76.4,78,77.8,76.5,72.3,74.5,77.1,78.4,83.6,94.5,104.3,109.3,112.2,114.1,122.4,129.8,127.4,126.2,125,121.5
20181201,118.4,113.2,104.6,99.8,94.5,88.8,85.8,81.2,82.1,84.9,93.5,106.2,131.2,153.2,162.6,169.2,174.4,183.1,189.4,184.9,190.3,191.6,192.6,193.6
20181202,193.1,189.9,187,186,183.1,176.8,174.1,174.5,170.9,168.3,169.8,177.4,188.4,189.2,190.7,193.1,195.9,196.3,191.7,188.4,181.3,178.9,179.7,169.9
20181203,168.7,158.1,140.5,128.6,121.8,112.1,102.1,91.7,79,64.8,52.5,46.8,42,37.3,31.8,28.7,27.9,28.5,28,26.3,25.3,23.7,21.7,19.5
20181204,19.2,19,18.2,17.3,16.4,15.7,14.9,17.8,20.8,19.4,19.1,17.5,15.8,13.3,13,11.2,11,12.1,11.6,15.5,18.4,17.6,19.7,21.2
20181205,22.1,26,25.1,26.4,28,28.4,28.6,30.6,32.1,34.9,39.8,42,42.4,45.9,46.8,48.3,50.9,53.7,58.1,59,61.3,59.7,59,56.4
20181206,53.7,46.6,31.2,18.4,9.3,8.2,6.8,5.4,4.6,5.2,4.7,5.3,6.4,5.5,6,6.4,6.5,5.4,5.3,12.7,5.8,5.2,5.5,5.8
20181207,5.9,10.1,5.1,5.7,4.8,16.1,5.6,16.1,25,7.3,7,6.5,6.2,5.9,6.1,5.6,6.2,7.2,8,9.4,9.9,9.9,8.7,8.5
20181208,7.8,6.8,5.7,5.5,5.3,5,5.3,5.8,5.9,7.3,7.2,6.3,6.7,7.6,7.9,8,8.2,9.8,15,20.9,25.3,27.2,31.2,34
20181209,38.3,39.9,40.4,40.3,38.6,35.4,36.2,33.9,32.6,32.6,34.2,34.2,32.3,32.9,36.4,46.2,56.3,60.9,65.4,74.5,74.6,71.8,70.2,64.6
20181210,63.4,61.7,60.2,59.6,59.4,54.1,52.6,51.9,53,57.1,58.2,57.1,59.8,59.7,58.5,59.2,57.8,61.6,63.4,68.9,72.6,74.1,74.7,77.8
20181211,78.2,74.3,71.7,67.4,56.9,39.7,28,15,11.5,9.9,8.2,7.4,7.5,8.9,7.7,7.9,9.1,9.4,9.8,12.1,12.9,15.2,16.9,19
20181212,20.2,23.2,23.5,23.5,24,24.6,22.4,24.1,28.5,31,32,34.5,31.3,29.6,26.3,28.7,38.6,41.8,46.4,55.8,67,72.1,67.7,61.4
20181213,55.6,43.8,29.4,22.2,,11.8,10.6,10.8,10.4,12.4,11.7,9.5,7.7,6.9,6.6,6.8,6.9,9,14.8,21.8,23.7,25.1,25.4,26.6
20181214,28.1,28.3,31.2,34.2,35.1,36.5,35,32,33.8,36.2,37.8,44.4,47.6,55.1,64.2,68.7,69.9,67.8,67.2,66.9,70.3,74,77.8,81.6
20181215,85.6,84.7,83.9,82.1,80.2,78.9,79,78.6,79.8,81.9,86.2,88,87.7,90.1,93.5,99.2,105.7,112,119.4,126.5,139.2,145.4,146.1,143.2
20181216,139.7,135.3,132.3,128,124.1,118.3,118.8,115.1,112.1,114.7,119.2,112.5,96.1,70.5,52.7,40.2,39.6,50.4,64.2,75.8,66.5,41.1,29.3,19.8
20181217,14.8,9.2,9.3,8.2,7.7,9.5,10.1,12.5,17.1,23.9,31.6,29.6,29.7,29.8,29,26.2,26.9,32.6,35.8,40.1,44.9,45.3,49.4,53.6
20181218,55,56.9,53.9,55.8,50.6,48.8,40.7,33.5,32.5,30.2,27.5,22.1,18.4,14.9,13.8,14.1,14.4,17.9,21.4,27.6,31.2,31.7,34.4,35.7
20181219,36.3,37.5,37.1,35.1,33.4,31.9,29.9,28.8,32.1,37.4,42.4,40.2,36.3,32.8,31.2,32.1,33.2,34.4,38.9,44.7,59.8,51.1,52.7,74
20181220,54.3,57.4,58.9,50.3,40.2,34.3,36.7,32,42.3,36.9,36.1,37.6,44.7,54.9,68.2,73.9,77.8,76.2,75.9,77.5,81,81.6,84.4,86.5
20181221,86.5,85.7,85.1,82,81.1,80.2,80.5,76.2,74.2,68.1,55.7,47.1,40.5,37.5,41.6,52.8,64.8,74.1,82.3,86.7,93.2,95.6,91.4,91.1
20181222,91.2,92.1,90.1,85.7,81.5,78,63.1,52.4,47.9,43.1,38.8,34.9,31,26.8,25.5,22.6,22,27.9,31.5,33.6,35,28.9,20.8,15.9
20181223,11.1,10,9.6,8.5,7.1,6.1,5,5.4,6.2,6.3,6.6,6.5,9.7,7.5,7.5,7.5,9.7,10.1,14.5,18.6,24.9,28.8,30.6,34.1
20181224,35.6,43.5,40.6,40.6,40.7,38.1,38.1,36.8,36.6,35.9,37.2,37.5,41.6,44.2,45.2,48.5,51.8,64,77.5,85.9,88.8,90.3,89.7,88
20181225,85.5,80.6,80.5,76.5,73.3,68.4,58.2,47.3,36.1,32.4,27.7,19.9,17.4,13,15.4,10.2,11,10.6,14.2,14.8,14.7,10.8,8.4,5.6
20181226,5.1,4.8,4.8,4.7,4.1,4.6,4.9,6,6.2,7.8,8.8,8.2,9.6,9.3,9.2,10.7,10.3,12.1,14.7,21.2,25.6,28.1,23,18.8
20181227,12.8,9.6,8.3,6.4,6,7.2,5,5.6,8.3,6.2,7.2,8.2,9.1,8.9,8,7.7,8.4,7.7,7.4,7.9,7.4,8.1,7.1,6.8
20181228,6.4,8.7,8,7,6.5,6.4,5.9,7.6,7.6,8.8,8,7.4,8.9,8,7.8,7.6,8,9.2,10.7,13.8,16.3,16.8,18.3,19.5
20181229,20.9,23.7,19.9,18.1,13.7,13.3,14.9,14.1,16,16.2,17,12.8,10.1,9.3,9,7,8.7,8.9,10.8,14.2,16.7,19.7,18.7,17.7
20181230,15.9,15.2,12.4,10.5,9.7,10.2,10.3,11.2,12.9,14.2,13.8,13.8,13.6,13.2,13,15,14.5,16,20.2,24.7,27.9,31.1,32.8,32.8
20181231,36,34.8,36,35.6,32.3,35.2,29.5,25.5,29.1,26.8,31.6,32,34.4,36.4,40.6,43.3,47,49.9,53.7,55.7,58,58.2,60.8,60.6
20190101,59.4,58.8,60.5,59.8,57.9,57.1,57.5,56.4,56.9,58.2,54.7,40.4,30.5,24.3,22.5,22.3,20.8,22.5,27.2,35.5,34.6,34.5,32.1,32
20190102,33.3,32.6,30.7,29.7,27.7,26.3,24.7,24.4,25.7,28.2,29.9,26.5,27.1,31.6,35.6,44.6,54.8,64.9,75.8,92.7,114.4,130.6,139.4,141.3
20190103,139.9,144.7,146.5,134.5,126.7,119.1,101.3,89.8,88.6,91.3,97.8,101.8,110.8,114.1,126.3,130.4,137.7,142.9,144.5,146.8,147.6,146.4,145.7,141.5
20190104,137.7,111.5,77.8,58.4,44,34.4,22.3,15.6,13.6,16.2,14.1,13.2,11.5,10.7,11.9,9.7,10.2,10.7,13.7,16.5,17.5,19.7,21.6,21.2
20190105,16.6,17.8,17.8,15.7,14.8,14.7,14.2,13.8,13.3,12.5,12.5,10,10,10.9,12,14.2,17.1,20.1,25.9,29.1,29.7,33.2,35.4,42.5
20190106,50.9,49.5,52.5,54.7,49.3,45.6,43.3,42.7,42.6,46,49.1,50.5,58.9,70.8,74.1,79.6,82.4,83,87.7,92.4,99.4,101.1,100.1,98.8
20190107,93.4,91.9,88.2,88.2,89.3,82.2,76,64.8,59.4,51.6,44.4,30.9,24.9,20.4,15.9,15.8,15.4,14.2,16.6,19,24.8,24.4,22.7,21.7
20190108,19.2,17.9,15.6,12.1,11.1,12.2,10.2,10.3,10.9,11.4,11.2,7.8,6.9,6.2,7.6,7.5,7.1,8.4,12.1,16.2,20.1,19.9,22.7,23.4
20190109,25.4,26.5,28.5,28.4,27.3,24.9,22.9,21.2,22.8,29.2,31.9,34.6,39.7,45.2,54.4,61.8,64.1,60,62.7,65.6,68.5,75.6,75.5,73.7
20190110,75.1,73.9,70.1,65.2,61.4,60,59.8,64,65.6,65.1,70.6,74.4,79.5,84.1,86.8,86.7,90.4,90.3,101.5,115.2,128,131.7,133.6,141.8
20190111,158.8,168.7,157.6,124.9,107.6,99.4,93.7,98.6,105.8,114.6,108,97.2,98.1,93.6,93.1,97.3,98.9,107.2,120.6,133.6,160.2,189.2,207.5,220.8
20190112,213.5,201.4,195.2,195.6,195.4,191.9,183.9,167.4,151.1,142.1,141.3,153.9,154.4,156.9,164.5,188.3,214.3,260.3,323.4,364.9,404,399.1,392.6,384.3
20190113,372.4,356.1,335.1,313.2,286.6,242.7,202,159.9,121.5,87.4,65.6,48.3,42.1,44.7,42.2,35.9,37.5,50.5,71.8,88.3,108.4,120.7,132.3,150.8
20190114,159.5,166.9,160.3,149.6,144.2,138.6,135.7,112.6,95.9,93.4,108.9,133.5,157.1,172.1,176.2,184.2,197.8,208.9,177.5,108.7,61.4,20.5,12.4,10.4
20190115,9.6,8,4.8,5.1,5.9,4.2,4.3,4.2,5.6,5.2,6.2,6.6,7.1,6.6,6.5,6.8,6.2,7.8,10,11.2,15.3,19.4,21.2,22.9
20190116,26.3,30.6,36.3,40.5,41.5,42.8,42.6,40.4,41,41.3,42.8,40.6,34.8,31.2,27.9,28,27.3,31.5,38.8,49.2,52.4,59.7,65.5,66.1
20190117,66.2,66.6,64.7,58,52.5,42.9,37.5,37.9,34.6,37.6,35.6,29.2,25.6,23.5,23.5,26.4,29.5,36.6,44.5,57.6,69.9,74.1,82,85.2
20190118,87.3,84.1,78.2,75.4,70.6,70.1,67.9,66,66.9,68.8,75.7,75,72.4,66.8,63.7,64.1,63.4,70.2,79.5,83.9,88.8,87.1,91.1,70.9
20190119,43.4,26.6,18.8,12.9,8.9,7.8,8.2,7.3,8.6,9.9,10.6,11.6,11.1,10.6,11.6,11,12,13.2,14.8,17.5,20.2,20.1,16.6,12.3
20190120,9.2,7.4,6.1,7.2,7.3,6.1,6.2,6.9,6.6,7.3,7.9,6.2,6.9,8.1,7.7,8.7,8.2,9.4,11.7,16.7,19,20.1,31.5,37.6
20190121,38.6,40.1,40.5,38,29.7,21.9,19.9,20.1,21,22.3,22.7,19.4,16.3,15,13.8,14.9,17.6,21.6,28,33.9,38.4,43.7,43.5,44.2
20190122,44,42.2,42.6,35.8,28.4,23.9,22.1,24.3,25.9,27.3,30.2,29.3,26.4,24.6,21.5,20.8,19.8,21.1,25.3,34.2,44.3,44.4,46.9,46.9
20190123,46.1,38.9,30.9,26.2,23.3,19.9,18.5,17.7,18.2,21.4,22,17.9,16.6,17.1,16.8,17.5,17.7,20.9,25,42.5,43.6,38.4,37.1,42.2
20190124,49.4,50.9,52.8,50.7,,49.5,49.8,51.4,53.5,58.2,63.6,63.8,64.4,64.2,64.1,62.7,61.5,59.5,61.7,66.2,68.3,68.2,63.9,61.8
20190125,55.7,41.9,21,12.9,11.6,9.4,8.9,9.8,11.3,12.1,12,9.8,8.5,10.6,10.2,8.7,8.1,8.8,9.4,12.5,14.7,16.2,15.9,14.1
20190126,13.4,13.4,12,10.2,9.6,8.9,9,8.9,10.8,12.1,14.9,12.8,12,14.6,19.8,23.2,27.2,29.5,34.6,41.6,48.9,56.3,63.6,67.4
20190127,75.8,79.9,77.4,76.2,72.6,65.8,66.9,68.7,67.4,68.4,71.3,74.4,77.2,79.3,74.9,67.1,56.2,47.3,30.9,21.7,15.7,12.9,11.2,10.7
20190128,9.9,9.5,8.6,8.5,8.3,8.4,10,10.7,11.4,11.7,13.5,15.2,25.9,32.8,37.6,37.9,39.9,46.6,52.3,57.4,67.5,80.6,90.6,95.9
20190129,92.5,89.7,91.7,95.9,85.7,84.6,79.2,76.1,77.4,82.1,83.9,91.7,95.9,98,102,109.2,114.5,115.2,117,123.5,130.9,131.5,132.1,132.3
20190130,132.1,128.4,120.2,114.8,88.2,45.4,29.4,18.8,15.5,10.2,14.2,15.4,14.2,12.9,10.6,10.2,10.7,9.6,8.5,9.1,8.3,7.6,6.6,6.9
20190131,5.6,5.6,4.6,5.4,,,,,,7.9,8.1,8.1,7.5,7.8,7.9,8.9,10,11.1,17.2,24,30.6,35.7,39.3,43.2
20190201,42.9,43.9,43.3,39.4,39.3,37.5,36.5,37.4,38.9,45,47.3,47.3,41,43.1,35.7,42.6,47.8,49,50.2,59.9,66.8,67.3,70.3,69.7
20190202,69.5,70.7,71.4,72.5,73.4,71.6,70.7,72.7,77.5,81.9,91.5,99.2,111.4,120.3,128.5,136.8,139.7,141,144.1,147.5,151.2,150.4,150.6,151.7
20190203,146.5,145,135.2,100.7,70.6,48.8,35.6,25.3,20.3,19.3,19.9,24.7,36.4,44,40.6,42.9,39.7,33.5,26.3,23,20,19.6,18.4,18
20190204,17.3,15.9,15.3,17.6,20.8,20.9,28.6,36.5,41.5,52.3,42.3,44,43.4,43.5,46.7,48.6,52.5,54.4,60.5,80.1,92.9,,,102.2
20190205,,,208.9,216.2,191.4,163.2,144.5,140.7,129.9,118.7,90.9,85.1,102,110.4,104.9,97.9,91.1,83.6,77.3,69.6,66.1,67.5,67.8,68.5
20190206,70.5,73,74.6,75,74.2,72,69.8,65.8,59.9,53.7,51.2,52.5,53.8,57.2,59.7,,64.6,62.6,58.6,57,51.6,21.4,11.6,10.1
20190207,9.3,7.9,6.4,5.4,5.6,5.5,5.6,6.3,6,8.4,6.7,6.9,8.2,9.1,10.4,11.2,10.6,10.6,12.1,13.5,14,17.4,19,20.2
20190208,18.5,17.5,17.2,17.3,15.2,13.9,11.7,11.6,11.3,11.2,11.6,17.6,23.7,33.9,41.5,46.3,44.1,44.4,46,47,,51.5,45.5,23.8
20190209,12.3,5.1,5.4,5.5,4.9,5.8,5.3,5.3,6.6,8.1,8.8,7.4,6.7,5.9,6.9,8.2,7.6,8.4,8.4,11.7,18.8,25.2,28.8,31.6
20190210,31.4,27.5,24.5,21.6,17.8,15.6,13.8,12.9,14,14.9,15,13.9,13.3,15.2,18,27,32.7,45.5,55.7,62.6,61.4,61.7,60,58.6
20190211,58.6,58.5,61.4,60.5,61,61,61.2,60.6,61,59.5,57.5,52.9,41.7,25.5,16.7,15.6,14.1,15.8,14.5,22.4,26.6,28.7,26.5,19.4
20190212,17.2,15.9,15,12.6,14.7,17.1,17.8,28.1,39,37.9,35.5,31.7,34.9,36.9,38.6,39,38.5,39.2,39.8,41.8,41.7,44,42.7,42.2
20190213,43,45.1,45.6,46.1,49.9,47.5,41.9,34.4,26.7,21,16.1,12.4,11.1,10.2,11.6,11.8,11.8,10,11.6,13.5,18.1,20.7,28.3,41.9
20190214,56.1,58.2,61.3,59.3,57.1,60,62.3,63.7,62.7,60.5,57.6,53.4,44.2,41.7,42.7,45.3,43.3,43.5,44.7,46.4,46.4,48.1,50,54.2
20190215,57.5,52,25.6,14.8,11.2,8.2,7.5,6.9,7.2,8.3,8.4,8.9,6.7,6.2,6.8,7.7,8.1,7.2,7.1,7.8,9.1,8,8.6,8.5
20190216,8,7,6.6,6.5,6.1,6.3,6.9,6.6,8,8.9,8.3,8,7.3,8,7.8,7.6,7.5,8.8,9.2,11.4,12.7,12.3,11.6,11.6
20190217,10.8,10.5,10.5,9.3,9,8.8,8.8,9.4,10,10.9,9.9,8.2,9,9.1,9.4,9.6,10.4,11.2,14.2,21.5,27.9,33.3,37.7,39.3
20190218,43.5,44.7,44.8,40.7,30.5,25.4,22.8,22.6,23.5,24.6,23.8,20.4,22.4,26.8,31.3,36,40.5,42.7,50.2,53.1,53.8,60.7,73.1,77.8
20190219,80.6,79.3,90.2,91.9,94.3,97.5,98.7,104.5,105.2,98.1,99.5,105.8,111.1,107.7,110.8,118.2,125.9,139.7,156.5,166.5,162.4,133.8,104.7,78.7
20190220,65.7,53.8,48.7,48.9,46.3,41.5,36.3,33.4,36.4,34.2,29,21,22.7,28.5,37.9,48,56.2,63.1,67.6,78.4,89,102.6,122.6,143.9
20190221,151.1,150.9,143.9,131.4,109.5,78,64.1,56.6,47.3,44.9,41.9,41.6,39,42.5,52.8,66.9,86.8,110.5,131.9,143,155.4,174.3,200.1,216.1
20190222,222.4,222.9,219.5,212.1,191.5,159.2,140.5,121.2,112.1,110.8,110.7,99.2,84.6,70.8,54.4,43,38.8,45.2,59.3,77.8,99.3,115.9,122.8,124.2
20190223,131.2,137.4,141,141.9,137.3,136.1,132.9,133.5,121.5,103.7,93.2,106.3,120.8,114.5,109.1,111,119.3,139.1,163.8,173.4,180.2,181.1,189.8,199.7
20190224,206.4,202.1,197.4,182.3,175,171.6,167.9,156.4,140.7,123.3,93.2,55.9,35.4,27.3,22.6,20.7,20,18.1,19.2,27.6,33.5,38.6,37.8,45.4
20190225,72.5,105.2,111.1,105.1,95.4,86.4,77.1,69,58.2,49.3,33.2,23.8,14.7,14.3,16.2,19.9,25.5,31.8,37.9,42.3,46.2,44.1,42.5,43.1
20190226,45.1,45.8,46.3,46.7,48.6,47.4,47.5,45.8,46.5,48.2,49.9,48.7,48.5,46.8,45.3,45.4,49.5,50.6,55.6,57.2,60.3,64.5,71.4,74.1
20190227,76,76.5,77.8,77.7,78.3,77.4,79.5,82.6,84.5,90.8,98.3,102.6,100.9,88.4,81.1,83.9,80.5,80.2,83.3,89,91.3,96.5,97.6,96.6
20190228,94.1,91,82,66.6,55.8,53.9,51.5,52.2,49.2,47.6,42.7,36.9,38.5,39.2,48,65.6,81.7,88.5,112.2,146.2,171.1,176.6,179.9,174
20190301,166.2,156.2,138.6,122.4,110.8,98.6,91.2,89.9,93.1,89.4,85.2,78.4,78.6,101.1,119.1,124.7,128.7,140,161.8,184.5,186.4,191.1,195,197.6
20190302,200.9,204.8,205.7,205.6,197.4,198.9,201.9,204.4,207.9,216.3,215.9,220.8,224.9,210.1,167.6,140.7,136.5,138.7,142.6,149.5,154.1,156.8,154.4,156
20190303,156.7,160.6,161.8,165.4,166.2,168,166.7,166.2,166.2,168,173.8,177.6,178.5,176.7,175.2,170,165.2,155.5,145.8,141.1,141.7,143.5,144.3,148.5
20190304,150.4,155.7,164.8,165.6,165.3,165.6,165.6,165,162.6,158.5,132,100,67.9,42.9,33.3,28.8,29.8,32.8,46.4,70.1,97,110.5,122.9,134.2
20190305,143.1,153.5,168.6,172.7,178.1,180.7,180.8,182.2,180.8,173.7,123.3,59.1,22.2,19.2,8.1,9.7,8.3,7.7,7.7,7.6,8,7.7,7.2,7.9
20190306,10.5,7.6,8.2,7.9,7.7,7.8,7.6,7.8,7.9,9.4,8.3,9.2,6.6,8.9,6.7,6.5,6.8,5.3,6.5,7.8,10.9,13.2,14.8,15.5
20190307,15.6,17,18.6,17.6,18.5,18.7,18.7,17.4,19.9,20,15.5,14.6,14.6,14.8,14.4,14.3,15.3,17.9,23.2,26.7,29.8,34.7,38.6,42.3
20190308,44.3,48.5,50.3,48.5,47.8,47.7,47.5,45.7,45.8,49.5,53.7,60.4,67,69.9,66.7,66,65.8,64.5,63.3,64.1,67.2,71.9,74.6,74.5
20190309,71.7,70.5,67.6,69.6,72.3,73.4,74.4,77.3,79.6,86.9,89,90.9,91,88,85.1,82,79.4,78.6,79.3,83.6,86.4,92.7,97.8,104.8
20190310,107,108.4,109.3,108.2,109.4,106.6,104.6,102.1,100.8,102.2,103.6,106.9,111.1,109.7,108.1,103.4,101.4,100.5,104.1,111.5,114.6,119.2,118,114.7
20190311,108.9,93.2,78.4,74.9,66.5,62.9,59.6,49.8,44.9,36.1,25.9,17,12.7,7.7,6.7,6.6,6,5.4,4.7,5.4,5.5,5.6,5.9,6
20190312,5.2,5.1,4.3,4,4,4.3,4.2,5.9,6.3,5,4.9,5,6.1,5.4,4.2,4.3,4.4,4.8,4.8,5.6,5.7,5.5,5.8,5.1
20190313,5.1,5.1,5.9,6.2,7.1,7.3,8.1,10,12.6,12.3,9.8,6.8,6.1,6.1,7.2,7,8.5,9.2,9.5,11.8,13.6,11.1,10.1,7.3
20190314,6.8,6,6.5,6.7,10.5,9.9,11.8,12.4,17.1,16.6,11.6,8.2,5.9,5.9,6.2,6.8,7.7,6.1,5.7,6.2,6.3,6.6,7.3,8.6
20190315,7.4,7.9,6.6,6.2,5.6,5.6,6,5.6,6,6.4,6.6,6.2,6.8,7.4,8.1,9.3,8.7,13.2,15.3,15.8,20.1,22,24.3,25.9
20190316,29.2,29.4,32.1,30.6,30.3,29.3,30.1,33.7,35.4,34.7,36.7,39.1,37.5,30.2,19.4,15.2,11.4,9,7.6,8.9,10.8,13,11.9,12.8
20190317,12.5,16.8,16.9,20.2,21,23.1,29.5,38.7,48.1,57.7,62,61.6,55.7,53.1,56.6,56.9,57.1,54.1,53.6,53.4,55.7,57.3,59.8,62
20190318,64.6,66.9,69.9,73,72.6,74.9,74.6,76.1,80.4,85.2,89.6,94.5,101.9,105.1,107.6,107.7,108.5,107.7,113.5,117.3,127.9,138.1,142.9,140.5
20190319,135.2,131.9,129.8,131.6,131.9,131.7,132.4,131.4,133.9,140.5,149.7,151.9,155.3,153.6,142.7,127.9,104.6,90.5,82.9,81.8,81.9,80,77.3,73.3
20190320,75.3,75.5,76.2,75.9,75.4,74.7,74.9,76.8,80.8,84.2,83.6,81.5,83.5,87,90.5,86.8,67.6,57.2,49.4,53,41,27.9,18.7,13.2
20190321,9.1,7.9,7,5,5.3,4.8,4.8,4.8,4.1,4.6,5,4.9,4.2,4.3,4.3,3.8,4.2,3.5,5.1,5.4,6.3,6.6,8.7,7.5
20190322,9,8.1,9.4,8.1,9.4,10.3,10.4,11.1,13.1,11.4,8.2,6.6,6.2,7.1,5.6,7.9,7.2,7.3,7.6,7.9,9,7.1,5.8,5.3
20190323,7.3,6.1,6,6.6,6.1,6.2,6.4,8,9.3,7.9,7.5,7,7.2,8,8.6,7.6,8.6,12.8,13.9,16.6,21.2,21.9,22,24.5
20190324,26.4,28.8,29.9,31.9,34.1,33.9,34.2,37.4,38.9,42,43.2,42.6,42.4,39.7,36.4,31.4,28.6,27.1,25.6,25.9,29.2,36.2,39.6,42.9
20190325,42.3,43.9,41.6,43,41.3,38.7,37.3,41.6,38.4,27.5,15.3,9.8,8.6,6.1,9.3,8.6,8.2,9.2,11.8,11.7,15.6,16.9,14.6,14.6
20190326,13,13,15,14.6,17.6,20.9,22.6,25.4,27.8,29.7,32.9,36,39.8,44.1,52.2,57.9,59.9,63.3,66.5,73.8,80.4,83.8,86.5,84.7
20190327,87,87.3,88.1,87.8,87.9,89.1,87.4,88.5,92.2,97.5,95.9,72.4,34.2,21.3,17.6,20.7,20.2,34.1,76.7,70.3,59.2,51.5,43.4,35.3
20190328,30,27.2,24.6,22.6,22.9,22.3,22.5,22.3,22.5,22,20.5,22.7,22.1,24.5,24.4,24.8,25.5,26.7,27.4,29.4,29.5,28,27.5,26.5
20190329,25.6,25.4,24.3,23.5,25.1,24.9,27.6,30.4,32.4,31.8,31.1,29.5,27.3,29.6,32,32.4,24.7,21.7,21.3,18,9.9,8.5,,6
20190330,5.4,4.4,4.2,5.2,4.5,4.9,5,4.8,5.6,5.7,5.8,5.1,5.6,5.8,5.3,5.3,4.7,5.3,5,5.9,6.1,5.8,6.5,7.9
20190331,10.3,10.6,11.4,10.7,10.4,9.5,10.7,14.8,17.8,15.5,11.2,8.3,7.4,7.8,8.2,10,8.9,8.6,8.5,8.8,9.9,11,12.8,12.5
20190401,9.2,9.4,9.8,10.2,8.2,10.5,10.1,12.2,12.9,11.9,10.4,9.2,6.6,9.4,9.7,10.5,12.1,13.3,14.9,17.5,20.2,24.9,28.1,28.8
20190402,29.4,31.6,32.3,32.8,33.6,33.5,34,35.5,36.2,38.5,37.9,37.2,26.8,17.5,14.7,14.4,12.9,12.3,11.6,15.6,26.9,34.9,41.2,51.6
20190403,51.5,50.4,45.9,42,39,39.4,39.8,42.2,42.6,44.4,49.3,57.1,61.6,63.4,69.3,76.7,77.5,71.4,64.6,61.9,64.1,,72.9,73.2
20190404,71.8,72.9,75.4,77,80.5,82.3,84.3,88.1,89.7,97,109,116.6,122.4,112.5,99.2,90.6,78.8,74.1,65.9,39.1,24.7,18.1,16.4,9.6
20190405,6.8,6.5,7.1,7.5,8,11.3,12.4,14.3,18.3,23.5,33.4,52.3,70.7,75.2,74.2,74.2,62.7,59.2,54,46.2,40.9,36.1,33.8,32.8
20190406,36.8,38,35.6,37.6,33.7,29.8,35.3,36.5,40.1,40.1,40.5,39.9,36.8,40.1,33,40.1,30.1,27.6,28.1,29.4,33.4,42.7,41.8,38.4
20190407,39.1,41,43.3,46.7,49.2,47,47.8,51.4,51.6,44.8,34.8,34.7,34,34.3,37.2,34.5,40.8,35.3,34.9,33.2,37.3,40.5,34,33.3
20190408,32.4,33.2,34.5,37.4,41.7,44,41.2,42,42.6,39.6,34.8,29.3,27,23.5,25.4,27.7,26,22.4,20.4,17.9,16.2,16.5,14.1,12.3
20190409,15.8,12.5,13.9,15.5,23.7,24.1,22.4,22.7,23.3,23.1,25.4,25.6,28.3,29.3,28.9,26.1,23.7,25,24,24.1,26.2,29.4,28.8,28.9
20190410,28.5,28.9,29.1,30.5,32.2,33.8,33.9,37.1,41.5,41.9,35,23.4,18.2,13.7,12.6,13.7,13.5,14.3,15.8,17.9,20.9,27.9,32.3,35.4
20190411,36.6,39.8,41.6,46.4,51.2,54.5,57.4,56.7,58.7,63.7,62.8,53.1,46.4,42.6,38,36,37.5,37.8,38.6,38.5,41.4,41.4,41,38.5
20190412,41,46.8,48,50.1,51.6,54.4,54.7,59.9,67.5,76.8,77.8,82,69.2,56.2,45.5,39.1,37.2,42.8,52.6,71.9,82.8,81.1,90.2,82.7
20190413,86.4,91.3,94.6,97.8,99.8,103.3,105.4,106.9,115.9,124.4,129.1,127.7,123.8,119.2,103.5,101.4,90.9,75.6,38.9,19.4,13.3,13.2,14.5,13.1
20190414,13.7,14.5,13.3,11.3,10.2,11.4,13.2,17.4,16.6,13,12,11.2,12.2,12.7,13.6,13.6,14.8,15.8,17.4,18.8,32,26,31.5,32.8
20190415,32.9,32.7,36.8,37.6,43.9,45.6,50.6,51.3,50.9,57.4,63.4,66.5,63.4,52.4,51.6,50.5,48.4,49,42.2,38.1,33.3,32.2,32.3,32.6
20190416,34.9,38.1,39.3,43.3,49.5,50.2,55,58.5,68.2,77.5,83.1,82.5,87.9,89.2,86.8,85.5,81.5,80.3,75.8,75.7,76.7,81.5,84.3,87.6
20190417,90.5,92.5,94,95.6,97.1,99.9,104,107,115.8,117.2,114.2,119.5,116.5,115,114.1,103.6,96.4,90,89.9,87.7,97.8,99.8,108.1,112.8
20190418,106.1,104.8,94.3,77.1,97.6,78.8,42.4,25.6,19.8,18.7,17.8,17.2,16.4,14,14.4,14,18.3,22.7,40.1,39.5,32.4,29.1,23.3,21.2
20190419,20.6,19.3,20.2,22.2,16.9,17.2,18.7,19.6,20.6,20.9,27.6,25.4,25.8,28.3,25.3,23.9,24.4,24.3,24.2,18.9,16.7,18.5,20.3,21.8
20190420,23.1,23,23.5,23,21.1,22.2,23.8,24.9,34.4,28.8,37.8,36.8,38.7,41,49.9,57.3,51.2,56.5,58.3,54.5,55.6,57.8,59,59.7
20190421,60.7,59.8,58.5,59.1,56.8,56.7,56.6,59,62.1,64.2,60.7,53.4,52.4,59.1,63.9,72,74.6,70.8,65.3,59.5,50.8,48.3,48,51
20190422,52.1,57.8,63.9,67.4,69.9,72,70.1,73.3,80.9,90.8,97.7,110.2,128.6,136.9,122.9,124.6,120,119.7,118.4,110.4,102.2,100.7,98.8,95.3
20190423,96.8,104.1,110.6,118,119,116.5,114,115.6,121.5,125.4,132.6,132.6,122.4,102.7,85.5,72.4,62.9,51.5,49.3,47.9,50.9,56.3,62,69.2
20190424,74.5,81.9,90.3,91.2,87.4,87.6,78.5,71.8,70.9,72.1,77,74.1,39.2,17.4,11.6,9.5,10,9.6,8.8,8,8.1,8.1,5,4.2
20190425,3.6,3.8,3.5,4.1,5.4,5.4,6.5,6.6,6.6,6.6,6.8,8.6,8.1,6.8,10.3,8.9,9.4,10.1,11.9,14.4,15.6,17.6,18.9,20.3
20190426,19.4,17.2,16.9,17.8,20.2,22,22.5,23.8,21.4,19.3,18.9,17.2,17.7,17.2,15.1,14.6,16.7,17.8,19.6,22,22.2,25.9,29,32.6
20190427,34.1,38.9,39.7,40.7,42.9,44.5,47.3,51.4,55,59,62,61.2,60.2,45.5,36,25.7,19.9,15.8,13.1,13.2,14.9,17.4,19.4,22.7
20190428,25.8,28.2,32.6,35.2,37.2,40.5,43.1,46.6,48.7,49.3,48.8,48.2,45.3,42.6,41.9,42.3,45.8,48,50.2,53.8,55.6,60.2,62.6,65.5
20190429,66.6,69.7,72.9,76.3,77.3,78.4,80.5,83,88.9,95,97.8,97,100.3,105.9,111.6,110.8,115.5,119.1,130.7,129.1,137.1,142.6,144.2,144.9
20190430,151.8,151.8,140,99.1,72.4,53.8,49.3,47.2,45.1,28.2,17.6,10.1,11.3,12.1,9.3,10.9,9.4,10.8,9.9,9.3,10.3,22.7,11.5,12.1
20190501,12,13.5,13.2,12,12.6,12.2,13.4,15.4,14.6,13.3,15.8,14.4,9.5,10.7,8.5,8.7,9.3,10.1,12.7,13,15.5,18.4,20.2,26.2
20190502,30.1,24.1,30.3,24.9,23.6,22.5,23.8,24.2,25.4,24,26.2,25.6,20,19,19.5,20,23.6,29.5,30.2,29.9,31.2,30.4,33.7,32.3
20190503,35.5,39.5,45.1,40.7,45,42.2,43.5,49.9,58.2,56.6,58,61,60.4,60.4,59.5,60.9,56.3,52.2,50.9,63,73.6,68.6,61.9,68.3
20190504,57.3,55,49.5,45.1,48.9,49.3,51.4,53.5,60.4,64.9,64.4,67.1,61.9,59,56.7,57.5,54.1,53.9,59.8,54.4,43.3,33.8,27.4,22.6
20190505,22.6,24,24.3,25.2,29.4,40,49,33.7,24.4,25.8,39.7,26.7,19.1,13.8,13.2,17,13.8,13.8,14.6,17.6,13.4,14,15,15.1
20190506,15.9,16.7,23.7,20.9,18.2,18.9,17.6,18.9,20.5,17.1,16.8,12.4,12.9,12.1,12.5,13.3,16.3,17.2,17.6,17.5,24.4,24.7,27.5,28.5
20190507,30,32.9,34.5,31.4,30.2,27.2,25.8,26.9,30,24.8,20.6,16.2,14.7,11.7,13.2,13,14.5,18.7,21.9,22,21.8,23.6,28.9,32.2
20190508,33.7,32,30.8,33.9,36,40,42.3,43.1,47.4,48.8,51.8,55.8,56.3,51.8,47.9,43.2,37.1,35.7,42.9,53.9,64.5,71.9,74.4,71.6
20190509,67.9,66.5,65.8,64.8,60.9,55.2,46.2,46.6,45.1,45.1,36.9,37.5,41,32.2,31.3,31.9,29.4,25.1,24.6,26.7,33.2,37.7,41.1,42.5
20190510,42.9,49.6,48.9,48.1,49.6,50.4,54.3,58.9,64.8,71.4,77.3,83.8,86.4,76.8,67,54.1,47.1,42.2,38.3,37.4,38.4,39.1,44,47.5
20190511,50,55.5,56,63.2,73.2,79.2,89.5,101.3,112,119.3,113.3,106.1,95.5,76,61.5,56.4,52,52.9,53.3,48.5,48.9,46,43.1,40.5
20190512,43.4,51.2,60.2,69.1,78.8,83.4,88.7,89.2,91.9,94.9,96.1,101.7,105.5,111.4,106.2,105.4,121.7,139.8,144.3,129,109.2,64.9,44.5,27.7
20190513,21.6,19.2,19.3,20.9,19.6,19,19.5,21.7,26,25.7,33.1,23.5,20.9,21.9,20.2,19.3,20.1,21.5,24.8,23.8,23.8,23.3,25.5,25
20190514,26.1,29,29.6,28.3,29.6,29.3,29.7,32.1,40.5,47.1,48.6,51.1,54.9,61,64.9,69.5,71.2,72.9,72.4,71,70.2,73.3,76.5,78.9
20190515,80.7,82.3,82.6,85,86.6,86.3,88.1,93.5,101.6,109.5,115.4,112.6,110.2,106.4,99.6,99.2,99,96.3,95.6,91.5,87,87.5,85.4,78.7
20190516,72.1,73.2,78,83.7,90.2,92.3,92.9,92,93.1,90.8,97.2,98.3,83.2,64.6,51.6,45.6,43.6,39.5,41,40.1,41.8,44.1,46,49.6
20190517,54.2,64.8,69.9,74.9,85.5,94.9,97.4,102.2,107,112.5,117.7,119.1,116.5,111.7,103.9,93.9,83.8,76.8,77.6,70,48.8,40.9,26.2,18.5
20190518,17.9,20.4,24.1,27.2,32.2,35.2,37.4,36.5,36,35.4,34.9,38.4,41.8,44.1,44.2,44.7,47.6,47.1,47.1,,47.3,40.9,36.5,34.9
20190519,36.4,38.7,39.9,41.9,44.6,39.9,38.2,37.6,39.9,41.9,51.6,63,68.8,48.4,20,9.6,7.4,8.3,8.9,7.5,6.6,7.6,9.4,11.7
20190520,15.4,18.3,20.9,18.2,16.6,13.3,11.6,10.2,11.8,10.7,7.3,7.2,9.3,8.7,6.5,9,8.9,8,7.8,8.8,10.8,15.8,18.4,21.8
20190521,17.9,18.9,17.9,16.4,16.2,14.2,14.4,15.7,15.9,12.6,10.6,8.2,7.5,7.1,7.5,8.1,7.5,6.9,11.2,14.3,17.2,20.8,24,26
20190522,26.2,27.4,25.9,24.4,23.5,22.9,22.4,23.7,24.2,18.5,16,13.8,14.8,14.1,12,12.7,15.5,16.3,16.9,18.3,24.1,29.4,30.4,30.9
20190523,30,27.4,25.9,23.7,23.8,23.5,23.1,23.8,22.7,24.6,26,27.1,29.1,27.7,26.6,27.4,27.1,29.6,30.5,35,35.5,41.2,46.4,49.2
20190524,48.4,48.3,47.8,50.7,54.2,55.1,56.1,59,60.3,55.3,55.1,57.6,70.3,52,44,39.7,32.4,29.1,27.3,26,27.9,30,30,32.6
20190525,35.7,37.6,39.1,42.1,44.3,44.8,46.2,48.1,52.2,57.2,58.9,62.5,53.5,47.9,47,48.9,49,49.2,50.3,52.2,54.6,58.6,61.9,62.8
20190526,60.4,60.1,62.9,63.4,67.5,72.3,77.6,78.6,80.2,82.5,82.3,43.3,15.5,10.3,8.3,8.1,8.6,6.6,6.8,6.6,5.2,5.9,5.3,4.8
20190527,3.1,3.5,3,2.7,3,3.3,3.9,4.4,4.3,4.5,4.9,4.2,5.1,4.4,5.5,6.2,5.3,4.9,4.6,5.7,6.8,8.9,12.5,12.3
20190528,12.8,12.8,11.9,10.8,10.8,11.2,11.4,13.3,13.5,10.9,9.6,9,6.5,7.5,6.8,7,7.6,8.3,9.1,11.2,13.2,17.2,17.9,20
20190529,20.7,20.4,18.7,17.2,15.6,14.6,14.6,15.1,16.1,15.7,15.3,15.8,17.6,21.4,25.7,27.9,27.3,28.3,31.9,31.1,32.7,35.6,36.9,33.4
20190530,28,26.4,26.6,25.6,26.4,27.1,29,30.8,34,35.4,34.2,30.8,26.3,21.4,17.2,14.5,11.5,9,7.9,8.3,8,8.6,9.2,9.3
20190531,10.8,10.8,10.8,9.8,10.5,10.9,10.6,11.6,11,10.1,10.2,7.2,6.1,6.8,6.2,6.9,6.8,7.2,8.5,9.9,11.9,14.3,17.1,18.6
20190601,19.9,19.6,20.1,20.7,22.2,21.8,21,22.6,25.1,26.5,31.6,35.8,41.8,41.5,39.1,37.9,35.5,31.9,27.9,30.5,33,36.3,35.9,32.2
20190602,31.4,28.3,28.1,29.4,31,31.3,34.5,37.2,39.8,44.5,51.2,58.2,61.8,63.8,57.1,51.4,46.4,44.8,42.8,45.4,43.9,44.6,44.2,43.2
20190603,35.8,33.4,32.4,25.1,20.2,22.5,22.7,25.8,36.7,42.4,42.7,37.6,28.9,23.4,19.9,21.3,21.5,20.7,20.7,21.2,23.9,25,27.8,34.7
20190604,51.6,59.3,57.3,53.3,53.4,56.1,58.5,59,65.1,66.9,67.3,75.6,71.7,65.2,55.6,49.5,50.4,52.6,55.3,61.1,66.1,64,63.4,61.1
20190605,62.4,66.6,71.2,70.5,71.3,71.6,75.9,72.8,68.8,60.3,46,36.8,30.6,29.2,27.6,28,28,25.2,27.6,35.6,48.3,48.7,45.9,47.4
20190606,47.2,49.1,52.5,55.1,56.5,61.6,65.7,70.2,83.2,103.4,100.1,77.7,69.1,65.9,53.9,41.6,33.2,29.1,27.9,25.6,25.1,26.1,30.1,34.2
20190607,35.9,39.6,43.4,47.5,52.4,56.2,58.5,63.5,74.3,77.3,71.8,65.6,62.1,,58.6,58.7,59.3,58,58.9,63.2,67.8,71.2,75,77.6
20190608,78.2,80.1,80.9,77.8,74.2,73.2,67.9,65.2,56.1,46.3,32.1,19.9,12.7,11.4,9.8,11.4,12.8,16.9,17.4,14.6,10.7,9.8,8.7,8.1
20190609,7.1,5.7,5.6,4.3,3.4,3.7,3.2,3.3,4.5,4.4,5.4,5.5,5.4,5,5.4,5.5,6.9,6.9,6.8,6.7,9,10.7,12,13.6
20190610,17.7,23.2,27.5,34.8,44.1,49.9,50.4,52.6,52.6,47.4,34.5,16.8,11.6,11.1,9.9,10.3,10.5,11.5,13.7,16.6,21.2,25.8,29.3,29.9
20190611,35.1,46.7,56.7,65.9,69.6,72.4,76.8,76.2,78.6,74.6,65.9,60,57.7,52.1,43.5,38.4,36.9,35.3,34.9,34.5,29.4,25.7,24.6,23.6
20190612,23.9,24.6,27.7,32.6,39.1,41.4,40.8,40.2,41.6,41.5,40.9,40.7,42,44.7,44.6,44.5,44.5,42.9,43.9,38.1,30.1,24.6,21.5,19.3
20190613,20.5,21,21.4,23,23,23.6,24.6,25.3,25.9,24.7,23.2,22.4,22.5,22.3,21.2,22.5,23.3,24.9,28.2,29.8,29.7,33.6,34.9,39.3
20190614,41.2,42.9,45,47.9,49.1,51.2,57.1,74.1,78.3,58.8,27.2,15,10.7,7.8,7.8,7.2,7.2,8.3,8.7,9,10.3,22.8,38.3,39.5
20190615,35.7,30,26.8,23.4,23.3,23.2,24.5,25.4,26,24.4,20.4,17.5,16.1,16.9,19.1,19.6,21,22,23.8,24.2,21.1,19.4,18.4,17.1
20190616,14.5,13.9,16.1,16.7,19.1,22.7,21.1,22.4,23.6,23.7,21.5,20.4,19.1,21,22.8,21.8,22.9,23.6,29.1,31.4,35.6,38.6,41.7,46.1
20190617,46.2,47.5,48.4,49.4,46.3,46.8,46.4,47.3,50,50.6,48.4,52.3,49.1,45.4,43.1,41.6,37.7,37.5,39.6,43.6,52.2,55.7,58.6,63.1
20190618,68.5,72.4,73.9,71.8,66.8,64.6,62.9,64.1,70.3,72.4,73.6,68.8,61.2,54.3,47.2,43.5,,40.8,41.2,43.9,45.6,48.3,52.6,57.5
20190619,57.3,61.8,71.9,76.6,82.3,88.2,90.8,89.1,90.6,88.1,87.6,85.6,82.7,76,69,65,59.9,58.8,58,59.6,60.3,65.2,72.6,73
20190620,72.7,73.9,75.9,78.5,79,77.5,75.4,77.1,78.8,79.1,78.6,76.4,74.5,69.5,60.9,52.6,44.6,40.1,36.5,31.2,33.3,35.5,34.2,33.3
20190621,46,54.1,52.4,55.2,59.7,72.7,84.6,83.4,80.6,78,75.9,75,70.4,64.4,59.7,53.6,47,37.5,29.3,20.7,17.2,16.3,15.9,17.1
20190622,19.7,18,18.3,17.3,18,19.2,20.1,22.2,22.7,22.7,21.5,22.6,23.4,20.9,18.8,17,17.8,17.5,16.8,18.3,20.1,22.2,26.4,28.5
20190623,29.7,30.2,31,32.5,31.6,32.6,36.8,39.2,43.9,46.3,47.9,49.1,49.2,47.3,46,45.1,43.6,43,42.7,40.4,37.9,33.8,30.9,30.2
20190624,31,31,32.1,33,36.1,39,40.4,43,45,45.3,44.7,43.1,40.5,36.4,29.9,,,,29.2,31.7,33.2,36.8,,38.6
20190625,40.2,42.1,42.6,42.6,42.4,42.3,41.8,42.7,,45.5,48.7,51.1,53,49.5,46.7,45.4,44,41.2,44.8,46.7,48.4,46.8,47.5,47.7
20190626,43.2,39.1,36.2,32,28.9,29.1,28.4,29.7,31.1,33.3,36.9,41.8,47.8,51.3,53.2,53.3,51.5,51.4,51.9,51.7,51.6,52.8,49.6,44.3
20190627,41.1,42,42.6,43.1,44.3,46.9,50.9,55.4,58.4,60.4,62,58.8,57.7,57.9,53.2,46.4,43,41.3,42,41.8,41.3,43,43,38.1
20190628,34.4,34.6,34.6,33.9,33.8,30.7,28.7,23.5,19.9,18.9,17.6,19.5,18.3,16.8,17,17.6,17.6,20,27.3,31.7,35.8,39.8,42.7,44.8
20190629,47.8,48.9,47.9,38.3,38.2,27.7,24.9,25.8,28.4,26.2,16.7,11.7,8.6,6.7,5.9,4.2,4.6,3.6,3.9,4.1,4.4,3.9,3.8,3.2
20190630,3.6,3.7,3.6,4,3.7,3.8,3.8,3.6,3.9,4.2,4.5,4.5,4.6,5.5,6.1,5.4,4.8,4.4,4.3,4.1,4.2,4.8,6.1,6.5
20190701,7.4,8.6,10,11.3,11.2,11.4,11,10,8.7,7.5,6.8,6.3,6.8,6.9,6.2,7.1,7.7,8.8,8.5,10.1,9.6,11.9,14.5,20.3
20190702,21.3,19.3,17.6,17.6,17,17.4,18.4,19.6,21.4,27.2,28.5,27.5,25.7,23.4,23.6,22.9,22.1,20.7,21.8,23.1,25.6,26.2,26.7,27.7
20190703,25.8,25.2,23.1,23.8,25.1,25.6,27.2,28.9,29.9,28.5,26.8,24.3,20.6,15.7,13.7,13.4,13.6,14.9,16.2,16.4,19.1,19.8,22.2,21.6
20190704,22.4,23.5,24.9,25.6,28.4,30.2,30,31.9,34,,35.5,34,32.9,33.2,28.6,26.2,24.9,25.2,28.4,30.1,34.1,35.2,37.2,37.5
20190705,36.8,35.5,36.4,39.2,39.7,40.1,38.3,41.5,42.3,43.9,38.6,31.9,28.7,25.8,18.2,17.4,21.2,14.6,11.8,13.6,14.7,14.9,17.6,20.2
20190706,23.9,24.7,20.8,15.8,14.2,14.3,14,8.5,8.7,7.5,5.3,5.8,5.4,5.6,4.9,5.1,4.8,5,5.5,5.6,6.3,6.4,5.6,4.8
20190707,4.9,5.3,5.2,4.9,4.3,5.1,4.5,4.9,4.7,5.4,5.3,6.7,9.1,12.8,15.1,16.3,17.5,21.8,24.7,24.9,24.8,24,18.9,19.5
20190708,19.8,19.8,22.8,24.5,26,28,28.4,27.4,24.6,22.3,20.6,20,20.2,19.6,22.1,21.8,20.3,20.8,20.7,21.1,22.6,24.2,26.6,27.9
20190709,30.4,31,30.6,30.7,29.4,28.4,29.1,29.9,33.3,34.1,33,32.4,32.4,29.5,27.5,27.2,26.1,23.7,22.5,22.8,25.2,28.3,31.1,35.5
20190710,40.8,46.2,49.4,51.7,54.5,58.7,65.3,61.6,51.4,51.7,49.3,48.5,48.2,42.1,32.1,28.8,27.2,26.8,26.8,28.5,32.9,31.6,32.3,32.9
20190711,33.6,33.3,32.8,33.4,36.3,35.9,35.7,36.5,39.1,38.8,36.6,34.6,28.8,26.2,22,20.4,18,17.3,17.8,,20.7,22.9,22.6,22.1
20190712,22.4,23.9,24.1,24.6,22.9,24,22.6,24.7,24.4,25.8,26.1,26.2,26.2,24.8,22.6,21,22,21,22.2,26.2,28.9,33,36.4,38.3
20190713,40.4,41,43.1,45.6,45.9,50.3,61.6,68.8,75.4,84.5,84.8,79.8,71.6,62.1,56,52,51.1,47.1,43.9,42.8,43.4,43.3,42.5,43.5
20190714,44.1,31.5,12.8,8.9,10.4,11.4,10.6,10.1,9.7,11.8,14.5,12.9,12,10.7,11.3,10.4,11.8,15.5,17.1,18.5,21.1,22.9,23.6,
20190715,41.5,54.2,53.7,52.9,57.5,58.6,57.6,57,63.8,69.1,73.5,,72.3,63.2,54.8,50.3,47.6,47.1,44.5,42.2,40.9,39.3,41.4,41.9
20190716,36.9,35.9,36.5,37.1,41.6,44.9,48.1,51.1,,54.1,,,,48.2,41.9,,,23.5,,,,22.2,23.9,24.6
20190717,25.8,28.2,32,28.3,28.9,31.7,35.1,39.3,41.4,45.3,51,55.8,59.4,61.3,65.2,65.4,64.2,57.8,53.3,53.3,52.5,51.7,49.6,46.5
20190718,46.9,48.9,49.9,52.4,52.5,53.3,53.6,52.8,54.3,55.3,62.3,69.7,77.3,80.3,77.1,75.5,72,68.5,,,72.5,80.6,86.3,88
20190719,84.2,75.5,69.3,62.4,56.8,52.8,49.3,47.1,47.4,47.7,49.1,50.9,54.6,55.9,58.1,61.1,62,62.6,60.9,58.8,58.6,60.1,58,52.4
20190720,49.3,44,39.9,37.3,36.8,40.9,43,44.1,47.1,49.2,51.3,51.7,54.8,57.7,61.5,65.8,64.3,64.6,69.1,70.1,71.4,74.3,75.1,76.9
20190721,78.9,80.9,83.9,83.6,84.4,84.9,83,84.3,91.4,87.3,79.2,70,60.9,54.7,46.7,41.4,41.1,40.7,37.5,38.8,41.4,43.5,46.6,48
20190722,51.3,56.7,59.8,60.3,61.7,56.9,52.1,51.8,59.4,67.6,74.1,78.4,84.6,86.3,92.9,98.4,100.5,100.7,102.1,100.3,98.4,77.1,62.1,53.1
20190723,45.9,39.3,38,38.4,36.8,35,34.9,32.8,27.8,20.4,17.3,13.2,14.4,15.6,15.6,17.7,18.5,18.3,18.2,18.6,19.3,20.5,22.8,22.9
20190724,24.9,24.6,26.1,27.7,29.1,30.8,32.2,34.6,42.8,48.8,51.1,49.6,42.1,35.2,33.2,35.3,32.3,31.9,33.5,37.1,38.6,33,28.9,28.4
20190725,27.3,25.8,23.6,23.6,23.3,24.4,24.2,25.5,25.5,26.4,25.1,25,25.3,25.8,26,26.5,24.5,25.9,27.5,25.8,21.6,20.4,19.1,18.1
20190726,15.7,16.3,16.3,17.1,17.2,17.8,17.8,17.4,17.7,20.1,27.8,33.1,40.1,45.4,47.1,46.3,46.6,50,55.4,60.4,64.1,66.7,73.1,79.3
20190727,88.6,99.1,99.9,99.2,102.8,110.4,116.7,119.2,123.6,118.7,108.4,94.8,78.5,64.7,58.1,57,57.3,56.1,49.3,44.4,35.5,32.7,33,34.5
20190728,37.4,40.2,46.2,49.3,51.8,52.1,54.7,61.6,66.7,71.6,73.7,72.9,72.5,68.2,63.1,61.4,59.3,58.7,58.6,60.5,46.2,25.8,18.8,19.3
20190729,18.4,17.3,15.3,12.7,9.1,10.4,12.5,14.2,15.2,16,15.3,16.7,16.1,15.5,15.5,11.5,,8.5,7.7,8.6,9.5,12.6,15.7,18.6
20190730,20.7,21.7,19.9,19.8,20,19.9,20.7,21.3,25.7,28.9,30.5,28.8,26.8,24,21.9,20.5,22.1,24,24.1,25.9,25.1,25.4,25.8,26.8
20190731,25.7,23.6,23.1,23,23.6,22.6,23.1,23.2,23.7,25.2,22.6,21.6,19.2,18.1,17.3,17.8,18.1,17.9,19.9,20.3,22.8,25,26.4,25.7
20190801,25.8,26.4,22.2,19.3,20,21.7,23.9,25,24.4,23.6,22.6,23.6,24.1,23.6,23.5,22.4,22.2,22.4,22.5,23.6,24.1,27.9,32.4,37.6
20190802,40.9,47.2,50.9,52,33.3,22.4,20.9,22,21.5,20,22.1,24.6,24.7,27.1,,25.5,23.7,23.4,24.2,23.1,24.7,26.8,29.4,29.1
20190803,30.5,30.8,30.6,33.2,33.4,33.5,31.5,33.9,38.3,45.4,44.9,41.8,38,35.9,33.2,28.7,25.9,22.9,22.4,22.1,22.8,24.1,24.2,26
20190804,25.7,26.6,28.2,30.4,32,33.6,33.9,35.3,38.9,39.4,38.3,39.1,39.8,36.7,34.2,35.1,36.7,39.3,47.2,51.4,47.1,45.6,47.9,47.7
20190805,42.7,41.1,39.3,35,34.2,30.2,21.9,18.6,20.9,24.5,21.6,17.2,17.9,22,26.1,29.1,31,33,33.5,34.8,34.4,33.4,33.6,34.7
20190806,34.5,37.1,38.7,38.6,38.1,37.8,39,39.9,46.9,53.1,51.8,48.7,46.4,43.3,40.7,38.8,39.1,39.4,38.7,39.4,40.8,42,45.4,39
20190807,34.6,24.3,16.4,13.3,14.9,15.5,16.4,18.5,16.7,17.8,16.7,15.9,16.8,15.2,16.5,16.6,16.7,16.5,17.3,18.3,20.3,21.6,23.6,21.4
20190808,22.4,25.1,26.3,27,26.5,25.6,26.5,,,39.6,42.5,40.4,34.3,32.5,30.1,29.5,28.3,27.3,29.3,29.1,31.9,34.6,38.8,41.3
20190809,43.8,48.4,51.1,55,58.5,58.3,59.8,59,58.4,56.5,53.5,47.8,43.3,41.4,39.4,37.5,35.1,23.8,15,16.6,12.2,12.4,13.3,15.4
20190810,15.7,15.5,17.5,18.1,18.6,20.4,20.9,21.7,20.6,20.3,22.1,24.6,26.6,26.3,26.2,26,24.4,23.8,22.1,20.9,21.9,23.1,23.7,24.6
20190811,24.5,24.9,24,22,18.8,18.3,17.3,13.1,13.3,14.5,15.3,15,15.2,13.6,12.2,12.5,,10.4,11,10.4,10.5,9.1,9.5,9.2
20190812,8.3,9,8.1,8.4,8,7.2,7,7.6,7.2,7.1,6.3,6.2,5.7,6.1,,5.4,,5.9,5.8,4.6,4.4,4.1,4.6,3.6
20190813,3.3,3.9,3.8,3.5,3.9,3.4,3.4,3.9,4.3,4,4.5,,4.3,4.6,4.4,5,5,5.3,5.8,7.3,7.1,7.8,9.9,10.4
20190814,10.7,12.1,13.2,13.5,12.8,12.2,11.1,11.1,11.2,12.4,12.2,12.1,10.9,9.3,8.3,7.2,6,6,6.6,8.4,10.8,14.2,17,17.5
20190815,17,16.2,15,14,12.9,11.8,11.2,11.5,11.8,12.1,12.9,14.3,15.4,17.8,17.1,17.8,19.6,22.4,23.2,,13.8,14.2,15.2,10.1
20190816,9.5,7.3,7,7.4,6.9,5.3,5.4,5.6,6.2,5.1,5.1,4.6,4.6,4.4,4.5,3.8,5.1,4.5,3.9,4.7,6.6,8.1,7.8,7
20190817,6.8,7.2,8.5,8.6,8.5,7.7,7.4,7.6,6.8,6.2,6.4,6.4,6.4,6.5,5.9,6.5,5.9,5.8,6.8,7.8,9.9,12.5,13.8,14.4
20190818,14.3,15.3,15.3,13.6,11.4,10.9,10,11.1,11.3,10.8,11.1,10.3,11.4,10.4,10.9,11.3,12,12.8,14,17.2,19.6,22.1,24.3,27
20190819,28.7,28.8,31.8,31.6,32.4,33.6,35.1,35.2,39.2,42.4,44,45.4,44.8,45.8,44.2,41.1,37.8,37.8,35.4,36.3,38.6,40.4,41.1,43.5
20190820,45.4,48.3,53.8,59,65.5,73.4,77.5,81.1,75.8,64.8,56.6,48,42.7,39.1,38.6,37.3,41.4,38.9,38.4,38.2,37.8,40.2,41.1,45.1
20190821,48.1,49.8,50.3,52,52.2,51.6,47,43.8,34,18,12.1,10.1,10.2,,10.6,12.2,12.6,12.2,14.2,15,15.3,17.2,16.7,17.2
20190822,17.9,18.4,17.3,15.6,16,14,14,15.3,15.1,14.6,14.5,12.5,11.1,9.5,10,9.3,8.8,10.4,10.6,11.9,15.4,17.5,16.8,17.5
20190823,17.5,17.1,17.1,16.6,15,13.3,12.4,12.1,11.2,10.5,8.5,8.8,7.8,8.8,8.2,7.7,7.9,7.3,7.3,9,10.6,12.1,12.2,12.5
20190824,12.9,12.2,11.9,13,13.6,13.2,13.2,13.3,14.9,15.6,16.8,18.4,19.5,19.8,18.2,17.2,16.7,14.1,14.5,14.9,14,13.6,14.9,18.5
20190825,21.4,23.3,24.9,26.3,26.6,26.9,25.5,25.2,,30.3,,,,17.1,16.9,16.3,17,18,16.5,17.7,20.8,23.5,27.4,
20190826,,37.4,51.5,55.3,,65.8,66.3,,69,72.9,79.9,88.1,87.2,87.2,83.7,80.3,81.8,77.5,78,78.8,84.3,89.4,91.1,88.4
20190827,85.8,81.8,78.2,74.2,69.3,62.6,54.9,52.1,49.5,35.4,21,14.1,9.2,8.5,5.7,5.6,5.4,5.6,6.8,6.7,9.4,10.4,9.7,9.3
20190828,8,8.2,8.2,8.8,7.6,7.1,6.8,8.1,7.3,5.6,4.5,3.1,4.1,4.3,5,3.4,3.6,4,3.2,4,3.4,3.1,3.3,2.8
20190829,2.9,3,43.8,4,4,15.2,4,4,4.6,4.4,3.7,4.7,4.1,3.6,2.7,2.7,3.8,3.1,3.8,4.3,5.8,6.3,5,4.5
20190830,4,4.2,4.5,4.9,4.8,5.2,6.1,7.2,6.9,6.5,6.4,6,4.8,5.1,4.5,4.9,5.7,6.5,7.3,9.8,,,,
20190831,,13.2,13.2,13.9,13.2,14.1,11.8,11.3,11.5,11.4,9.5,10.6,10.4,10.3,8.8,9.4,10.7,12.6,13.6,,17.7,,18.4,18.8
20190901,18.8,19.4,19.1,20.2,21.5,21.6,23.8,24.8,26.9,26.5,25.2,23.9,20.1,16.9,16.1,16,16.2,16.5,15.3,16.3,16.9,18.9,19.9,21.5
20190902,24.6,24.7,26,25.9,25.6,23.9,25.9,26.8,28.5,28.9,28.5,28.5,27.4,25.4,24.3,22.4,21.8,22.9,26.3,28.3,30.9,33.9,,38.9
20190903,39.9,42.2,43.8,,,,,,,,,,,,,45.5,40.4,39.1,37.1,38.6,41.1,43.1,43.3,45.1
20190904,46.5,49.2,52.4,54,58.5,60.7,64.1,66.9,70.9,74.2,75.6,73.1,70.8,57.3,47.5,44.7,42.5,43,41.9,39.5,38.1,37.4,,36.2
20190905,37.4,38.6,39.1,41.7,45.9,50.8,56.5,59.6,60.7,60,57.8,53.6,49.9,44.9,40.4,40.9,39.2,35.6,37,37.4,38,35.7,36.6,38.1
20190906,40.1,42.5,44.3,45.8,48,49.4,50.3,52.8,57.2,57.1,54.8,52.4,51.9,49.8,47.3,43.4,40.9,40.2,41.1,43.9,46.1,49.8,52,52.2
20190907,53.6,56.7,57,61.7,66.3,69.9,71.2,64.3,62.2,58.1,54,48,42.6,37.8,32.4,27.1,27,29.1,30.6,32.4,32.4,32.9,34.5,35.5
20190908,37.4,36.9,40,42,43.7,46.3,48.8,49.9,48.7,46.2,40.1,29.1,20.6,16.6,,15.7,16.8,18,23.1,26.1,30.6,34.4,39.3,43.7
20190909,46.8,47.6,49.7,52.7,55.5,59.6,66.1,75,89,104.7,101.4,91.6,83,81.9,78,73.9,74.1,70.8,66.3,46.1,39.9,39,36.6,31.7
20190910,22.4,,,,,9.5,8.9,7.8,6.4,6.9,6.9,6.8,7.3,9.1,8.6,8.5,9.1,8.6,9.2,9.9,10.9,12.4,12.6,13.2
20190911,12.3,12.7,12,11.5,10.9,9.5,10.5,9.8,11.2,12.9,14.1,14,14.8,16.9,17.9,,18.5,19.2,20.4,22,22.7,23.3,22.4,18.7
20190912,11.4,9.1,11.1,13.1,12.7,12,11,11.1,11.3,12.5,14.1,14.9,13.6,16.2,18.8,21.8,23.9,26.3,27.9,28.7,,30.9,32.8,35.2
20190913,38.4,38.9,41.3,40.3,38.2,35.7,32.9,31.5,31.5,29.3,25,20.1,13.1,10.6,8.8,7.4,5.7,6.8,9,12.9,20.1,20.6,20.3,
20190914,17.6,17.3,15.9,13.9,11.6,9.5,8.1,7.6,7.5,7.8,7.3,8.1,9.7,8.9,8.6,8,7.8,8.2,9.7,11.8,14.3,17.2,18.2,19.1
20190915,20,23.1,23.7,23.6,20.6,19.4,19.1,20.1,22.4,28.4,34.2,36.1,33.1,30.8,29.9,30,28.5,26,24.5,24.6,27.4,29.7,31.1,31.5
20190916,31.2,32.7,30.4,26.9,19,15.9,15.9,16.7,18.7,16.9,14.4,14.3,14.3,,16.7,17.9,17.4,14.4,12.3,13,13.9,15,14.6,15.1
20190917,14.8,14.4,14.7,14.6,14.3,15.4,15.6,16.1,19.5,22.9,25.8,29.8,35.3,40.5,42.8,44.1,44.1,45.1,45.2,43.1,41.2,42.7,39.6,
20190918,14.2,9.2,6,5.2,4.1,4,3.6,4.7,5.3,4,4.5,4.5,3.9,4.6,4.4,4.8,5.2,4.9,6.9,8.8,11.4,13.1,13.9,14.8
20190919,15.7,15.1,14.8,16.3,14.9,15.6,15.7,16,17.9,19.6,21.1,,28.1,30.3,31.5,32.5,31.9,30.4,30.8,27.3,,23.2,21.6,24.1
20190920,25.5,26.8,27.3,28.3,29.6,29.9,30,31.4,36.1,40.4,41.2,41.7,,34.6,29.2,,,,,,,,,
20190921,,,,,,,,,,,,,27.4,25.5,27.1,29.1,34.4,41.8,56.5,75.2,,92.7,93.1,
20190922,92.6,96.4,95.9,95.9,93.4,94,,,,,,,,,,,,36.4,38.3,40.4,43.9,47.1,51.7,56.2
20190923,57.6,64.8,63.1,61.2,60.6,56.1,52.3,49.1,43,35.1,26.2,22.8,18,,11.1,,8.4,7.8,8.3,13.3,17.9,19.3,18.5,19.3
20190924,18.9,18.3,17.1,16.8,14.8,12.7,10.7,10.9,10.9,9.4,8.2,7.6,6.7,7.7,6.3,7.8,8.1,10.6,14.9,18.3,18.7,18.4,,18.3
20190925,16.7,16.9,18.5,18.9,20.3,19.4,21,23.4,25,26.8,25.4,24.6,24.4,23.9,22.3,19.8,18.6,17.3,18.4,21.2,24.4,24.2,25.5,26.9
20190926,28.2,28.3,28.7,29.6,30.7,31.5,31.6,29.4,29.4,31.2,33.5,38.9,42.7,42.3,36.7,31.6,30.7,,32.1,32.5,35.6,35.2,33.6,35.6
20190927,35.4,36.1,39,43.4,50,55.4,59,63.3,69.1,79,,84.9,80.4,72.5,57.8,45.3,33.7,28,,,,,,33.3
20190928,35.5,38.5,40.1,45.1,50.2,53.6,57.4,60.7,64.4,68.9,71.9,72.2,69.8,65.6,,51.4,45.3,44.7,45.5,48.1,50.1,51.8,,54.4
20190929,55,,61.2,67.9,71.2,67.9,,64.2,62.8,64.6,66.7,68.5,,66.6,60.4,50.9,43.7,,44.1,,51.7,55.8,,57.6
20190930,,,61.8,,66.7,69.1,73.2,,79.4,,,93.7,,85.5,68.8,57.6,52.5,52.8,,,,,,
20191002,46.4,46.8,47.7,48.3,49.9,,55.2,,58.2,,60.6,60.1,58.9,55.7,49,40.8,37,37.1,38.1,42,43.2,46.7,,
20191003,50.2,,,,,,,,,,52,51.2,49.5,49.5,48,46.5,46,49.5,50.8,54,60.2,74.1,79.1,78.4
20191004,65.1,54.9,45.1,31.9,21.4,12,7.9,4.6,3.1,2.4,2.6,2.6,2.8,3.4,3.5,3.1,4.2,2.8,3.4,4.7,4.8,5.8,5.7,6.6
20191005,7.6,6.6,6.2,6.1,5.2,4.5,4.7,5.3,5.7,5.4,5.3,4.2,4.2,3.4,3.9,4.4,4.6,5.2,6.3,8.3,8.1,9.9,10.6,10.5
20191006,11.2,9.9,10.4,10.3,10.3,10.4,11.1,12.2,12,13.1,14.9,16.7,19.3,20.5,20.2,21.2,24.5,29.2,33.1,35.7,39.5,42.2,44.3,44.9
20191007,43.7,42.2,42.1,41.7,40.3,39.9,38.4,36.9,36.5,42.4,47.6,48.6,46.8,41.5,36.2,29.8,29.3,32.6,33.1,34.8,38.8,38.8,38,32
20191008,17.2,6.5,4.9,3.4,2.8,3,3.1,3.5,3.5,3.9,4.1,3.8,3.3,4.8,4.8,4.9,6.2,6,8.9,10.5,12.7,15.4,15.2,16.1
20191009,15.4,15.2,13.7,15.1,12.5,13,13.5,12.4,13.3,14.6,17.8,22.5,27.6,35.9,45.7,51.9,53.1,55.7,59.3,61.8,63.2,47.6,31.8,28.7
20191010,27.3,30.2,32.6,35.2,36,36.8,37.6,36.6,38.7,42.4,44.8,49,52.8,53.6,54.8,53,53.4,52,51.5,54.8,57,57.5,58.4,59.6
20191011,60.3,59.2,59.1,59.4,61.4,64.9,65.9,65.7,67.6,62.5,51.9,43.3,31.1,27.5,25.9,26.8,26.7,25.8,24.7,24.3,25.1,24.4,23.1,22.6
20191012,21.8,22,23.1,21.5,21,21.1,20.5,20,22.4,22.7,23.2,25.1,26.9,28.8,29.3,30.1,31.9,32.6,34.5,34.1,34.2,33.6,33.1,33.9
20191013,33.8,32.4,32.6,31.1,31,28.2,24.6,22.9,22,19.8,18.5,16.2,17.7,18.1,20.3,20.9,19.6,20.4,20.1,20.6,20.6,21.2,20.7,20
20191014,16.1,10.7,8,5.6,6,4.8,4.8,6.1,6.9,6.6,5.5,5.5,4.8,4.4,5.2,5.5,5.6,7.4,10.1,15.3,17.6,17.8,18.5,18.9
20191015,19,18.2,17.2,15.5,13.8,12.3,10.9,11,12.5,13.1,13.4,12.6,13.7,12.8,13,14.7,14,15.6,17.7,22.4,27.5,29.4,30.3,30
20191016,28.6,25.9,24.3,21.4,19.7,18.4,17.1,17.2,18.1,18.7,19.1,21,22.1,17.2,18.5,20.6,28.6,36.6,39.9,37.9,40.3,43.7,45.7,46.3
20191017,45.9,46.2,46.1,46.6,47.9,48.9,49.1,49.1,50.9,53.1,54.2,55.7,55.8,56.5,53.9,53.2,52.8,54.4,56.2,56,56.8,56.2,54.9,53.2
20191018,51.4,50.3,48.7,46.5,44.9,42.2,40.7,37,39.8,44.7,57.2,64.2,60.5,54.4,48,48.6,51.7,56.1,63.8,74.2,81.3,84.3,86.6,85.2
20191019,83.2,80.5,77.1,73.4,70.8,68.6,67.2,68.9,75.3,88.3,105.5,121.4,128.7,136.2,141.5,147.5,152.4,156.4,157.6,160.9,163.7,162.3,161,156.3
20191020,152.9,147.7,146.3,154.5,154.5,145.7,136.9,128.1,118.5,119.4,97.5,64,45,39.1,35.8,31.4,28.2,27.8,27.5,30.9,36.4,33,29.2,24.8
20191021,20.3,14.8,12.7,11,10.4,10.4,9.9,10.3,11.4,10.9,9.2,10,10.5,10.6,11.6,13.2,16.1,19.7,22.5,27.3,32.4,35.5,34.7,33.4
20191022,31,30.2,29.7,28.1,24.9,22.8,21.8,22,23.2,26.5,28.8,32.8,35.9,44.2,50.4,56.3,58.8,58.2,60.1,64.5,68.9,69.6,67.4,65
20191023,63.1,60.4,58,56.4,55.4,55.5,55.2,57.6,60.7,67.1,73.5,75.2,76.9,77.6,78.3,80.7,87.3,91.1,94.6,101.3,107.3,108.7,108.5,109
20191024,110.5,107.8,104,99.8,97.2,101.2,107.8,109.4,114.5,139.6,150.9,150.4,140.8,107.4,37.8,16.3,11.8,7.9,7.2,6.6,6.4,6.4,6.3,4.6
20191025,5.8,5.2,4.3,3.9,4.1,4.5,4.1,4.2,4.9,4.8,4.3,4.1,4.9,3.9,4.4,4.9,4.8,5.5,7.4,10.8,14.8,19,20.3,19.6
20191026,18.8,18.8,17,14.2,13.5,13.1,11.9,11.7,13.7,14.8,15.8,16.9,20.4,24.5,30.9,39.4,46.3,46.8,47.2,50.6,53.1,54.4,54.4,53.3
20191027,51.7,50.6,48.2,46.4,45.7,45.3,44.9,46.1,47,49,52.1,52.2,51,48.7,47.3,45.5,46.6,48.4,54.9,66.3,72.1,77.7,78.3,79.1
20191028,77.3,75.1,75.6,68.2,54.8,48.5,40.8,43.5,41,29.3,19.2,13.2,10.9,8.9,9.2,5.9,6.1,5.9,6.7,7.5,7.6,7.2,9.3,9.3
20191029,11.8,10.3,11.3,12.5,10.9,12.8,13.7,17.3,20.4,24.4,26,30.6,36.1,38.9,40.7,41.4,38.8,40.4,44.6,50.2,53.2,,56.5,56.6
20191030,52.9,51.6,50.1,48.7,47.2,46.8,47.5,47.9,51.1,53.9,52.9,54.8,55.1,54.4,54.8,52.7,54.1,58.4,61.2,66.4,67.9,67.4,64.7,63.6
20191031,61.5,59.3,56,53.7,50.1,48.6,45.1,39.9,39.1,39.3,35.4,26.8,23.1,18.1,14.8,14.3,12.9,15.8,22.4,30.5,37.4,39.6,42.2,42.6
20191101,38.5,36.1,34.3,34.4,35.2,32.5,29.7,29.6,32.4,35.4,33.6,30.9,29.2,26.9,28,25,21.6,20.2,21.1,22.5,21.5,21.1,20.6,20.6
20191102,19.9,19.6,19.1,19.1,20.6,19,20.5,20.7,20.4,24.4,25.9,25.8,27.5,28.9,29.5,33.2,34.7,35.9,35.9,36.6,37.3,39.2,38.6,37.3
20191103,36.7,37.8,37.6,37.7,38.1,37.6,37.7,37.4,35.7,32.9,31.5,28.1,25.8,23.4,24.1,23.9,25.3,28.1,29.9,33.4,36.7,39.7,41,40.5
20191104,38.1,38.7,39.6,40.4,40.8,38.5,37.6,34.6,34.3,32.6,38,43.2,49.2,49,52.1,53.4,57.2,60.8,64.5,71.2,75.8,78.5,78.2,78.8
20191105,76.3,72.1,67,60.5,54.3,48.7,48.4,47.4,46.5,43.9,35.5,36.7,48.2,53.4,,,47.1,43.3,41.5,37.3,32.7,27.1,23.5,23.8
20191106,23.3,23.5,23.9,24.5,26.8,27.6,28.1,28,30.5,32,32.8,37.1,43.2,50.8,58.4,65.8,69.2,70,71.9,75.1,74.8,73,70.9,71.1
20191107,69.1,65.4,60.1,49,31.8,20.4,13.6,13.3,11.7,10.2,7.5,8.1,9.4,11,14.8,17.5,20.9,24.5,27.9,32.3,34.3,34.9,37.1,37.1
20191108,36.7,37.1,35.4,36.1,34.9,34.9,34,32.1,31.8,35,35.4,34.7,33.4,31.4,31.2,33.6,35.8,36.1,41,47.3,53.7,56.8,59,60.9
20191109,60,57.2,54.5,48.7,42.6,37.1,33.6,31.3,33.3,34.8,34.6,39.1,49,66,86.6,106.9,133.7,154.4,165,168.3,165.2,171.8,169,159.6
20191110,151.2,121.1,85.6,51.3,16.4,11.4,14.3,20.6,27.3,29.9,30.2,29.6,27.4,27.9,29,29.4,29.4,27.8,27.9,28.1,25.9,19.3,16.3,14
20191111,13.6,13.7,14,13.3,14.5,14.5,14.9,16,19.3,20.7,19.4,16.5,13.1,11.1,9.9,10.7,12.7,15.1,19,27.1,31.3,30.8,31.2,32.2
20191112,33.1,35,36.2,37.4,38.4,38.9,39.9,41,42.6,43.5,46.3,50.8,54.1,56,59,61.9,64.2,64.2,69.9,74.7,76.6,78.4,66.8,40.2
20191113,23.5,18.7,14.4,,,14.8,14,18.8,15.9,7.1,4.6,4.6,4.9,5.1,5.5,4.8,4.3,5.6,5.9,8.8,8.9,9.8,9.3,10.7
20191114,12.2,13.2,14.1,12.4,12.9,16.1,16.9,18.1,20.9,24.6,25,24.6,23.9,25.5,28,29.6,32.5,33.8,34.9,41,42.7,43.9,43.5,42
20191115,38.5,36,34.6,34.9,34.9,34.9,32.6,31.1,33,37.1,40.3,41.5,44.3,42.3,41.4,41.8,39.5,37.9,37.9,38.6,37.1,38.4,37.6,38.8
20191116,39.5,39.8,40.2,39.7,38.4,38.8,37.5,37.3,39.3,44.4,45.7,47.8,49.9,53.1,56.1,59.3,61.4,61.5,63.9,63.4,61.4,57.5,54.3,53.9
20191117,51.4,48.9,46.6,46.1,45.7,47.6,47.8,49.4,53.1,61,68.9,74.5,77.9,75.9,69.1,58.2,54.3,58,64.4,71.1,74,45.8,20,14.7
20191118,15.7,14.9,14,11.2,9.4,7.6,6.9,8.8,10.5,13.4,16.4,22,25.2,22.4,23,25,24.5,20.4,21.2,22.1,24.4,25,27.6,27.5
20191119,25.6,21.2,14.3,12.4,8.3,7.4,7.5,8.5,10.7,13.6,14.7,14.1,15.4,17.9,18.3,19.3,23.1,26.2,32.6,38,38.8,39.8,42.4,45.2
20191120,43.8,43.4,47,49,51.8,49.4,44.9,43,42.1,45.9,48.9,54.4,57.3,60.3,64.1,67.5,72.8,73.5,77.8,82.7,84,83.6,84.4,83.6
20191121,85.7,84.2,83.3,79.4,77.7,75.6,73.1,71.7,72.3,71.9,74,79,82.4,87.2,92.2,97.9,102.7,108,109.3,116.3,118,117.3,117.3,118.1
20191122,118.5,116.1,111.3,108,109.4,110.3,112.5,114.1,117.6,120.1,127.8,136.5,144,150,157.8,159.2,159,159.2,155.6,158.7,158.4,161.8,161,159.5
20191123,159.1,157.8,155.9,154.7,152.1,151.6,151.8,149.4,150,153.1,156.8,155.6,153.2,147,140.5,131.9,127.8,128.9,130.5,133.9,131.4,124.2,105.2,54.5
20191124,33.2,21.7,17.5,16.1,13.7,8.9,6.1,5.7,6,5.6,6.7,6,5.1,5.3,4.8,,5.1,4.4,4.6,5.2,4.6,4.2,5,5.4
20191125,5.2,5.5,4.8,5.6,5.5,6.5,6.5,7.9,8.8,10.6,10.2,9.7,10,11,13,13.5,15.6,16.9,20.2,24.3,27.5,30.2,33,33.3
20191126,36.1,37.7,39.1,38.6,37.8,36.7,35.5,33.9,35.2,38.8,39,38.8,38.8,39.9,40.9,41.5,43.3,44.3,48.3,54.5,56,56.7,51.5,42.8
20191127,32.9,19,11,7.4,4.5,4.2,4,4.9,5.2,5.9,5.8,5,5.9,5.4,6,4.9,5.5,6.2,8.2,10.4,13.9,14.8,18.1,17.8
20191128,19.3,21.6,25.7,26.5,27.1,28.9,28.4,28.4,28.7,29.8,32,33,35.3,37.8,41.7,45.8,46.9,48.6,51.9,57,59,59.2,60.1,57.4
20191129,55.4,55.4,53.5,50.5,48.2,46.2,46.2,44.8,44.8,47.3,47.7,51.9,60.2,69.3,72.5,74.8,74.9,74.7,74.5,70.6,68.4,70.2,68.7,69
20191130,67.8,67.1,67.8,70.9,75.3,78.8,82.7,83.6,85.3,86,90.1,93.8,96.7,92.1,62.4,44.8,35.4,29.2,24.7,22.3,18.4,16.4,11.9,9.9
20191201,9.5,9.2,9.6,9.7,9.8,9.1,9,9.2,10.2,11,13.2,13.8,14.9,18.3,21.6,25.3,35.5,32.8,26.1,17.5,11.5,7.9,5.3,4.4
20191202,4.1,4.5,4.2,3.6,4.2,4.5,4.1,4.9,6.9,9.9,9.6,10.4,9.5,9.6,9.3,8,9.9,10,12.2,14.3,15.7,18.1,21.9,23.1
20191203,25,25.7,24.9,22.1,21.7,22.5,22.7,23.4,24.1,23.5,19.4,15,11.8,9.4,9.9,8.3,10,10.9,14.7,18.9,23.4,27.1,27.5,28.8
20191204,27.3,24.7,21,19.7,16.8,14.2,13.2,12.9,13.9,15.2,13,9.3,7,6.7,6.7,7.7,9.3,12.8,16.9,20.6,23.8,24.9,19.5,19.1
20191205,31.3,37.4,38.9,37.7,39.6,40,38.8,36.6,29.3,21,15.5,12.2,9.1,8,8.6,8.6,9.5,12.3,16.9,21,23.9,22.2,23.9,27.1
20191206,29.7,35.3,36.1,35.1,35.1,34.8,32.1,28.2,25.6,27.4,31.4,35.9,41.5,49.9,61.6,69.8,79.3,84.6,87.3,91.5,91.6,88.4,83.9,78.5
20191207,75.4,73.9,68.2,61.9,57.2,54.1,51.8,51.1,51.7,49.7,45,38.8,36.3,38.3,40.1,40.8,46.8,52.1,59.7,66.1,69.8,72.6,76.3,80
20191208,81,89.2,99.2,109.1,113.6,118,121.7,125.4,135.1,142.1,146.6,149.6,153.9,155.8,158.5,163.9,163.7,161.8,162,161,158.2,160.2,160.1,160.4
20191209,159.2,158.4,157.5,156.9,155.8,155.8,157.1,155.9,152.5,156.3,169.8,179.4,183.6,180,176.4,176,177.6,179.1,187.4,189.6,187.1,184.3,179.3,177.5
20191210,179.3,176.1,174.5,170.3,165.6,162.5,159.9,158.4,159.8,162.9,179.4,195.1,166.3,79.1,47.3,24,19.1,19.1,18.8,17.5,14.6,10.2,10.1,10.3
20191211,10.2,10.4,11,21.1,26.7,38.1,43.1,38.5,21.7,12.8,8,4.2,5.6,4.1,4.1,4.2,4.8,5.5,5.9,6.9,8.1,6.7,7.5,7
20191212,6.6,7.8,8.4,8.4,9.3,10.5,10.8,13,14.4,16.4,18.5,20.3,20.6,20.7,22.7,22.2,23.9,27.5,31.6,35.7,37.2,38.1,38.5,38.1
20191213,38.6,39.4,38,36.2,36.6,37.2,36.3,37.6,38.7,41.3,42.8,41.2,37.6,27.1,15.1,9.9,7.5,6.2,6.4,7.7,7.1,6.4,6.5,6.9
20191214,7.4,7.5,7.8,9.4,7.2,7.6,7.6,7.9,9.3,12.9,14.2,12.5,12.1,11.6,11.6,11.3,12.5,17.1,21.3,27.1,31.7,33.2,35.4,37.8
20191215,39.4,40.2,41.1,42.7,45,43.9,44.5,44.3,43.1,44.7,45.2,47.4,48.8,49.6,52.5,54.2,54.4,57.8,61.4,66.2,67.4,62.5,60.1,62
20191216,63.8,65.1,64.8,65.6,65.9,66.1,64.6,64.3,66.8,68.1,68.1,70.5,75.5,77.1,79.7,80.9,79.6,78.9,79.6,79.9,79.6,76.7,70.7,60.4
20191217,45.3,32.4,25.6,21.2,18.1,12.9,10.9,9.7,9.8,8.6,9.2,8.5,8,7.8,8.6,7.2,6.5,7.1,7.9,8.2,7.9,7.9,7.5,7.3
20191218,8.3,8.7,8.4,8.9,8.5,8.4,9.1,10.1,11.4,13.5,15.4,15.5,16.9,18.9,20.3,24,25.5,26.7,31.3,37.9,36.4,36.1,36.6,38.4
20191219,37.6,38.1,36.2,34.1,29.5,22.4,15.4,10.9,8.2,7.9,7.8,7.6,6.6,5.9,5.6,6.5,6.4,6.4,6.7,7.6,8.8,8.5,9.6,9.2
20191220,8.9,8.3,9.4,10.1,10.1,10.8,11.3,13,14.6,17.5,18.6,20.6,21.4,21.5,22.8,23.5,23.1,24.8,27.7,32.6,35.3,37,38.3,37.2
20191221,36.8,36.4,37.4,37.5,37.9,37.7,36.4,36.1,37.6,41.3,44.4,46.4,47.7,46.4,49.3,48.8,51.8,54.6,57.7,62.9,67.6,66.1,64.6,64.6
20191222,65.9,65.3,64.6,66,68.1,68.9,70.3,70.1,66.6,67.1,66.9,68.8,67.5,67.7,72.5,74.1,75,75.6,79.6,82.3,76.2,69,54.7,38.3
20191223,29.2,24,22.2,21.7,20.8,19.9,20.5,23.5,24.3,29,33.3,32.1,32.7,36.2,43.4,60.5,80.8,86.8,98.6,109.5,109.9,106.9,105,103.6
20191224,102.2,99.5,98.9,93.2,89,84.5,82.9,83.7,82.6,83.3,83.7,87,84.5,80,74.9,74.4,71.8,73.1,76.2,77.3,76.6,79.8,84.5,90
20191225,91.2,91.8,93.2,93,94.6,96.3,95.5,97.4,96.1,101.4,101.6,93.6,76.1,56.9,40.8,28,23.5,24.7,25,29.7,26.1,18.6,15.1,14.3
20191226,12.6,11.6,11.2,10.6,11.4,11.5,13.2,16.2,19.1,21.9,21.6,19.4,17.1,13.8,10.6,12.8,15.2,16.1,19.3,22.2,25.4,27.3,28.2,30.4
20191227,29.6,30.9,30.8,32,32.3,31.4,31.1,29.5,30,30.5,31.6,33.9,35.3,36.6,40.2,42.6,43.9,47,53.2,62.1,63.3,63.3,63.7,63.7
20191228,64.7,66.8,68.2,66.4,63.4,57.4,48.6,45.1,45.6,46.5,47.9,50.4,62.6,79.6,90.5,95,100.1,104.1,105.8,109.7,114.5,116.1,117.2,115.9
20191229,108.9,109.1,109.8,111.1,113.6,112.8,114.8,119.5,123.1,131.4,140.6,146.9,149.7,149.1,148.2,136.9,105.7,63.2,37,19.9,13.3,11.9,10.9,7.6
20191230,7.7,7.4,8,7.8,7.9,7,6.8,7.9,8.4,8.4,8.5,9.7,8.5,7.8,9.1,8.5,7.4,7.2,7.9,7.6,7.7,7.6,7.1,8.1
20191231,7.5,8.4,8.6,8.5,9.1,9.1,10.2,11.7,12.6,15.8,17.4,19.7,23.2,22.6,26,25.1,26.3,27.7,31.1,36.6,41.2,42.8,42.6,41.9
20200101,39.2,36.9,34.6,31.3,29.7,31.3,29.2,28.6,28.2,29.4,29.9,31,34.4,36.9,37.6,37.3,37.6,38.3,40.9,45.8,49,50.4,53.2,55
20200102,54.2,54.9,57.5,54.3,53.9,51.3,49.6,46.7,46.5,49.3,51.6,54.1,57,54.2,50.9,47.5,48.9,53.5,58.1,62.9,66.9,69.1,71.6,71.5
20200103,71.2,71.7,71.1,67.4,60.7,52.7,49.4,47.5,46.7,48.1,45.6,44.7,42.8,45.5,47.9,48.3,48.1,51.7,57.6,64.5,71.9,75.8,79.5,82
20200104,82.3,82.3,79.4,76.4,72.6,63.4,56.8,51.5,49.2,46.7,43.5,35.6,32.2,29.9,29.3,28.5,26.3,28.9,37.4,47.3,51.4,55.5,57.5,60.7
20200105,66.9,67.7,64.2,61.7,59.2,57,59.1,58.1,59,63.8,64.8,66.9,68.6,65,64.4,64.4,63.4,64,65.3,67.1,63.4,60.1,60.2,62.6
20200106,61.8,60.8,54.7,49.9,49.8,50.3,52,54.6,57.5,61.3,66.4,70.9,71.6,68.2,67.6,68.1,68.4,66.7,65,64,63.8,61.2,53.7,37.1
20200107,24.1,21,17.7,15,13,11.5,11.2,11.5,11.2,12.3,12.5,13.3,14.3,13,13,13.2,13.1,14.2,15.5,17,17.7,16.4,14.7,13.9
20200108,12.1,10.5,10.5,9.3,8.6,8.6,8.7,11.4,10.1,12.2,12.8,12.2,11.3,11,12.5,13.6,15.9,19.7,27.8,32.9,39.1,44,40.7,38.2
20200109,35.2,32.5,34.2,29.1,24.9,23.4,23.4,24.1,24,24.8,27.7,31.7,34.1,33.4,32.6,33,33.5,38.4,44.9,55.1,66.8,76,87.4,89.9
20200110,88.9,88.9,80.2,71.7,56.8,47.5,47.4,46.8,46.8,44.6,42.7,33.7,28.8,25.6,23.6,22.5,24.5,24.8,25.4,27.6,26.9,21.8,17.1,13.7
20200111,12.2,12.4,11.5,10.6,10.5,9.9,9.5,9.2,9.3,9.9,10.7,10.9,11.2,11.1,10.1,11,11.1,11.9,13,15.5,18.4,19.6,20.4,22
20200112,22.6,23,24.1,23.2,23.3,21.3,20.1,20.1,21.1,22.5,22.3,20.9,19.5,20.1,20.6,21.1,21.2,22.4,26,31.6,32.6,27.5,22.6,22.1
20200113,16.9,16.4,15.3,12.9,12.5,12.1,11,11.4,11.4,12.6,12.4,11.1,10.2,10.5,9.2,8.2,8.7,9.2,10.4,12.9,13.5,12.4,12.6,12.8
20200114,11.8,11.5,12.1,11.9,11.8,11.5,11.6,12.3,12.9,13.9,15.7,14.4,16.7,17.1,17.9,19.2,19.5,19.2,21.1,26,30.6,29,30.7,32.9
20200115,35.6,35.4,35.1,35.4,35.1,34.6,31.6,29.4,30.1,31.9,40,42.9,44.3,45.9,50.6,54.4,56.7,59.6,67.7,75.9,81.9,86,87.6,99.6
20200116,115.2,123.2,108.6,85.9,63.4,49.9,44,37.8,37,35.3,32.9,25.4,24.8,24.8,24.5,29.3,30.9,37.8,47.3,65.4,75.1,77.3,78.7,77.5
20200117,77.9,77.2,74.4,72.4,69.2,67.6,67.5,64.2,61.4,60.9,63.3,64.3,66.2,66.1,61.8,61.5,62.4,64.4,69.8,75.9,90.2,108.8,138.5,169.6
20200118,191.6,194.5,182.9,168.8,163.3,158.2,157.4,143.6,146.1,152.5,162.1,176.8,185.9,193.1,197.6,202.2,210,211.2,213.4,218.4,220.8,219.8,157.2,87.9
20200119,61.6,44.6,33.4,27.4,23.2,26.1,29.2,32.9,37.9,44.9,54.6,58.6,58.2,56.2,50.6,43.9,41.8,40.3,40.1,42.6,42.3,31.8,18,11.9
20200120,8.8,7.9,7.4,7.7,7,7.6,7.6,7.6,8.6,9.2,9.3,7.8,7.4,6.2,6.7,6.9,7.8,9,11.9,15.8,19.1,21.7,23.8,26.2
20200121,27.1,30.9,32.2,35.4,36.7,40.9,40.3,39.6,39.1,36.9,37,41.2,44.7,47.4,47.6,44.2,41.9,42.9,43.7,48.7,53.6,58,60.6,61
20200122,63,61.7,61.8,61.2,58.5,57,55.3,55.7,56.8,58.7,62.1,64.2,65.3,65.9,67,69.7,70.1,71.3,72.8,80.3,88.3,91.6,92.8,96
20200123,95.7,94.8,94.9,94.2,92.1,88.4,83.6,79.6,77.1,74.3,69.6,58.5,50,39.7,27.2,22.3,19.6,23.2,27.5,33.9,47.3,56.8,89.2,107.9
20200124,111.4,120.4,112.7,103.6,103.3,104.5,101.4,90.1,85.2,94.2,87.2,77.4,62.3,60.2,59.2,55.1,53.9,54.2,56.9,68.4,85.5,102.2,121.2,124.4
20200125,117.3,148.4,186.3,190.2,189.7,192.5,200.5,202.8,195.8,186.8,176.1,159.4,138.5,131.5,126.2,127.8,127.2,129.9,137.2,150,163.3,172.3,180.6,180.8
20200126,173.7,159.1,148.4,134.4,122.4,114.1,106.9,106.4,107.5,114.3,134,155.3,170.6,176.6,172.2,168.5,166.5,170.6,178.4,190.2,202.5,206.8,209.9,207.6
20200127,206.6,197.8,191.5,185.2,180.4,172.6,168.1,162.5,155.9,158.3,162.6,164,167.5,168.1,161.2,157.7,155.6,157.3,163.9,168.4,173.4,175.9,178.1,181.6
20200128,179.5,172.2,169.5,167.2,164,157.9,154.2,153.4,154.7,158.3,169.3,185.1,196.9,210.7,206,200.5,194,187.9,191.6,205.7,214.1,215.8,215.1,207.2
20200129,199.2,194.1,190.6,170.3,151.5,136.8,125.4,114.6,108.1,102.4,87,68.1,51.5,42.2,36.3,34.7,32.2,30.2,30.8,33.4,41.4,55.5,56.1,58.1
20200130,60.9,62,62.6,60.4,57.8,55.6,54.3,52.1,50.2,48.7,47.4,42.3,37.3,36.9,39.1,42.5,44.9,48.5,52.4,52.9,56.4,55.1,54.9,56.6
20200131,56.8,58.4,58.9,60.1,60.3,60.7,61.4,61.1,60.8,64.6,68.6,70.5,73.7,73.8,71.8,61.3,45.3,34.6,32.9,29.6,24.4,19.5,13.9,11.3
20200201,9.2,8.6,7.8,6.7,7.7,7.1,7.6,7.4,8.4,9.1,8.6,9.1,8.7,7.8,8.3,7.6,7.8,8.6,8.6,10.1,11.7,14.9,19.4,33.4
20200202,37.4,35.7,31,33.7,37.2,42.3,46.2,47.2,46,46.9,47.6,49.9,49.9,49.9,49.5,45.6,34.7,19.4,10.7,8.1,6.3,5,4.9,5
20200203,5,4.8,5.5,5.4,5.1,5.3,5,5.5,6.4,6.8,8.1,8.4,9.2,11.4,14.8,21.4,26.2,31,33.6,36.1,39.4,42.9,44.4,42.6
20200204,41.1,39.9,36.7,31,27.7,21.3,15.5,11.9,8.4,6.5,4.9,4.7,5.3,4.7,5.1,4.9,6.3,7,8.5,10.8,12.2,13.2,12.5,14
20200205,15.7,15.6,15.8,13.7,14.2,17.2,20.8,21.9,19.1,21,25.7,31,39.6,46,47.2,43.8,39.5,37.2,34.6,32.8,28.8,24.1,20.8,19.5
20200206,18.4,18.6,19.4,20.5,22.2,25.3,29.1,32.2,34,36.4,37.2,40.3,43.3,47.1,48.7,49.6,51.6,52.8,54.2,55.3,57.5,59.8,61.7,62.9
20200207,64.2,63.3,63.8,62.8,62.1,60.7,60.6,59.6,59.8,60.1,63.7,66.7,70.1,74.8,76.7,78.1,78.3,80.6,83.8,87.1,91,92.1,90.3,88.4
20200208,88.8,87.7,86.6,83.1,79.6,75,65.8,52.1,43.2,38.2,34.3,27,24.3,24.7,32.9,43.1,47.2,49.7,58,68.2,90.8,105.5,108,108.4
20200209,109.6,108.2,109.6,108.9,103,96.7,91.1,89.4,89.3,93.3,99.2,108.7,119.7,124.2,131,134.3,138.3,139.4,148.9,155.8,159.8,159.1,158.7,153.1
20200210,149.6,144.2,137.8,133.8,129.8,129,127.8,124.6,115.8,105.9,99.8,104.6,113.9,121.4,127.2,123.4,119,120.1,127.1,139,146.1,155.8,155.9,158.1
20200211,157.5,158.2,155.8,157.8,158.6,152.3,148.9,151.3,163.3,183.1,199.7,206.8,210.8,214,217.1,219.9,220.8,210.9,200.9,196.9,194,193.2,195.1,197.2
20200212,204.3,204.1,207.6,207.4,207.3,208,210,211,212.4,206.2,199,199.6,200.5,199.6,200.7,201.9,203.9,208.6,212.2,218.8,226.1,230.2,232.3,235.6
20200213,234.5,232.7,231.1,227.6,227.1,223.5,218.8,215.6,213,216,223.3,233.5,236.1,223.9,206.8,191.2,175,161.9,156,157.9,157.6,160.5,164.9,168.7
20200214,162.5,152.9,142,124.4,117.2,108.6,77,53.2,44.5,41.9,35.5,27.7,22.8,21.9,21.3,18.7,17.6,14.1,13.8,12.9,10.9,9.3,9.7,10.4
20200215,8.9,8.3,8.4,6.9,6.8,5.9,6.1,6.5,6.1,5.9,5.1,5.9,7,6,6.6,5.2,5.6,5.7,6.4,5.9,5.3,4.4,4,3.9
20200216,3.5,3.9,3.8,4,3.6,4.3,4.4,3.8,4.5,4.7,4.2,4.5,4.1,3.1,4.1,3.4,3.4,3.3,3.6,3.7,3.6,3.2,3.2,2.9
20200217,3.6,3.5,3.7,3.9,4.3,5.4,4.9,5,4.8,6.4,5.1,4.1,4.9,4.8,5.3,8,6.2,8,8.3,10.2,12.2,14,14.2,14.8
20200218,15.6,15.8,16.5,17.3,16.6,15.2,13.8,13.8,13.4,15.1,13.9,13.7,14.6,13.9,14.9,14.5,15.6,15.1,18.4,21.4,25.8,28.2,29.8,29.9
20200219,28.7,28.4,28.4,28.3,27.2,27,30,32.9,37.5,41.9,47.5,51.9,54.6,55.7,58.4,61.8,66.8,72.5,82.2,92.1,98.7,105,112.9,115.2
20200220,113.1,110.5,108.8,105.3,101.8,103.1,105.9,107,109.3,112.6,114.1,110.2,111.7,111.5,114.3,115.9,116.2,114.4,113.2,113.3,114.1,115.3,113,113.9
20200221,113.2,112.3,113.1,110.5,109.9,108.8,107.5,108,111.9,120.6,133.4,139.3,138,117.9,89,59.6,35.5,25.5,18.3,14.1,11.1,7.3,5.7,5.6
20200222,6,6.3,5.4,6,6.4,8,5.2,5.7,6.8,5.9,5.9,6.1,5.6,4.7,5.6,6.1,6.9,7.1,7.9,9.9,11.8,13.6,14.5,15.7
20200223,17.2,20.3,20.6,22.1,23.8,23.8,25,25.1,25.2,26.7,29.9,35,39,42.6,45.7,49.9,52.7,54.1,55.8,58.6,62.1,64.2,64.4,63.7
20200224,65.2,64.2,62.4,59.9,57.9,55.3,55.1,54.5,56.5,57.6,59.2,59.8,65.1,73.9,80.7,87.3,87.1,80.2,73.7,67,60.5,52.5,47.9,43.6
20200225,39.2,38.5,39.2,41.1,44.7,46.1,49.1,51.6,54.9,58.4,61.3,62.6,61.9,60.2,57.9,54.5,52,50,52.3,55.2,55.8,55,50.4,42.9
20200226,34.6,34,34.6,35.2,35.7,36,36.2,34.9,35.3,37.1,37.3,31.7,31.3,32.6,37.6,38.6,41.7,43,44.5,46.3,,48.9,49.6,49
20200227,39.5,33.2,31.6,28.1,26.5,24.9,25.6,26.6,27.3,27.6,27.6,28.1,28.2,27.7,29,30.4,31,31.1,31.7,32.7,33.4,34.1,35.1,36.8
20200228,39.2,40,40.8,41.9,42.7,43.4,44.7,44.7,46.8,50.9,53.4,56.1,61.3,66.1,69.4,73.3,76.5,81,82.3,87.6,90.9,95.3,102.4,114.6
20200229,122.5,122.9,120.1,120,120.1,119.3,120.4,118.8,117.1,109.2,98.7,89.1,76.9,66.5,60.6,56.5,55.6,56,56.7,57.1,57,57.8,56.4,55.7
20200301,53.7,51.7,49.8,48.6,47.6,47.2,46.3,43.7,42.9,33,24.6,16.1,11.5,8,6,4.5,4.9,4.3,4.8,5.8,6.8,7.7,9,9.5
20200302,9.7,9,9.2,8.9,9.1,9,9.8,10.5,12,13.6,16.5,19.4,20.5,20.8,23.4,25.5,26.5,28.6,32.8,42.9,46.3,50.9,54.5,52.5
20200303,50.9,54,52.8,50.5,37,21.4,19.2,13.8,10.4,8.9,9.1,9.2,7.4,6,5.6,5.1,4.6,5.6,5.5,5.8,6.9,6.4,6.4,6.4
20200304,6.5,6.1,5.8,6.3,7.8,7.3,9.4,9.1,9,9.9,10.3,8.8,9,8.8,9.1,9.1,9.5,9.9,10.1,12.4,16.5,19.9,22.1,23.4
20200305,25.7,26,23.4,26.4,27.6,29.7,30.6,31.2,32.6,35.9,37,33.4,30.3,31.5,33,35.5,39.9,43.8,48.2,51.7,55,58.7,61,59.5
20200306,59.4,59.7,60.4,63,66.1,67,66.6,65.9,66.5,69.4,73.4,81.6,89.2,94.9,99.4,103,108.4,112.2,111.9,113.1,114.4,112.4,109.6,108.9
20200307,107.3,106.7,105.7,104.2,99.9,95.9,87.9,78.9,71.3,63.1,47.4,31.7,25,21.5,20.5,19.6,21.2,21.6,26.6,38.2,56.9,93.3,130.6,135.9
20200308,129.8,122.6,116.9,106.6,102.6,100.7,101.9,101.1,100.2,98.5,96.9,97.8,98.2,99.4,99.1,99.6,100.8,100.3,95.9,88.6,87.9,90.3,90,88.7
20200309,85,80.5,75.3,70.8,67.6,66.9,71.1,72.5,68.2,66.1,67.1,63.6,51.7,37,29.2,28.3,26.6,27.3,26.2,26.5,25.6,25.9,27.8,28.6
20200310,27.4,25.9,24.4,21.5,19.6,20.5,19.9,18.4,15.7,10,6.9,5,5,7.3,4.4,4.5,7.4,4.6,5.1,5.9,8.2,9.4,10.5,10.3
20200311,11,12.2,14.8,13,13.2,12.3,11.9,11.6,13.4,17.7,20.9,25.2,31,35.3,37.3,40.3,43.2,44.6,45.6,48.4,51.4,54,55.7,56.4
20200312,54.4,54.7,55.8,57.1,54.9,51.3,50.3,45.4,31.3,20.2,12.7,8.4,6.2,5.7,5.3,5,4.6,3.9,4.1,5.2,7.9,7.8,6.8,7.2
20200313,8.2,8.8,8.2,6.5,5.9,4.9,5.5,5,6.2,6.6,5.3,5.7,7.5,9.2,10.9,11,9.3,9.7,15.4,20.5,23.9,28.6,30.7,33.4
20200314,31.6,29.9,23.1,19.3,17.7,16.6,16.2,16.6,17.1,14.6,8.7,5.4,3.9,4.3,3.5,4.2,3.3,3.3,4.6,4.6,4.9,4.7,4.9,5.4
20200315,5.1,5.3,5.2,5.6,5.2,5,6.1,6.4,7.8,7.2,6.2,4.8,5.1,5.1,5.1,5.1,5.6,6.4,7.1,9.1,15.4,19.9,17.9,17.1
20200316,17.5,17.6,17.4,17.9,16.6,17.5,18.2,19,20.4,21,19.7,21.3,22.6,24.4,27.7,29.1,29.4,30.6,32.6,35.5,39.2,41.1,41,41.2
20200317,41.3,39.6,38.9,37.7,36.9,37.6,37.6,37.7,39.4,41.1,39.3,34.7,29.6,24.1,20.2,17.9,16.7,18.4,19,20.7,22.5,25.1,29.3,33.9
20200318,35.2,35.7,36.6,36.7,37.7,37.7,38.2,40.1,43,49.2,54,57.7,57.4,57.8,53.5,44,37.6,33.9,35.6,18.7,9.2,3.9,7.3,4.8
20200319,4.8,5.5,4.9,5.2,7,5.8,5.4,5.2,4.2,4.7,4.2,3.8,3.5,4.5,3.9,4.3,4.3,7,8.9,11.5,14.4,15.5,17.8,21.4
20200320,23.6,24.8,24.9,26.6,27.7,29.8,28.1,28.2,31.1,33.8,35.4,37.8,39.6,40.6,42.1,36.4,28.3,25.2,25.3,29.1,35.5,41.5,39.5,32.6
20200321,21.1,14.9,13.3,25.9,42.9,39.6,39,38.1,35.8,30,27.9,25.2,26.2,26.6,26.6,29.2,30,30.8,32.9,30.1,27.5,24.9,23.4,21.7
20200322,20.6,18.3,18.2,18.3,19.6,19.4,20.2,22.2,25,27.1,27.5,29.8,32.9,32.1,28.4,26.7,25.8,29.2,34.3,36.8,42.4,42.1,39.7,42.5
20200323,42,42.2,41.6,39.1,35.9,33.3,31.3,30.1,29.1,24.6,21.1,19.3,16.6,18.9,28.4,36.6,35.8,32.6,32,34.2,31.2,27,23.6,23.1
20200324,22.5,24.6,23.4,23.6,24.6,24.8,25.2,25.5,26.2,27.3,29.1,31.9,38.9,47,57.8,64.3,67.9,71.7,74.3,78.4,83.5,87.3,90.9,
20200325,99.7,103.7,109.3,121.3,131.4,135.8,138.3,143.5,153.3,164.6,172.2,167.9,160.3,152.2,136.7,115.6,98.8,85.5,80.8,77.1,78.3,78.6,72,66
20200326,63.5,61.2,42,20.1,6.3,4.4,4.2,3.4,4.7,4,3.8,5.3,5.5,6.2,5.7,5.4,4.5,4.1,4.1,3.9,4.3,4.5,4.9,4.7
20200327,5.8,6,6.5,6.3,6.2,6.6,6.9,6.4,5.6,6.4,5,4.7,4.8,4.3,4.8,5.6,5.2,4.4,4.1,4.1,3.9,3.8,3.7,4.1
20200328,4,3.8,4.9,5.4,5.9,6.1,6.7,7.9,8.6,8,6.7,6.5,6.6,6.9,7.1,9.3,8.8,11.1,12.1,13.2,16.6,18.9,22.5,23.3
20200329,27.3,27.2,29.6,30.6,31.9,30.8,30.1,30.1,31.3,36,38.5,37.5,38.7,41,43.1,46.2,49.6,53.2,57.9,62.6,68.2,71.8,73.7,74.5
20200330,74.3,73.2,68.3,62.8,58.4,57.2,57.8,59.5,61.2,65.7,69,72.9,74.7,77.1,75.8,75.6,71,68.5,68.4,69.8,72.3,74.6,76.9,75.7
20200331,68.8,64.1,64.4,63,64.1,64.6,67,68.9,72.2,73.3,76.5,82,86.8,89.6,89,81.1,76,72.3,62.2,59.7,53.5,43.4,38.5,35.4
20200401,22.1,11.1,7.1,5.9,4.3,4.1,4.3,4.2,4.1,4.3,4.1,3.4,3.2,3.6,4.6,5,5.6,6.9,8.4,11,19.6,23.4,25.1,26.4
20200402,26.9,28.2,28.6,27.1,24.3,22.3,20.3,19.8,19.9,16.1,13.9,9.4,5.9,4.7,5,4.8,6,6.9,9.1,13.4,19.9,25.7,28.5,28.7
20200403,28.6,29.4,28.1,27.7,25.6,21.5,18.8,15.3,13.5,11.7,10.3,9.1,8.5,7.8,6.8,8.4,8.7,8.5,8.5,9.4,12.3,15.4,18,20.4
20200404,18,13.2,9.6,9.4,9.4,9.3,9.5,10.6,13.2,22.1,33.4,35.8,34.8,36.4,36.5,35.8,35.4,32.1,29.9,26.1,25.3,24.3,23.2,23.5
20200405,22.1,23.1,23.2,24.9,26.8,28.4,29.1,31.2,34.1,35.5,35.5,31.8,31.3,31.5,31.2,31.5,30,27.6,25.9,26.9,26.3,29.1,33,35.6
20200406,36.8,38.7,39.6,40.3,43.1,47.4,51.8,56.1,58.6,62.9,63.4,59.2,58.7,59.9,62.7,67.5,68.6,70,73.1,78.9,84.3,89.8,91.4,90.7
20200407,90.9,90.4,88.8,87.6,82.9,73.9,59.7,45.4,36.4,34.9,36.5,36.6,38.7,36.9,33.5,35.6,39.4,41.5,43.3,36.3,28.3,24.2,22.4,21.7
20200408,22.3,20.7,19.6,21.9,22.3,22.5,21.8,23.9,25.9,22.1,19.3,18,16.1,16.2,17.4,18.2,19.2,20.7,23.1,25.6,29,28.7,24.8,23.2
20200409,24.6,26.8,28.3,29.1,30.3,31.4,33.5,33.5,33.6,34.6,33.8,33.6,32.7,31.6,32.4,31.5,34.3,34.4,34.7,35.3,36.7,36.9,38.6,38.9
20200410,39.6,42.8,45.6,47.6,49.4,49.8,50.2,51.4,51.9,52.8,44.5,32.6,33.9,35.5,34,33.9,32.5,31.9,32.3,31.9,34.3,36.8,34.7,34.9
20200411,35.7,36.6,36.7,35.9,33.8,33.4,31.8,30.2,26.6,23.2,19.7,15.5,18.7,16.5,13.5,14.4,14.1,18.8,16,14.1,22.5,17.2,15.3,15
20200412,16.2,17.3,18.5,19.3,19.9,17.7,17.8,16.6,15.8,15.9,15.3,14.2,12.1,11.7,11.5,10.5,11.5,14.1,11.2,15.4,19.9,29.9,54.5,31
20200413,27.6,35.5,29.6,29.5,28.5,28.7,29.4,30.4,38.2,39.8,36.2,34.3,31.4,22.2,17.7,15.9,18,16.4,20,23.4,25.5,32.1,34.4,42.8
20200414,40.3,41.5,45.3,49.8,49.1,49.7,50.2,53.9,63.9,78.2,84.8,90.3,92.6,86.1,87,80.8,78.7,75.8,75.2,72.8,73.9,75.2,69.3,62.2
20200415,57.7,57.5,55.3,54.9,55.6,58.9,60.8,64.1,68.6,73.8,76.5,78.9,78.6,75.6,73.6,64.8,61.2,57,57.3,61.7,67.2,69.3,74.8,63.4
20200416,67.9,70.4,51.9,28.7,16.6,11.2,9.3,6.8,6.9,6.8,9.7,,,,34.5,,,,,,,,,
20200417,,25.4,23.9,23.6,21.8,20.8,19.5,,17.8,17.3,19.7,20.6,22.5,23.8,23.7,26.5,24.9,26,28.3,30,32,32.2,32.8,
20200418,33.9,32.8,32.3,33.4,32.9,33.2,32.8,33.8,35.2,36.1,35.1,,30.7,29,29.3,31,34.3,33.7,37.7,42,44.4,44.7,45.5,
20200420,,5.6,,,5.5,6,6.2,,7.6,,,,,,7.9,,,10.2,9.5,7.8,7.2,7.3,7.7,
20200421,6.6,,6.7,6.8,6.6,7.3,6.1,6,5.9,,,7.2,,,,,,8.4,7.4,8.2,8.6,10.4,7.9,7.8
20200422,,6.1,7.1,6.7,6.4,6.4,6.3,,6.8,7.8,6.7,6.8,8.1,6.1,6.5,7.2,7.6,7.8,7.8,7.9,7.7,8.8,8.2,7.9
20200423,7.2,7.1,6.7,6.6,7.3,8.4,9,9,8.6,7.9,6.9,6.8,7,8.4,7.4,7.4,7.9,6.4,6.9,7.5,7.2,9.1,10.2,9.1
20200424,11,11.3,11.1,11.8,11.7,12,11.1,11.3,12.1,11.8,13.1,12.5,12.4,12.5,15.4,17.1,21.9,26.8,32.3,42.2,44.1,41.1,41.1,40.5
20200425,32.5,24.6,18.3,14.9,11.4,10.6,10.1,10.4,11.2,10.3,10.3,10.5,10.1,10.2,9.8,10.1,9.1,9.9,10,10,10.8,14.9,13.2,12.8
20200426,14.6,13.4,14.1,13.4,12.9,16.6,14.4,15.5,14.8,12.1,10.4,10.2,9.5,10.7,11.5,11.2,11.3,12.1,13.3,15.2,14,19.1,25.1,33.8
20200427,44.4,49.6,48.3,43.1,41.2,37.3,38.2,39.1,42.8,45.4,44.9,42.4,35.1,29.9,29.2,31.1,33.3,36.5,40.8,45.8,43.3,42.3,42.3,42.8
20200428,43.5,44.4,46,46.6,46.5,46.7,46.7,50.6,55.3,57.2,61.8,65.7,65.2,62.2,63.7,65.6,71.2,69.4,73.2,75.1,68.3,65.3,61.8,54.3
20200429,50.8,47.5,44.9,43.8,43.2,43.9,44.6,46.8,49.9,54.6,59.3,63.1,68.4,73.8,79.2,81.5,76.7,75,73.7,71.6,79.8,77.3,79.6,77
20200430,75.6,78.6,79.8,81.3,83.1,84.5,88.3,90.8,97.2,106.5,111,112.4,109.5,109.9,107.7,97.6,89.2,87.5,83.5,80.7,83.5,86.9,86.3,87.4
20200501,90.1,96.5,102.8,109.9,119.3,125,126.4,128.7,137.2,139.5,137.6,133,127.5,118.8,106.7,94.1,83.4,77.6,75.4,70.6,71.6,68.5,61.4,56.6
20200502,48.1,43.6,44.8,46,52,57.8,63.9,66.3,68.2,71,73.4,73.4,71.1,60.5,49.4,44.2,44.4,42.9,,46.6,57.7,64.3,61.4,49.4
20200503,43,38.2,35.6,33.8,38.1,45.6,52,56.7,60.9,63.1,64.7,68.3,67,66.4,65.4,63.9,63.2,64.4,62.1,58.1,52.4,58.4,64.7,58.6
20200504,55.7,50.6,44.3,40.6,41.6,41.3,38.2,36.4,33.3,32.1,29.1,29.1,31.8,31.7,33.9,35.5,33.5,29.8,27.5,26.6,25.6,26.7,29.6,32
20200505,34,34.9,37.7,38.7,41.5,42.5,43.4,44.4,48.3,51.6,53.3,52.8,50,45.4,43.9,44.6,42.5,39.6,38.1,41.2,46.1,51.2,59,67.1
20200506,70,70.8,70.3,70.8,73.2,77.4,79.5,84.5,91,97.8,100.5,90.7,77.5,65.6,61.8,60.9,64.5,73.6,68.9,54.4,48.3,45.9,42.6,37.9
20200507,32.8,30.2,31.3,37.7,43.5,52.9,62.3,69,72.6,75.5,76.7,84.6,82.2,84.2,85.9,85.9,86.2,88.3,89.7,91.7,96.5,100.8,100,98.6
20200508,90.9,86.3,82.2,74.8,67.8,64.8,60.4,51.9,45.7,38.9,31.5,25.8,22.1,21,17.3,17.2,18.4,21.7,20.9,21.3,19.9,19.8,22.5,23.1
20200509,23.5,24.6,26.9,27.8,29.4,30.1,31.6,34,35.2,34.9,34.6,34.2,31.1,30.9,30.1,30.9,29.6,30.1,29.3,30.2,34.1,36.5,37.5,39
20200510,38.2,37.4,36.1,33.8,31.3,29.8,26.7,23.6,24.2,21.5,19.9,18.6,16.2,10.8,8.2,6.5,7.3,8.3,7.6,7.5,9.4,9.4,10,9.2
20200511,8.8,8,7.1,10.6,9.1,6.9,6.2,6.1,6.8,9.2,7.8,6.5,7.9,9.4,8.8,9.2,12.6,14.6,16.1,23.1,42.5,65.5,,47.2
20200512,24.4,15.4,11.7,12,8.9,8.2,10,10.9,,11.4,9.9,10.1,11.6,12.8,15.8,19.2,24.4,34.5,36.4,33.2,31.6,28.7,,27.6
20200513,25.6,26.2,23.1,23.7,24.2,22.9,23.5,25.9,33.4,38,35.9,34.9,39.4,37.8,43.6,48,53.1,57,58.7,58.2,58.6,60.5,62.2,62.2
20200514,61.1,56.2,50.9,47.9,45.7,42.8,41.3,43.3,45.7,45.6,41.9,34.9,30.5,26.3,23.5,23.9,21.9,24.5,,26.4,28.5,28.5,28.2,32.5
20200515,35.9,43.6,48.8,53.5,56.3,59.3,52.2,46.4,43.7,40.3,40.1,,38.9,39.2,39.5,42,40.4,38.6,35.3,32.1,28.9,23.9,22,22.6
20200516,23.6,26.8,27.4,28.1,31.4,36,39.9,43.5,45.2,45.1,47.8,49.3,50,49.1,50,49.3,45.5,41.7,38.8,38.6,41.3,38.1,34.9,
20200517,19.3,18.5,18.9,17.4,15.5,17,17.2,17.5,17.4,19.8,19.4,18.9,18.8,,,19.4,17.4,20.1,21.4,22.4,20.7,20.9,17.6,
20200518,8.6,7.3,6,6.6,5.3,5.2,6.1,6.7,7.9,11,16.8,18.6,21.3,19.7,17.8,15.4,13.3,12,11.7,10.6,11.4,12.9,14,15
20200519,16.8,20,16.5,15.2,15.5,15.9,14.3,17,17.8,15.6,17.5,15.3,12.5,13.4,11.4,12.6,12.6,13.2,14.1,22.1,14.7,14.9,17.1,13.1
20200520,11.9,10.5,9.8,9.1,9.6,9.4,9.8,10.1,11.4,12.2,14.8,14.8,13.9,16,17.2,,30.6,32.9,33.1,31.2,33.9,44.7,52.2,51.5
20200521,54.8,59.9,62.2,63.6,66.7,73.5,74.4,75.9,72.8,67.1,59.8,56.1,53.3,51.2,52.5,62.2,72.7,69.5,71.5,66.9,64.6,66.5,66.8,67.2
20200522,64.2,61.8,55.9,55.1,53.9,53.7,52.8,55.6,53.9,52.3,53.4,49.3,40.9,32.8,20.1,16.4,15.5,18.1,18.9,19.8,21.2,15.7,10.5,6.5
20200523,4.7,5,4.8,4,4.8,4.3,3.9,3.9,4.1,3.6,6.1,6.6,7.3,6.5,8.6,5.1,4.8,3.8,5.3,4,4,5.1,5.8,6.4
20200524,7.1,7.9,8.2,8.5,7.9,7.5,7.9,8.2,10.9,9.3,8.2,6.4,6.3,6.7,6,7.5,6.7,7.4,7.1,7.3,10.3,11.4,13.7,13
20200525,12.4,14.2,13.8,13,11.9,9.7,10.9,9.5,10.7,10.6,10.8,11.2,8.2,7.9,7.3,7.9,7.4,6.8,7.1,8.4,10,11.7,13.5,15.2
20200526,15.2,17.3,18.6,18,17.3,16.3,13.4,13,12.4,,6,7.9,6,5.5,5.3,6.9,5.8,5.8,6.1,7.5,8.9,11.1,10.6,10.3
20200527,9.9,8.3,8.8,7,5.7,6,5.9,6.8,6.8,6.6,5.3,6.6,5.2,5.2,5.6,5.4,4.6,4.7,4.5,5.2,9.3,21.6,28.8,31
20200528,32.1,34.8,36.1,37.6,37.4,36.4,36.9,39.1,46.2,53.3,54.8,50.2,40.8,33.4,28.1,27.1,25.4,22.9,21.8,23.6,21.1,,28.8,34.1
20200529,43.1,48.9,57.2,58.6,56.3,52.7,51.2,48.9,46.6,47.5,50.3,50.4,50.9,51,55.3,61.3,66.6,64.3,62.6,61.2,60.1,62.6,66,69.2
20200530,69.8,70.8,73.9,75.8,77,78.9,79,80.8,83.6,84.6,82.5,73.5,58.8,41.7,28.4,21.6,18.9,18.7,23.2,23.8,23.5,23.1,20,16.5
20200531,15.3,15.1,17.8,19.5,22,22.2,21.8,19,12.2,9.5,7.7,8.9,6,4.7,4.6,5.1,5,4.5,3.8,3.5,4.9,6.5,10.2,11.2
20200601,10.7,10.6,11.9,10.8,10.9,9.9,9.5,10.1,11.5,12.8,15.2,18.8,21.6,26.4,31.1,33.8,33.7,33.1,32.3,25.4,19.4,20.4,17.7,17.5
20200602,18.6,18.8,18.8,18.1,18.2,19.1,20.2,23.2,25.3,24,24.5,23.7,24.4,26.3,28.7,27.9,,27.8,28.4,27.8,27.4,26,25.4,27.1
20200603,29.1,27.8,26.5,27.8,31.7,36.6,41.2,52.3,66,74.9,71.8,62.4,52.3,51.3,49.7,47,44.6,,44.3,43.8,45.4,47.4,39.2,29.9
20200604,19.6,13.9,10.1,9.7,9.5,7.8,7.2,6.2,6.8,6.3,7.8,7,7.2,6.2,6.8,6.2,7.2,8.7,12.4,14.3,16,14.1,13.9,14.2
20200605,12.9,10.2,12.1,10,9.8,10.7,11.4,12.8,16.8,12.2,11.7,10.6,18.3,10.8,11.6,17,14.5,15.8,15.7,15.1,13.2,12.9,12.5,11.5
20200606,13.8,14.8,16.3,17.9,18.1,19.3,20.6,22.5,23.4,24.6,23.4,21.5,21.5,21.6,23,25.5,26.9,28.4,28.5,27,20.7,19.1,16.3,16.2
20200607,16.4,16.5,16.2,17,17.6,18.6,20.3,22.2,23.5,24,24.6,27,29.4,31.5,32.8,35.4,36.7,40.1,41.4,42.7,46.8,50.9,57.1,68.7
20200608,75.3,78.8,79.7,80.6,76.5,77,77.7,80.9,73.6,61.8,,,41.4,,27.1,24.1,,29.7,31.5,32.7,34.4,36.4,37.8,36.6
20200609,36.3,31.6,28.2,27.1,26.5,25.4,24.7,25.6,28.5,31.1,32.5,32.9,37,37.8,41,45.5,52.1,52.1,48.6,47.2,50.3,54.2,59.1,63.4
20200610,68.1,73.2,77.2,82.4,82.7,79.3,75.1,65.2,60.1,56.6,48.2,41.7,41.8,40.9,32,27.5,25.1,24.9,25,26.6,30.1,32.7,36.7,36.7
20200611,36.2,35.7,33.5,32.4,33.8,33.5,33.9,51.5,75.2,72.9,66.6,67.6,75.5,79.5,73.2,48.2,21.1,14.4,,25,27.5,26.8,24.6,25.5
20200612,28.7,29.6,31.4,33.1,31.1,29.8,27.3,24.7,24.1,23.8,23.5,23.2,24.5,24.5,24.6,24.6,25,25.6,27.2,32.5,36.8,40.8,44.6,49
20200613,52.9,56.4,60.5,65.9,71.5,73.9,75.8,76.1,79.5,80,72.8,71.9,50.6,32.3,31.1,32.2,33.2,35.3,33.8,32,16.2,7.4,4.3,4.2
20200614,4.5,3.4,3.3,3.3,2.7,2.9,4,4.4,4.9,5,4.5,4.7,5.7,4.8,5.9,5.7,6.8,7.3,7,8,8,10.7,13.7,13.7
20200615,13.5,13,14.2,14.8,15.1,15.9,16,16.1,15.4,15.4,12.4,12,10.2,9,7.9,8.5,8.9,9.6,11.3,12.7,17.8,21.3,22,24.9
20200616,25.7,28.2,29,29.1,33.3,42.3,49.3,45.4,44,44.9,46.2,47.1,47.1,43.4,33.3,28.4,25.3,21.7,19.8,17.3,19.3,26.5,34.9,33.6
20200617,28.6,25.1,23.7,22.9,21.3,21.3,20.4,20.7,22.8,23.2,22.2,20.9,19.8,,18.2,19.1,20.1,20.5,17.6,17.7,18.8,20.2,21.8,22.3
20200618,20.8,19.9,20.1,21.1,21,21.8,22.4,24.1,26.1,26.6,28.9,30,30.4,30.3,26.4,25.2,23.8,21.8,19.7,20.2,19,18.4,20.3,21.3
20200619,22.9,,22.4,22.1,26.5,28.8,28.1,25.9,23.1,21.4,21.6,23.6,22.6,22.1,21.8,21.6,20.6,22.1,21.8,20.8,19.8,19.9,20.8,20.7
20200620,19.9,20.6,19.7,21,23.1,25.7,28.6,32.2,36.5,39.3,42,,45.2,42.3,41,40,39.1,39.4,41.8,42.7,41.9,40.3,38.5,37
20200621,37.4,38,33,32.1,33.6,34.6,38.4,39.3,38.1,37.7,37.6,37.6,34.3,27.2,25.4,25.3,26,28.2,26.2,25.8,26.6,28.7,35.1,49.2
20200622,61,67,68.4,65.7,64.1,64.2,63.2,58.6,55.2,54.2,,48.2,43.2,36.2,34.7,35.2,,34,32.5,29.3,29.6,32.4,33.6,30.6
20200623,28.6,30.3,34,36.6,40.1,43.5,43.9,46.4,46.9,48.2,49.6,51.9,51.2,50.2,,47.5,46.2,50.3,53.6,57.4,46.3,27.5,18.3,12.3
20200624,10.7,10.2,12,13.6,15.1,14.6,15.2,18.1,,20.3,18.7,19,20.1,24.7,27.5,29.3,28.2,31.7,35,34.3,19.2,10.8,11.1,12.3
20200625,13.5,17.7,20.6,22.2,24.3,26.8,28.4,28.5,30.9,32.4,37,38.3,35.5,31.3,28.6,34.3,37.4,30.4,28.8,28.4,26.6,27.1,16.9,15.1
20200626,14.9,15.2,17.2,17.8,18.9,20.4,19,17.9,17.6,18.8,19.1,21.2,23.5,26.4,29,31,31.3,,34.3,35.2,36.9,41.7,49.5,57.4
20200627,62.7,67.4,68.1,64.9,66.8,69.4,69.5,68.1,71,71.4,70.6,67.4,59.5,51.6,42.8,39.7,36.2,37.7,40.7,43.9,48.1,52.7,56.9,66.9
20200628,76.9,76.6,72.9,77,81.3,85.3,85.5,81.8,79.3,74.7,61,46,36,29.6,28,27.6,26.3,24.8,28.7,28.4,30.5,29.9,21.9,21.1
20200629,22.1,23.5,25.9,27.7,28.7,29.9,32.1,33.2,34.2,32.8,,34.4,31.3,28.8,25.4,20.9,20.6,20.9,20.8,20.6,19.5,19.4,20,20.3
20200630,19.8,22,22.4,22,21.1,20.5,20.1,19.5,19.5,16.4,12.8,11.1,10.4,9.5,9.4,10.2,9.3,9.4,11.2,11.4,13.8,14.8,15.2,15.7
20200701,18.5,18.9,18.9,21.1,23.2,24,25.4,25.2,26.6,28.6,29.6,27,24.9,24.9,26,24,21.1,23.3,24.9,24.6,25.8,26,25.6,24.4
20200702,22.7,23.6,21.8,21.9,22.6,21.6,23.6,21.5,22,21.2,21.9,21.2,21.5,22,25.1,27.3,31.8,33.8,36.1,34.8,32.4,31.6,32.7,32.9
20200703,33.9,36.3,34.5,31.4,24.8,24.5,28.7,36.3,41.1,40.6,41.5,45.1,50.8,57.8,58.2,59.6,59.4,52.2,51.4,57.6,46.9,48.1,44.9,42
20200704,37.5,37.8,36.3,40.2,40.6,38.2,42.7,47.7,41.2,43.4,47.5,40.6,36.7,37.1,35.2,37.6,38.9,39.8,39.5,38.6,40.1,39.7,41.7,40.1
20200705,33.3,24.1,23.8,22.8,25.9,32.1,30,28,27.5,27.9,31.3,34.9,28.9,27.4,27.2,22.2,20.8,21.3,16.1,10.2,8.5,9.7,12.5,12.8
20200706,13.9,14.3,16.3,17.1,15.6,15.2,15.8,16.8,19.4,20.7,20.2,18.7,18.5,17.3,17,15.1,14.5,15.3,14.6,12.7,9.8,9.9,10.2,12.1
20200707,10.7,11.2,11.2,10.1,11.1,10.3,11.1,9.1,11.1,10.1,12.6,15,15.9,15.4,15.1,15.7,14,14.2,12.4,14.4,15,19.2,24.4,30.1
20200708,31.4,31.2,31.1,30.6,32.6,35.2,36.8,39.3,41.8,42.2,39.4,33.9,28,25.2,24.6,25.4,26.5,27.8,28.2,28.1,28.9,23.5,25.4,23.6
20200709,24.5,26.8,27.3,28.1,29.1,27.8,29.3,32.2,34.2,33.7,33.4,32.7,30.6,28.7,24.6,21.2,20.5,19,20.6,22.2,24.9,26.1,28.3,30.1
20200710,31.6,32.1,34.6,33.6,32.5,32.1,31.1,30.4,31.2,32.7,34,37.9,39.8,41.2,,44.6,45.4,45.7,46.1,47.6,48.7,49.6,50.9,53.9
20200711,55.9,57,59.6,62.5,63.2,60.6,57.2,56.4,55.8,56,56,58.8,62.1,67.2,70.5,75,75.4,75.4,77.4,81.7,83.9,86,88.1,88.4
20200712,91.3,89.3,90.9,89.9,86.1,77.5,66.4,58.7,57.1,64,70.7,76.4,77.1,74.2,,73.1,71.8,66.9,64,59.6,55.3,45.7,44.2,43.1
20200713,45.3,44.3,44.2,45.9,46.6,47.1,50.6,51.6,56.1,59.6,62.4,64.3,60.4,50.4,37.6,31.7,27.7,25.1,23.4,22.3,21.1,21.4,23.2,24.7
20200714,26,28.1,29.2,31.4,31.3,31.5,31,29.3,30.1,29.9,31.5,31.2,30,27.1,22.5,19.9,19,20.8,23.4,28.3,30.6,33.4,37.9,39.1
20200715,39.9,40.1,40,38.5,35.2,31.4,30.9,29.7,29.8,30.3,31.8,29.4,27.1,24,22.1,19.3,21.4,19.1,20.1,21.4,23.1,24.7,25,25.9
20200716,27.4,27.1,28.1,29.5,32.1,32.9,33.6,35.1,37.8,42.1,49.8,61.1,68.2,68.1,59.4,54.8,52.5,51.1,49.5,46.3,45.6,39.9,37.1,37
20200717,39.4,39.9,40.1,43.4,46.3,49.7,52,52.9,53,51.4,49.7,45.9,41.9,41.8,43.2,41.9,39.8,40.2,,41.1,42.2,44.5,43.9,41.4
20200718,36.4,34.7,33.8,31.1,30.6,32,32.1,32.5,30.4,29.7,31.2,34,38.8,44.2,48.6,51.8,51.3,49,42.2,37.8,33.6,33,33,37.1
20200719,34.6,34.8,36.7,37.5,37.3,35.6,36.6,38.2,38,38.3,35.3,28.3,19.5,12.7,9.7,7.8,6.1,6.4,6.6,8.1,10.2,13.2,16.8,18.1
20200720,19.1,17.8,18.3,18,17.6,17.6,20.4,27.8,36.8,40.8,41.8,43,40.9,36.8,30,28.5,29.7,31,31.9,32.8,34.1,35.2,33.9,30.1
20200721,28,28.8,30.1,27.9,28.1,29,30.9,32.6,35.2,39.6,44.1,49.6,50.2,45.9,38.8,33.4,28,25.1,23.8,23.1,24.6,25.2,24.6,25.1
20200722,27.5,32.9,37.3,43.4,51.1,59.9,60.9,60.7,58.7,55,50.6,46.5,41.9,35.2,33.5,29.8,29.9,31,29.8,24.8,20.4,22.8,23.4,25.4
20200723,27.8,27.7,27.5,28.4,31.7,34.1,34.5,35,37.9,40.8,43.4,40.8,37.4,33.2,28.9,26.4,24.1,20.4,19.4,20,21.9,22.5,24.9,25.8
20200724,28.3,29.2,30.5,32.6,33.6,34.5,33.2,33.9,32.6,28.5,25.4,23.5,20.7,19.3,17.9,19.2,17.2,17,17.7,18.6,20.9,23.5,22.2,21.8
20200725,21.7,21.6,22,21.9,21.7,23.5,23.3,24.5,25.3,27.1,27.4,27.4,26.5,24.4,22.8,22.6,20.8,21.4,23.6,22.7,26.5,30.1,33.4,37.6
20200726,39.9,43,44.2,33.5,20.5,15.2,13.2,12.4,12.9,11.7,11.3,11.2,13.1,14.7,17.2,19.6,20.3,21.7,22.7,22,23.2,26.5,29.1,30.9
20200727,32,35.1,37.6,40.5,42.1,43.9,43.6,43.4,44.4,45.2,48.4,52.3,51.4,51.8,49.3,42.6,43.1,45.4,45.2,46.9,46.5,49.8,53.8,56.1
20200728,58.5,60.7,61.2,62.1,62.1,63.4,63.7,64.2,,76.8,80.2,80.3,77,,72.7,62.1,44.7,30.6,29,29.5,25.3,25.1,27.5,30.3
20200729,33.2,35.5,36.7,36.4,38.8,43.1,49.4,51.4,49.5,50.2,49.9,48.4,49.1,50.8,51.2,49.9,45.2,44.5,45.1,45.2,47.2,50.2,54.8,60.5
20200730,66.8,71.2,77.3,82.9,84.5,83.5,87,90.9,,91.2,84.8,74.9,60.2,52.3,45.9,,34.4,32.6,31.7,31.6,31.7,32.8,34.6,36.8
20200731,39,42.9,44.3,49.8,53.8,56.5,59.2,60,60.5,57.2,54.9,49.2,44,39.8,40.6,33.1,24.2,19.4,17.7,15.1,17.2,15.7,16.3,19.5
20200801,22.6,19.3,18.3,19.3,22.2,24,25.9,28.6,30.9,33.7,34.6,36,37.6,38.2,39.1,39.4,38,36.7,34.9,21,12.9,12.8,13.5,12.6
20200802,13.8,11.4,11.3,14.1,16.6,13.5,13.9,14.7,16.3,16.1,16.4,16.8,17.1,17.1,16.1,15.1,15.8,16.4,16.8,17.1,18.2,17.8,15.4,15.7
20200803,15.2,14.3,14.5,14.7,16.1,16.4,17.6,18.5,19.1,18.5,20.2,20.9,21,19.5,16,14.8,12.9,13.5,13.7,14.1,17.1,18.3,18.6,20.4
20200804,21.3,19.9,17.8,16,12.7,12,12.4,12.9,14.2,17.4,19.4,16.7,12.9,10.4,10.4,9.8,10.3,10.6,11.8,14.5,17.1,20.3,21.6,21.1
20200805,21.1,21.1,22.1,25.4,36.2,45.7,50.4,40.5,37.5,33.1,34.2,34.1,34.5,31.7,39.7,34.6,29,22.7,21.8,23.1,24.3,25.6,25.2,26.6
20200806,26.8,26.1,26.2,24.2,25.4,25.2,24.2,23.3,26.1,30.2,33.6,35.1,37.8,36,36.5,36.6,37.3,40.4,41.9,38.4,30,26,23.8,21.4
20200807,20.9,19.8,19.8,18.7,19.3,20.9,21.1,23,25.3,26.9,30.2,30.6,26.5,23.8,20.9,20.2,20.3,18.4,16.7,15.8,16.3,18.8,20,20.8
20200808,20.1,21.6,22.4,23.5,23.3,24.5,25.8,26.1,27.6,25.2,22.8,22,18.5,19.5,19.6,19.4,19.4,20,19.4,19.9,19.6,21.7,21.2,17.5
20200809,16.8,15.7,13.6,15.5,17.2,17.4,17.5,17.2,17.8,16.8,17.2,17.6,16.8,16,16.4,15.7,17.8,19.2,21,23.1,27.2,24.6,14.3,6.3
20200810,6.6,7.4,9.2,9.1,9.2,9.9,10.5,13.7,13.2,11.4,10.6,10.9,12.5,13.5,12.8,12.5,13.4,13.5,15.2,16.3,18.9,19.9,20.6,24
20200811,26.2,29.6,31.9,34.3,34.1,32.1,28.1,27.9,32.2,33.1,28.1,24.2,22.5,23.2,22.8,22.8,23.7,25.3,28.4,30.1,32.1,34.3,35.8,33.8
20200812,33.8,34.3,32.2,33.5,34.7,37.3,38.9,39,41.2,42.6,41.1,39.8,41.5,44.8,50.2,40.7,33.9,26.8,22.2,18.3,15.4,12.5,11.6,9.6
20200813,7.1,5.4,4.5,4.4,4.6,5.6,4.9,6.2,6.2,6.4,8.4,8.8,9.3,11,10.6,9.8,11.5,12,14.2,17.6,18.2,19.8,21.2,22.6
20200814,24.4,26.3,27.8,27.7,27.2,25.8,24.1,25.4,27.1,27.5,24.4,21.6,20.2,21.3,22.8,23.2,25.1,25,24.3,25.2,26.6,28.1,30.5,32.9
20200815,33,36.3,38.5,40.4,42.5,43.6,39.9,37,38.1,39.5,37,29.2,23.7,17.1,15.9,16.6,17.3,16.6,17.5,17.5,19.5,20.2,22.8,24.7
20200816,23.6,25.4,25.2,27.9,28,28.7,29.7,30.6,33.1,34.5,35,34.3,34.9,35.2,34.3,34,33.3,31.7,30.7,30.8,31.7,34.2,35.7,36.4
20200817,36.7,36.1,35.3,36.1,35.5,36.3,37.2,39.6,41.1,42.1,40,35.8,35,36.9,37.1,36.3,36.9,38.7,39.4,41.4,42.5,44.5,47.6,49.4
20200818,52.2,51.6,51.8,51,52.9,51.7,49.8,47.9,39.5,33,29.5,18.6,13.2,9.4,7.4,5.2,4.4,4.7,5.5,5.1,6,5.7,5.7,5.1
20200819,5.2,5.2,5.5,5.6,4.9,5,5.6,6.8,6.8,7.6,7.8,7.9,9.4,9.4,9.3,9.8,10.4,9.7,10.6,13.1,16.2,17.7,18.2,19
20200820,19.3,17.8,19.3,17.8,17.3,17.3,16.7,17.3,19.2,19.1,18.2,18.2,15.1,15.5,15.4,16.9,15,14.5,15.4,14.8,15.7,15.5,14.1,14
20200821,15.3,16.5,17.9,19.2,19,19.5,19.2,20.8,26.1,29.3,24.7,20.2,20.1,19.8,19.1,18.5,18.2,17.9,17.9,17.8,18.7,20.9,22.8,24.7
20200822,26.2,28.9,33.5,36.2,38.5,41.6,41.2,41.4,45.3,47.3,47.2,44,34.6,31,32,31.4,29,25.4,23.9,22.3,21.3,22.5,23.5,25.3
20200823,26.5,29.8,32.9,37.6,42.5,46.7,49.2,51.2,53.9,53.6,51.1,45.3,42.2,43.6,51.4,54.3,53.5,54.6,56.2,59.1,64.1,66.8,63.8,53.6
20200824,41.5,22.4,10.8,6.1,4.1,4.2,4,4.4,4.1,5.2,6,6.1,7.1,6.6,7.2,6.6,7.5,8.4,8.5,9.1,10.4,11.5,11,11.5
20200825,12.7,13.1,13.3,14.3,13.9,13.9,13.2,12.5,14.1,15.5,13.9,15,16.6,16.9,16.9,17.2,18.5,18.1,18.2,18.6,19.6,21.9,22.6,22.9
20200826,23.9,23.2,22.9,23.2,24.8,24.1,21.4,17.8,18.2,20.7,29.4,55.1,70.8,76.9,86,84.3,82.2,77.3,79.8,79.9,74.8,73.1,70.8,72
20200827,66.8,61.8,63.8,64,73.2,76.8,80.8,74.8,67.2,51.4,38.6,31.2,24.8,23.1,21.7,19.1,18.5,17.3,15.8,15.8,16.2,14.6,13.5,12.7
20200828,13.8,14.2,13.7,13.5,13.4,13.1,12.2,14.1,15.6,14.2,12.1,12.7,11.7,11.5,11.9,12.9,14.6,15.8,17,19.5,21.1,25.2,26.7,26.9
20200829,28.6,30.4,32,35.1,37.8,37.4,36,36,39.1,44,48,51.1,54,54.3,50.2,46.2,43.5,42.6,43.1,44.8,46.9,51.3,54.5,54
20200830,53.2,51.8,52.8,54.9,56.3,56.8,57.5,59.4,60.7,58.6,53.2,48.2,45.3,43.5,43.8,44.1,41.9,41.8,37.9,35.4,35.6,32.8,29.8,26.2
20200831,25.7,29.2,31.6,32.1,34.5,34.2,22.9,11.9,6.6,5.4,4.5,5,5.5,5.9,5.4,4.7,6.5,5.6,7.3,8.5,10.1,9.5,10.8,10
20200901,10.8,10.5,11.1,10.9,11.4,11.4,10.8,10.8,11.9,14.5,14.7,16.4,14.7,12.5,10.5,11.4,11.5,9.8,8.5,8.7,7.8,8.3,11.9,10.8
20200902,9.6,9.1,8.7,8.5,9.1,12.5,15.7,19.5,22.7,23.6,23.2,21.6,20.9,19.4,18.6,17.3,17.9,12.4,10.1,11.4,12.5,11.1,8.8,7.4
20200903,6.8,6.4,6,5.9,6.2,5.8,6.8,6.7,7,7.3,7.5,7.9,5.9,5.5,5.3,6.2,5.1,5.9,4.8,5.2,6.9,8.2,9.8,11
20200904,11.2,11.8,12.5,11.6,12.6,12.5,13.2,12.9,14.9,15.8,15.2,15.5,14.2,13.2,14,13.4,12.2,11.7,12.1,15.3,16.2,18.7,18.5,19.8
20200905,19.7,20.3,20.7,20.7,20.6,22,21.2,21.2,23.1,27.3,31.2,31.4,30.5,24,19.9,16.6,16.2,16.3,16.6,19.4,21.5,24.7,26.3,27.7
20200906,27.6,27.2,31.4,36.8,46.3,49.3,52.8,57.2,60.8,69.1,75.2,74.8,69.7,63.7,57.8,53.5,51.8,50,51,51.6,48.5,48.5,43.7,41.6
20200907,41.6,37.5,30.1,24.9,21.3,20.7,21.1,22.2,21.5,20.4,18.9,19.5,17.3,13.5,11.5,12.2,11.3,10.5,11,10,8.5,8,8.2,8.6
20200908,9.9,9.5,9.8,9.9,10.2,11,11,11,12,10,7.9,5.5,5.2,6,5.2,5.2,4.8,5.8,5,5.7,8.2,8,7.2,6.3
20200909,7.1,6.3,5.9,6.3,6.2,6.3,7.4,8.5,9,8.7,7.6,6.6,7,6.4,5.3,6.1,6.3,6.3,7.3,9.8,12.8,13.4,13.5,13
20200910,11.6,9.9,9.4,8.6,7.9,7.7,7.3,9.4,8.6,9.5,7.8,7.6,5.6,5.2,3.8,3.7,4.5,4.3,3.7,4.3,5.4,5.1,4.6,5.8
20200911,5.3,5.4,4.8,5.7,5.6,5.8,6.7,7.4,7.4,7.4,5.5,4.3,3.3,3.5,3.1,2.9,2.8,3.6,4.1,4.3,5.6,5.8,4.7,4.3
20200912,4,4.3,3.8,3.7,4.7,4.6,4.5,5.4,5.8,6.6,7.1,8.2,9.3,10.8,12,13.3,12.8,13.9,15.2,16.8,18.6,18.8,19.4,20.2
20200913,20.2,21.4,21.5,21.3,19.6,21,20.5,20.7,23.6,29.2,31.2,30.7,,21.9,21.2,20,18.9,17.8,19.1,21.3,24.3,27.4,30.5,31.4
20200914,32.9,34.8,36.2,38.3,39.5,40.8,40.9,40.8,41.4,42.9,44.6,40.7,38.9,36.4,35.2,37.4,38.5,38.4,35.8,31.7,32.6,35.4,38.5,41.6
20200915,47.4,52.1,56.1,56.5,53,50.3,47.7,42.1,37.1,35.8,32.8,29.9,26.1,24.1,20.8,13.9,9.6,9.1,9.5,11.2,11.7,12.8,13.1,13
20200916,13.1,12.5,10.1,5.6,4.2,3.6,3.2,3,3.4,3,3.5,3.5,3.2,3.3,2.7,4.1,3.5,3.9,3.9,5.1,5.8,4.4,4.3,4.1
20200917,4.3,3.8,4.2,3.9,3.4,3.7,5.6,5.4,5.9,5,4.8,4.3,3.5,4.6,4.1,4.8,4.8,5.2,5.1,7.4,10.1,13.4,13.2,13.3
20200918,13.3,13.4,12.4,11.2,10.5,8.7,9.3,9.4,,9.6,9,6.8,5.4,4.1,4.1,4.2,4.8,5.7,5,8.5,11.5,13.1,12.4,11.4
20200919,12.6,12.2,12.2,11.2,10.2,9.4,8.4,9,9.2,9.1,8.2,9.2,11.4,14.4,16.4,17.2,19.2,,20.9,23.1,23.5,22.1,21.9,18.5
20200920,18.8,15.7,12.5,9.1,8.9,8.3,7.6,10.2,10.4,10.3,9.1,8.2,7.7,8.3,7.5,8.5,9.4,10.2,10.9,13.9,17.4,18.7,17.7,17.6
20200921,18.4,18.2,18.6,19.9,19.8,20.2,21.7,22.8,27.1,29.5,32.4,32.6,32.9,32.4,32.5,36.4,38.4,40.4,42.6,47.6,52.2,55.4,57.2,52.4
20200922,44.8,41.1,37.9,36.2,36.6,35.7,37.9,40.2,37.4,27.6,15.4,9.4,7.2,5.8,5.5,6.4,7.7,7.6,9.5,14.2,17.3,20.6,33.8,41.7
20200923,44.8,40.9,36.9,35.2,35.1,36.5,34.2,33.3,32.5,29.6,31,,27.7,26.9,24.8,21.5,20.7,20.4,23.1,26.4,30.7,32.7,33.6,34.2
20200924,34.7,34,33.2,33.8,34.1,31.5,28.9,28.6,27.2,27.6,26.2,23.8,22.6,18.9,17,15.7,15.1,13.6,15.3,19.5,23.8,27.1,28.6,29.9
20200925,30.4,28.9,27.4,28.7,31.3,33.2,35.1,30.1,28.8,31.9,34.6,40.1,38.6,31.4,29,27.2,28,30.3,31.3,30.2,32.1,34.9,38.5,40.5
20200926,43.4,43.4,44.5,44.7,43.9,43.4,42.5,40.5,45,52.8,57.9,56.9,52.4,45.9,42.9,40.4,40,40,40.9,44.3,50.3,53.8,56.6,59.7
20200927,63.7,65.1,65.2,63,61.9,60.6,59.6,60.1,66.4,,83.8,83.3,71.7,52.6,46.3,44.4,44.4,41.7,40.9,41,41.9,43.6,44.8,49.5
20200928,54.5,59.4,62.7,66.2,66.8,64,63.6,64.7,70.4,77.1,82.8,85.4,84.1,74.6,69.6,71.9,74.9,75.7,72.1,71.1,74.6,76.9,75.9,74.9
20200929,48.3,32.8,28.5,23.8,13.6,9.5,5.6,5.2,3.5,4.2,4.1,4.6,5.5,6.5,7.6,7.6,7.5,8.7,8.8,9.8,10.5,10.9,11.1,11.6
20200930,12.8,12.9,11.9,11.5,12.2,12.2,12,11.5,11.1,13.5,15.9,16,14.3,14.2,15.3,17.5,16.9,16.3,19.6,20.4,21.2,22,24.6,26.5
20201001,28.9,28.5,28.7,30.9,31.3,32.9,33.7,35.7,39.9,43.3,43.2,42.5,40.1,39.3,40.4,43.1,43.9,43.2,42.3,43.1,46.2,50.8,49.9,34.5
20201002,18.1,10.6,5.9,4.2,3.7,3.6,3.4,3.1,3.1,2.7,3,2.9,3.5,3.2,4.7,3.6,3.3,3.6,4.1,7.4,9.5,10.5,9.9,10.4
20201003,10,10.3,10.3,9.5,9,8.4,8.6,8,7.8,8.3,10.2,14.1,22.2,28.4,31.7,35.8,36.7,37.1,38,40.5,35.8,18.1,7.2,4.5
20201004,4.3,3.4,3.2,3.6,3.1,3.1,3.2,3.4,4.6,4.2,4.1,3.9,3.8,3.9,4.9,3.3,3.2,3.3,3.7,5.3,5.5,5.6,5.9,6.7
20201005,5.7,4.4,4.7,4.8,4.3,5,4.8,5.1,5.8,5,5.6,4,3.8,4.1,4.1,4.1,4.6,5.5,7,10.8,14.1,14.4,14.8,15.3
20201006,15.4,14.8,13.5,13.6,14,12.4,11.2,11.2,13.4,16.9,20.9,19.4,19.2,22.4,28.6,30.8,33.9,37.4,39.8,42.2,42,43.7,45,46.5
20201007,47.1,46.8,45.6,44.5,43,41.6,42,41.8,42.6,46.8,53.7,60.4,70.4,78.3,86.4,87.6,78.7,68.6,61.7,60.7,65.3,68,70,70.9
20201008,69.2,70,72.9,74.1,74.9,74.6,74,75.7,80.8,86.4,90.8,97.4,99.4,99.9,96.5,90.6,88.3,83.8,83.3,84.2,85,83.5,83.8,82.9
20201009,84.2,84.6,85.1,87.6,89.5,90.1,91.6,94.3,96.2,103.3,113.1,119.4,121.7,116.6,,109,104.6,106.5,110.1,113.9,120.5,125.8,129.2,130.1
20201010,131.9,131.4,132.6,133.6,133.4,132.6,129.9,127.5,,137,143.5,147.3,151.6,150.9,142.9,130.9,120.8,118.6,114.2,108,104.5,105.1,108.4,111.2
20201011,112.6,116.3,120.3,123.2,125.1,121.6,114.5,88.7,42.5,25,13.5,8,7.2,4.8,4.8,5.8,4.5,5.2,5.2,5.9,6.7,5.8,4.3,4.5
20201012,3.7,3.1,4.1,3.8,3.8,4.5,4.3,4.8,6.4,6.5,4.9,5.3,6.3,11.4,6.6,8.7,10,11.4,15.2,17.2,17.8,18.1,18.2,20.7
20201013,22.4,24,24.8,23.8,21.3,21.6,21.5,21.5,22.9,23.3,20.2,13.3,9,6.1,10.2,4.8,4.6,4,3.9,5.3,5,4.4,5.5,3.4
20201014,4.1,4.2,3.8,4.4,4.3,3.6,3.7,5.2,5.8,7.2,9.6,8.4,9.3,9.4,10.1,9.6,10.3,11,11.8,14.2,17.5,18.1,20.2,20.9
20201015,20.8,21.5,19.6,19.5,19.7,18.3,18.4,19.3,21.7,23.4,25.1,29.6,35.4,37.6,41,47.7,60.4,77.3,85.2,94.9,,102.9,102.2,100.9
20201016,95.8,79.3,50.4,38.4,28.4,21,15.8,12.3,10.7,7.4,5.9,5.1,4.4,4.3,3.8,3.4,3.6,4.5,5.2,8.6,11.9,11.5,11.4,11
20201017,10.6,10.8,10.7,12.3,13,13.5,14,13.9,16.3,17.2,18.4,16.4,14.5,12,9.6,8.9,9.8,11.3,13.6,19.4,20.8,21.7,22,21.8
20201018,22.7,21.6,22.9,22.5,22.3,23.3,20.1,20.5,21.7,21.4,21.8,22.1,,22.4,22,23.7,25.6,29.8,35.8,44.9,51.7,51.6,50,50.4
20201019,47.6,44,43.8,44.4,44.8,43.4,39,37.3,36,37.6,38.2,36,33.2,29.9,30.8,34.8,44,57.8,67.5,74.5,82.7,86,87.5,86
20201020,84.2,82.1,79.2,73.5,69.4,69.4,69.7,69.3,73.7,82.7,97.2,113.6,124.1,135,137.5,142.7,145.6,146.8,150.3,153.2,155.7,158.5,158.7,157.5
20201021,158.2,164.4,152.8,94.4,45.8,21.6,14,11.5,13.3,13.8,13.4,13.2,12.9,12.5,13.9,13.1,13.7,18.5,22.6,27.1,30.1,30.9,,31.3
20201022,30.7,28.4,24.8,21.8,19.5,19.9,18.8,17.5,15.7,12,7.1,5.4,5.3,5,5.5,5.7,5.7,5.6,6.7,8.2,7.6,6.1,6.1,5.6
20201023,5.2,5.3,5.5,5.3,5.9,7.2,7.6,10,12.3,11.1,8.5,6.9,5.9,5.8,5.8,4.8,5.7,8.1,10,14.2,17.1,19.6,21.2,23
20201024,24.9,24.5,23.4,23.1,20.1,17.9,16.7,17.2,18.8,18.9,19.1,18.6,19.2,19.1,19.7,22.4,24.9,30.4,,47.1,57.1,63.2,68,70.1
20201025,69,69.3,65.9,64,59.6,55.4,54.6,54.5,56.6,57.6,62.4,69.4,77.9,86.6,89,92.1,93.8,98.5,100,107.6,110.4,111.2,110.4,110.8
20201026,108.1,105.2,103.8,104.2,105,106.6,102.4,99.8,98.7,102.3,106.2,110.7,114,109.7,102,97.8,96.7,96.8,95.2,75.5,46.1,30,16.8,10.6
20201027,8.7,7.8,7.8,6.7,5.7,4.5,5,4.6,5.3,5.5,5.2,4.5,4.6,5.4,5.4,6.2,5.6,7.1,9.8,13.2,16.2,17,18.8,18.7
20201028,18.1,16.7,15.7,15.4,14.3,13.8,13.7,13.1,15.6,16.1,16.5,14.6,15.8,13.1,13.2,14,14.4,15.3,18.8,22.3,26.1,28,27.3,29.5
20201029,30.6,30,28.8,27.3,27.2,26.8,24.2,21.9,22.8,24.4,28.4,30.7,34.5,39.1,43.6,43.4,40.9,38.9,42,46.9,53,57.1,57,55.1
20201030,55.6,55,54.4,52.3,51.4,50.1,49,48.6,49,51,52.2,54.6,56.7,54.2,48.3,45.9,46.6,48.3,48.4,54.3,58.3,61.9,63.6,65.4
20201031,66.7,67.7,69.8,73.1,76.1,77.4,78.4,76.2,76.5,84.7,93.2,97.4,,89.3,84,78.2,75.4,71.7,67.5,68.6,69.2,72.1,74.1,73.6
20201101,65.3,56.6,43.7,35.6,25.3,21.9,19.1,15,12.3,11.9,8.3,6.8,5.1,,5.2,4.9,5.8,,7.5,,16.7,,12.7,
20201102,10.8,11.8,11.6,,7.6,5.6,4.2,2.8,3.2,,,4.9,5.3,,,6.6,6,,,7.3,7.1,,7.6,
20201103,8.2,8.6,,6.9,7.9,12.7,,12.4,,10.1,10.7,7,6.7,7,6.3,8.4,10.1,12.9,17.7,23,26.9,29.1,27.4,28.3
20201104,28.2,28.6,26.8,25.1,24.2,24.2,23.8,22.7,25.1,28.4,33.8,37.6,38.8,42.3,46.4,49.1,54.9,57.6,61.6,68.9,73.1,75,77.9,74
20201105,69.8,66,64.8,63.1,60,59,57.2,58.4,58.8,61.5,67.5,76.1,85.3,94.8,98.7,102.9,112.6,120.1,128,137.1,141,145.9,143.8,
20201106,133.9,132.1,131.3,131.1,128.8,124.5,120.3,112.5,100.4,,60.8,50.3,37.6,,42.2,41.4,41.8,,48.4,54.6,58.7,56.8,53.1,51.9
20201107,50.5,46.9,46,35.8,32.2,29.8,30.6,31,32.5,33.9,33.9,30.4,31.1,37.2,34.7,29.1,,13.5,,8.7,5.8,4.6,4.2,3.6
20201108,3.3,5,4,3.8,3.8,5.3,6.9,7.4,14,13.8,10.5,8.1,6.8,6.9,7.2,9.4,11,,16.7,22.8,28.8,32.1,31.4,32.7
20201109,31.9,31.5,24.3,18.9,15.9,11,11,12.7,14.6,15.5,12.8,12.6,13.1,15.5,16.8,19.8,21.7,23.4,26.8,28.3,35.4,39,41.9,42.5
20201110,38.9,38.1,36.2,35.1,30.7,27.1,22.9,24.6,29.3,27.4,26.1,25.3,25.9,25.8,28.3,32.7,40.5,49.6,57.4,66.5,72.6,75.9,74.8,94.7
20201111,76.7,75.5,76.3,73.9,70.2,68.1,66.3,64.4,65.4,69.4,75.4,87.5,,117.1,130,143,146.3,159.5,165.4,177.2,181.4,,177.6,176.8
20201112,174.4,168,167.3,162.5,160.8,159.6,160.4,160.2,161.8,165.2,,125.4,91.8,61.5,46.7,39.5,35.5,31.9,34.3,35.9,35.2,33.2,28.9,27.1
20201113,19.5,18.8,16.2,14.6,11.7,11.4,10.5,12.2,13.6,16.2,14.6,16.8,20.8,22.8,24.4,25.4,26.1,26,29.5,,36.2,36.4,37.9,36.5
20201114,36.1,35.9,35.1,34.2,35.5,36.5,36.9,37.8,37.9,39.7,41.2,44.9,45.6,48.7,50.2,51.2,51.2,51,52.8,56.1,61,64,64.7,64.3
20201115,63.5,62.9,59.5,59.5,58.4,56.9,57.5,59.3,60.6,67.1,74.2,77.3,79.1,85.8,89.5,93.5,94.8,97.6,100.4,107.9,111,116.4,119.6,119.4
20201116,118.1,115.7,112.2,110.3,107.1,101.9,98,94.3,94.4,99,100.8,98.7,96.5,96.5,97.2,99.6,100.5,102.4,106.2,106.2,104.8,102.2,97.1,89.3
20201117,84.3,85.2,88.6,90.3,88.5,87.7,88.2,90.5,91.9,92.1,88.2,89.5,94.2,99.3,107.4,,114.2,116.6,120.6,,128.3,125.4,117.6,108.2
20201118,104.2,99,94.6,90.3,87.1,81.5,74.7,72,69.7,64.5,58,47.4,35.3,23.1,13.4,9.3,7.9,8,7.9,8.5,7.2,6.8,6.1,6.2
20201119,6.7,5.4,5.8,5.5,5.5,4.9,4.9,4.9,6.4,6.3,7.1,7.6,8.1,8,8.5,8.9,7.9,7.8,8.7,10.3,10.8,10.4,9.8,8.8
20201120,9,8,7.6,7.3,6.8,7,7.4,7.2,7.3,8.1,7.6,7.6,8.2,9.1,9,8.8,9.2,9.8,12.6,16.1,18.4,20.9,22.4,23.7
20201121,23.2,25.4,26.9,28.1,28.1,26.6,27.3,27.6,28.3,31,33.7,36.8,36.8,35,34.7,33.2,29.3,28.5,27.4,25.6,25.2,22.6,18.7,14.3
20201122,12.8,11.6,10.5,8.9,8.9,8.1,7.1,6.6,7.5,8,6.1,6,5.9,6.1,6.1,5.6,6.3,6.5,6.7,7.7,7.8,7.7,7.9,6.9
20201123,7.1,5.9,4.8,5.7,5.2,5.3,7,8.4,9.9,11.6,12.4,11.8,12.4,13.9,13.7,15.8,15.3,17.3,20.6,26,30.6,31,31.8,34.2
20201124,32.5,32.6,28.8,26.3,24.5,24.3,23,,22.4,23.2,25,26.2,26.8,27.6,28.4,28.7,30,34.1,41.6,50.8,55.4,55.1,54.8,55.2
20201125,54.2,52.7,50.4,47,42.2,37.7,34.4,32.8,32.4,33.1,34.2,32,31.8,27.3,23.9,22.6,22.5,21.6,21.1,21.8,22.9,23.4,23.2,22.1
20201126,22.8,23.1,21.9,21.5,22.5,23,21.2,21,,22.4,21.4,19.5,,14,14.9,15.6,16.8,19.1,21,25.3,27.9,31,31.8,32.7
20201127,32.5,31.6,28,24,21.9,19.9,18,17.5,17.2,17.7,17.3,15.9,14.5,13.3,13,13,12.4,11.9,12.6,13.5,14.4,13.5,13.5,11.2
20201128,9.3,9.9,10.3,11.1,11.1,10.5,9.6,9.6,9.5,9.9,9.6,8.7,7.3,7.6,8.2,8.8,,10,14.5,20.8,25.2,25.7,25,26.3
20201129,26.2,25.9,26,24.7,21.7,20.9,19.4,18.9,18.7,21.4,22.8,25.3,25,22.8,19,17.9,16.1,14.2,17.1,19.7,19,17.4,13.9,13.5
20201130,12.5,12.1,12.1,12.1,12.2,12.9,12.4,13.2,13,13,11.8,12.2,12,12.1,12.4,12.3,13.4,15.2,21.3,30.3,35.8,38,37.6,37.4
20201201,38,36.6,31.3,26.9,22.3,19.9,17.9,18.9,19.9,20.4,20.2,19.1,18.4,18.6,20.2,24.9,28.9,33.6,38.2,42.5,45.8,47,47.5,45.7
20201202,46.9,45.9,45.6,45.4,44,40.8,36.4,30.4,27.3,27.5,25.8,21.3,18.3,15,13.6,11.9,9.6,9.6,10.6,11.5,12.8,11.1,9.8,9.7
20201203,8.6,8.7,9.4,9,7.9,7.8,6.9,7.2,8.5,9.1,8.9,8.8,7.5,7.2,6.9,7.2,7.8,,9.1,10.6,11,11.5,9.9,9.9
20201204,9.1,8.8,8.9,8.9,8.1,7.8,7.5,8.2,9.5,9.2,8.9,8.6,7.6,8.1,7.4,7.3,7.9,8,10.1,12,14.6,16.1,16.1,16.6
20201205,15.9,14.6,14.5,14.4,14.4,13.5,15.2,14.3,16.1,19.6,18.2,18,19.7,21,23.4,25,24.8,29.4,31.7,38.5,40.4,44.8,47.5,49.7
20201206,50.5,48.2,46.6,43.7,39.3,37.5,36.6,34.8,30.6,31.5,33,40.6,56.6,63.1,62.2,59.4,,46.6,39.4,33.2,22.4,15.3,13.3,11.3
20201207,9.8,9.9,9.3,9.2,8.5,8.2,6.6,7.2,7.6,9,7.9,7.6,7.3,7.6,7.1,7.6,6.1,7,8.1,9.7,9.4,8.5,7.6,8.2
20201208,9.1,9.6,10.6,11.1,11.2,12.4,11.3,13.5,15,15.1,16.3,16.8,16.7,18.7,20.2,20.8,26.1,27,28.6,34.2,38,42.1,47.7,50.4
20201209,51.9,52.9,53.7,52.5,48.1,44.3,41.5,41.2,39.1,40.9,41,41.6,42.8,,49,52.2,,57.7,60.9,64.7,66.1,68.1,67.1,66.2
20201210,65.9,62.9,61.7,61.7,61.6,61.4,59.4,59.4,60.3,60.4,59.9,57,52.8,48.5,46.1,43.8,43.9,47.9,57.2,68.3,73,73.3,69.3,66.1
20201211,61.5,55.2,48.4,41.5,34.2,28,25.4,25.3,26,,28.5,26.9,26.7,28.9,32.9,32.8,33.8,34.9,38.1,43.9,45.9,46.9,50.2,54.3
20201212,58.5,59.1,59,57.3,57.5,56.5,55.5,56.2,58.3,64.1,68,73.3,78.4,87.2,94.5,103.3,114,127.1,140.8,143.6,,82,50.2,33
20201213,25.3,17.4,10.1,9.3,8.7,7.5,7.2,7.2,6.8,6.9,6.3,6.8,6.6,6.7,7.4,6.4,6.4,7.7,8.9,9.5,9,9.1,8.6,9.9
20201214,9.3,8.9,8.7,9,10.5,11.2,11.1,12.4,14.6,16.5,17,15.5,12.7,11.9,12,12.9,12.8,13.1,13.6,14.1,12,10.9,11.1,10.9
20201215,11.7,10.9,11.5,11.7,12.1,11.9,11.4,15.1,17.1,17.4,19,17,18.3,19,19.3,19.1,19.8,20.5,22.7,26.5,28.5,,22.9,16.4
20201216,12.6,12.9,12.4,12,12.3,12.1,12.5,13.7,13.6,14.8,14.8,14,13.5,13.9,15.6,18.8,22.2,26.7,32.9,39.4,44.4,44.8,45.5,43.7
20201217,44.4,44.8,45,45.1,43.3,40.7,38.9,37.8,39.3,44.2,42.5,39.8,37.1,36,33.4,33.2,32.8,35.3,39.9,44.9,49.3,48.4,41.7,35
20201218,24,17.8,13.1,10.9,7.9,7.6,7.6,8.1,7.9,9.4,9,7.3,7.8,6.9,6.6,6.4,6.9,7.2,9.8,11.9,12.3,13.8,15.7,15.8
20201219,15.9,17.5,20.4,19.7,20.4,20.4,19,19.4,17.6,17.7,20.6,21.4,,25.4,26.5,28,30.5,33.6,40,47.1,50.6,50.4,48.5,47.6
20201220,44.5,38.8,32.9,29.8,26.6,25.1,24.3,22.5,20.6,21.2,19.6,18.1,17.9,18.7,20.1,19.6,19.9,24.1,33.6,41.8,43.4,44.5,44.4,44
20201221,42.3,38.5,34.5,33,33,30.4,28.6,28.6,29.9,31.4,30.8,28.4,32.6,34.6,38.5,40.4,41.7,46.1,54.1,62.1,69.6,72.6,75.1,74.4
20201222,71.3,68.6,63.5,59.1,52.9,45.2,40.6,40.7,43.1,45.2,47.1,47.8,,51.9,54.2,55.3,55.6,61.6,70.3,79.1,88.8,92.7,92.9,92.5
20201223,90.2,87.8,82.7,79.4,76.9,72.7,59.1,52.3,48.2,41.9,37.1,29.8,25.1,22,22.2,23.1,22.8,25,25.9,26.1,23.3,20.2,19.8,18
20201224,20.3,20.2,18.2,17.5,16.3,14.8,15.6,16,16.5,17.1,18.3,16.9,17.2,18.3,16.4,17.2,17.7,19.8,21.8,26.1,29.8,31.4,32.5,33.1
20201225,32.1,31.8,31.9,34.8,32,31.8,31.5,30.3,30.3,29.7,29.1,30.3,29.8,31.4,28.5,25.8,25.7,29.2,37,42.8,49.2,49.7,48.8,48.5
20201226,46.5,45,44.5,44.6,45.2,42.4,38.6,34.5,34.7,40.6,44.4,44.2,45.4,47,49.8,53.2,55.5,57.3,59.9,65.6,66.9,66.7,67.1,66.9
20201227,68.5,67.2,67.2,66.4,65.6,64.3,64.4,64.4,63.6,64.9,64.7,66.1,64.9,63.2,59.8,58.7,58.8,62.5,67.6,72.8,76.5,79.2,83.3,100
20201228,107.9,103.3,96,86.8,78.5,70.2,65.9,60.9,56.3,54.8,54.1,56.9,56.6,58.7,63.3,66.5,69.3,67.9,66.8,63.4,48.4,18.8,12,11
20201229,9.6,8.8,8.7,7.6,7,7.2,6.6,5.6,,6.9,8.8,,8.7,7.5,8.1,7.9,7,7.3,6.5,6.4,5.5,6.8,6,5.3
20201230,5.1,5.4,5.1,5.8,5.2,4.2,5.2,4.6,5,6.5,5.8,5.5,7.2,6.8,6.4,6,5.5,,6.6,8.7,9.6,9.3,9.6,8.7
20201231,9.1,8.1,7.8,8.3,9.4,9.5,9.6,11.6,13.9,17.7,16.8,16.2,14.8,11.4,,9.8,10.3,11.9,14.9,19.2,23.3,25.5,25.9,24.5
20210101,25.2,26.6,26.6,26.3,25.8,25.4,24.9,26.2,26.4,27.9,24.9,27.5,27.5,28,30.4,32.2,33.1,32.9,37.5,41.7,42.8,45,45.9,45.6
20210102,46.3,49.9,49.5,46.2,46.6,44,47.2,46.2,47.3,49.5,,59.3,61.3,62,61.1,60.5,60,60.4,61.6,61.2,56.4,47.3,31.1,19.1
20210103,15.9,15.4,13.3,12.3,12.4,10.8,10.8,11.3,12.6,12.5,13.9,11.8,11.7,14.2,16.4,19.1,20.7,20.9,23.6,25.9,27.9,28.7,27.5,27.4
20210104,28.3,28.3,30.8,32.8,33.6,33.8,33.4,33.7,29.6,24.5,17.4,12.1,9,8.5,7.7,7.3,7.9,7.7,7.1,6.4,6.1,6.5,6.6,
20210105,,6.2,6.3,5.5,5.8,5.7,5.2,7,8.2,9.8,10.1,9.3,9.1,9.2,10.3,12,,14.6,19.2,21.1,22.4,24.8,25.8,26.4
20210106,26.3,25.6,21.1,16.4,14.8,14.7,10.2,9.9,10.1,9.6,10.2,9.3,11.2,11.1,11.3,12.3,13,12.4,9.9,10,9.6,9.2,8.9,7.6
20210107,7.6,7.8,7.9,7.9,8.3,7.7,14.1,11.5,,12.2,,14,13.2,11.9,11.2,9.7,9.2,8.6,8.5,9.6,8.9,9.5,7.9,8.7
20210108,8.5,8.7,9.9,10.9,11,12.6,13.9,14.5,15.6,15.9,14.4,12.2,9.1,8.8,7.1,7.3,6.6,7.1,9.3,9.4,11.4,,9.9,10.1
20210109,9.8,10.2,9.8,10.4,9.1,10.1,10.9,11.9,12.8,14.5,15.5,16.8,15.6,14.5,11.6,12.6,10.3,10.2,11.1,14.4,15.8,14.3,10.6,7.9
20210110,6.6,6.2,5.7,4.9,4.6,5.1,5.8,4.8,5.5,7.1,6.2,6.5,5,7,7,7.1,8.5,7.9,11.2,14.1,14.9,18,20.4,22.5
20210111,22.8,23.1,22,19.6,17.3,14.5,15.2,16.4,17.7,18.9,20.4,19.7,18.5,20.6,20,19.4,19.7,20.3,21.4,24.8,28,30.3,30.6,31.3
20210112,32.1,35.7,35.7,34.8,35.1,33.4,33.9,33,34.3,31.7,35.3,39.5,39.9,45.8,48,52,55.4,58.7,63.6,67.9,69.8,67.4,66.9,66.1
20210113,63.6,63.9,59.6,57.9,55.6,48.4,41.6,38.6,35.4,34.2,37.1,31.4,30,38.3,57.4,76.2,82.1,83.7,81.9,85.3,85.2,84.8,85.6,81.2
20210114,73.3,66.2,61.4,58,55,51.5,47.4,45.7,43.3,43.6,43.3,42.1,43.6,45.6,51.8,54.2,52.9,54,53.2,55.6,57.3,60.2,62.5,63.3
20210115,63.6,64.6,63.6,62.8,62.1,57.8,59.9,82.8,93.3,88.1,78.3,65.6,51.9,40.4,31.1,22.3,16.9,13.8,12.7,12.3,11.1,9.6,7.7,7
20210116,,8.2,8.7,9.4,9.8,11.1,11.6,11.3,11.6,13.8,,9.3,8.4,8.1,7.8,7.6,9,8.7,9.9,10.9,10.1,9.6,9.9,10.4
20210117,11.3,10.6,10.1,9.9,11.8,11.7,13.2,14.6,16,20.6,25.4,25.9,24.5,20.6,18.6,16.6,16.6,17.2,19,23.9,24,25.2,25.3,23.7
20210118,22.5,20.6,21.5,,21.1,19.9,18.9,18.9,19.9,20.8,23.2,18.9,17.4,19.4,19.1,19.2,19.4,18.8,19.2,23.3,26.2,29.7,26.6,26
20210123,,,,,,,,,,,,,,,,,,,,,,,,89.5
20210124,89.8,90.5,90.4,91.3,91,89.8,87.9,88.3,90.2,94.8,100,105.5,107.3,109.6,113.5,116.8,116.3,114.9,115.3,115.6,118.7,121.8,123.7,127.4
20210125,127.4,126.2,127.7,127.4,127.2,127,125.1,122.3,122.5,125,125.8,128.1,131.4,,136.3,142.8,145.7,145.8,146,146.2,146.2,146.8,144.2,141.8
20210126,139.2,138.6,134.9,131.5,128,120.5,111.3,99.1,89.3,83.2,83.2,75.3,68.7,57.2,49.2,42.7,46.3,53.9,57.9,62.8,65.4,61.6,56.8,51.4
20210127,47.9,45.2,39.3,30.3,22.2,15.2,12.4,12,12.2,13.8,16.2,19.1,24.5,28.6,36.8,46.8,55.1,59.9,58.6,,,8.8,6.9,5.6
20210128,5.9,6.5,5.6,5.5,4.5,4.7,4.7,6.1,5.4,5.6,5.1,5.7,5.8,5.3,5.3,6.1,6,6.9,6.7,7.4,8.6,8.3,10.9,11.8
20210129,12.7,13.7,13.4,13.7,13.3,12.8,13.4,13.8,16.4,17.8,19.4,19.6,19.4,19.2,20,22.6,24.4,25.6,27.6,29.8,31.3,33.1,35,34
20210130,34.2,34.8,34,32.4,32.2,33,32.4,32.6,34.3,36,39.1,40.4,43,46.9,48.1,46.3,46.4,51.8,57.4,64.3,56.9,47.4,41.3,38.2
20210131,37.5,36.9,38.8,43.5,46.6,45.8,46.3,46.6,50,53.6,59.6,63.2,66.8,70.2,73.2,75.9,78,79.9,82.3,84.8,,89.1,89.9,91
20210201,91.8,89.2,76.1,59.9,36,21.9,13,6.6,5.4,6.1,6.6,6.8,7.2,7,6.8,6.8,7,7.1,7.2,7.2,7,6.8,6.3,6.1
20210202,7,7,7.3,7.6,7.7,7.1,7.4,8,9.9,11,11.4,11.5,12.1,13.5,13.8,14.5,15,15.6,17.7,19.7,22.8,25.2,26.2,26.9
20210203,28.2,28.9,27.2,26.9,25,24.6,25.6,25.8,24.8,27.8,28.8,29.8,30.6,24.5,14.7,8.6,5.7,4.9,4.8,4.9,4.9,4.8,5.2,6.1
20210204,7.7,9.2,15.4,20.1,23.7,26.6,28.3,29.4,30.4,31.9,36.7,40.9,44,42.1,38.8,35.6,36.4,38.4,43,46.4,46.2,46.4,49,50
20210205,50.5,50.2,49.7,49.2,48.6,48.2,48,44.8,45.3,47.2,49.3,48.7,48.5,43.9,35.8,30,29.3,29.5,31.8,35.5,40.5,40,40.8,39
20210206,37.3,36.7,36.5,34.7,33,30.6,27.7,26.8,27.6,27.8,29.5,27.4,25,23.3,23.7,25.5,28.2,28.9,29.8,33.8,39.9,38.2,58.6,86.2
20210207,80.9,71.5,68,55.2,48.7,40.2,25.7,22.2,19.7,17.5,15.4,13.4,12.7,11.3,11.3,10.4,9.9,9,9.2,9.9,11.1,10.5,10.1,11
20210208,12,12.6,11.3,11.2,12,14.6,18.5,20.2,22.6,28.2,35.2,38.9,36.8,33.6,33.6,32.9,34.5,38.4,42.8,45.2,49.7,50.4,52.9,54.8
20210209,55.1,54.7,54.6,53,52.4,52.2,51.8,52.4,51.2,54.3,58.5,63.4,65.3,64.4,64.3,63.4,62.7,65.9,68.6,74,80.8,84.3,87.4,89.9
20210210,90.4,88.5,85.3,82.9,81.9,81,77.4,75.9,72.7,73.5,75.8,74.4,68.1,58,52.5,49.8,51.3,58.2,67.8,80.4,90.8,97.5,100.3,102.2
20210211,105.1,108.5,112.4,115.8,121.5,122,127.8,133.2,140.4,143,152.1,162.2,168.3,173.2,174.2,180.8,187.4,189.3,191.6,196.8,200.7,209.1,219.8,228.5
20210212,238.8,253.9,276.7,290.7,303.1,301.2,290.4,277.6,265.8,249.8,231.4,204.5,183.2,157.1,135.5,125.7,124.8,137.8,147.1,152.8,162.8,171.5,177.7,182.4
20210213,186.9,191.1,200.7,204.3,203.4,197.7,195.8,198.2,201.6,203.2,210.2,211.6,216.4,220.1,217,216.7,213.7,209,207,210.8,212.5,212.6,214.3,216.2
20210214,222.9,228.6,237.1,238.1,226.2,191.7,148.2,127.4,111.6,107.2,101.5,92.2,85.1,75.5,65.4,55.9,55.4,54.3,55,53,39.4,18.5,5.9,3.9
20210215,3.5,3.7,3.5,2.8,3.2,2.5,3.1,2.8,3.7,4.4,4.3,4.3,4.8,5.2,6.2,6.9,8.6,11,15.5,22.4,26.6,20.9,16.2,14.4
20210216,14.3,13.2,9.8,6.2,4.1,3.7,3.4,3.6,3.3,4.2,4.7,4.6,4.3,4.9,5,4.6,4.2,4.6,4.8,4.8,5.4,6.3,6.6,6.2
20210217,5.8,5.5,5.8,6.2,6.1,6,6.1,6.3,7.1,7.8,8.4,8.6,8.7,9.4,9.3,8.9,9.2,9.3,10.4,12.2,13.6,15.8,16.2,16.6
20210218,17.5,15.3,13.2,12.2,11,10.5,10.2,10.3,10.7,12,12.6,15.1,,20.1,23.7,27.4,,38.8,44.5,48.6,51.5,54,53.2,51.1
20210219,49.7,48.6,47,46.2,43.9,41.6,40.6,40.6,42.5,44.7,48.5,51.5,53.7,57.5,57.4,51.7,50.1,47.8,46.7,50.2,44,31.2,29.1,28.2
20210220,28.5,30.5,29.8,29.1,29.1,30.5,29.6,28.9,30.4,32.2,39.1,48.6,55.7,54.1,54.4,51.3,50.9,49.9,51.9,57.7,60.1,63.2,64.3,
20210221,64,64.8,64.7,61.5,59.5,58.9,57.9,58.1,59.7,62.4,67.2,67.7,65.8,62.8,59.8,56.4,53.6,51.8,52.8,56.3,49.7,33,22,23.6
20210222,26.5,53.6,76.8,88.5,72.7,51.8,25.5,15.1,13.2,12.3,10,9.2,9,12,11.5,15.6,18.3,23.7,28.8,36.4,38.5,30.8,28,26.2
20210223,23.7,21.3,20.5,22.4,24,26.6,27.4,27.8,26.7,25,25.5,25.1,26.3,28,29,30.5,30.2,32.1,33.6,32.9,32.8,30.4,27.9,26.8
20210224,25.8,27.5,29,30.1,30.3,31.5,32.9,33.6,36.1,39.2,41.5,43.1,46,48.4,51,53.5,51.2,51,49.8,49.8,51.4,54.5,56.4,58.5
20210225,62.2,63.5,63.9,65.5,67.7,69.8,70.1,71.1,71.1,73.1,75.3,76.3,76.3,76.9,74.1,73.4,75.8,78.2,81.3,90.1,100.5,117.3,121.5,116.5
20210226,120,121.6,119.7,119.5,117,118.4,120.7,122.1,124.4,130.3,136.7,142.2,144.3,138.3,129.8,124.5,125.9,125.2,127.2,129.2,136.4,147.9,159.8,163.8
20210227,163.2,166.4,162.8,157.3,151.9,149.1,149.8,149.1,148.3,151.3,146.5,135.1,115.6,99.4,94.9,92,90.3,87.7,86.8,88.2,92.9,98.1,99.9,103
20210228,105.2,107,108.9,114.1,119.5,117,107.1,107.5,116.4,118,114.7,113.5,110.8,107,100.5,95.5,94.9,97.4,99.3,99.8,91.3,68.8,44.5,33.1
20210301,25.2,22.5,21.9,17.9,16.8,15.9,15.7,15.6,16.4,16,14.7,13.2,13.5,14.5,16.4,19.6,23.1,26.2,28.4,31.2,32.5,33.5,34.1,36.3
20210302,38.7,39.3,39.8,40.9,42.7,44.1,47.1,48.5,49.4,49.4,50.8,53.2,57.7,61.7,64,66.6,69,71.8,74.5,78.5,83,88,92.8,95
20210303,95.6,97.3,99.8,100.7,101.5,100.7,101.5,103.6,106.8,110.8,114.2,114.6,109,108.7,112.7,114.2,118.2,120.8,125.1,129.2,133.2,136.6,140.1,141.1
20210304,141.2,140.3,140.5,140.7,139.8,141,141.8,143.9,145.8,145.8,148.5,149.8,150.3,151.3,152.2,157.6,156,161.8,163.7,166.7,168.9,169.6,168.7,166.6
20210305,164.8,162.8,161.5,159.7,158.4,158.8,161.8,168.3,175.5,182.8,184.5,175,165.1,140.9,108.8,84.8,62.1,48.9,39.7,33.9,28.5,24.7,22.5,20.8
20210306,19.4,17.5,15.8,14.8,14.1,13,12,11.5,12.1,12.5,13.2,15,16.4,17.9,20,21.7,24.8,27,29.2,31.9,33.2,34.4,34.3,35
20210307,35.3,35.2,36.2,36.6,37.7,38.2,39.8,40.1,41.7,44.3,47.6,53.2,60.3,65.3,66.3,67.8,69.8,72.5,74.6,76.3,78.7,77,74.3,73.1
20210308,72.5,73.3,75.8,77.9,80.4,83.1,85.4,86.3,90.4,94.9,96,91.8,83.8,77.7,77.7,83.6,85.3,90.3,92.9,94.5,99.3,101.9,105.6,108.5
20210309,111.4,112.9,115.4,116,115.6,117,116.9,118,121.6,126.2,131.5,138.3,144.4,147,150,153.9,157.1,161,165.4,171.9,177.4,182.2,185.8,187
20210310,187.6,188.6,190.6,191.1,191.3,191.4,194.8,197.3,202.1,212,227.2,240.8,240.2,232.1,207.8,187.4,170.9,164.7,163,164.8,174.1,177,176.4,162.7
20210311,146.5,138.2,135.6,136.7,140.6,146.1,154.1,153.7,155.9,156.4,148.8,138,122.1,102.9,91.1,89.3,90.6,93.5,92,91.3,95.5,96,96.7,102.5
20210312,103.5,101.5,98.5,95.5,91.6,89.3,89.8,89.3,90.5,93.3,96.4,98.8,103.4,107.7,103,101.8,102.2,104,115.4,125.2,128.1,132,130.5,126.3
20210313,123.3,119.8,120.1,121.4,122.1,123.5,124,125,124.5,122.1,114.5,96.6,83.9,79,70.2,66.7,67.3,74.6,84.1,95,107.1,113.4,116.8,118.4
20210314,121.7,123.5,124.7,123.5,122.5,123.5,125.5,133,140,146.4,151.3,152.8,149.4,144.8,138.3,131.3,129.6,134.2,135.2,131.6,119,110.4,108.1,112.6
20210315,112.5,106.9,106.7,105.5,108.3,110.8,116.5,130.6,231.9,417.7,380.3,366.5,344.1,309.9,282.5,268.9,273.9,324.5,316.3,215.7,133.7,87.2,72.5,70.1
20210316,61.6,52.1,42.6,39.1,34.2,30.2,25.5,27.3,26.7,22.8,19.9,18.7,19.1,18.6,19.1,26,33.1,42.1,49.6,58.8,61.6,64.7,67.4,65.7
20210317,61.2,60.3,58.6,59.5,57.4,56.2,55.1,53.6,54,55.2,56.8,58.4,63.7,72.1,77.3,78.6,80,77.8,74.9,72.6,70.5,69.2,69,67.7
20210318,67.1,67.5,68.8,66.7,58.1,48.5,43.4,41.1,38.6,38,39.5,44.6,49,54.9,57.5,63.4,64.6,66,68.3,70.2,69.3,70.9,70.1,72.7
20210319,76,77.7,76.4,75.1,73.8,73.2,72.7,74.2,76.6,80.5,83.6,80,75.9,74.7,74,75.5,76.6,76.7,77.9,76.6,67.9,57.1,55.6,54
20210320,53.2,53.5,54.6,54.7,57.7,57.9,57,55.7,57.8,58.8,49.4,29.7,17.4,11.2,9.6,8,7.8,7.8,7.3,5.9,4.7,4.3,4,4
20210321,4,4.5,5,4.6,4.7,5.2,5.1,4.8,5,5.1,5.1,5.3,5.8,5.1,5.2,4.3,4.6,4.4,5,6.5,8.9,10.9,12.5,12.7
20210322,14.5,14.8,15.1,17.5,20,22.8,24.2,24.7,27.7,30,30.9,30.7,32.8,32.4,31.4,31.3,31.5,29,27,28.5,31.9,34.8,37.1,36.8
20210323,35.3,34.5,33.2,33.6,33.7,33.6,33.2,35.3,38.6,41.5,43.1,42.8,39.3,36,35.1,33.6,34,36.3,37.2,41.7,45.5,46.9,47.6,50.5
20210324,52.3,53.2,52.2,52.6,51.2,52.1,49.4,48.8,50.6,47.5,40.4,34.4,34.1,34.3,34,39.5,34,35.7,41,41.5,38.5,31.6,26.4,24.9
20210325,24.9,28,29.9,30.6,31.4,32.1,32.9,33.8,37.9,39.8,41.6,50.9,66.4,73.8,72,72.9,71.7,75.2,77.4,80,82.9,90.3,95.1,96.7
20210326,98.8,101.7,107.2,112.9,119.3,124,131.8,137.6,142.3,149.7,155.3,154.5,150.2,151.3,153.2,151.1,145.4,142.3,138.6,131.7,126.3,124,124,124.4
20210327,128.3,130.4,132.1,133.6,134.8,133.8,133.3,136.7,141.9,149.1,152.8,143.9,139.2,137,135.6,136.2,133.9,132.4,125.5,120.2,119.9,121.9,124.2,126.4
20210328,126,125,125.4,124.3,123.2,133.3,181.8,234.4,265.7,303.3,330.8,303.4,261.4,187.1,88.3,37.7,23.6,23.7,20.8,20.8,21.1,22,18.8,19.2
20210329,16.6,16.4,14.2,13.2,14.4,12.6,12.2,12.9,13.8,12.4,9.9,10,8.9,10.6,14.7,19.6,24.7,30.1,31.3,34.7,38.8,41.1,44.4,47.6
20210330,44.9,46.3,42.3,40,35.5,32.7,30.3,29.8,30.1,26.4,29.8,38.2,49.2,57.8,63.6,71.3,74.7,78,78.9,79.9,80.5,78.9,79,79.6
20210331,79.1,81.4,80.3,79.5,77.7,76,75.3,76.7,81.4,85.7,84.8,70.1,46.2,35.2,27.4,23,18.7,15.5,15.7,16.7,22,29.9,37.2,54.5
20210401,68.7,82.7,87.8,92.1,94,92,91.1,90.5,92.9,89.7,83.9,77.1,71.2,67.6,63.4,61.4,63.5,63.5,62.2,63.8,64.6,62.8,56.8,49.8
20210402,43.7,38.8,38.5,38.9,39.8,40.9,41.6,43.3,43.6,42.7,40.5,34.6,30.8,28.8,29.5,29.5,29.9,30.4,30.6,32.4,34.9,38.6,42.2,45.6
20210403,48.2,52.1,55.2,49.6,44.6,25.6,5,3.2,2.9,2.6,2.4,2.7,2.2,2,2,2,2,2,2.2,2.8,4.5,6.3,7.4,7.8
20210404,7.2,6.9,5.8,5,4.3,3.9,4.2,4.8,5.5,5.4,4.5,3.8,3.8,3.4,3.7,4,4.5,4.9,5.8,7,9.2,11.6,15.5,17.7
20210405,20.2,21.2,21.6,22.3,22.8,23.1,23.7,24.9,27.8,32.3,40.9,47.4,53.1,51.3,47.1,42.8,38.2,38.3,33.8,27.2,21.3,17,16.6,17.5
20210406,18.8,21,21.4,22.2,23.3,24.3,24.9,27.1,30.1,30.7,31.4,31.9,32.3,33.7,33.2,33.1,32.6,31.8,32.5,35.5,37.8,39.7,42.7,44.6
20210407,46.2,47.7,48.2,49,49.5,49.5,51.1,54.8,61.2,50.8,40,38.5,41,45.6,46.9,44,40.5,37.6,32.1,28.2,22.5,17.5,14.5,11.8
20210408,11.1,12.6,11.7,12,12.8,14.1,15.4,17.5,19.4,19.2,19.5,19.2,24.2,31.1,38.3,43.4,47.4,51.4,54.7,58.5,62.8,65.7,68.5,67.6
20210409,60.8,50.1,42.8,37.7,30.3,25.8,24.2,24.6,26.9,30.4,33.2,34.6,36.6,39.9,42.1,44.6,47.8,50.3,50.4,50.7,50,48.9,46.1,45.7
20210410,45.7,47.7,47.6,49.1,49.6,51,51.1,51.9,53.9,55.6,55,56.2,60.7,67.9,118.5,81.5,86.2,84.6,82,84.6,87.4,90.8,90.2,81.7
20210411,73.1,69.1,67.1,66.4,68.1,70.5,71.6,73.5,75.2,75.4,72.3,66.1,61.8,55.1,51.8,45.1,42.5,44.9,44.8,43.8,43.3,43.7,44.2,44.3
20210412,45.2,47.9,54.3,60.8,67.7,70.2,72.7,77.2,80.3,82.8,84.3,87.2,90.7,82.2,47.2,26.4,16.4,14.5,8.8,5.8,4.7,4.4,3.6,3.2
20210413,3.1,4.5,3.4,3.1,2.9,3,3.1,3.8,4.4,4.1,4,4.2,4.3,4.9,4.9,6.6,6.3,5.6,5.5,8.1,9.9,11.5,13,15.6
20210414,17.4,21,20.6,21.2,21.8,23.3,22.6,24.5,28.8,29.2,26.9,20.5,19.1,18.3,20.1,20.3,20.7,21.6,24.5,26.9,27.6,28.3,30.6,31.5
20210415,31.5,35.6,34.2,34.5,35.9,38.5,43.8,50.2,61.8,71.1,78.6,84.1,86.8,84.8,81.3,74.9,104.2,160.8,158.3,145.2,80.6,41.2,32.4,39.5
20210416,52.5,67.3,59.7,57.2,55.7,56.6,59.7,60.5,60.6,61.2,57.2,54.8,45.4,36.6,25.4,16.3,10.4,13.9,11.3,9.1,9.8,10.7,16.6,14.7
20210417,12.6,22.6,13.3,10.3,8.5,7.9,7.4,7.5,7.4,7.8,6.9,7.7,9.2,7.8,7.4,8.8,7.5,7.8,8.1,10.5,14.1,18.4,20.1,19.1
20210418,20.3,24,21.3,22.5,21.9,23.3,21.8,19.9,20.6,21.1,20.7,23.5,25.2,28.8,30,32,28.7,28,29.2,30.7,35.4,37.9,39.8,40.5
20210419,40.7,47.4,41.8,44.3,43.9,44.1,44.2,46.2,51.7,55.5,59.3,61.9,62.7,62.3,61.4,57.7,54.6,54.4,58.8,59.7,64.8,71.3,74.7,73.6
20210420,72.2,70.2,65.7,62.8,61.4,61.1,62.1,65.7,70.4,70.7,67.4,61.1,47.4,37.1,30.5,28.5,28.5,29,33.7,36.9,41.8,48.1,49.5,45.4
20210421,40.9,39.1,40,40.8,41.6,42.4,45.6,51.9,64.3,66.8,61.3,47.6,35.7,32.1,30.8,30.7,29.9,30.3,29.3,28.4,26.5,24.7,25.2,26.5
20210422,30.1,34.6,39.9,39.9,37.9,35.9,31.5,26.8,24.7,25.4,26.5,28,29.8,33.1,33.4,33.9,35.1,32.7,30.8,29.2,28.3,28.9,30.3,31.7
20210423,34.5,38.5,42.1,46.4,49.4,51.1,51.3,51.1,43.9,30.9,19,12.4,8.7,6.9,6.6,5.4,5.2,5.6,5.9,6.1,7.8,9.8,11.6,13.7
20210424,16,16.8,18.3,20.4,22.3,24.4,25.8,26.8,29,27.5,20.9,17.8,17.1,16.2,16.5,16.9,17.1,16.7,16.8,17.3,18.7,20.3,21.7,24.1
20210425,27.3,31.2,38.3,44.3,47,46,44.1,43.4,43.4,40.5,36.8,34,35,36.8,37.7,38.6,38.1,38.2,38.3,38.9,40.1,41.2,42.9,40.7
20210426,36.5,33.7,32.5,30.5,28.5,28.2,28.5,28.6,29.6,31.1,35.4,46.2,58,63.2,60.8,58.4,53.4,48.8,46.4,44.8,44.8,44.2,41.7,40
20210427,39.9,40.1,42.7,47,51.2,54,55.6,55.8,54.4,43.9,31.6,26.8,24.7,23,20.3,16.2,14.2,9.7,9.3,7.3,7.7,7.5,7.2,6.8
20210428,6.1,12.5,9.2,8.7,9.5,9.6,9.9,11.8,13.3,12.6,13.5,14.7,15,15.7,16.2,15.5,14.8,14.7,14.7,16,16.7,16.2,17.5,17.6
20210429,17,19.2,17.5,17.5,18.7,19.7,18.9,20.8,24.4,27.9,27,23.8,21.3,16.9,13.9,11,9.2,10.2,8.2,8.1,7.9,8.3,9.5,11.1
20210430,12.7,14.7,13.5,13,13.2,11.9,10.6,9.4,8.7,9.4,10.1,10.7,11.8,12.7,13.4,13.6,14,12.3,10.6,10.6,12.5,15.9,17.8,19.6
20210501,21.2,21.3,20.3,19.2,17.6,16.1,15.4,16.1,13.8,8.6,6.8,6.1,5.6,4.8,4.3,4,3.8,4,3.7,5.1,5.5,5.6,5.9,6.3
20210502,7.1,10,7.3,7.2,6.4,7.5,8.2,9.3,11.2,8.4,7.4,6.7,8.7,11.5,19.2,21.1,21.2,24.8,19.7,17.8,18.4,19.3,22.8,23.5
20210503,24.2,27.1,26.8,26.7,27.2,28.4,29.6,31.3,37.3,41.5,44.5,48.1,51,53.7,53.8,50.7,43.9,38.2,32.7,29.1,27.8,27.2,25.3,26.9
20210504,27.2,29,23.7,19.7,15.1,12.8,10.2,9.5,8.3,7,6.6,7,7.5,8.5,8.8,12.2,15.5,11.2,7.4,7.3,9.8,13.5,17.3,20.6
20210505,21.4,27.3,22.6,22.2,21.1,19.4,18.8,20.3,23.4,25.9,26.1,27.6,29.7,27.8,27.3,27.7,27,28.5,27.6,32.2,31.9,32.1,30.9,31.4
20210506,32.7,48.2,37.2,37.4,40.1,38.1,37.8,39.7,46.6,52,55.6,58.7,64.5,79.7,123.1,113.8,89,58.5,43.4,55.8,166.9,225.6,210.6,243.7
20210507,201.2,174.9,128.2,113.2,98.4,71.5,48.9,55.9,50.6,30.8,20.2,21.9,28.6,32.8,36.4,37.4,35.8,44.8,57.4,78.7,95.6,116.1,118.1,131
20210508,141.3,160.7,140.6,133.6,120.9,95.4,60.6,27.2,23,17.4,15.5,15.8,12.5,11.4,9.1,10.3,7.6,6.8,6.7,7.1,9.9,14.5,15.3,17.8
20210509,23.2,24.8,20,18.9,19.1,20.5,19.2,17.5,18.4,21.5,25.9,25.4,20.9,21,22.7,23.2,24.5,24.6,21,15.8,13.3,15.4,15.8,17.9
20210510,18.7,28.3,24.3,25,25.9,26.2,26.6,27.6,31,29.3,25,22.9,21,19.2,21.5,20.6,19.4,17.3,14.4,12.7,12.5,12.5,13.5,14.5
20210511,15.4,17.1,19.2,23.9,27.8,31.3,35.1,39.9,47,44.2,37.5,30.3,26.3,22.3,19.7,18.1,17.9,19.3,18.8,14.6,11.4,9.8,7.9,7.5
20210512,7.6,8,9.1,10.8,12.4,13.7,14.8,16.6,18.5,18.6,19.6,17.9,13.3,11.3,9.5,10.4,11.2,11.9,12.2,13.6,15.3,16.1,18,27.2
20210513,32,33.7,36.6,40.4,43.8,50.5,49.4,47.3,45.8,41.9,39.8,39.2,41.3,41.5,41.6,42.7,44.2,46.4,48,46.7,44.8,44.5,43.8,43.6
20210514,41,42.6,43.6,44.2,45.4,43.3,42.3,41.8,42.3,43.3,45.3,46.7,49.2,51.1,49.5,45.6,41,38.8,35.2,30.5,25.9,24,25.1,26.7
20210515,27.3,26.8,27.4,29.1,31,31.9,31.3,29.9,22.2,11.6,3.9,2.2,1.9,1.9,1.2,1.3,1.4,1.7,2,2.3,2.8,3,2.8,2.7
20210516,2.5,2.2,2.1,1.7,1.8,1.5,1.5,1.8,2.4,3,3.8,4.5,4.1,2.7,2.2,2.2,2.2,2.6,3.3,4.3,5,6.3,7.4,9.1
20210517,10.6,10.7,11.8,13,12.5,12.4,13.1,14.4,15.8,14.5,12.8,11.5,8.2,7.4,7.2,7.5,8,8.2,9.6,9.9,11.9,13.9,16.5,17.8
20210518,19.4,20,20.3,20.9,21.6,21.6,22.1,24.7,28.9,33.6,38.5,36.8,32,28.1,19,11.6,12.2,11.7,10.5,11.5,13.2,13.8,11.5,11.3
20210519,13.2,17.1,21.4,25.1,27.6,29.3,28.2,29.1,34.2,41.1,47.9,51.3,50.1,48.2,44.2,41.4,35.3,29.3,22.2,18.5,16.6,15.8,17,19.1
20210520,21.3,24.4,27.4,30.4,32.6,33,33.3,34,39,43,44.1,42.3,40.4,39.5,37,36.3,35.3,34.2,34.1,35.3,39.8,43.2,47.2,50.8
20210521,50.8,49.2,48.5,48.2,47.2,44.5,41.3,36.1,39.5,45.2,48.2,49,43.1,37.2,33.8,33.3,32.2,34,34.9,37.8,37.3,23.1,17.5,15.1
20210522,13.4,14.2,15.6,16.5,19,20.3,21.3,23.7,28.8,35.4,40.4,42.4,39.7,38.3,37.3,37.2,38.7,41.5,42.1,41.2,43.2,46.4,42.8,38.6
20210523,27.5,20,16.8,17.3,17.7,18.8,20.7,27.5,44.6,82.9,116.1,121.2,109.5,104.3,91.2,65.6,54.4,53,54.5,54.4,47.2,38.7,29.4,25.7
20210524,20,18.2,14.2,14.4,14.9,14.3,15.5,17.7,19.6,18.9,19.4,20.8,18.8,13.9,13.5,14.7,13.9,11.5,10.2,9.7,10.4,11.3,11.2,9.5
20210525,7.5,7.9,8.3,8.6,9,9.9,11.2,12.4,12.7,12.9,14.8,16.3,18.8,21.4,24.9,26.9,28.1,30.3,31.6,30.8,26.7,22.8,21.4,22.2
20210526,22.3,23,22.6,23.4,23.6,23.3,24.4,26.2,28.2,27.1,24.2,19.1,17.5,13,14,6.6,5.5,5.3,6,5.8,5.5,7,8.3,7.5
20210527,8.5,9.8,10.3,10.7,10.4,10.7,12.2,15.8,18.2,22,23.6,24.4,,22.6,13.8,8.6,5.8,5.4,4.7,5.3,6.3,5.4,4,2.6
20210528,2.2,2.3,1.7,1.7,1.5,1.5,1.7,2,2.1,2.4,2.2,2.5,2.5,2.3,2.5,2.6,2.5,3,3.6,5.1,6.5,7.8,9.2,10.4
20210529,11.6,11.2,9.6,9.3,7.7,6.9,5.9,5.5,6.2,6,5.8,5.8,6.1,6.5,6.7,6.4,6.5,7.4,8.6,10,12,14.4,16,13
20210530,12.5,14.6,13.5,13.7,14.3,14.6,15.5,15.9,18.4,20.5,21.3,20.5,18.4,17.3,16.2,14.5,12.9,12.2,12.6,15.6,18.4,18.1,19.4,20.3
20210531,19.6,22.8,26.7,31.9,36.3,38.3,35.3,34.9,34.9,33.1,29.6,26.4,25.2,24.2,23.5,24.7,23.5,20,17.2,14.6,13.2,13.4,14,14.9
20210601,15.1,16.8,17.7,17.2,15.8,15.1,16.6,20.8,22.2,22.3,21.2,18.4,13.2,8.2,5.8,5.8,6.7,8.1,9.4,11.4,15.5,17.7,17.9,18.6
20210602,18.9,20.6,22.7,27.5,31.1,32.8,33.3,34.7,36.5,,,,,,,21.1,10.9,4.5,3.2,2.6,2.1,2.7,2.9,3.7
20210603,3.6,4.1,4.2,4,2.7,2.2,2.2,2.2,2.2,2,2.1,2.2,2.3,2.1,2.3,2.2,2.2,2.2,2.2,2.4,2.9,4.2,5.4,6.1
20210604,6.2,6.5,7.2,7.3,7.4,7.6,8.5,9.4,9.7,7.9,6.1,4.1,3.4,2.9,2.6,2.8,3.1,2.8,3,3.7,5.3,8,10,12.2
20210605,11.9,11.5,11.4,10.3,9.9,10.2,9.5,9.8,8.6,7,5.1,3.8,3.9,4.2,4.4,4.4,4.3,4.7,7.5,6.5,6.9,6.7,7.5,9
20210606,9,16.6,10.5,11.4,11.1,9.8,10.1,,10,9.6,9,9,9.1,9.5,10.4,11.7,13.2,16.6,17.6,16.2,17.2,16.8,17.2,18.1
20210607,19.8,21.9,23.8,26,27.6,27.8,24,20.5,19.9,18,15.9,13.9,13.4,12.2,11.6,13.3,18.4,25.1,26.2,25,24,24.8,25.5,25.9
20210608,26,26.7,26.6,27.3,27.1,26.2,25.5,25.7,26.6,26.4,27,29.2,29.5,29,27.5,25.6,24.7,24.4,25.5,27.3,29.4,31.9,33.6,35.9
20210609,37.4,39.8,41,39.8,39.1,36.6,33.7,35.3,36.1,37.2,37.1,38.6,37.1,35.6,30.5,26.1,22.8,17.9,14.5,10.5,8.7,7.4,6.7,5.9
20210610,5.5,5.8,,6,6.2,6.7,6.8,8.6,10.9,11.1,10.1,10,10.2,10,9.6,9.7,8.2,7.8,8.7,9.8,11.3,12.5,13.1,13.8
20210611,14.5,15.2,15.8,16.3,16.8,17,18.1,20.3,22.2,21.9,19.2,17.5,17.1,15.2,12.1,9.3,8.2,8.9,9.1,10.1,11.8,13.5,17.1,17.6
20210612,17.7,17.4,17.8,19.2,20.8,22.1,22.4,22.5,26,32.9,40.2,40.9,35.1,31.1,28.1,28.1,28.3,30.5,32.7,36.8,45.1,47.7,47.8,52.7
20210613,53.5,53.6,58,66.3,67.9,66.6,62.3,58.1,55.7,53.3,51.4,49.5,47.3,44.6,41.7,39.2,38.4,38.8,32,23.2,20.3,20,19.5,16
20210614,14.3,15.4,15.2,18.2,19.7,21,19.8,18.4,19.4,19.6,21.1,21,19.2,19.7,21.4,23.4,24.8,25.8,24.9,23.4,23.2,24.7,28.7,32.2
20210615,32.4,32,31.1,30.2,29.6,30.7,31.5,31.1,29.9,29.6,26.5,25.3,23.7,23,20.2,17.2,15.6,14.3,13.5,13.8,14.1,12.6,12.4,14.1
20210616,14.8,14.4,13.8,15.1,17.7,19.8,20.1,18.8,18.1,17.9,17.8,18.7,20.8,22.5,24,23.5,22.4,21.3,21.9,21.6,20.3,19.2,17.4,16.6
20210617,16.6,17.9,17.4,16.9,16,14.8,13,10.9,6.7,3.1,1.8,1.6,1.7,1.7,1.7,1.8,1.9,2,2.4,2.9,3.8,5.3,6.9,6.2
20210618,5.8,5.5,5.1,4.7,4.9,4.7,4.8,5.5,6.1,5,4.8,4.3,4.4,4.3,4.2,4,4.2,4.4,4.5,4.8,5.6,6.5,7.2,9.2
20210619,10.2,10.9,11.8,10.9,11.1,11.7,11.8,12.6,11.9,9.9,7.5,5.8,6,6.4,5.5,4.8,4.5,4.7,5.2,5.3,5.7,6.8,8.7,9.8
20210620,10.7,11.2,10.5,10.7,11,10.9,11.5,12.2,11.4,10.2,9.3,8.2,7.5,7.3,7,7,7.2,6.8,7.4,9.2,11.4,14.1,15.6,16.6
20210621,17.6,18.6,18.3,17.7,18.4,18.9,20.3,23.7,25.9,23.5,21.6,18.8,15,11.8,10.5,10.8,11.6,14.3,17.6,20.6,21.4,21.4,20.2,17.2
20210622,14.5,13.1,13.1,14.2,13.5,13.5,13.5,14.3,14.4,13.8,12.7,12.7,13,13.3,14.3,14.6,15.3,16.4,17.9,20.5,21.3,19.3,17,14.9
20210623,15.3,16.3,16.2,18.3,20.6,23.3,24.6,24.5,23.9,22.5,19.8,18.2,17.7,16.6,16.1,15.9,15.5,15.3,15.8,15.9,15.9,15.6,15.9,15.2
20210624,14.5,14.1,14.6,15.3,16.5,18.6,19.4,21.3,24,27.6,29,30.1,29.3,26.7,27,26.9,25.5,24.4,24.7,24.6,24.4,25.2,26.3,28.1
20210625,30.2,32,33.9,35.8,34.4,31.1,27.2,25.9,25.5,25.5,27.1,29,31.7,34.5,36,38.4,39.9,42.2,42.5,42.5,42.5,33.8,13,7.5
20210626,9.8,9.7,10.2,10.2,11.1,11,11.2,10.5,11.1,12,13.7,17.4,21.2,26.3,30.7,32.6,32.8,33.6,32.8,30,27.2,26.7,26.2,26.3
20210627,26.2,26.8,27.7,28.5,29.5,29.3,29.3,30,31.2,30.5,30,28.5,26,23.2,19.3,16.4,15.6,17,19.7,22.2,23.3,27.4,32.9,35.2
20210628,36.1,34.8,33.5,33.5,33,33.4,33.9,33.2,33.1,32.1,34.3,34.4,33.2,31.5,31.5,31.5,31.2,30.8,30.3,30,30.9,33,34.2,32.8
20210629,31.2,31,30.8,31.8,32,31,30.4,29.9,28.3,28.6,29,27.8,28.1,27.9,27.5,28.4,29.1,28.8,26.9,21.8,18.1,15,13.5,11.6
20210630,9.4,8,7.9,8.5,9,9.1,9.4,9.7,10.1,11.9,14.7,17.6,20.1,21.6,22.5,23.3,23.9,21.6,19.6,19.8,18.6,11.3,10.4,9.3
20210701,7.4,7,7.7,8.2,9.1,10.1,10.5,11.9,13.7,15.5,17.8,19.1,20.7,22.6,24.8,23.7,20.6,14.1,5.8,5.1,4.8,5.3,5.1,5.1
20210702,5.5,6.2,6.7,7.2,7.2,7.1,7.1,6.9,6.6,7,7.2,8.1,9.3,10.8,11.3,12,12.7,13,13.7,14.5,15.4,16.5,18.1,19.5
20210703,22,24.8,24.4,15.9,7.7,4.9,4.2,3.6,3,2.9,2.7,2.8,3.1,3.2,3.3,3.8,4,4.4,5.3,6.7,8.3,10.3,11.6,11.7
20210704,10.3,10.9,12.1,13.7,14.7,14.5,14.3,15.2,15.8,16.1,15.4,12.3,7.3,5.6,4.5,3.6,3.3,3.5,3.8,4.7,6.7,8.3,9.1,9.7
20210705,9.9,9.9,9.4,8.7,8.1,7.8,7.8,7.3,8,9.7,12,14.6,14.7,17,18.8,17.5,14,9.3,10.1,10.6,9.6,9.2,9.5,9.8
20210706,9.8,8.8,7.7,7.9,8.3,8.7,8.6,7.4,7,6.9,6.8,7.5,8.5,9.2,10.2,11.2,12.8,14.6,16,17.7,20.1,21.9,22.7,22.8
20210707,22.5,23.5,23.4,23.9,24.2,23.8,22.8,22.5,24.5,26.2,25.1,25.1,25.2,24.9,23.1,21.8,22.1,21.4,20,17.6,17.7,16.7,13.5,13.4
20210708,13.6,14.1,14.7,15.2,15.9,16.6,15.9,15.8,14.8,14.4,14,12.8,11.4,9.2,7.3,9.4,13.3,13.7,13.6,11,8.8,8.8,8.9,8.3
20210709,8,8,7.9,8.1,8.9,8.8,8.5,8.2,8.4,9.2,10.9,12.8,14.7,15.1,14.9,15.2,16.1,17.5,21,25.3,30.8,36,38.7,36.2
20210710,34.4,34.8,32.5,31.6,30.3,28.7,27.3,26.2,26.5,25.5,24.8,25.8,27.4,28.7,29.7,30.6,31.2,32.3,32.8,33.3,34.2,36,36.9,37.5
20210711,38.6,40.4,38.4,37.3,37.5,35.2,32.7,29.4,27.5,27,26.8,26.6,27.1,22.9,20.9,20.7,22.1,24.1,24.2,23.3,18.2,11.3,7.6,7.6
20210712,8.2,5.9,4.6,3.2,2.8,2.9,2.8,3.4,5.7,9,11.5,7.6,5.2,4.5,4.8,4.4,3.8,4,3.9,3.4,3,4,3.2,2.4
20210713,3,3.5,3.5,4.3,5,5.8,5.8,6.3,6.8,7.9,8.2,8.7,9.6,10.9,12.8,13.1,12.3,11.2,11.1,11.6,12.5,12.1,11.7,12.2
20210714,14.4,16.2,17,18.7,19.6,20.7,20.5,20.1,20,20.8,22.3,22.3,22.2,21.8,21.5,20.5,19.4,18.7,19,20.2,21.1,21.2,21.1,20.8
20210715,21.8,24.5,25.6,26,27.1,27.5,27.2,27,26.6,26.9,27.9,28.2,29.8,30.4,27.7,25.6,24.3,23.2,22.8,24.9,27.8,28.5,26.9,26.2
20210716,23.5,23.4,23.5,22.6,19.3,17.8,17.8,18.1,18,18.2,17.9,18.6,20.3,20.1,20.3,19,17,15.5,14.9,14.3,12.8,12,12.9,14.7
20210717,17.7,16.7,15.1,15.9,17.3,18.8,19.3,19.3,19.1,17.5,14.8,13.3,12.6,12.4,10.8,8.7,7.7,6.8,6.4,6.9,7.3,7.1,6.9,7.6
20210718,9.4,11.6,13.1,18,22.5,22.7,21.1,17.6,12.4,11.2,11.9,15.5,17,18.5,22.3,22.2,20.3,18,14.3,12.1,10.6,10.8,11.8,13.3
20210719,14.7,15.6,14.7,13.1,11.5,11.9,13,12.1,13.1,13.8,15.8,17.6,18.9,21.5,22.3,22.2,22.9,20.5,18.3,18.5,17.8,19,19.7,19.4
20210720,19.2,20,19.7,20.1,20.8,20.5,20.6,20.8,21.9,22.5,21.2,20.2,19.5,17.8,17.6,15.8,15.1,14.6,14.6,14.8,16.2,17.5,18.7,19
20210721,19.8,20.1,18.1,17.6,17.4,17.3,17,18.3,19.5,19.6,17.8,17.9,18.8,20.4,20.1,18.9,17.5,16.9,14.6,12.2,10.2,9.8,9.6,10.2
20210722,11.2,12.2,11.5,10.3,9.8,9.6,10.1,10.7,12.1,13.1,13.8,16.4,19.4,22,23,21.8,17.7,12.2,10.4,11.2,11.7,12.8,13.3,13.4
20210723,12.8,13,12.2,12.2,11.7,11.8,11.7,12.7,15.8,18.3,16.9,14.3,12.7,12.9,12.8,12.5,12.7,13.6,14.9,16.3,18,20.4,21.4,21.8
20210724,21.8,22.9,22.9,24.1,24.6,25.5,25.3,26.4,28.9,31.5,32.2,31.5,30.5,28.1,25.6,25.2,25.1,25.8,25.8,25.6,25.5,26.4,26.8,28.7
20210725,30.8,32.8,33,33.7,35.2,37.2,37.9,39.2,42.7,42.8,40,35.2,32.4,27.7,25.7,25.7,23.9,23.5,23.5,23,23.5,25.6,25.9,25.1
20210726,23.2,23.2,23.7,25.9,28.3,30.6,31.8,32.8,34.3,35.2,34.6,33.3,30.6,33,32.4,31.8,31.7,31.3,31.2,30.9,31.3,31.8,29.7,26.6
20210727,23.3,22.8,17.4,13.7,11.5,10.9,9.7,8.9,8.6,8.6,8.8,9.3,11.5,11.4,11.4,12.4,11.7,11.8,8.8,6.7,6.3,6.2,5.7,6
20210728,6.1,6.9,7,7.7,8.2,8.5,8.7,9.2,11,12.4,13.6,14.2,13.9,14.2,14.7,14.4,13.8,12.9,11.9,12.2,12.7,13.6,13.4,12.8
20210729,12.2,11.8,11,10.7,10.4,10.4,10.4,11.1,12,13.5,14.3,14.6,11.8,9.7,8.5,7.2,6.2,6.3,6.5,6.9,7.1,6.9,6.7,6.8
20210730,7,7.2,6.9,7,7,7.6,7.4,7.6,7.8,7.9,8.4,8.7,8.3,7.7,6.7,5.1,4.3,3.7,3.4,3.6,4.4,6.3,6.7,7.4
20210731,6.8,7.4,6.9,6.8,7.2,7.7,7.1,7.6,7.6,7.8,8.8,9.8,11,12.8,13.7,15.5,18.6,22.5,27.1,30.8,33.1,33,30.2,25
20210801,18.9,11.2,7.7,7.7,8.5,11.1,11.4,10.2,7.4,5.2,3.7,3,2.8,3.3,4.1,4.3,3.4,2.9,2.8,3.1,3.3,3.6,3.7,3.8
20210802,3.6,3.3,3.4,3.3,3.4,3.3,3.8,4.5,4.6,4.2,4,4,3.8,3.7,3.5,3.5,3.8,4,4.4,5.2,6.6,7.5,8,8.6
20210803,9.4,9.7,9.2,8.7,8.8,9.3,9.8,11,13.3,17.7,22.4,25.2,25.6,22.7,18.4,16.5,16.4,16.9,17.3,17.6,18.2,19.2,19.8,20.9
20210804,22.2,23.8,24.1,24.6,25.8,26.6,25.6,22.8,22.2,22,22.5,23.7,23.7,23,22.4,23.5,25.3,30.2,36.8,42.5,46.5,48,48.2,45.7
20210805,43.6,42.6,38.8,35.5,28.4,21.8,17.7,15.8,15.5,17,20,24.6,28.9,28.9,28,27.3,27.7,26.5,23.2,19.8,15.1,13.3,13.3,12.1
20210806,12.2,12.6,13,12.9,12.6,12.2,11.8,11.8,12.9,13.5,15.6,19.8,24.8,29.3,35,38.6,40.3,38.5,35.2,31.9,30.8,31,32,33
20210807,34.2,35.2,35.7,36.8,37.1,37.9,38.1,39.5,41.8,42.8,44.6,46,45.6,44.7,44.6,44.3,44.2,43.5,43.2,41.5,40.3,40.4,40.5,40.8
20210808,41,41.8,42.7,44.2,46,47,47.2,47,47.3,47.7,48.6,48.9,47.5,43.6,40,37.7,36,34,32,30.2,30.2,29,29.3,29.2
20210809,29.7,26.5,16.5,14.4,14.3,14.7,13.9,11.2,12,13.8,15.5,16.6,17.7,18,17.5,17.2,16.9,16.5,16.2,13,7.6,6.6,6.7,6.9
20210810,7.2,7.7,8.4,9.3,9.9,9.5,9.4,9.8,10.8,11.6,13.3,14.6,15.7,16.5,17.2,17.8,18.2,18,17.7,17.5,17.7,18.5,19.3,19.7
20210811,20,22.2,24.8,28.4,29.1,30.7,30.9,30.5,29.9,31.2,31.8,33.8,35.2,36.3,37,36.8,34.3,31.5,28.9,27.2,27.8,28.4,28.7,29.4
20210812,29.5,30.2,30.3,30.1,29.5,29.2,28.4,26.7,23.6,19.8,19.2,22.2,24.2,25.4,27.2,28.8,,,28,26.9,25.6,25.3,23.7,20.8
20210813,17.9,16.6,15.8,15.8,16.4,17.4,17.7,17.9,19.4,20.1,19.9,21.2,23.1,24.1,24.8,26,25.6,25.8,27.5,29.3,29.5,27.6,24.2,22.7
20210814,21.5,22.3,21.3,21.2,23,23.5,23.1,22.6,21.4,20.6,19.8,19.9,22.4,24,24.8,24.4,23.4,23.6,24.2,25.6,26.7,24,20.1,18.7
20210815,17.9,19.5,18.2,18.6,18.4,18.8,18.9,18.2,17.5,18.1,19.2,20,21,21.7,21,20.7,20.5,20.6,20.4,20.6,21.1,21.2,21.4,22.1
20210816,22.6,23.6,23.7,22.8,21.4,19.7,17.5,16.7,16.2,16.3,17.4,20.1,23.3,26.5,28.8,30.1,30.9,31,30.6,30,29.2,26,13.9,10.2
20210817,9,9.2,9.3,9.2,9.3,9.2,9.1,9,9.9,10.3,9.5,8.8,8.2,7.5,7.8,8.2,8.5,9,9.4,9.6,10.6,11,11.2,12
20210818,11.8,11.7,11.6,11.7,12,12.3,12.5,13.1,13.9,15.1,15.9,16.5,16.5,16.3,16.1,15.9,16.7,15.9,16.2,16.7,17.2,18.2,18.8,19.5
20210819,21.1,22.3,20.7,20.9,22.3,21.5,19.4,16.8,15.2,13.9,13.7,12.8,12.5,11.8,11,11,10.1,9.2,8.8,8.9,9.3,10,10.1,9.8
20210820,10.8,11.7,11.3,11,11.3,10.5,9.7,9.1,8.3,6.7,5.8,5.3,5.8,6.2,6.2,6.1,5.8,6.1,6.3,7.1,8.5,9.9,10.8,11.9
20210821,12.8,13.1,12.5,13,12.2,11.2,10.7,9.5,9.1,9.2,9.6,9.9,9.8,9.5,8.8,8.3,8.1,8,8.6,9.8,12.5,15.3,15.4,16
20210822,16.8,18.2,19.2,20,20.9,21.5,21.8,21.9,23.8,28.3,31.8,36,39.1,42.8,45.3,46.5,45.9,46.7,47.6,47.1,47.4,45.6,40,35.8
20210823,33.6,35.2,35.1,36.7,37.3,38.5,38.5,38.1,39.2,38.2,35.3,28.5,23.2,19.7,17.2,16.1,15.9,17,17.5,18.4,18.7,16.3,10,6.1
20210824,5,4.9,5.1,5,5.1,5.1,5.6,6.1,7.5,8.5,9.9,12,15.1,17.4,16.3,14.9,13.3,11.3,9.7,9.3,7.5,6.1,5.8,5.6
20210825,5.4,5.1,4.7,4.2,4.3,4,4.2,4.7,5.1,5.4,5.6,6.3,7,7.4,6.7,6.4,5.5,4.7,4.6,5.5,7.4,7.6,7.1,6
20210826,5.2,4.8,4.1,4.5,3.9,3.7,3.7,4.3,4.5,4.2,3.7,3.5,3.5,3.2,3.1,4,4.6,4.8,5.6,6.2,6.6,7.3,7.4,7.4
20210827,6.9,6.7,6.1,6,5.5,5.4,5.8,6.8,8.5,10.6,9.6,8.4,7.7,6.3,5.3,5.3,5.8,6.5,7.8,9.4,11.1,12,11.8,11.8
20210828,12.2,11.6,10.6,9.7,9.3,9.1,9.1,8.9,9.3,8.6,8.7,8.3,8.1,7.4,6.5,6.4,6.5,6.9,8.4,9.4,11.2,12.2,11.8,11.8
20210829,11.4,11.3,10.8,10.4,10,9.3,9,9,9.4,9.8,10.4,11.9,14.2,17.7,22.5,23.4,24.5,29.8,33.1,30.4,27.8,26.4,26.1,25.7
20210830,25,24.9,25.2,25.9,27.1,27.5,27.7,27.5,28.9,30.1,29.4,27.6,26.1,24.1,22.5,23.1,22.7,22.6,22,22.9,25.1,27,28,28.5
20210831,28,27.2,26.6,26.7,26.9,26.7,25.4,24.7,24,25.3,27.4,30.3,30.2,28.2,25.9,23.7,20.1,17.7,15.1,13.9,12.9,12.7,12.6,13.1
20210901,13.6,13.6,13.7,14,13.6,13.6,13.5,14.6,17.6,20.5,20.9,20.2,18.4,16.4,15.6,13.8,14.4,15.1,15,15.2,15.7,16.2,17,17.4
20210902,18,18.6,19.2,19.6,20.6,21.1,21.3,21.8,24.5,28.1,31.1,30.8,28,23.9,21.8,19.8,18.2,15.8,15.1,15.1,15.4,15.7,16.2,16.6
20210903,17.3,18.2,18.9,19.9,21,22.3,23.5,23,25,27.1,28.3,29.1,28.6,28.5,27.9,25.9,25.9,27.2,30.3,36.2,39.4,40.1,41.1,41.7
20210904,41.9,42.2,41.3,41.4,38.8,35.2,27.2,23.4,21.7,17.5,12.5,12.2,15.4,15.8,17.9,17.7,12.4,10.3,8.8,9.7,11.5,12.7,14,14.8
20210905,14.5,14.8,14.4,13.8,13.6,14.3,14.7,15.9,17.7,19,18.4,19.3,18.2,15.8,13.8,12.4,11.5,10.8,10.2,10.3,10.3,9.7,10,11.3
20210906,11,9.3,7.5,7.2,6.8,5.4,4.1,3.2,2.4,2.2,2.5,2.6,2.7,2.7,2.5,2.6,2.8,2.8,3,3.7,5,5.9,6.5,6.5
20210907,7.3,7,6.7,6.3,6.1,6,6.1,6.3,6.9,7,8.1,10.1,11.2,12.6,13.5,15,17.3,16.6,15.7,14.8,15.2,14,12.6,10.8
20210908,11.3,11.6,10.9,12.7,14.1,14.7,15.3,15.5,16.3,18.5,21,23.4,26.2,24.2,23.2,21.4,21.4,21.8,22.3,23.6,23.4,23.5,22.8,21.2
20210909,20.6,21.4,21.8,23.2,24.3,26.9,31,34.9,31.6,28.3,29.7,29.4,28.7,32.2,37.1,39.9,40.1,38.4,37.8,37,36.8,36.7,37,37
20210910,35.2,34.7,32.7,30.9,29.1,27.6,26.5,24.6,23.4,23.1,24.8,26.8,26.2,26.7,28.3,29.2,31.7,34.3,35.4,36.2,39.4,41.3,42.4,43.9
20210911,44,44.5,43.2,43.8,44.2,45,45.8,44.5,44.4,46.1,43.7,42.8,41.4,40.8,39.4,38,37,37.5,38.7,40.9,43.6,43.7,43.2,41
20210912,39.9,42,46.1,51,50.8,43.1,33.1,26.2,23.5,22.4,21.1,20.3,20.2,21.3,21.8,21.2,20.7,21.2,21.3,19.6,19.2,20.9,22.7,22.3
20210913,22.8,24.6,23.3,23.2,22.3,21.4,19.7,18.5,19.1,21,20.7,20.1,19.3,17.7,15.7,14.2,12.2,11.3,11.2,11.5,12.3,12.3,12.6,12.9
20210914,13.6,15.7,20.2,23.1,22.7,21,19.4,19.7,20.5,20.8,21.3,20.1,19.6,19.4,20.2,21.2,19.4,18.6,18.3,19.2,20.3,21.2,22.1,21.4
20210915,21,20.5,19.6,19.4,19.6,19.8,20.2,20.2,21.5,21.5,21.2,20,17,14.8,14.7,15.1,15,14,13.6,14.4,15.9,17.2,17.9,19.8
20210916,20.5,21.1,21.1,20.9,21.3,20.6,20.3,19.2,18.8,17.8,16.8,16.1,15.7,15.3,14.3,12.7,10.4,8.2,8.2,9.2,10.1,11.3,11.8,11.3
20210917,10.8,11.5,10.9,10.1,9,8,7.8,7.7,7.7,7.5,6.5,6.2,6.7,6.7,6.9,6.8,6.6,6.9,7.6,9.4,11.3,12.1,12.7,13.7
20210918,13.9,13.6,12.4,10.9,10,9.8,9.5,10.1,11.2,11.8,11.8,13.2,16.9,20.5,24.2,27.1,27.4,26.6,26.3,27.7,29.8,31.6,31,31.3
20210919,31.9,32.6,35.5,37.5,37.8,31.9,25.5,21.6,18.9,15.6,14.3,13.6,13.5,12.6,12.1,11.6,11.5,12,13,14.8,15.6,15.9,16,17.1
20210920,17.2,14.7,9.7,7.4,6.2,5.4,4,3.2,2.9,2.6,2.6,2.6,2.5,2.4,2,1.7,1.5,1.5,1.5,2.4,3.1,4,4.6,5
20210921,5.1,5.4,5.6,5.4,4.9,4.8,5.2,4.9,4.9,4.6,4,3.2,2.9,3,2.9,2.9,2.9,2.5,3.1,4.4,5.7,6.3,6.5,6
20210922,5.3,4.9,4.8,4.7,4.5,4.7,5,5.9,7.4,8.2,7.8,7.7,7.6,7.5,7.5,7.4,8.1,9,10.7,12.8,15,15.8,15.5,16.3
20210923,17.7,18.2,18.6,17.8,17.7,17.4,17.5,17.2,19.4,23.5,27.1,31.3,29.6,26.3,25.5,25.5,24.8,22.8,18.5,14.4,13.5,16.7,19.8,21.5
20210924,22.5,23.4,23.5,22,20,18.4,18.3,18.2,18.1,17,15.7,13.4,10.1,8.9,8.5,9,9.8,11.2,11.4,11.2,11.2,12.4,12.7,12.4
20210925,12.2,11.5,11.2,11.7,12.3,13,14.1,16,17.5,20.7,23.5,23,19.1,14.8,11,8.7,7.7,6.8,6.9,7.9,8.4,8.9,9.5,10
20210926,10.9,11.9,13,14,14.4,14.2,14.1,14.4,14.5,14.2,13.7,12.8,12.3,12.3,10.8,9.8,9.5,9.7,10.2,11.2,12.3,12.8,11.6,10.4
20210927,10.4,10.6,10.2,10.1,9.9,9,8.3,7.7,7.2,7.8,9.4,10.7,12.1,12.1,11.1,11.1,11.3,10.9,11.4,13.2,14.5,15.2,15.7,15.8
20210928,15.7,15.7,15.5,16.2,17.9,17.8,17.8,18.1,22.9,28.1,33.8,37.4,35.2,28.8,26.9,27.1,23.9,21.3,20.1,19.9,20.3,22.1,23.7,24.6
20210929,24.9,26,26.2,26.2,25.8,25,24.7,24.1,25.1,24.7,16,10.3,8.5,7.5,7.3,7.6,8.1,7.9,8.8,10.7,13.7,17,20.9,28.9
20210930,37.8,41.8,44.5,42,38.8,35.5,31.8,30.6,29,25.4,22.1,20.7,20.3,21.2,22.5,24.2,25.4,25.8,26.4,27.9,29,29.5,30,30.2
20211001,27.8,25,22.6,21.6,18.9,16.1,12.7,8,5.8,5.1,3.8,3.1,3,3,3.2,3.5,3.8,4.4,5.8,8.2,10.5,12,12.4,16.6
20211002,22.2,24.7,28,29.2,29.6,28.8,27.8,26.6,26.1,27.3,26.5,26.3,25.4,26,26.7,27.4,27.3,27.7,28.3,28.5,28.5,28.7,28.8,28.6
20211003,30.5,32.2,33.5,32.5,32.4,34.4,36.4,37.2,36.2,35.5,35.5,35.8,35.6,35.1,33.2,32.5,31.9,28.3,22.6,20.1,16.4,9.9,6.6,4.8
20211004,4,3.7,3.3,2.7,2.4,2.1,1.8,1.7,2.1,2.4,2.4,2.6,2.8,3.1,3.3,3.2,3.3,3.7,4.1,4.2,4.2,3.8,3.7,3.6
20211005,3.6,3.5,3.4,3.2,3.4,3.5,3.7,4.2,5,5.4,6.3,6.5,6.1,6.1,6.1,6.2,6.5,7.4,9.2,10.2,9.4,7.9,6.9,6.1
20211006,5.5,4.8,4.6,4.5,4.4,4.4,4.5,4.7,4.8,5.4,5.8,6.7,6.6,6.5,,,,,,6,6.7,7.1,7.5,7.4
20211007,7.5,7.2,6.7,6.3,6.1,6.1,5.8,6,6.4,6.9,7.4,8,8.5,8,8,8.4,8.2,7.8,8.1,10.9,12.3,12.9,13.3,13.2
20211008,13,13.2,13.4,13,12.7,12.5,12.5,12.6,13.4,14.6,17.2,19.1,18.5,17.3,16.8,15.8,15.1,14.1,15.1,16.5,18,18,18,21.2
20211009,24.2,28.5,31.2,33,32.1,28.2,24.5,20.8,17.1,14.8,14,14.5,15.4,15.9,16.2,17,17.8,18.9,19.6,21.2,23.3,24.3,22.6,18.7
20211010,11.7,5.3,2.6,1.7,1.4,1.5,1.7,1.8,1.9,1.7,1.8,2,2.1,2.1,2,2.1,2.1,2.2,2.8,4.8,6.5,7.4,7.3,6.9
20211011,7,6.7,6.6,6.1,5.6,5.3,4.9,5.5,6.8,7.1,6.3,5.5,4.3,3.2,3.2,3.3,3.7,3.8,5.5,10.5,13.3,13.4,13.9,14.6
20211012,13.9,13.4,13.2,11.9,10.8,9.4,8.6,9.4,10.1,10,10,9.5,9.2,7.1,7,7.6,8.1,8.9,10,14.7,18.9,19.6,20.5,20.4
20211013,20.3,19.8,19.5,19.5,19.6,17.5,16.7,16.8,18.4,21.2,24.8,28.6,33.1,35.7,37.2,37.5,37.9,36.8,36.5,38.2,40.4,39.9,38.4,35.2
20211014,33.5,31.7,31.2,31.1,31,30.4,27.3,21.7,15.2,10.7,8,7,7.2,7.8,7.2,7.3,7.5,8.9,11.2,14.4,18.4,20.5,21.3,20.1
20211015,17.9,15.9,14.4,12.6,11.6,11.3,10.2,9.8,10.2,9.7,8.1,6.3,5.4,4.4,3.9,3.8,3.4,3,3.1,3.3,3.4,2.8,2.7,2.5
20211016,2.7,2.4,2.1,1.9,1.8,1.8,1.8,1.9,2.3,2.2,2.2,2.3,2.4,2.5,2.4,2.3,2.3,2.6,3.7,6.1,7.9,9,10.6,10.8
20211017,9.8,9.4,9.8,10.8,10.4,8.8,8.4,8.5,8.8,9,8.7,9.1,9.5,9.5,8.8,10,14.1,17.1,19.5,23.8,28.8,30.6,32.3,32.1
20211018,31.6,30.1,29.7,29.4,28.8,28.8,28.4,30.2,31.9,34.6,36.5,38.6,41.1,41.8,40.2,36.8,33.5,34.9,41.2,46.7,49.9,48.6,38.1,15.4
20211019,5.6,3.3,3.1,2.9,2.7,2.6,2.8,3.4,4.6,4.3,3.1,2.8,2.9,3,3.2,3.3,3.8,4.3,5.9,9,12.1,13.3,13.7,14.5
20211020,15.2,14.6,14.5,14.3,14.6,14.4,13.2,13,13,13.3,13.6,15.4,17.8,19.4,21.7,24.4,26.3,29,32,37,39.5,40.2,39.9,39.1
20211021,37.5,35.5,33.9,31.8,29.2,26,24.4,22.1,19.6,15.6,9.4,5.7,4.5,3.9,3.8,3.7,4,4.4,6.5,9.9,11.5,8.9,6.8,5
20211022,4.4,4.6,4.7,5.4,5.7,5.9,6.4,7.1,8.8,8.3,7.2,6.1,5.6,5.5,5.2,5.5,6,6.5,8.6,13.3,16.5,18.9,19.5,20
20211023,20.5,20.6,21.6,21.5,21.3,21,20.1,19.1,19,21.3,25.4,30.2,34.2,34.7,30.5,29.5,29.8,30.8,33.6,38.5,42.1,43.6,44.9,46.8
20211024,46.5,45.4,46.4,46.8,47,46.9,45.8,45.5,45.9,47.8,50.1,53.2,,63,70,77.5,81.7,87.6,91.9,97.3,101,101.9,100.2,97.4
20211025,95,91.9,91.4,91.3,90.7,90.1,91.4,90.7,93.4,101,111.8,121.6,131.8,139.4,138.9,136.2,135.4,135.7,136.6,138.7,138.5,139.8,140.5,138.8
20211026,134.9,130.3,129.9,135.1,139.4,142.3,136.4,124.2,101.8,75.8,46.7,19.9,9.7,6.4,5.2,4.7,4.4,4.3,4.9,7.3,7.7,7.3,5.4,4.7
20211027,4.5,4.7,4.7,4.9,4.8,4.8,4.9,4.8,6.1,6.2,5.5,4.9,4.2,3.6,3.3,3.4,3.8,4.5,7.5,11.6,14,14.6,16.2,15.4
20211028,14.6,14.7,14.2,12.4,11.5,10.5,10,10.6,12.2,13.5,13.3,13.5,13.7,13.3,13.7,13.9,15.1,17.1,21.2,28.2,34.5,37,38.5,39.8
20211029,38.2,35.8,34.9,33.4,33,32.6,32.2,32.5,37.4,43.8,51.8,61.8,71.4,77.5,83,88.2,92,96.2,100.8,105,107.4,108.2,108.4,107.5
20211030,105.7,102.7,102.5,101.7,101.3,100.5,100.3,97.2,98.7,104.8,120.6,133,133.1,112.9,96.2,78.9,75.5,80.1,84,88.7,88.9,81.2,73.3,53.4
20211031,29,17.2,12.9,11.6,10.9,9.8,9.1,8.4,8.5,8.6,8.1,7.9,8.3,8.3,8.6,8.4,9.3,10.7,18.3,36.1,53.8,63.2,68.2,72.2
20211101,71.5,71.5,70.8,69.3,67.7,63.4,57.3,51.2,45,39.2,36.9,37.2,40.4,44.9,50,54.4,58.4,59.9,62.5,65.3,65.7,65.5,62.7,62.4
20211102,62.6,63,64.4,65.5,66.6,67,65.9,65.3,65.4,64.1,66.7,68.8,69,69.7,71.5,71.9,71.3,70.6,70.5,67.9,65.8,64.1,65.1,65.6
20211103,65.8,66.4,68,69.8,71,71.8,73.8,75.4,77,83.1,93.8,100.8,104.1,107.5,111.3,115.5,,,119.3,120.3,117.2,111,,
20211104,,104.7,105.1,109.3,113.2,114.7,115,116,118.4,120.5,123.7,126.9,130.6,134.7,138.3,140.3,142,143.5,144.3,145.2,141.4,134.2,127.2,122.5
20211105,120.9,120.1,121.5,123.2,125.3,126.8,126.2,124.2,122.6,122.7,131.1,137.2,145.5,154.5,161.3,166.8,171,171.8,172.5,172.9,172.7,170.4,169.2,167.1
20211106,162.5,159.7,157.7,155.4,152.3,147.6,146.4,143.5,139.7,141.9,141,133.1,121.3,92,56.6,29.7,16.9,10.9,7.4,5.5,4.5,3.7,3.6,3.4
20211107,3.3,3,2.9,2.6,2.6,2.6,2.6,2.7,2.8,2.9,3,3.2,3.4,3.7,3.8,3.7,3.7,3.5,3.7,3.8,3.4,3.1,3,3
20211108,3.1,3,3,2.9,3,2.9,3,3.2,3.3,3.4,3.3,3.4,3.6,3.7,3.6,3.6,3.8,3.8,4.2,4.4,4.4,4.5,4.4,4.1
20211109,3.9,3.8,3.9,3.8,3.8,3.6,3.5,4.4,4.1,4.4,3.5,3.2,3.4,3.2,3.3,3.3,3.3,3.2,4.5,5,4.7,4.4,4.2,4.4
20211110,4.8,4.9,5,5,4.9,4.3,4,4.3,5.3,5.2,4.7,4,4,3.8,3.7,3.8,4.1,3.9,4.2,4.3,4.2,3.6,3.5,3.5
20211111,3.5,3.8,4.1,4.9,3.9,3.8,3.8,4.5,5.9,4.4,3.6,3.5,3.6,3.5,3.2,3.4,3.2,3.4,4.3,5.1,5.7,5.9,5.6,5.4
20211112,5.5,6,6.1,6.7,7.2,7.3,8,9.2,12.3,13.9,13.8,13.5,13.4,12.8,12.1,11.2,10.9,11.4,14,17.9,23.5,24.6,25.5,25
20211113,24.7,23.4,23.1,23,22.3,21.9,22,22,23.1,24.8,24.8,23.8,22,20.4,18.6,18.4,17.2,17.3,18.1,18.3,16,14.3,14.3,13.6
20211114,13,13.1,13.7,13.2,13.2,13.2,13.7,14.2,16.1,17.3,17.9,18.1,19.6,22.8,24.9,26.4,27.2,28.4,31.5,36,37.1,36,32.9,30.5
20211115,30.3,30.4,30.8,31,30.9,31.1,30.8,31.5,32.7,35.5,36.3,36.4,35.1,33.5,33.6,33.9,33.5,32.6,33.8,34.8,36.8,38.7,38.6,38.8
20211116,38.4,37.4,38.5,38.4,38.3,37.9,37.8,38,39.6,42.2,45.4,48.3,53.5,60.3,64.4,64.9,64.3,63.2,64.8,66.5,67.3,65.1,65,64.6
20211117,63.7,62.8,63.2,63.4,62.6,62.4,61.8,61.5,62.9,66.8,74.9,84.8,91.2,92.5,93,91.1,91.5,93.2,97.2,102.2,104.2,103.9,100.5,95.6
20211118,90.3,83.5,78.4,75.7,72.7,72.4,69.2,65.2,61.9,66,74.5,92.2,108,116.5,125.1,129.6,134.7,138,145.1,149.7,147.6,138.4,110.2,83.3
20211119,55.9,28.5,19.9,15.1,11.3,6.9,4.3,5.6,6.8,5.8,4.5,4.6,9.6,13.5,16.6,19.4,22.2,21.7,20.5,19.6,19.6,19.8,19.3,19.4
20211120,18.6,19.5,19.2,18.7,20.4,21.4,21.9,22.1,23.5,24.9,26.5,27.9,30.7,31.8,32.1,31.2,31.3,33,39,39.6,42.2,44.3,43.8,43.8
20211121,42.1,40.8,41.4,41.3,42.3,45,44.5,43.9,44.7,46.8,45.2,46.8,46.9,40.5,24.8,11,7.8,7.8,9,8.3,7,6.4,6.2,5.7
20211122,6.2,6.1,5.7,5.5,5.4,5.3,5.1,5.2,5.1,5.1,5.2,5.2,4.8,4.5,3.8,3.8,3.7,4.3,7.5,8.9,10.2,11.6,12.5,12.7
20211123,12.9,12.6,12.4,13.7,12.8,12.2,11.1,11.7,12.7,13.2,14.3,,14.5,,12.3,11.9,13.6,15.4,20.2,24.4,26.4,28.6,30,30.3
20211124,29.7,29.4,28.3,27.5,26.8,25.6,23.6,23.9,24.9,26.6,28.4,28.9,,29.3,28.1,28,29.3,31.8,35.7,39.8,43.7,44.7,44,
20211125,43.1,42.4,40.6,37,33.7,29.3,26.2,25.4,26.9,29,27.8,30,32.9,33.5,33.3,33.2,33.9,35.6,39.9,45.1,50.5,52.2,52.5,51.1
20211126,50.2,46.5,44.3,35.1,26.9,20.8,17,15.1,14.8,14.7,12.4,9.5,7.9,7.3,6.8,7.1,8.3,11.6,16.8,22.4,26.5,30.3,32.4,32.6
20211127,35.2,37.6,41.2,41.4,40.6,39.5,38.7,39.1,40.4,43.5,50.9,58.7,64.4,64.9,65.5,65.9,67.5,69.8,72.1,74.5,76.8,79.8,79.3,78.3
20211128,77,76.2,76.8,76.1,74.8,73.7,72.9,73,73.8,75.8,81.4,85.5,91.9,99.5,109.8,118.5,125,130.8,135.9,141.1,141.9,141.8,140.3,139
20211129,137.8,135.4,136.2,137.4,138.9,136.4,131.8,113.2,96.2,73.6,48.4,32.1,24.2,,11.9,11,11.9,11.8,13.2,14.3,15.1,17.1,18.7,19.8
20211130,21.3,16.9,8.8,5.4,3.2,2.3,2,1.9,2.1,2.2,,,2.6,2.7,2.6,2.4,2.5,2.9,3.3,3.7,3.6,3.8,4.2,3.8
20211201,4.1,4.5,4.4,4.8,6,6.9,7.5,8.8,11.1,12.9,12.1,8.7,6.6,5.6,5.6,5.8,6.6,8.1,11.4,14.5,17,17.9,18.5,19.1
20211202,19.3,19.7,20.1,19.3,18.9,18.3,17.4,16.8,16.9,16.9,14.6,12.9,11.1,9.4,8.4,7.5,6.7,6.4,5.6,5.6,4.7,4.5,4.4,4.3
20211203,4.1,4.1,4.9,5.1,5.6,6.5,7.3,9.2,11.8,14.8,15.5,14.8,12.1,10.7,9.6,9.8,9.7,11,15.1,18.5,22,23.5,24.9,25.3
20211204,24.2,21.5,20.2,19,17.4,15.6,16.1,17.5,17.7,17.9,18.1,18.8,18.8,18.7,17.6,16.8,17.3,19.6,25,31.7,34.7,36.1,37.8,39.5
20211205,37.9,35.9,35.6,35.9,34.8,33.2,32,31.3,31.8,34.1,37.3,41.2,47.2,53.5,58.6,63.2,68.6,74.7,81.9,90.2,95.5,98.8,98.8,96.5
20211206,93.9,98.1,96.6,71.5,30.8,11.1,5.8,4.6,5,5.4,4.8,4.5,4.3,3.9,3.9,4,4,4.7,7,9.8,10.5,10.7,11.6,10.6
20211207,10.4,10.5,9.9,9.7,9.2,7.9,7.5,8.2,10.2,11.9,13.8,12.9,12.6,12.5,12.3,12.7,14.2,16.2,20,25.8,29.3,30.9,31.7,30.7
20211208,29.2,27.5,26.2,24.4,23.2,21.1,20.8,20.8,21.3,23.1,24.6,27.5,30.4,32.6,35.5,42.6,50.8,57.2,60.5,63.3,67.5,73.2,75.7,76.4
20211209,81.9,81.7,82.3,82.8,82.6,81.5,81.7,83.3,87.2,87.7,90.8,95.8,98.3,98.6,100.6,102,102.5,101.6,101.8,101.8,100.8,97.9,96.7,93.6
20211210,92,89.9,90.2,87.6,83.8,80.8,78.6,72.5,69.2,66.3,62.1,49.9,35.2,27.1,21.1,18.4,21.6,29.2,40.3,49.5,55.5,58.8,58.1,59
20211211,58.8,52.3,48.5,46.5,45.4,41.7,36.9,33,29.5,29.5,30.2,29.3,23.4,16,10.7,6.9,6,4.3,3.7,3.5,3.3,3.3,3.6,4.1
20211212,3.8,3.1,2.4,1.9,2,2.1,2.3,2.8,3.2,3.7,3.7,3.3,3.4,3.5,3.3,3.3,3.2,3.5,4.8,6.9,8.2,9.2,9.6,10.2
20211213,11.1,11.1,11.5,12.1,13.4,13.8,14.1,14.1,15.1,16.2,16.4,16.5,17.6,18.9,20.3,24,28.5,32.6,37.8,42.6,45.2,46.8,47.2,46.9
20211214,46.2,43.4,41.2,39.9,39.6,38.8,37.9,38.1,38,38.1,40.5,44.3,47,49.6,50.3,50.1,51.2,53,56,62.4,64,63.7,65,63.8
20211215,61.4,58.8,55.4,51.5,49.7,48,45.5,44.1,44.2,44.9,45.3,45.4,46.6,55.1,62.4,69.7,76.2,80,86.3,91.6,91.9,91.5,91.2,88.8
20211216,88.5,85.9,82.2,74.4,60.5,43.9,25.8,18.7,11.4,7.2,5.8,4.9,4.6,4.4,4.5,4.6,4.6,4.6,5.5,5.8,5.7,5.7,5.5,4.8
20211217,4.3,4.9,5,4.6,4.3,3.9,4,4.3,4.8,5.4,5.6,5.7,6,5.8,6,6.1,6.4,7.2,9.3,11.4,14.4,15.5,15.5,16.2
20211218,17,18,18.5,19.1,18.9,19,18.8,18.9,19.9,22.8,21.9,18.5,13.4,9.6,7.6,7.1,6.8,8.5,13.1,19.2,21.3,23.2,23.9,24.7
20211219,25.6,27.3,29.6,30,30.2,28.6,27.9,28.1,28.5,31.5,33.3,33.8,34.6,34.9,34.3,31.4,29.9,33,38.4,43.9,46.8,47.1,44.7,43.6
20211220,43.5,41.2,41.6,41.7,40.5,40.2,40.4,39.4,40.8,41,39.3,36,31.2,27.5,25.9,26.7,27.8,30.9,35.7,39.7,45,43.6,42.5,37.6
20211221,31.3,27.2,25.1,22.3,21.9,20.6,19.8,20.6,23.1,28.4,36.4,42.6,44.1,43.3,38.2,34.8,31.6,29.1,24.5,20.7,17.7,17.8,17.1,15.4
20211222,15.1,15.9,16.7,17.8,18.7,18.9,19.6,20.5,21.8,24.6,27.9,30,33.9,38.6,41,40.6,40.4,41.1,43.6,45.3,48,48.7,49.3,48.4
20211223,45,39.2,39.8,41.7,44.3,47.8,49.7,48,45.6,42.5,40.8,40.6,40.5,41.2,42,42.9,44.5,46.1,48.3,50.6,52.6,53.5,51.2,49.6
20211224,45.2,41.8,26,7.7,2.7,2.2,2.1,2.3,2.7,3.3,3.5,3.4,3.4,3.6,3.4,3.3,3.4,3.5,4.1,4.3,4.2,3.9,3.4,3.3
20211225,3.2,3.4,3.7,3.6,3.4,3.1,2.9,2.8,3.2,3.9,4.2,4.2,4.4,4.5,4.3,4.3,4.5,5.1,6.5,7.3,7.7,7.3,6.9,6.7
20211226,6.3,6,5.4,4.6,4,3.9,4.2,5.2,6.2,7.4,7.9,7.7,7.6,7.9,8.5,9.2,9.6,10.4,12.4,16.1,18.1,21.2,21.6,21.7
20211227,22.7,23,23,21.9,21.9,21.2,21.7,22.5,23.8,25.3,23.8,22.5,18.5,16.1,15.4,14.5,14.9,16.6,21.3,27.4,30.4,31.2,32.7,32.4
20211228,31.8,31.9,31.7,31.1,31,29.1,27.3,27.2,26.6,26.5,26.9,27.5,27.2,27.3,27.3,28.4,31.4,35.7,42.5,50.5,54.3,54.8,55.2,50.4
20211229,34.3,16.5,10.5,7.3,5.5,4.8,4.3,4.7,5.5,6.5,6.9,7.1,7.3,7.7,7.9,8.1,8.4,9,10.8,13.6,17.3,19.2,21.1,22.2
20211230,23,23.2,21.6,17,12,8.5,7.9,8.8,10.3,12.4,10.8,10.2,10.2,9.5,8.6,7.9,7.8,8.7,11.9,14.5,13.4,11.9,11.4,12.3
20211231,11.3,13.1,12.9,12.9,12.5,13.2,12.5,13.1,14.2,16.5,19,19.5,20.5,20.7,18.8,19.3,20.6,22.5,25.6,31,34.4,34.9,35.5,35.9
20220101,36.6,35.2,34.6,34.5,34.4,33.7,32.1,31.1,31.3,32.9,35.1,40,43.3,43.6,32.2,18.9,11.5,8.8,6.7,6.3,6,5.9,5.8,5.8
20220102,5.8,6.5,6.8,7.3,7.7,7.8,8,8.5,9.7,12.9,12.6,11.8,11.4,11.3,11.6,11.9,12.1,12.5,13.5,16.2,18.9,20.5,21.1,22
20220103,23,24,24.2,23.9,24.2,24.8,23.7,23.2,23.5,24.1,25.6,26.3,26,23.4,21.3,18.8,17,17.5,22.5,27.7,29.9,30.5,28.9,23.8
20220104,22.4,18.9,16.1,14.6,12.6,13.7,16.6,21,24.1,25.9,26.6,28.4,32.6,35,37.8,40.9,42.8,45.2,48.2,51.1,52.8,53.1,52.8,52.2
20220105,50.4,49.2,49.9,49.4,49.5,50.4,48.8,48.4,49.4,52,55.8,59.3,62.2,63,63.3,64.4,64.8,66,70.9,75.2,78.3,77.9,77.1,77.2
20220106,76.1,74.4,72.9,71.9,68.9,65.5,61.9,58.5,56.5,50.4,45.4,39.1,35.1,31.2,31.6,34.4,37.8,44.8,58.1,68.1,73.8,76.4,76,75.2
20220107,74.7,73.7,74.9,75.5,76.1,75.1,73,72.4,72.6,73.4,75.4,77.8,80,83.2,85.8,86.2,89.2,92.7,97.8,102.3,104.9,107,110.8,112.1
20220108,109.5,106.5,103.2,101.9,100.7,97.5,93.6,90.8,87.5,80.7,71.1,53.6,36.8,28.4,23.6,20.9,18.9,17.4,19.4,23,24.8,25.5,25,28.1
20220109,40.8,60.9,71,60.6,53.5,54.5,50.8,45.4,39.7,34.2,32.3,31.3,32.4,33.7,36.7,39.1,40.7,43,46.6,48.5,50.2,50.8,51.6,53.4
20220110,54.4,55.4,57.8,57.8,57.5,49.4,36,25.9,19.3,14,10.4,6.8,5.3,4.8,4.2,4.1,3.8,3.8,4.2,4.3,4.2,4,4,4.2
20220111,4.4,4.4,4.5,4.7,4.8,5.1,5.2,5.3,6,6.8,7.3,7.2,7.6,8.3,9.3,10.5,11.7,14.2,17.9,20.4,22.5,22.5,23.5,23.5
20220112,23.5,23.5,24.1,24.1,24.1,23.8,23.7,22.3,21.6,21.3,22,22.2,21.8,20.2,15.5,9.6,7.5,5.9,6.2,5.9,5.5,4.8,4.9,4.6
20220113,4.9,5.3,5.2,5.2,5.2,5.4,5.6,6.8,8.4,10.1,9.4,7.8,7.5,7.2,7.1,7,7.2,8.4,10.9,13.6,17.2,19.5,21.8,23
20220114,24.4,25.8,26.7,27.2,28,27.8,29.1,28.6,28.6,29.8,32.6,40,47.5,59.9,73.5,87.2,102.7,112,117.8,123.5,126.9,128.1,124.4,122.3
20220115,119.4,114.4,111,104.9,105.3,99.5,98.2,94.7,90.2,73.2,41.9,18.3,9.5,7.5,6.5,5.4,4.5,4,3.5,3.8,3.4,3,2.9,3
20220116,3.4,3.8,3.7,4.2,3.9,3.9,4.5,4.9,5.8,7.6,7.7,6.9,6.7,7.3,8.1,8.8,9.5,10.8,12.7,15.5,19.1,20.3,21.6,22.3
20220117,21.4,20.5,20.8,20.3,19.5,18.8,17.4,14.8,13.9,12.8,11.6,9.6,6.8,7.4,7.9,9.2,10.8,13.6,17,20.9,24.9,28.5,29.7,30.7
20220118,31.2,32.2,34.6,34.2,34.1,34.4,34.6,35,36.1,39.8,41.3,43.2,44.9,48.5,51.3,55.2,58.2,59.5,62.4,66.7,68.3,67.4,67.1,66.8
20220119,67.1,68.4,75.8,77.2,73.2,68.2,65.6,64.2,63.8,63.3,65.2,65.6,63.2,62,60.4,54.7,51.5,47.1,46.5,49.5,48.2,44.6,34.2,29.5
20220120,26,24.1,25.7,25.1,25.4,27,28.2,29.3,31.1,32.4,34.3,36.6,39.3,40.3,40.8,42.2,42.4,43,44.6,46.7,49.9,52.2,53.4,54.7
20220121,55.4,55.2,54.2,52.1,50.1,48.6,49.5,50.1,49.8,50.6,51.8,53.3,55.8,56.6,56.1,55.7,56.2,57.7,61.1,65.5,69.7,74,78.6,81.7
20220122,85.2,87,91.2,93.3,95,96.5,97.9,99.2,100.4,102.5,106,108.3,108.9,107.3,106.2,104.7,102.2,100.1,100.8,103.1,102.6,103.5,103.7,104.5
20220123,104.1,103.1,104.3,104.3,103.5,102.9,102.2,101.6,101.9,102.2,106,111.8,119.4,123.1,125.2,128.8,134.1,141.2,148.3,152.4,155.1,157.1,160.7,161.3
20220124,161,159.8,161.1,159.5,160,159.9,158.2,156.4,154.7,154.5,157.3,158,156.2,150.1,145.4,142.3,139.2,138.8,141.5,143.1,143.4,143.7,143.6,142.9
20220125,142.1,140.8,142.6,143.2,143.3,143.3,143.1,142.3,140,133.5,124.5,87.5,49.6,24,14.2,13.1,12.5,13.1,12.6,9.6,6.3,5.5,5.7,5.5
20220126,5.6,5.9,6.2,6.6,7,7.5,8.5,9.2,9.5,10.5,11,10.7,11,10.3,9.8,9.5,9.5,9.9,12.1,15.1,16.9,18.2,17.2,17.3
20220127,17,15.6,14.5,13.6,13.8,14.2,14.3,14.3,14.3,14.9,13.6,12.2,11.2,10.7,9.6,9.2,8.9,10.3,13.2,19,21.7,21.3,17,12.2
20220128,9.4,9.7,9.7,9.4,9.2,8.9,8.7,8.7,8.8,9.5,9.1,8.8,8.4,7.8,7.7,8,9.4,12.9,20.2,27.7,33.2,36.1,35.7,33.2
20220129,27.8,20.2,16.2,13,11.9,10.8,10.2,10,10.9,11.5,10.1,9.5,9.7,10.2,13.3,18.2,22,25.1,27.8,29,32.3,33.1,35.8,43.8
20220130,48.8,49,48.7,43.5,41,36.6,35,36.8,37.5,35.1,38.7,46.2,62.4,84.8,109.2,126,140.2,146,153.5,164.9,175.3,178.3,172.4,152.1
20220131,109.1,58.3,22,10.8,6.1,4.2,4.3,4.7,4.9,5.8,4.8,4.6,4.9,5.3,5.4,6,6,5.3,4.9,5.2,5.5,5.5,5.2,4.9
20220201,4.4,4.1,4.2,4.4,4.4,4.3,4.3,4.5,4.7,5.2,5.1,4.7,4.6,4.5,4.5,4.6,5.2,6,7.4,9.8,12.4,14.5,15.1,15.7
20220202,14.5,14.1,14,13.1,11.7,10.7,10.8,11,10.7,11,10.3,8.7,7.7,7.2,7.4,8.4,9.1,9.8,11.5,14.8,17.5,20.7,20.4,19.7
20220203,17.9,14.8,12.2,11.1,9.9,8.8,8.1,8.1,8.2,7.9,7,6,5.5,5.3,5.2,5.3,5.5,5.7,6.2,6.8,6.8,6.2,6.2,6.3
20220204,6.4,6.2,5.5,5.1,4.4,5.3,5.8,5,5.2,5.3,5.3,5.1,5.2,4.9,4.4,4.3,4.2,4.1,4.8,5.7,5.9,6.3,6.3,6.8
20220205,6.3,5.7,5.8,5.6,5.6,5.5,5.7,5.9,6.7,7.6,6.5,6.3,6.2,6,6,6,6.4,6.9,8.1,9.7,11.3,11.4,9.4,8.5
20220206,8.1,7.6,7.8,6.8,6.7,5.7,5.6,5.6,6.1,6.5,6.6,6.1,5.6,5.1,4.7,5,5.4,5.9,8,11.8,15.6,17.1,17.3,15.9
20220207,13.2,11.5,10.4,9.5,8.8,8.6,8.5,8.6,9.5,9.8,9.2,8,7.5,6.9,6.6,6.6,7.2,8.5,11.5,14.4,16.9,17.7,18.5,18.6
20220208,18.3,16.9,15.5,14.7,13.8,12.4,11.9,11.6,12.3,12.8,12.3,10.5,10.5,11,10.1,10.2,10.7,11.8,14.3,17.6,21.9,23.6,25.2,26.3
20220209,26,24.5,24.1,23.5,22.6,21,20.5,21.5,23.2,25.7,32.6,35.1,36.3,39.2,41.2,45.6,50.1,52.1,55,56.1,58.4,60.3,60.3,59.5
20220210,57.8,54.9,54.9,53.2,52.4,51.8,51.3,51.8,52.6,53.3,56.4,57.9,58.4,59.1,56.9,53.1,50.2,49.7,52.1,56.7,60.6,62.2,62.5,62.6
20220211,62.3,61.9,61.6,61.9,62.5,62,60.8,57.2,53.3,49.1,40.2,31.2,23,18.1,18.6,22.6,32.1,39.5,52.6,57.6,64.4,77.3,75.5,57.2
20220212,48,44.5,40.6,37.9,34.1,30.2,27.5,25,24.1,24.6,25.3,26.5,27.7,28.9,30.6,32.4,34.3,36.2,38.8,40.2,42.5,45.7,48.1,49.8
20220213,51.1,52.5,54.1,54.5,55.1,57.1,58.4,59.4,59.3,56.9,55,52.7,52.8,52.6,51,45.1,43.4,43,39.2,37.3,37.8,37.9,39.2,38.2
20220214,38,36.6,36.2,30.4,19.6,12.8,9.5,8,8.5,8.2,8.3,8.2,8.2,8.2,8.1,7.6,7.6,7.8,8.8,10.7,11,10.6,10.6,9.8
20220215,9,8.9,8.9,8.9,9.1,9,9.3,9.7,10.3,11.1,11.4,12.3,13.1,14.2,15,15.9,15.9,16.2,16.8,18.3,19.8,20.7,20.9,19.6
20220216,16.8,13.2,10.4,8.8,8.8,9.1,9.5,9.8,10.9,12.4,12.7,12.7,12.7,12.4,11.9,11.5,11.1,11.9,15,19,23.2,25,25.1,25.3
20220217,24,22,19.4,16.6,15.4,15.5,16.6,19.5,22.2,25.1,27,30.4,32.2,32.6,31.2,29.7,28.2,28.1,27,28,29.8,32,33.2,34.5
20220218,36.2,35.9,36.2,37.7,39.5,43,46.6,49.2,50.8,52.2,55.5,58.6,61.6,61.2,51.7,38,23.6,12.4,9.8,8.9,7.1,6.2,6.4,6.8
20220219,7.2,7,7.2,7.2,7.1,6.9,7.2,7.7,8.6,8.8,9.1,9.5,9.1,8.9,9.1,8.8,8,7.5,7.8,8.5,8.5,8,7.8,7.6
20220220,7.6,7.9,8.1,8.2,7.9,7.9,8.2,9.3,9.5,10.8,11.1,10.8,10.5,10.4,10.2,10.2,10.2,10,8.6,6.4,5.4,5.7,6.6,6.5
20220221,6.6,6.4,6.5,6.7,6.8,7.2,7.4,8.6,9.9,9.6,9.9,9.7,9.7,9,8.2,7.9,7.7,7.2,7.3,7.9,8.2,8.6,8.5,8.5
20220222,8.6,8.2,8.5,9.1,9.5,9.9,10.5,11.5,12.7,12.8,12.4,11.9,11.2,10.2,9.1,8.7,8.4,8.4,8.8,10.2,12.6,14.1,13.7,13.2
20220223,13,12.7,12.8,13,13.1,12.5,12.4,13,14,15.2,14.2,13.3,11.9,11.3,10.6,10.8,11.1,12.1,14.2,17.5,21.5,23.3,23.2,22.5
20220224,22.1,22.3,21.2,19.9,18.4,17.1,15.7,15.6,16.3,16.3,16.8,17,17.1,18.2,19,18.8,19.9,22,26.5,31.9,39.7,45.7,51.5,52.9
20220225,53,51.3,49,45.3,43.2,40.6,39.1,37.3,38.6,41.6,51.6,60.3,66.1,66.4,65.6,62.5,59.9,60.6,68.6,88.8,105.2,113.1,107.9,92
20220226,69.5,42.8,20.5,6.6,4.2,3.8,3.9,4,4.7,4.8,4.5,4.2,4.1,4.2,4.5,4.5,4.5,4.4,4.7,7,9.6,11.8,12.7,11.7
20220227,12.2,15.2,14.5,16,16.1,15.8,14,14,14.8,15.3,16,17.1,17.8,18.6,18,19.1,20.9,21.8,24.7,29.6,36.2,39.6,41,43.2
20220228,45.8,50.6,54.5,58,62.3,65.6,66.6,66.6,65.7,65.8,70.8,75.2,78.6,79.8,78.5,78.6,79.4,69.6,43,15.8,6.2,4.9,4.5,4.1
20220301,3.9,3.8,3.7,3,2.4,2.6,2.7,3.3,4.3,4.8,4.6,4.3,4.7,5,5.3,7.4,6.1,6.9,7.8,9.4,11.4,13.2,14.5,15.4
20220302,17,18.7,19.3,18.8,18.8,18.4,19.2,19.8,22.8,23.4,21.7,21,16.3,14.2,12.7,12.5,11.4,10.3,10.7,13.4,16,17,11.9,10.5
20220303,9.3,8.1,7.6,10.5,13.8,15.5,16.8,17.8,19.5,19.8,19.2,19.5,21.4,23.6,25.7,27.5,29.4,31.5,33.9,37.8,41.9,44.3,46.4,48.1
20220304,50.5,52.6,54.3,58.5,59.5,60.9,61.3,60.1,55.7,37.4,19.4,18.2,14,9.2,8.1,6.1,5.7,5.5,5.4,5.5,6.6,6.6,5.8,5.3
20220305,4.7,5.1,4.6,5.7,7,8.9,8.1,6.5,5.8,5.4,4.8,4.6,4.6,4.7,4.5,4.4,4.4,4.7,5.5,8,11.8,13.7,13.8,14.3
20220306,15.3,14.4,14.4,13.5,14.1,14,14.2,14.5,16.4,19.8,21.4,23.6,21,21.2,21.4,22.5,24.2,25.5,27.9,31.6,34.7,32.5,31.4,30
20220307,30,31.9,32.8,33.8,33.8,38.2,35.8,36.5,38.5,39.7,30.3,18.3,11.4,9.5,7.6,9.5,10.2,13.7,15.5,19.7,25.8,28.5,31.4,32.5
20220308,32.7,33.3,34.6,35.1,36.6,36.6,37.2,38.5,42.7,46.8,50.8,54.6,57.4,60.8,64.4,66,65.1,63.9,66.2,70.9,76.7,79.9,83.3,83.2
20220309,82.5,79.5,79.8,79.3,77.1,74.4,71.9,70.4,71,75.4,89.7,103,103.5,103.6,109,115.7,119.1,121.1,123.7,126.3,130.2,133.1,133.1,134.8
20220310,138.9,140.3,144.5,146.7,148.7,150.3,149.8,150.4,153.4,156.8,162.7,167,169.6,170.2,165.2,157.9,154.8,151.5,149.8,150.5,155.4,157.5,158.3,157.6
20220311,157.9,155.5,154,150.3,136.4,121.6,120.2,120.7,123.6,124.1,125.9,120.5,111.9,91.5,68.1,56.6,54.8,55,53.4,48.9,46.1,43.5,39.9,39
20220312,37.7,37.2,39.2,39.4,39.3,36.5,34.2,34.6,34.2,33.3,32.3,32.2,33.7,36.1,38.4,41.2,44,46.3,49.3,53.2,58,61.9,64.7,67.8
20220313,70.3,70,73.1,72.7,67.4,65.7,61.3,55.9,54.1,56.5,59.9,70.2,93.2,90.2,75.6,63.4,54.1,50.2,46.8,48,46.7,44.2,40.2,36.5
20220314,32.9,34,35.7,35.2,36.4,40.2,44.7,45.3,46.6,45.9,37.2,26,16.5,11.2,11.9,14.5,17.6,19.8,23.6,28.1,30.6,32.8,36.8,42.6
20220315,53.7,65.8,63.7,52.5,40.5,33.3,29.6,28.2,28.5,32.1,36.8,40.6,43.5,44.3,41.9,42.6,42.6,44.2,47.1,51.9,55.9,59.5,61.8,63.1
20220316,61.6,59.6,60.1,60.7,69.6,72.4,57,42.2,37.3,35.4,36.6,38.9,40.3,42.8,43.3,42.5,45.9,50.3,50.7,47.9,41.6,33.6,26.3,21.3
20220317,18.1,15.3,13.8,13,12.5,12.2,11.6,11.2,11.2,11,11.7,12.8,13.1,13.3,15,17.1,20,21.9,23.8,24.8,26.9,27.9,28.7,28.6
20220318,29,30.4,33.2,35.8,38.2,39.9,41.8,43.5,45.4,46.7,48,50.2,51.6,48.2,42.4,42,42.8,42.9,44.2,45.8,48.7,51.9,53.5,55.2
20220319,54.9,51.8,49.7,46.6,41.2,34.9,30.5,28.7,26.1,22.2,20,16.5,13.2,11.4,9.9,10,9.8,10.1,11.5,14.2,17.7,22.5,26.2,28.2
20220320,28.6,28.4,29.6,30.1,30.3,31.6,32.5,32.5,32.6,35.3,39.3,44.7,51.3,56.3,54.4,52,48.2,45.8,47.2,46.9,40.8,35,27.2,20.8
20220321,19.6,16.2,13.1,11.3,10.4,10.5,11.7,13.1,13.9,10.9,8.2,6.5,6.4,6.2,5.6,5.6,5.8,5.4,5.7,6,6.2,6.1,5.8,5.7
20220322,6.1,6.8,7.3,7.5,7.8,8.3,8.4,9.1,10.5,10.5,10.7,10.3,9.5,8.9,9.3,9.7,12.2,18.2,21.5,24.8,28.9,32.4,32.1,33.6
20220323,34.5,34,34.7,34.8,36.7,38.2,39.4,41.3,44.8,50,53.9,55.5,58.3,60.4,61,62.4,63.2,62.8,64.5,67.2,70.9,74.2,73.2,72.2
20220324,71.8,71,71.8,71.9,71.6,70.9,70.5,69.2,71.5,78,89.1,100.8,109.7,114.5,118,118.3,116.3,116.3,116.3,115,114.4,113.5,111.5,110.7
20220325,112.2,113.8,116.6,117.5,115.8,115.6,114.7,106,85.2,61.6,43,32.7,27.2,24,21.7,21.2,20.6,19.5,17.8,18,18.8,17.8,16.9,16.2
20220326,15.8,16.3,15.4,14.6,14.8,14.5,14,14.6,15.2,14.8,15.8,16.2,17.2,17.1,16.4,15.5,15.2,16,16.1,14.6,14.8,11.6,6.1,5
20220327,4.4,4.2,3.8,3.8,4,4.5,5.4,6.5,6.9,6.3,5.5,5.3,4.9,5,5.3,5.6,5.9,6.5,6.9,8.6,11.1,13.4,15.5,15.5
20220328,16.9,17.9,18.8,19.7,20.2,20.6,21.2,23.6,25.5,25.9,25.2,24.3,24.4,25.8,28.9,31.6,33.2,34.4,35.9,40.1,43.4,45.6,45,44.3
20220329,42.7,41.5,40.6,39.3,38.7,40.2,41.2,42.5,44.8,48,52.4,55.8,57.8,59.1,60.4,61.1,59.1,58.2,59.5,62,64.4,65.7,66.8,68.2
20220330,69.2,69.8,69.5,67,60.8,50.9,41,26.8,19,17.1,15,13.6,14,14.9,15.7,16.8,17.4,17.1,18.2,19.2,18.8,19.2,20.1,21.3
20220331,23.2,23.4,25.2,25.4,25.5,26.4,26.4,27.1,28.6,25.5,12.5,5.2,3.6,2.5,2.3,2.4,2.6,2.5,3,3.4,4.1,4.9,5.4,6.1
20220401,6.5,6,6.5,6.3,6.5,6.3,6.2,7,8.4,9,10.2,10.6,9.5,8.6,9.5,11.1,13.3,15.2,18.6,23,28.2,30.8,28.9,26.9
20220402,25.9,24.9,25.1,26.4,27.6,25.7,23.6,20.8,17.1,12.7,8.7,6.5,5.5,4.8,4.6,4.6,4.4,4.5,5.2,6.6,10.4,13,14.2,14.2
20220403,13.5,13.2,13.4,13.8,14.2,15.2,16.3,18.6,22.2,24,24.8,23.2,20.8,19.9,18.9,18.3,18.4,20.4,24.7,27.3,30.1,32.9,34.5,38.2
20220404,42.4,45.7,47.2,49.7,52.2,54.2,56.5,59.5,61.7,68.2,73.9,76.6,78.3,79.1,79.1,77.2,75,74.3,74.7,75.8,77.9,80.8,83.2,82.5
20220405,81.7,82.5,85.1,87.1,88.3,89.3,90.5,90.3,86.6,78.8,54.9,34.6,20.2,13.5,11.2,9.9,8.9,7.4,6.4,6,12.9,23.1,22.5,19.3
20220406,15.4,12,10.8,10.2,9.5,9,8.7,9.1,10.1,11.1,10.6,10.5,10.2,10.2,10.4,10.6,11.2,11.8,11.8,12.1,12.4,11.9,11,10.7
20220407,11,12,12.7,13.5,13.9,14.9,15.9,17.3,18.4,18.4,19.9,22.2,24.7,26.2,26.8,27.7,30.5,34.5,38.8,40.2,44.3,47,49.7,53.6
20220408,59,61.9,64.2,64.6,64.9,64.6,65.8,68.2,71,76.4,84.6,92.1,96.7,101.2,103.2,101.3,98,96.9,99.3,102.5,104.5,107.9,112.7,113.9
20220409,115.2,116.6,121.2,123.7,123.5,119.9,118,117.3,115.2,110.3,105.3,101,103.6,92,79.7,74.2,71.7,64.4,56.6,51.5,50.3,54.2,63.8,71.5
20220410,77.4,82.9,87.5,89.8,92.3,92.2,92.8,93.2,95,96.8,97.8,98.9,99.2,100.6,101.4,102.5,101.8,98,95,95.6,99.8,102.5,103.4,104.7
20220411,105.4,106.8,109.3,107.9,107.6,107.6,108.1,106.7,104.4,99.4,94.4,80.2,68.2,47.8,45.3,48,38.6,25.8,18.9,13,10,7.9,7.6,8.2
20220412,10.1,11.4,11.3,11.5,11.5,10.4,9.5,10.1,9.2,8.9,8.5,9.1,9.7,8.4,8.2,8.3,9.3,10.9,12.6,18.7,28.8,35.5,33.2,33
20220413,31.5,29.5,31,31.7,33.9,35.2,36.6,35.9,34.1,29.8,26.3,28.7,30.2,30.4,27.5,27.1,26.5,25.7,26.4,25.3,23.8,19.8,16.4,16.1
20220414,17.2,20.3,20.4,20.7,23.7,21.4,19.8,19.8,10.7,7.1,5.4,5.6,6.8,10.3,10.5,6.4,6.4,7.5,6.7,7,7.2,6.8,6.9,9.6
20220415,13.5,17.3,16.7,14,10.8,9.3,9,8.9,8.7,7.1,5.8,5,5.3,5.5,5.1,4.8,5.1,6.6,5.7,6.8,10.2,12.1,14,15.5
20220416,15.8,19.1,15.6,13.8,11.9,10.8,11.9,12.2,11.6,12.7,8.1,6.6,5.6,5.8,6.5,6.6,7,9.7,10.1,14.9,15.6,19.5,27.1,29.5
20220417,30.1,32.6,29.2,28.4,26.1,23.5,25.2,24.8,26.9,32.1,33.8,37.1,37.6,40.1,43.1,47.2,48.2,53.6,55.8,59.7,63.2,62.2,64.1,64.1
20220418,65.4,65.7,65.7,66.5,66,65.3,66.5,67.8,68.3,61,43.2,39.2,39,39,40.9,44.5,46,51.6,53.8,56.8,62.4,68.5,68.8,70.8
20220419,70.8,72.7,73,75.3,78.8,79,80,82.4,85.3,85.5,73.7,61.4,50.2,37.5,26.4,21.9,19.8,20.8,16.9,15.1,16.2,16.6,18.9,20.8
20220420,23.3,26.5,27.4,29,30.7,32.1,32.9,35.2,41.6,48.7,53.3,56.5,58.6,57.4,57,53,42.5,39.7,31.8,24.6,24.2,26.2,26.2,25.7
20220421,25.4,26.7,26.7,26.9,28.8,29.5,31.1,32.7,34.9,37.4,40.2,43.4,45.8,48.3,51.9,49.6,43.7,43.5,35.3,25.9,19.4,,14.2,13.8
20220422,12.2,11.4,7.7,6.9,7.2,6.2,7.7,7.9,10.2,10.4,8.3,8.7,6.9,7,8.5,9.6,11.1,16.3,15.5,15.2,13.8,15.6,15.5,17.2
20220423,18.7,20.9,20.9,20.9,21.8,23.2,25.5,33.2,41.5,43.4,42.5,44.7,47.2,47.9,47.3,45.5,42.9,40.2,33.3,31,33.5,36.8,39.8,43.4
20220424,45.9,46,44.8,44.1,43.9,42.6,41.6,40.5,43.9,50.9,51.4,54,62.6,68.7,76.9,79.6,72,65.2,60,53.8,46.5,41.7,39.2,37.9
20220425,38.7,41,41.4,41.8,43.2,47,53.7,60.8,65.3,72.7,79.3,83.8,,82.1,78.2,73.2,71.3,68.7,66.5,66.5,66.6,67.5,68.8,70.3
20220426,69.8,67.8,61.1,33.6,16.7,18.4,26.1,32.8,32.5,30.8,17.4,14.1,11.7,9.9,12.9,8.9,7.6,9.2,7.7,8.5,10,10.8,9.9,8.8
20220427,7.2,7.5,5.8,6.7,5.4,6,6.9,6.8,6.7,7.8,6.5,6.6,6.6,7,7.5,8.3,8.6,9.2,9.9,10.4,10.1,10.5,10.9,11.6
20220428,11.6,12.4,13.3,13.2,13.6,13.4,12.6,12.2,11.3,10.1,10.2,9,9.5,10.1,10.4,10.9,11.5,13.2,15.4,17.9,20.5,21.4,23,25.1
20220429,27,28.5,30.8,33.5,35.2,36.9,38.3,39.5,40.7,41.3,42,42.4,43.9,46.8,48.6,49.5,50,51.3,54.5,54.3,51.8,53.4,47.1,23.6
20220430,11.7,5.3,2.9,2.8,2.5,2.5,2.8,2.6,2.7,2.9,3.8,3.9,3.3,3.9,3.8,4.2,4,4,4.7,4.2,6.4,9.8,10.4,10.5
20220501,11.3,12.4,12.8,12.2,11,10.8,12.3,12.1,13.5,12.2,9.4,8.4,7.9,8.7,8.2,7.7,7.4,8.4,8.7,11.2,12.2,14.3,17,17.1
20220502,19.1,18.9,17.6,17.7,17.2,17.8,18.8,23,28.7,33.4,35.8,37.3,34.2,31,29.5,27.2,24.8,24.1,21.1,18.9,17.1,17.9,17.8,17
20220503,16.7,17.8,19.6,20.6,21.5,22.6,23.7,25.5,28.4,33.6,39.1,44.4,45.5,44.5,42.8,38.9,34.5,30.2,29.8,23.8,23.4,25.7,24.8,26.4
20220504,24.4,26.7,24.9,25.2,25.1,26.1,28,31.5,36,39.7,43.4,47.8,48.5,44.5,39.6,37.8,35.4,30,25.1,21.3,21,22.8,25.9,26.1
20220505,29.5,34.3,27.3,26.7,27.2,27,27.9,30.7,33,38.3,39.5,42.9,45,44.6,48,39.5,34.7,32,31.1,31.2,31.6,32.2,33.7,33.4
20220506,31.7,29.3,22.5,20.2,25.9,22,20.6,17.8,14.1,15.5,14.3,16.8,16.6,18.4,18,18,18.1,16,15.8,16,15.6,17,17.9,24.6
20220507,20.5,21.9,22.7,23.3,22.8,22.3,21.6,19.9,13.9,8.6,6.3,6.8,8.3,11.4,11.2,13,14.3,17.9,19.4,21,20.5,18.6,16.9,16.3
20220508,15.1,15.8,18.4,17.6,15.7,14,12.9,11.9,11.7,10.8,10.5,10.8,11.9,13.1,13.5,13.8,13.3,12.9,12.9,13.5,15.4,16.8,17.6,17.2
20220509,16.2,15.1,14.4,13.8,12.9,11.8,11.3,10.5,10.5,10.4,10.6,9.6,7.6,8.3,10.8,14.7,17.2,19.3,21.1,24.9,31.2,34.5,36.2,37.9
20220510,39.3,41.3,46.1,51.3,54.7,57.1,58.7,59.1,58.2,56.2,55,54,52,52.2,50.4,48.5,47.7,47.6,48.2,48.7,49.9,50.9,49.6,47
20220511,42.7,39.6,39.3,38.3,36.3,35.3,32.9,31.6,28.3,19.2,12.3,8.2,5.9,5.2,6.1,7.7,10,13,15.4,17.9,25.7,30.4,34.1,34.2
20220512,27.3,21.9,17.8,14.8,12,10.8,10.1,9.9,9.5,7.7,7.4,6.8,7.8,7.7,7.4,8,8.5,9.6,11.4,12.4,14.4,17.2,19,19.8
20220513,20,15.9,12.6,10.9,8.4,7,6.7,7.2,5.8,4.3,3,2.7,2.8,3,2.9,2.9,3.2,3.6,3.8,3.8,4.5,5.1,4.3,4.6
20220514,5.2,6.5,5.7,5.9,6.2,6.2,7.5,7.8,6.1,5.7,4.3,4.2,4.3,3.8,4.3,4.2,3.9,4.8,4.4,5,6.8,9.5,10.4,11
20220515,11.5,11.2,11.3,11.2,10.8,10.3,9.9,10.3,9.6,9.1,8.4,7.3,6.1,5,4.9,5.3,5.1,6.7,5.8,6.8,9.4,12.1,12.8,12.5
20220516,12.3,12.2,11.9,11.5,10.7,10.5,10.8,11.1,10.4,10.5,9.5,9,8.9,9.4,11.8,10.5,10.9,11.4,11.9,12.6,14.2,14.7,15.9,16.8
20220517,20,20,21.6,21.7,21.6,22,22.8,25.4,28.1,32.6,37,37.9,36.2,35.8,35.7,36.5,35.8,32.8,31.9,30,30,31.7,32.7,32.7
20220518,32.2,30.7,30.4,27.8,26.5,24.4,23.1,23.1,22.7,22.1,19.9,16.5,13.8,11.7,11.5,11.4,11.7,12.6,13.7,14.9,16.5,18.4,20.1,22.8
20220519,25.5,28.2,29,29.8,30,30.9,31.3,33.3,36.5,39.5,43.8,46.8,44.8,41.4,39,37,34.8,35.4,36.4,36.9,36.8,38.2,36.8,38.6
20220520,40.7,40.1,40.4,39.6,40.5,39.7,46.3,53.7,54.4,57.3,58.7,53.1,45.8,39.8,33.7,31.6,31.2,30.9,32.9,33.5,34.1,35.2,35.8,37.4
20220521,39.3,40.4,39.7,39.6,40,40.6,40.1,39.9,42.1,42.9,42.4,37.3,34.9,32.3,28.6,23.8,22.1,21.4,21.2,18.2,19.7,21.4,23.2,25
20220522,25.1,25.2,26.4,26.6,27.1,27.3,28.6,29.7,32.4,35.5,35.9,34.7,33.1,34.2,30.8,29.7,28.7,29,31.1,32.6,34.4,35.1,34.5,32.7
20220523,32.4,32.6,32.7,33.5,34.2,36,35.8,37,38.8,40.7,41.8,38.5,34.9,30.8,27.7,24.8,22.4,22,21.6,22.2,23.4,24.8,26.6,27.8
20220524,28.6,30.1,33,33.7,34.1,34.9,36.1,37.6,39.5,42.5,40.4,34.5,31,28,25.9,26.3,26,22.5,15.1,13.8,14.2,15.9,15.5,12.5
20220525,9.1,6.4,5,3.8,3.2,2.6,2.3,3.5,2.9,3.8,3.3,3.8,3.7,3.6,3.5,3.6,3.7,4.1,4.1,4.4,5.4,6.8,7.2,7.8
20220526,8.5,8.2,7.8,8.1,8.5,8.4,9.2,9.1,9.1,7.8,6.8,6,5.2,5.5,5.3,5.4,4.9,5.1,4.7,5.1,7.3,8.7,10.2,10.7
20220527,10.7,11,11.6,13,14.1,15.4,17,17,17.7,16.8,14.8,12.8,10.6,8.4,7.4,7.6,7.9,9.1,9.3,9.5,10.3,11,12.2,12.9
20220528,13.4,14.7,15.9,16.8,16.9,18,19.8,21.1,22.7,25.4,28.7,29.8,29.3,28.7,29.1,28.2,31.3,34.3,33.8,32.3,33.7,36.2,36.1,35
20220529,33.5,32.5,30.7,29.5,29.4,30.3,30.7,31.5,30.2,22.9,10,6.6,5.8,6.4,6.4,6.9,7.1,6.1,6,5.9,5.6,6.1,6.5,6.4
20220530,6.7,7.1,6.8,7,7.1,7.5,8.6,9.8,11.1,11.1,9.9,9.4,9.4,9.9,9.4,7.7,7.3,7.2,7.1,8.6,10.9,15.1,15.5,15.9
20220531,16.3,16.8,16.1,13,11.6,11.5,11.6,12.8,13.9,15.8,18.4,19.8,18.7,18.8,21.4,23.7,26.9,30,29.2,26.7,19.8,17.6,21,20.3
20220601,17.9,16.6,15.8,15.7,16.9,17.2,17.2,18.6,19.5,20.6,19.6,17.8,15,11.5,9.7,9.7,9.7,9.8,9.6,10.2,12,13,14.5,15
20220602,15.4,15.4,15.5,16.4,16.3,16.4,16.8,18.4,23.1,27.8,30.4,32.6,32.8,31.6,24.5,19.2,18.2,17.5,16.6,17.6,18.9,21.3,23.5,25
20220603,25.7,28.2,29.6,29.9,30.4,30.9,32.8,35.1,37.4,38.2,40.3,39.8,41.2,37.9,35.5,35.8,38.5,39.4,41.7,43.7,46.4,35.8,26.7,19
20220604,17,17,17.1,17.5,18.4,18.9,19.3,19.9,21.5,21.2,20.7,22.1,25.7,25.5,24.4,25,27,29,32.1,34.3,31.4,31.6,28.2,27.5
20220605,22.9,29.4,32.2,29.1,27.2,25.4,23,21.5,18.9,12.2,6.7,5.1,4.6,4.5,4.5,4.8,5.1,5.5,5.6,5.2,4.3,4,3,2.4
20220606,2.1,2,1.9,1.8,1.8,1.8,2.2,2.3,2.4,2.6,2.5,2.7,2.4,2.4,2.5,2.5,3.1,4.9,3.6,3.8,4.5,5.4,5.8,6.5
20220607,5.8,6.1,7.4,9.4,9.7,10.1,9,9.3,9.2,10.1,9.4,9.2,9.8,10.4,11,10.5,10.5,10.5,10.5,11.1,12.1,13,13.5,15.1
20220608,16.3,18.9,19.3,19,18.5,17.4,17.8,18.7,20.7,20.9,20.6,20.2,20.5,20.6,21,22.8,24.5,26.8,28.3,30.1,31.7,30.3,28.8,27.9
20220609,27.7,27.2,26.7,26.3,26.8,26.6,25.5,25.1,24.4,24.1,22.6,23.1,23.1,23.7,24.1,23.7,23.7,22.4,22.1,22.3,21.4,22.3,22.6,23.8
20220610,25.1,25.3,26,27.1,27.6,28.6,27.9,27,26.4,25.8,25.1,25,25.1,24.8,25.7,27.4,28.8,30.6,32.2,34.3,35.6,38.1,43.2,40.1
20220611,27.7,18.1,16.2,17.2,18,18.9,20.5,21.9,23.5,26.1,30.7,36,40.5,41.8,38.9,34.2,26.8,21.4,17.5,15.9,15.3,12.2,8.9,8.1
20220612,9,10.1,11,12.1,13.2,13.6,14.2,15.2,16.5,17.6,18.2,19.3,20,19.4,19.2,20.2,21.1,21.3,23.3,23.8,25.1,23.7,15.7,9.6
20220613,8.6,8.6,9.4,10.7,12.1,13,13.1,12.5,12.2,13.2,13.6,14,15,16.7,16.4,17.7,18.6,19.7,19.3,19.5,19.5,20.2,20.5,20.5
20220614,20.8,21.2,21.2,21.6,21.5,20.8,20.1,19.7,19.1,19,17.2,14.5,12.3,11.7,10.3,8.4,6.9,7.5,7.5,7.8,8.2,8.8,11.8,15.1
20220615,17.5,19.3,19.5,19.3,20.9,22,22.6,22.7,23.3,24,25.1,25.2,24.4,23.3,21.4,20.1,19.6,19.5,18.8,19.3,20.9,22.6,25.5,26.5
20220616,25.6,23.7,21.9,22.1,22.9,22.2,22.3,22.1,22.9,23,24.3,26.7,27.8,28.5,27.6,26.4,26.2,25.3,24.3,25.5,25,25.4,28.2,30
20220617,33,35,36.5,38.8,40.7,41.9,42.1,42.8,46,45.9,44,40.5,36.7,34.7,33.1,31.2,30.7,31.6,32.5,30.9,29.3,28,26.2,27.9
20220618,28.6,31.5,33.6,35.4,35.9,34.5,32.4,31.5,32.1,33,34.3,36,36.8,36.3,35,33.2,31.3,31.7,33.8,36.1,35.2,34,35.6,34.3
20220619,29.8,27,24.5,24.2,23.6,22.6,23.2,23.5,25.1,26.4,27.5,29.8,30.5,31.6,32.2,32.5,33,33.4,35.1,36.2,37.6,37.2,35.9,35.2
20220620,34.5,34.2,35,35.5,34.3,33.3,31.9,30.4,29.9,29.2,29.2,30.5,31.9,31.9,31.2,32.3,34.5,35.6,37.5,38.8,39.9,41.7,46.5,49.9
20220621,50.7,58.4,62.2,69.1,74.6,78.4,80.7,81.7,63.5,67.8,67.3,67.2,63.3,63.8,58.1,55,53.5,49.7,48.5,47.9,39.6,26.6,20.7,21.1
20220622,25,28.7,27.2,31.8,37.9,42,45.2,48,48.2,49.8,51.8,51.9,50.6,49.9,48.3,49.6,51.3,50.3,52.3,55.4,56.3,57.8,57.8,53
20220623,51.8,52.2,48.2,42.2,29.9,17.1,8.3,5.4,4,2.7,2.2,1.9,2.1,2.1,2.4,2.7,3.4,3.6,3.3,3.9,4.3,4.8,5.4,5.2
20220624,5.5,5.5,5.3,5.1,5,4.9,5,5.4,4.8,4.3,3.9,3.8,3.7,3.6,3.5,3.7,3.6,3.3,3.4,4.2,5.8,8,8.7,8.7
20220625,9,9.7,10.1,10.2,10.5,11.4,12.2,13.1,14.2,16.5,19.8,21.8,22.1,21.6,19.3,19.6,21.2,23.2,24.7,26.4,29.8,32.7,32.2,28.3
20220626,28.5,29.3,28.8,28,26.5,26.4,27.8,25,22.1,23,23.1,23.1,22.5,20.8,19.9,21.3,22.5,23.4,23.7,23.4,22.8,21.4,20.4,22.3
20220627,22.6,22.5,24.5,29.5,32.6,34.4,33.3,31.6,30.8,26.6,25.8,24.6,22.1,20.3,19.9,20.3,19.8,19.3,18.7,19.2,21,21.5,22.5,22.4
20220628,21.8,21.8,20.1,20.4,18,15.7,16,17,16.4,13.7,12,9.7,9.2,8.6,8.8,8.2,7.5,6.8,6.7,6.8,7.3,7.8,8.1,8.2
20220629,8.5,8.2,7.6,7,7.3,7.7,7.7,7.8,8.4,8.9,9.2,8.6,8.4,7.5,7.5,7.9,7.8,7.8,8.2,8.5,9,10.2,10.4,10.8
20220630,10.9,11.3,11,10.4,10.2,10.2,10.5,10.6,11.1,10.6,10.6,10.5,10.7,11.2,11.7,12.5,14.1,14.5,15.9,18.6,20.4,22.9,23.1,25.6
20220701,29.2,22.7,21,19.6,16.8,18.7,19.2,18.4,17.2,17.2,17.3,16.3,15.3,12.9,10.6,9.8,10,10,11.2,12.4,15.5,22.2,27.4,29.8
20220702,31.4,34.7,36,37.1,36.8,39.2,40.5,41.8,44.1,44.7,42.7,37.2,32,27.3,24.1,22.6,22.5,23.4,25.4,27.9,30.5,34.6,38.8,42.7
20220703,46.2,49,46.1,33.6,27.1,26.8,27,24.1,25.1,17.7,11,9.3,11.1,10.7,9.9,10.9,11.8,13.7,15.8,18.2,18.7,19,21.7,23.6
20220704,21.6,22,22.1,21.8,22.1,20.6,18,15.6,16.1,16.1,14.6,13,11.8,11.7,12.1,11.6,11.6,12.7,14,15.6,18.3,21.7,25.3,30.6
20220705,35.4,39.1,42.7,46.6,51.5,54.6,56.1,58,60,60.5,56.3,49.2,42.4,33.8,27.3,23.3,25.5,23.2,17,9.2,6.5,7.1,7.5,8.2
20220706,9.6,10.4,11,10.9,10.1,9.1,8.4,8.2,9.3,9.1,9.3,9.2,8.9,8,6.2,5.4,5.1,4.9,5.1,5.8,6.6,7.6,9.1,10.4
20220707,10.9,11.3,11.8,12.1,11.5,11.2,11.3,12.9,13,11.3,9.9,9.1,8.7,8,7.8,6.5,6.9,6.6,7.1,8.9,11.2,13.3,13.7,14.4
20220708,15,17.2,18.8,20.4,20.9,22.8,27.2,29.9,26.5,22.1,16.5,13.4,12.4,12,11.7,11.5,11.2,10.6,11.2,12.2,14.3,16.4,18.2,18.3
20220709,18.9,19.2,19.1,18.2,18,16.8,14.8,13.4,11.8,9.5,7.5,6.1,5.3,4.5,3.8,4.5,4.5,5.7,6.9,8,9.4,10.4,10.9,9.3
20220710,7.8,7.7,7.7,7,6.8,6.5,6.5,6.2,6.9,7.4,8.3,8.9,9.3,10.1,9.8,10.5,9.6,8.8,9.2,9.8,11.1,12.8,13.7,13.8
20220711,14.4,14.7,15.6,17,17.2,17.1,17.2,18.4,20.1,19,18,17.7,18.7,19.6,20.2,21,21.6,22,23.8,24.7,26.1,28,29.7,30.9
20220712,31.2,35.3,38.8,38.2,36.9,30.6,24.3,19,13.8,8.1,5.2,4.1,3.9,4.1,4.1,4,3.7,3.7,3.9,4.3,4.8,5.5,6.5,7.3
20220713,7.6,8.3,8.7,8.2,8.3,8.5,8.7,9.5,11.1,10.5,10.3,9.5,9.2,8.4,7.8,7.7,8.2,8.5,9.4,11.7,15.8,19,20.8,21.2
20220714,20.7,20.9,18.8,15.4,12.5,8.5,7.1,6.9,6.6,5.4,4.8,4.1,3.9,3.7,3.6,3.8,4.4,4.4,5.3,6.4,7.8,9.7,9.8,9.7
20220715,10.1,10.3,11.6,12.7,13.2,11.5,10.5,10.5,9,8.2,7.8,7.5,7.3,6.7,6.5,7,7.7,7.5,8.2,9.6,10.7,11.3,11.7,12.2
20220716,13.1,13.4,13.7,14.3,13.6,12.7,12,12.6,13.6,15.4,17.2,17.4,21.1,26,31,39,44.5,46.3,42.9,37.5,34.9,32.4,35.7,38.6
20220717,43.6,46.7,47.2,45.8,44.7,43.4,42.4,43.8,41.2,29.2,16.3,7.4,4.4,3.5,3.4,3.4,3.5,3,3,3.5,4.8,6.3,5.6,5.7
20220718,8.1,13.5,12.1,11.8,10.8,10.7,10.2,10.5,9.5,6.8,4.8,4.2,3.9,3.4,3.2,3.4,4,5.3,6.2,7.2,8.9,10.1,10.1,9.3
20220719,9.7,9.7,10.2,10.2,10.6,10.8,11.6,12.2,12,11.8,10.8,10.4,9.8,10.1,10,11.3,13.8,15.3,16.5,18.3,20.9,23,25.1,28.2
20220720,31.5,35.8,35.7,34.7,33.4,33.1,34.9,36.8,41,45.7,50.5,42.5,30.2,19.9,13.9,10.2,9.4,8.5,8.2,8.7,9.8,10.7,11.9,13.2
20220721,13.8,14.2,15.3,17.8,20.5,23.6,26.2,28.9,28.6,26.2,24.5,21.7,18.3,15.8,14.4,14.3,14.7,14.9,15.4,16.9,18.4,19.2,20.8,20.9
20220722,22.5,24,25.3,26.8,28.3,28.7,29.9,31.8,33.2,32.1,33.1,32.6,28.6,29,30.7,32.5,32.8,31.9,31.1,30.8,23.7,14.4,11.8,12.6
20220723,13.6,11.8,9.9,9.8,9.1,9.2,9.1,9,9.7,9.3,8.1,7.8,7.6,7.5,7.8,8.4,8.8,9.3,9.6,10.4,11.3,12.9,14.2,15.2
20220724,16,16.2,18.6,21.9,25.6,27,28.1,30.4,33.8,36.2,37.5,35.6,31.5,26.2,22.8,21.8,21.8,22.7,25.1,23.9,22.2,14.2,11.2,11.1
20220725,12.4,12.1,10.9,11.2,15.3,20.2,16.2,16.4,18.5,21.3,22.5,23.1,25.1,25.5,26.1,27.6,28.5,25.8,26.1,27,28.1,28.2,26.6,24.1
20220726,25.7,27.8,29.5,31.3,35.5,37.3,38.6,38.4,39.2,31.6,24.5,19.7,19.5,20.3,19.7,19,19.7,23.1,26.1,27.5,30.7,39.4,47.8,49.7
20220727,46,35.6,20.7,9.5,9.1,10.2,12.3,11.7,15.8,22.2,28.1,30.9,31.2,30,29,26.5,18,16,15.8,11.7,7.3,3.8,3.8,5
20220728,5.8,4.6,4.1,4.1,4.3,4.5,4.6,4.5,5.4,4.9,5.5,5.8,5.2,3.9,2.7,2.9,3.3,3.6,3.9,5,7.3,9.4,10.5,11.1
20220729,11.5,11.5,11.5,10.8,10,9.8,10.6,11.6,13.1,14.8,15.4,15.2,14,12.5,11.9,11.6,12.8,13.5,14.1,15.5,17.5,20.5,24.3,28.1
20220730,34.2,44.1,50.8,52.8,54.6,56.9,56.5,54.9,55.4,52.4,46.4,36.9,25.8,19.3,15.7,13.7,13.8,14.5,17.2,21,23.5,23.3,23,23.2
20220731,21.6,20.6,21.6,22.7,23.6,24.5,24.7,24.8,27,30.1,30.2,28.7,25.8,22.4,21.6,22.1,22.1,22.6,24.5,27.2,30.4,33.7,35.4,36
20220801,36.5,37.5,38.8,39.3,40.3,41.4,41.8,41.4,43.9,43.5,40.6,35.3,31.6,29.2,26.9,26.3,27.7,29.3,31.5,34.8,38.9,43.1,45.1,46.2
20220802,47.9,50.6,,53.2,54.6,54.5,54.8,54.7,57.6,55.1,51,40.9,32.6,28.3,25.1,24.4,24.6,25.4,27.7,30.9,33.8,36.1,38.2,41.5
20220803,47,51.4,56.3,59.8,63.5,65.4,66,64.9,62.3,55.8,47.9,38.8,30.7,24.5,20.3,19.7,18.7,19,20.3,21.3,22.8,25.5,28.5,30.4
20220804,31.5,33,34.3,36.4,40.9,45.2,46.2,46.9,46.4,45.7,44.4,39.6,35.3,32.1,31.8,34.6,36.1,39.8,44.7,44.5,35.1,14.1,10,11.8
20220805,16,19.8,21.5,22,22,19.8,19.1,19.8,19.5,18.2,17.6,17.5,17.1,15.5,13.2,11.7,11.3,10.4,10.3,12.1,15.4,17.2,17.9,18.5
20220806,17.8,18.1,18,17.2,17,16.8,16.3,16.7,19.6,23.6,31.5,41.3,38.3,23.1,15.6,15.6,15.5,15.8,17,18.8,19.4,20.4,22.3,22.8
20220807,24.8,26.2,28.6,33.3,35.2,35.6,33.4,32.6,32.6,33.3,35,31.5,28.8,25.3,22,19.5,17.5,16.3,15.3,17.1,21.2,23.7,23.3,22
20220808,17.8,17.7,16.6,13.8,11.8,10.3,8.6,5.5,4.4,3.7,3.5,3.4,3.6,3.8,4.4,5.1,5.6,6,6.6,7.4,8.2,9.1,9.2,8.5
20220809,8.7,8.4,8.1,8.1,7.7,7.7,8.1,7.5,7.7,7.5,6.8,6.7,6.9,7.3,6.7,6.5,6.4,5.8,5.6,6.1,6.6,7.3,8.6,9.7
20220810,10.5,11.2,11.9,11.9,12,12.2,12,12.7,16.2,16.3,14.5,12.2,10.3,8.1,6.5,7,7.8,7.5,7.6,8.6,8.5,10.2,13.1,15.7
20220811,16.4,18.1,19.7,21,22.5,23,22.8,24.8,27.3,28.3,27.5,23.4,20.5,16.5,11.8,11.6,11.1,10.8,10.2,11.1,12.1,13,14.5,16.1
20220812,19.3,22.6,27.7,34.3,41.1,49.5,52.6,54.3,54,52.4,46.2,38.3,31.7,26.1,22.9,21.5,21.4,22.5,24.8,28.5,33.2,36.2,37.3,38.5
20220813,38.8,39.9,43,47.5,50.9,53.8,56.9,57.3,57.8,59,55.5,49.2,42.9,37.7,35.2,33.9,35.7,39.4,43.4,46,46.3,43.9,40.4,37.5
20220814,34.5,32.9,31.2,31.3,33.4,35.9,39.2,40.2,38.4,35.5,34.2,35.2,33.9,29,24,19.4,17.6,17.3,17.5,17.9,19.8,22.2,23.7,23
20220815,21.4,21.4,21.4,20.8,20.5,19.2,16.7,15.1,12.5,7.8,3.7,2.6,2.4,2.2,2,2.1,1.9,1.4,1.4,1.6,2,1.9,1.6,1.5
20220816,1.4,1.3,1.3,1.5,1.5,1.8,2.1,2.5,2.8,2.6,2.8,3.1,3.1,3.5,3.8,4.6,5.6,6.6,7.9,9.9,12.3,14.9,16.6,16.7
20220817,19.2,21.1,21,21.9,23.6,24.1,24.2,25.9,28.5,29.1,29.3,29.7,28.3,27.3,25.6,24.2,24.6,26,26.5,28.5,30.6,31.5,31.7,32.1
20220818,34.7,35.8,33,32.5,34.1,38.2,39.3,35.4,27.6,24.1,27,29.6,30.5,28.3,26.6,26.9,26.3,25.5,25.1,25.9,26.5,27,28.3,28.9
20220819,27.6,27.9,29.5,29.7,25.9,22.6,18,11.4,3.6,1.7,1.5,1.6,1.9,1.9,1.8,1.9,2,1.8,1.9,2.7,4.2,4.8,5.3,5.3
20220820,5.3,4.7,4.4,5.1,5.8,5.8,5.3,5.8,7.3,9.2,11.7,11.2,11.5,11.5,11.1,10.9,11.3,12.4,13.9,15.1,16.7,17.2,18,18.1
20220821,18,18.1,17.9,17.9,18.2,18.6,20.1,21.5,23.5,25.1,25.1,24,23.2,22.4,23.4,22.8,23.7,26.5,31,36.5,42.8,47.7,51.2,49.7
20220822,37.8,27.4,22.8,18.1,18.1,20.7,23.4,25,23.7,18.2,11.2,5.3,3.7,3.3,2.9,2.6,2.6,2.1,2.2,2.7,3.4,3.5,3.3,3.2
20220823,2.9,2.7,2.8,2.7,2.8,2.9,3.2,4.6,4.5,3.8,3.4,3.1,3,2.6,2.8,3.3,3.5,3.9,4.8,5.1,4.8,5,4.3,4
20220824,4.2,4.2,4,4.2,4.5,4.5,5,5.9,7.3,7.5,6.8,6.7,7,6.8,6.9,6.8,7.3,7.5,8.9,10.6,12.3,14.4,15.7,16.9
20220825,18.5,19.1,19.4,20.5,20.4,19.2,17.7,15.3,12.6,8.5,6.2,4.2,3.5,3.2,3.2,3.1,3.2,3.3,3.8,5.2,7.2,8.7,9.3,8.4
20220826,8,7.9,8.4,8.1,7.8,7.8,8.2,9.1,10.8,9.2,6.7,4.9,3.8,3.6,2.8,2.8,2.9,3,3.4,4.2,5.9,6.5,5.9,5.3
20220827,5.2,4.8,4.3,4.1,3.8,3.7,3.7,4.6,4.9,4.6,3.8,3.1,2.2,2.4,2.6,2.8,3.2,4.1,5.1,6.8,9.2,9.7,9.8,10
20220828,10.6,10.6,11.2,11.4,11.6,12.1,11.9,12,13.2,15.4,17.3,19,19.5,21.1,20.1,18.9,16.3,14.5,13.9,12.1,12.1,13.6,14.4,14.8
20220829,15.8,17.6,19.8,20.7,22.2,22,21.2,18.2,17.4,15.3,13.1,12.8,13.3,13.4,13.5,13.6,13.9,14.8,16.5,18.2,20.5,22.3,24.5,26.4
20220830,27.2,27.6,29.1,30.5,30.5,29.2,27.8,27.2,30.5,31.4,29,25.6,22.2,19.2,16.8,17,16.8,17.2,18.7,11.4,6,4.2,4.1,4.3
20220831,4.3,4.9,4.9,5.1,4.6,5,5.1,5.7,6.3,5.3,4.1,3.4,2.8,2.6,2.4,2.2,2.2,2.2,2.5,3.6,5.6,6.6,6.5,6.4
20220901,6.1,5.8,5.6,5.3,4.8,4.5,4.6,5.8,6.3,6.1,5.6,5.2,5.3,5.7,6.4,7,7.4,9.1,12.2,14.8,17.5,18.9,18.9,17.8
20220902,15.8,16.4,16.7,16.5,16.5,17,17.4,19.4,21.7,22.3,23.7,21.2,17.3,15.4,14.9,14.8,15.1,15.5,16.3,17.9,19.9,22,22.5,22.7
20220903,23.7,26,26.7,27.8,28.5,29.3,29.9,30.3,31.3,30.7,35.9,38.1,36.9,31.3,27.8,26.6,26,27.1,28.1,31.1,31.8,31.9,31.8,32.5
20220904,35.2,35.9,39.1,43.7,51.4,48.5,47.1,44.8,43.2,42.5,40.4,40.1,39.3,34.5,30.9,28.9,27,28.5,28.7,27.6,17.5,14.3,11.2,9.5
20220905,10.4,11.7,11.5,9.8,6.6,3.3,2.4,2.5,2.5,2.6,2.3,2.1,2.2,2.1,2.2,2.2,2.5,2.5,3,4.3,5.7,6.3,6.8,7.1
20220906,7.9,7.9,7.9,7.8,7.6,7.8,7.8,8.6,9.1,7.3,4.8,3.9,3.7,3.3,3.1,3,2.9,2.8,3.1,4.6,6.9,8.5,9.1,9.4
20220907,9.8,9.9,9,9.1,8.9,8.8,7.5,7.8,8,7.4,6.6,6.7,5.9,5.5,5.4,5.9,6.5,7.1,7.9,10,12.7,13.8,14.6,14.5
20220908,15.2,15.5,15.8,16.1,16.2,15.3,14.6,14.8,16.5,16.1,16.4,15.6,14.9,15.4,15.8,16.1,16.9,18.1,19.7,22.3,26.3,28.7,29.7,29.6
20220909,29.8,30.1,32.3,31.4,31.7,29.7,28.6,26.8,26,25.4,23.3,22.6,23.2,25,27.4,30.2,34.4,36.2,39.9,45.6,51.3,57.9,59.8,62.5
20220910,70.6,63.1,60.8,59.3,57.9,58.5,55.9,51.2,47.7,42,41.3,40.3,39.5,38.3,33.7,33,34.5,38.2,43.9,50.8,58.4,51.4,36.2,23.2
20220911,20,19.7,20.3,19.5,19.7,22.8,25.3,25.9,27.5,29,29.3,29,28.2,27,26.8,26.6,25.5,27.4,30.3,34.6,37.9,42.2,44.3,44.5
20220912,45.3,46.7,48.1,49.1,49.6,50.4,52,50.9,51.1,50.9,51.2,49.4,43.8,40.7,36.1,33.4,32.8,37,43.7,51.2,55.4,60.7,65,65.6
20220913,66.6,67.1,71.4,71.5,76,78.4,77.8,74.5,69.9,61.8,57.6,54.9,49.1,44.6,39,33.3,30.7,31.3,34.9,41,47.7,53.6,58,57.1
20220914,59.6,57.7,57.5,58.3,57.5,58.5,61.2,62,61.4,55.4,44.8,28.6,16.5,13.6,11.4,10.4,10,10,10.8,12.7,14.4,16.5,17,17.2
20220915,17.9,19.2,20.5,21,21.5,21.6,22.8,25.1,27.2,26.6,25.2,23.7,23.1,20.4,17.2,15.1,13.5,12.8,14.6,16.8,18.6,20,23.4,27.3
20220916,29.9,32.2,32.8,32.1,31.3,31.3,30.7,30.5,31.9,30.7,27.4,23.1,19.1,16.8,15.6,15,14.6,15.2,16.8,19.3,21.3,23.6,26.2,27.8
20220917,29.2,30.5,32.1,33.9,35.6,37.8,40.5,44.6,49.9,54.7,56.7,54.2,49.8,41.2,34.6,30.2,27.6,26.5,26.6,29.7,34.9,39.8,42.9,44.8
20220918,45.7,44.6,37.2,21.5,12,7.2,5,4.2,4,3.6,2.8,2.3,2.2,2.2,2,2.1,2.3,2.7,3.5,5.7,8.3,8.8,8.7,9
20220919,9.2,8.1,6.8,6.1,6.3,5.8,5.3,5.3,5.4,3.9,3.5,3.3,3.1,3.1,3.1,3.5,4.1,4.8,6.2,7.8,8.4,7.8,6.4,5.5
20220920,4.9,4.4,4.1,3.9,4.2,4.2,4.3,5,6.2,5.4,4.6,4,3.7,3.5,3.5,3.6,4.1,4.4,5.4,7,9.5,10.8,11.9,12.9
20220921,13.2,13.1,13.3,13.8,13.7,14.5,14.6,14.8,16.4,18.3,22.6,27.2,26.3,21.8,19.6,17.2,15.4,14.9,15.6,16.8,17.8,19.4,21.2,23.9
20220922,27.1,30.1,33,35.1,36.3,36.7,33.8,34.1,36.8,35.7,28.1,15.5,5.9,2.9,2.7,2.8,3,3.5,3.3,3.6,6,5.6,3.3,2.7
20220923,2.5,1.9,1.8,1.7,1.8,1.8,2,2.4,2.7,2.3,1.9,1.7,1.9,1.9,2,2,2.2,2.5,3.7,6.8,9.6,10.9,11,11.3
20220924,11.2,10.8,11.2,11.1,10.3,9.4,9.1,9.3,9.9,9.6,9.2,9.1,9.3,10.2,11.7,11.5,13.4,15.2,17.2,20.2,23.5,26.7,28.9,30.4
20220925,30.3,30.4,30.7,31,31.3,31.4,31,30.7,33.2,37.6,43,50.3,56.5,58.1,56.3,52.4,49.5,49.3,50.4,50.9,53,54.6,56.9,58.5
20220926,59.5,60.6,62.8,64.8,65.5,64,63.4,62.9,63.6,69.9,74.2,75.9,74.9,67.2,52.2,44.7,41.8,40.3,38.6,37.8,39.5,42.8,46.8,49.9
20220927,52.7,56.7,63.3,70,76.8,79.8,80.4,78.4,78.8,81.8,83.5,83.3,80,65.2,48,39,39.4,35.7,32.8,33.7,36.7,38.7,42.6,44.6
20220928,47,49.2,53.4,57.2,61.2,66.2,70,71.2,74,76.8,78,78.9,75.1,67,53.2,45.5,39.3,36.6,37.5,43.3,49.4,54.5,58.4,61.1
20220929,61.7,62.1,65,68.9,71.3,72.5,72.1,73.6,72.7,70.4,71.7,75.1,75.7,69.7,58.2,49.6,46.8,46.6,46.9,51,57,62.2,69.1,76.3
20220930,81.3,84.4,89.6,93.4,95.1,96.5,95.8,96.7,96.4,99.6,103.7,105.3,101,90.1,73.3,61.3,56.9,51.1,50,52.1,58.1,64.3,66.5,65.1
20221001,63.3,62.3,62.9,67.9,70.5,75.2,75.8,76.1,76.1,72.8,74.2,72.5,69.3,66.7,63.8,57.5,54.3,53.9,57.4,64.3,71,76.9,79.1,77.6
20221002,64.2,46.1,30.6,21.1,21.9,22.1,21.2,18.5,15.2,13,10.7,8.6,7.8,7.8,7.2,6.8,6.6,6,6.5,7.1,7.2,7.4,7.8,9.4
20221003,10.7,12.1,13.6,14.3,15,14.7,13.4,13.5,11.9,7.2,2.7,1.9,1.5,1.4,1.2,1.3,1.3,1.3,1.6,1.8,1.8,1.6,1.6,1.5
20221004,1.4,1.2,1.2,1.2,1.2,1.2,1.4,1.4,1.6,1.6,1.5,1.5,1.7,1.8,1.9,2,2,2.1,2.9,5.3,7.3,8.4,9.5,10.1
20221005,10,10.2,10.1,9.1,7.9,8.1,5.8,5.9,6.3,5.7,4.9,4.3,4.1,4.4,4.7,5.5,6,6.8,8.7,11.2,14.2,16,18.8,20.4
20221006,20.8,19.5,18,,15.7,14.2,12.8,12.9,13.1,11.9,14.6,18.6,22,24.5,23.6,20.7,19.9,20.5,22.1,25.1,29,31.3,33.3,33.9
20221007,33.4,33.2,33.5,32.9,32.6,31.9,32.4,32.2,34.1,36.6,41.4,48.2,52.1,55,56.6,58.1,60.5,60.5,61.2,64.3,69.2,73.8,76.2,74.6
20221008,71.1,68.3,67.3,67.4,66.4,65.5,66.7,68.6,68.8,68.3,72.9,75.9,75.9,76,72.1,68,64.7,62.8,63.1,63.7,64.3,62.1,45.7,14.9
20221009,6.3,3.2,2.2,1.4,1.3,1.3,1.3,1.6,1.9,1.9,2,2,2.1,2,2.2,2.2,2.2,2,2.1,2.3,2.3,2.1,2,1.9
20221010,1.7,1.4,1.2,1.1,1.2,1.4,1.5,2.3,2.5,1.9,1.8,1.8,2,2,2,2.2,2.7,2.7,4,7.3,8.9,10.5,12.2,12.7
20221011,12.6,11.7,10.8,9.6,8.5,7.6,7,7.4,9,8.7,7.9,7.1,7.1,8.3,9.3,10.7,12.4,15.5,17.6,22,27.4,29.3,29.5,30.5
20221012,30.2,29.5,29.3,29.1,28.9,28.7,28.8,29.8,31.6,37.5,43.3,50.7,55.4,60.1,61.2,60.8,59.2,58.9,60.8,64.6,69.3,71.2,72.3,72.3
20221013,72.1,71.7,73.2,73.9,74.3,75,75.2,75.6,76.8,79,84.7,90.5,95.2,98.8,99.8,97.8,93.5,90.2,88.2,89.4,91.4,93.2,93.5,94
20221014,93.5,93.9,96.3,98.2,99.3,100.2,101.6,102,104.1,108.8,115.3,119.9,118.2,114.7,108.6,104.5,101.6,101.5,106,109.6,114.5,118.4,120.3,121.3
20221015,120.7,119.1,119.8,120,118.8,118.7,117.4,114.8,112.8,112.1,113.6,115.9,116.9,111.7,103.2,92.3,86.9,94.5,99.6,107.2,114,114.7,113.5,111.9
20221016,103.8,57.2,16.1,4.1,2.1,2.1,1.8,1.9,1.9,1.8,1.8,1.5,1.6,1.5,1.7,2.1,1.9,1.6,1.8,2.2,2.1,1.9,1.8,1.7
20221017,1.7,1.2,1.1,1.2,1.2,1.1,1.1,1.3,2.1,1.5,1.2,1.3,1.5,1.8,1.8,2.1,2,2.2,3.1,4.6,6.3,7.3,8.4,7.9
20221018,8.3,7.6,7.6,7.4,6.8,6.5,6,6.6,8.3,9.1,8.3,6.8,6.1,6,6.3,6.6,7.1,8.2,10.3,13.6,17.2,18.8,19.4,20.4
20221019,20.6,19.9,19.6,19.2,18.7,17.6,17,17.4,18.9,20.7,24.5,29.5,33.9,37.6,39.7,44.7,48.4,52.2,55.5,60.5,64.2,67.7,68.1,67.7
20221020,65.5,64,63.3,63.4,63.9,65.1,66.6,69,72.5,76.5,79.7,79.6,80.6,80.8,80.9,79.5,78.5,81.8,84.1,87.1,88.6,88.9,89.8,90.6
20221021,90.7,90.5,91.4,91.2,90.8,90.1,89.8,90.1,90.2,93.1,98.8,103.6,106.4,105.5,102.5,97.9,93.5,90.2,89.5,93.7,98.8,102.2,104.2,105.6
20221022,106.4,102.1,82.9,66.7,43.6,24.1,16.9,13.9,10.9,5.7,3.8,3.4,3.5,3.2,3,2.8,2.7,2.8,3.5,6.8,7.4,7.5,7.9,8.7
20221023,8.2,7.8,7.3,7.2,6.9,6.8,6.7,6.7,8.1,8.1,7.1,5.6,4.2,2.9,2.8,2.7,2.8,3.4,5.7,9.7,12.5,14.4,15.3,15.1
20221024,15.9,15.8,16.3,17.3,17.3,16.3,15.4,15.8,17.2,17.8,17.6,20.8,24.5,26,28.8,32.2,34.4,36.3,38.3,43,46.8,48.1,52.1,52.6
20221025,51.8,50.2,51.4,54.4,57.4,58.1,57.9,58.5,60.2,65.4,71.2,76.5,81.9,86.6,90.9,95.7,101.6,108,114.5,126.5,135.4,144.2,148.1,151.2
20221026,154.8,150,152.1,151.2,148.1,145,142.2,140.1,141.6,143.8,145.8,142.1,127.7,108,94.2,86.5,76,68.5,60.3,44.7,30.6,21.8,11.7,7.6
20221027,6.2,4.3,3.7,3.1,2.9,3.2,4.2,5.3,5.5,6.4,7.3,6.8,6.9,7.1,8.3,8.4,9,9.3,10.3,10.9,12,12.5,12.9,13.4
20221028,13.8,14,14.5,15.1,15.2,15.3,15.9,17.3,18,18.8,19.7,20.3,20.2,20.3,20.3,21.3,21.6,21.7,22.5,24,26.5,28.7,28.8,29
20221029,28.7,28.5,28.3,28.4,28.3,28.8,29.3,30.1,31,32.5,34.3,37,39.3,41.4,42.5,43.7,44.6,44.5,43.1,41.5,42,43.2,45.1,46.5
20221030,46.5,47.5,49.4,52.1,55,58.1,60.3,61.5,64.2,68.4,73.2,76.7,78.2,77.3,75.6,74.5,74.8,75.5,77.9,81.1,83,84.9,86.6,
20221031,88.7,89.5,91.2,86.5,74.8,54.6,27,12.8,9.6,6.2,3.8,2.8,2.8,2.5,2.5,2.5,2.3,2.3,3,3.6,3.7,3.4,3.4,3.2
20221101,3.1,2.7,2.8,3.3,3.9,3.6,3.8,4.6,6.5,7.2,5.8,5.5,5.2,5.5,6.4,7.3,8.5,10.9,15.1,18.5,20.6,21.5,21.3,20.6
20221102,21.8,22.8,23.4,23.9,24.2,24.8,25.5,25.4,27.2,28.8,30.6,33,35.2,38.3,40,40.3,37.7,37,37.6,38.8,40.2,40.6,39.1,37.9
20221103,34.7,34.5,37,37.2,37.1,35.2,31.6,29.3,28.8,26,24.8,24,22,21.4,21.3,20.6,20.7,22.7,25.6,26.2,19,9.8,5.1,2.6
20221104,2.2,2.2,2.5,2.5,2.6,2.9,3.8,4.4,6.5,6.5,6.3,4.8,3.8,4.1,5.5,9,14.1,19.8,22.2,27.5,30.7,35,37.5,37.7
20221105,37.4,36.9,36.1,33.8,29,25,20.4,17.6,17.1,18,17.1,15.6,14.9,16.9,17.6,18.9,19.8,23.8,30.5,42.7,48.4,51.9,54.9,57.2
20221106,57.8,56.5,53.9,54.4,52.9,53.1,53.6,56.5,57.6,63.8,75.4,84.9,94.6,96.6,96.1,94.2,94.9,98.3,101.8,108.2,111.3,113.1,113.1,112.6
20221107,111.8,108.9,105.1,97.6,81.1,58.2,40.9,28.3,20.6,13.5,7.9,3.3,2.5,2.3,2.6,3.1,3,3.3,5.8,9.2,12.2,13.1,12.8,13.8
20221108,14.2,14.4,14.1,14.6,14.6,15.3,15.3,16.5,19.2,23.6,27.7,33.5,43.7,50.7,54.1,50.7,49.8,48,48.5,51.7,53.1,54.4,56.4,58.8
20221109,59.9,60.8,62.6,62.3,62.8,63.5,64.2,64.8,65.5,66.2,70.1,74.1,76.3,77.2,78.6,80.7,84.1,88.2,92.4,97,98.3,95.1,92,88.3
20221110,86,83,84.7,84.8,83.5,82.7,81.6,79.7,78.6,80.9,81.8,78.5,74.2,70,65.3,65.5,69.3,75.5,86.8,101,113.5,121.1,132.5,138.8
20221111,143.7,146.6,150.4,151.3,148.5,143.3,139.5,137.6,132.5,125.6,119.8,113.6,106.6,103.7,102.4,94.4,83.8,72.9,65.4,59.8,54.1,45.8,33.8,26.6
20221112,19.5,11.8,7.6,4.1,2.4,1.6,1.5,2.4,2.5,2.3,2.1,2,2.1,2.2,2,1.8,1.8,1.9,2,2.2,2.1,2.1,2.1,2.2
20221113,2.4,2.4,2.6,2.6,2.7,2.8,2.9,3,3.6,4.2,4.1,4,4.3,5,5.7,6.5,7.3,8.3,10.2,12.5,14.7,15.8,17.1,16.9
20221114,17.8,18,18.2,17.8,18,17.8,17.9,18.8,19.6,20.4,21.4,23.1,25.7,29,30.9,30.4,31,32.1,34.9,38,41.1,41.5,41.4,41.3
20221115,39.8,37.5,36.1,34.3,30.2,24.6,23.3,23.4,24.2,24.3,17.8,12.3,7.9,6.4,5.8,5.6,5.9,7.2,10.5,14.3,15.5,15.6,14.4,13.1
20221116,11.9,10.8,10.6,9.7,9.3,9.1,8.7,8.7,9.5,10.8,10.3,10.3,9.8,10.5,13.8,18.2,21.9,26.8,32.9,40.5,44.8,47.2,47.1,45.4
20221117,41.2,39.2,39.1,37.1,35.4,34.2,34.7,36.1,38,40.9,45.8,49.1,55.4,61.9,64.4,67.3,69.4,73.1,80.2,87.6,93.4,96.6,98.7,95.8
20221118,94.7,87.3,83.3,79.8,73.3,67.4,62.2,58.4,58.4,59.9,66.5,82.1,95.3,99.5,97.7,95.8,96.2,93.1,96.5,96.3,96.7,95.9,92.8,88.6
20221119,84.5,79.8,76.1,74,74.4,76,75.5,75.7,77.8,81.5,88.5,93.2,102.5,107.2,106.2,101.6,103.5,108.6,115.9,122.6,128.2,134.2,134.1,131.5
20221120,126.1,117.2,112.8,107.2,102.8,99.3,98.2,94.8,96,101.8,112,123.5,132,132.8,139,142.8,136,129.4,130,127.7,125.5,126.8,120.7,105.4
20221121,94,87,84,80.5,76.1,75,72.2,63.3,54.2,46.4,32.6,20.9,13,9.2,7.7,6.8,6.9,7.7,9.5,12.1,17,20.3,26.4,31.6
20221122,33.6,34,35.5,36.9,36.6,36.1,33.8,32.6,32.9,34.7,38.3,42.5,42.5,40.6,40.5,40.6,39.4,38.9,41.1,45.4,48.8,49.6,50.5,50.7
20221123,51.7,52.9,54.6,56,57.1,57.8,57.7,58.8,59.5,62.9,70.4,74.4,75.7,75.6,75.7,75.4,74.7,74.6,77.7,81.8,84.8,85.9,86.1,85.5
20221124,85.3,85.4,86.4,88.6,90.8,91.1,91.1,92.7,95.8,100.6,107.9,115,122.2,128.6,133,133.8,136.9,141.1,145.4,149.2,151.2,148.4,144.4,140
20221125,137.5,136.3,136.5,137.7,134,127.3,115.2,100.2,87.8,75.7,58,33.3,22.4,17.4,14.7,12.2,8.2,7,5.7,3.8,2.6,2.4,2.1,2.1
20221126,1.9,1.9,1.9,1.8,1.9,2,2,2.3,2.7,3.6,3.5,3.4,3.8,4.3,4.6,4.9,5.7,6.7,8,9.6,11.4,13.1,14.9,16.3
20221127,16.9,16.8,17.2,16.7,17.2,17.7,17.8,17.7,17.5,17.3,16.1,14.9,13.5,13.3,13.5,14.3,14.9,15.3,18,21.5,23.9,23.7,26,26.2
20221128,27.1,26.9,27.2,27.9,27.1,27.8,27.4,26.7,29.1,32.9,37.6,36.6,31.1,22.5,14.4,18.8,26.6,41.3,51.1,49.6,42.6,29.8,22.8,20.4
20221129,15.5,10.7,7.9,7.2,7.4,7.7,8.1,8.5,8.7,8.7,9.2,9.9,9.2,8,7.2,6.9,6.9,7.1,7.4,7.9,7.8,7.1,6.4,5.9
20221130,5.2,4.8,4.4,4.5,4.8,5.6,5.8,6.3,7.2,9,8.5,8.2,8.7,8.6,8.4,8.8,9.5,10,11.5,12.5,13.1,15.5,14.6,12.8
20221201,10.6,8.3,6.9,6.3,8.1,7.5,6.4,6.5,8.1,9.4,9.8,9.8,9.9,11,11.8,11.9,11.9,13.3,16.2,18.1,19.7,21.5,22.1,22.5
20221202,22.3,21.7,22.7,23.7,24.1,23.8,22.9,23.1,24,26.8,30.3,33,37.3,40.6,42.8,45,46.4,48.2,50.6,55.7,55.7,54.2,53.2,51
20221203,48.1,42.9,36.4,28.1,19.8,16.3,12.6,8.3,6.3,5.6,4.5,4.2,4.7,4.6,4.7,4.7,5.1,7,9.6,10.8,8.8,6.7,5.5,5.3
20221204,5.2,5.5,5.1,5,4.9,4.8,5,5.8,7.9,9,8.4,7.8,9.6,11.8,13.7,14.8,16.2,18.4,22,28.1,31.2,32.9,31.9,31.3
20221205,30.3,30.1,28.6,27.2,24.9,23.3,20.9,19.9,20.8,20.3,16.3,13.3,11.3,10.2,11.4,13.6,17.4,19.8,24.6,,31.7,31.5,29.8,29.1
20221206,27,25.5,25.1,24.6,22.8,20.8,19.5,19.5,20.4,20.8,21.7,23.8,24.7,26.1,24.5,24.8,25.3,27.1,31.6,36.3,38.6,39.5,35.9,30
20221207,23.2,21.7,20.9,20.5,19.7,17.8,15.5,14.6,14.5,15.4,16.2,15.3,15.5,16.7,17.8,18,19.6,22,24.7,28.8,32.3,33.6,33.8,32.1
20221208,30.5,28.4,27.2,24.7,23.3,22,20.3,20.6,22.1,22.4,20.3,18,13.8,11.9,10.4,10.7,12.5,17.7,25.5,30.8,32.6,33.6,34,32.9
20221209,31.4,28.7,27.4,25.5,23.5,21.7,20.2,19.8,21.2,21.5,23.4,25.3,26.7,31.5,42.3,46.3,49.8,54.2,61.2,70,78,83.1,86.7,83.5
20221210,66.3,41.9,15.4,8.9,4.7,2.8,2.2,2,2.3,2.8,3.1,3.3,3.9,4,4,3.9,3.9,4.5,5,5.1,4.7,4.4,4.5,4.9
20221211,4.8,5.2,4.7,4.4,4.6,4.6,4.8,5.9,5.7,6.6,5.9,5.7,5.8,6,6.3,6.7,7.9,10.2,13.9,18.5,20.5,24.2,27.9,30.5
20221212,31.6,32.4,32.5,32.9,34.2,41.4,53.4,71,92.6,113.5,130.5,148.5,172.2,201.3,230,252.2,250.9,234.9,221.3,216.4,204.7,200.6,193.1,174.2
20221213,127,76.2,59.5,35.3,21.3,14.3,8.5,7.1,7.7,15.4,11.6,14.6,13.5,15.5,15,12,11.9,13.4,13.5,12.9,12.9,10,8.2,7.2
20221214,6.4,7.4,6.8,7.2,8.2,10.3,12.7,14.1,15.5,23.8,21.1,21.9,20.4,19.5,18.4,17.2,17.3,19.7,21.3,24,25.5,26.2,26.3,25.8
20221215,25.6,24.8,23.5,22.5,19.6,16.5,12.6,9.8,8.8,8.9,8.6,8.5,8.2,6.8,6.5,6.6,6.3,8.2,7.6,7.3,6.9,6.9,6.1,4.9
20221216,5.4,5.5,5.9,6,6,5.8,5.7,6.2,6.9,8.6,7.9,7.1,5.8,5.1,5.2,5.9,6.6,8.4,10.5,10.8,7.8,6.2,7.2,8.3
20221217,8.2,9.1,6,5.8,5.2,5.3,5.3,5.4,5.3,6.1,5.7,5.3,5.4,5.7,5.7,5.3,5.2,5.6,5.3,5.2,5.3,4.9,5,5.2
20221218,5.1,5.5,5.5,5.8,6,6.4,7.5,8.9,9.7,11.8,11.5,10.5,10.2,11.2,12.1,13,14,16.2,18.5,21.8,25.4,25.4,23.9,23.9
20221219,22.5,21.5,21.9,21.4,21,20.2,20.2,20.3,21.8,23.8,24.9,22.1,20,17.8,16.1,14.7,14.2,15,15.9,20.1,22.5,24.1,25.2,26.4
20221220,27.6,27.1,28.4,29.5,28.7,28.3,26.8,25.9,26,25.8,30.2,29.1,30.6,33,,36.4,37.6,40,42.3,45.4,45.1,30.5,17,10.3
20221221,6.9,6,5.3,5.2,4.7,4.9,5.3,5.5,6.1,8.2,8.8,7,6.6,7.1,7.7,8.5,14,12.3,10.9,9.6,9.1,8.9,,8.6
20221222,7.2,6.2,5.6,5.4,5.3,5.2,5.1,4.9,5.7,6.3,5.5,5.1,5.2,,4.4,4.2,4.2,4.5,5.3,5,4.9,4.9,4.7,4.9
20221223,5.3,6,6.2,6.4,6.4,6.5,6.8,6.8,7.8,8.8,8.8,8.8,9.4,8.9,8.2,7.9,8.1,9.4,10.3,10.6,9.5,8.8,9,9.3
20221224,9.1,8.3,8,8.1,8,8,8.1,8.2,9.3,11.6,12.1,11.9,11.3,10.8,10.6,11,12.3,15.5,19,23.4,25.2,26.6,27.4,27.7
20221225,25.8,24.5,23,23,22.4,20.8,20.3,21.2,21.1,21.3,21.5,20.6,20,19.9,21,22,21.6,22.1,25.2,29.5,31.8,32.2,32.9,31.6
20221226,31.6,31.2,30.7,29.6,28.3,25.4,22.4,18.2,16.8,17.5,15.7,13.9,13,13.1,14.1,17,19.7,24.6,27.8,31.4,31.5,31.9,32.3,32.5
20221227,32.1,31.3,27.4,19.7,11.5,8.6,6.9,6.6,6.8,7.6,6.6,6.4,6.5,6.2,5.9,5.8,5.9,6.3,7.5,9.5,11.6,11.4,11.5,10.8
20221228,11.1,11.2,10.6,10.8,10.6,10.8,11.3,11.4,13.2,14.8,14.3,14.7,13.9,14.2,14.6,14.9,15.3,16.3,18.8,21.1,24,26.3,27,24.1
20221229,17.4,11.1,7.3,5.2,4.8,4.7,5,4.8,5.8,6.5,6.3,6.1,5.8,6.2,6.2,6.3,6.7,8.2,10.8,14,17.3,17,18.1,18.5
20221230,18.7,17.9,16.9,16.8,15.8,14.3,14.4,13.9,15,15.5,16.2,16,16.2,16.8,17.1,16.7,17.1,19.3,23.2,28.3,31.9,34,34.7,33.5
20221231,31.7,30.9,29.8,28.1,25.9,25.2,22.9,22.6,22.9,24.4,26.2,26.5,26.4,23.2,20,18.3,18.8,20.7,22.8,26.6,27.8,28.8,28,26
20230101,22.8,24.2,21.1,19.5,19,16.6,15.8,15.1,15.3,17.2,18.5,18.7,19.9,19.8,17.3,15.8,15.3,16.3,20.4,25.8,27.8,26.2,26.2,21.6
20230102,16,11.5,8.8,7.3,7,6.6,6.7,6.8,7.4,7.9,8.1,8.7,8.9,8.9,9,9.1,9.5,10.8,14.1,,19.6,19.3,17,16.2
20230103,15.8,16,14.3,12.7,12.2,11.3,11.5,11.5,12.2,14.6,15.2,15.2,15.5,16.8,17.8,19.9,22.6,24.8,27.8,32.1,38.2,38,36.8,36
20230104,34.4,34.6,32.9,31.5,30.8,29.9,29.6,28.8,28.7,28.5,28.7,30.6,33.6,33.4,32.7,35.8,39.4,45.6,54.9,62.9,68.6,73.2,74.2,75.2
20230105,74.5,72.2,69.8,65.2,60.9,57.8,55.9,52.2,51.9,51.7,52.9,56.7,63.8,73.5,83.7,87.3,94.6,99.3,105.7,116.3,122.1,126,127.1,124
20230106,121.8,114.2,111.3,110.3,114,117.9,110.9,107.3,108.6,110.7,107.8,98,68.6,41.3,19.6,10,7.6,7.7,8.3,9,9.6,11.1,11.3,11.4
20230107,11.1,11.5,11.9,12.3,12.5,12.4,12.5,12.8,13.5,14.6,16,17.2,17.3,17.3,17.9,19.8,21.7,24.7,27.2,30.8,35.1,36.3,37,37.5
20230108,36.1,34.5,33.2,32.6,30.4,29.2,28.5,29.8,31.8,36,38.8,38,33.9,27.3,21.7,18.8,16.8,18.5,18.8,21.2,17.9,12.7,10.2,9.2
20230109,7.7,7.1,6.9,6.2,5.3,5.1,5.9,7.2,9.4,12.6,12.8,14.1,16.8,18,17.3,15.3,13.3,14.5,17.4,20.8,24.2,25.7,27.8,30.1
20230110,30.3,31.5,32.2,32.7,32.3,32.4,32.9,33.5,34.4,36,36.5,38.1,39.6,39.7,36.4,31.4,30.7,30.6,36.5,42.9,46.8,48.9,50.6,50.9
20230111,49.8,49.3,49.5,48.8,48,47.8,48.2,45.4,46,46.6,49.2,51.3,54.2,57.1,60.3,65.5,69.5,74.2,78.6,80.8,82.8,83.8,83.9,82.3
20230112,82.2,80.5,78.1,76.9,75.8,73.9,73.7,74.1,74.5,75.7,78,81.3,85.1,87.9,91.5,96.1,100.1,100.3,102.9,104,102.1,101.9,101.4,100.5
20230113,101.6,101.5,102,102.8,105.2,104.8,104.4,103.3,102.4,102.2,107.1,107.9,106.1,100.1,90.5,73.9,53.4,39.8,29.3,22.2,16.9,12.5,9.9,7.9
20230114,5.8,4.4,3.6,2.8,2.3,1.7,1.5,1.4,1.5,1.8,1.9,2.2,2.4,2.6,2.7,2.6,2.6,2.9,3.2,3.9,4,3.8,3.7,3.5
20230115,3.7,3.8,4.1,4.4,4.3,4.6,4.7,5.3,6.3,7.5,8.6,8.3,8,7.9,8.1,7.6,6.6,5.5,5.9,6.4,7.2,7.9,9.1,9.4
20230116,10.2,10.4,10.8,10.6,10.5,10.9,11.3,12.6,13.1,14.8,16.6,17.8,18,19.4,20,20.7,21.5,22.6,23.9,25,27.1,29.2,29.4,29.2
20230117,28.8,29,28.8,27.7,27.9,29.3,30.5,31.1,32.4,34.5,34.2,31.8,28.6,25.7,23.5,21.9,21.5,19.7,19.3,20.6,21.1,20.2,17.1,16.2
20230118,16.2,16.5,16.6,16.3,15.8,15.8,16.3,16.8,17.9,20.1,22.8,24.7,28.7,30.4,30.8,31.1,32.2,34.4,38.9,45,48.1,47.9,46.3,45.8
20230119,44.2,43.5,43.1,44.1,44.3,43.4,43.4,43.2,44.7,48.4,54.5,58.9,54,30.4,14.6,7.7,6.6,6.5,6.4,5.9,5.7,5.5,5.5,5.9
20230120,5.7,7.4,5.8,6.4,6.5,6.3,6.3,6.6,7.5,9.9,8.5,7.7,6.5,6.5,6.8,7,7.5,8.4,10.2,13.2,15.5,18.4,21.2,23.4
20230121,25.1,27.2,28.6,29,28.6,28.2,29.8,30.7,30.5,30.7,30.5,30.6,31.3,30.8,31.1,31.7,33.9,35.4,38.7,44.5,51.2,58.3,65.6,70.8
20230122,74.8,86.8,88.7,92.8,87.1,83.5,79.7,72.3,69.1,69.3,67.7,65.1,60.9,53.8,47.6,45.4,45.1,44.5,46.1,49.5,54.2,61.3,83.2,122.4
20230123,143.6,135.8,128.2,114,92.2,76.8,61,43.4,25.7,15.9,9,7,6.7,7,6.8,6.7,6.6,6.9,6.8,6.3,5.6,5.3,4.8,4.6
20230124,4.7,5.1,4.8,4.1,4.1,4.5,4.7,4.7,5,6.3,6.1,6.2,7.2,8.5,9.1,9,9,8.8,9.5,11.1,13,14.3,15.4,16.3
20230125,17.1,18,19.9,19.9,19.7,20.2,19.2,18.5,18.5,18.5,19.3,21.1,23,24.3,25.7,27.5,28.7,31.1,33.7,36.3,38.2,37.6,36.9,36
20230126,35.2,34.7,32.9,32.3,32.2,32.3,32.2,32.5,33.9,34.2,31.2,25.2,21,17.7,15.5,13.3,11.6,9.5,7.5,6.3,6.1,6.2,7,7.6
20230127,7.3,6.8,6.7,6.2,6.1,5.7,5,4.7,5.2,6,5.7,4.8,5.1,5.2,4.6,4.4,4.5,5.3,6.1,8.1,9.8,11.2,12.5,12.4
20230128,14.1,16.4,16.8,17,16.3,15.4,14.1,13.2,12.6,14.7,12.9,12.5,13.7,13.8,12.8,12.6,12.8,13.5,14.5,17.7,18.4,19.9,20.8,21.2
20230129,21.5,22.3,21.9,21.6,21.4,22.4,23.9,24.3,24.8,25,24.8,22.2,19.1,16.9,16.3,15.9,14.7,16.1,17.7,21.3,24.6,25.4,25.7,24.9
20230130,23.8,22.9,21.4,20.3,19.7,18,16.9,16.8,17.2,20.3,24.8,29.1,31.2,35,38.6,40.6,42.8,45.8,49.7,54.7,56.7,60.1,57.4,57.1
20230131,55,51.5,50.6,49.8,49.7,48.7,47.2,46.7,47,49.1,51,49.8,43.5,34,25.7,18.2,14.9,13.5,14.4,14.1,18.3,19.2,19.3,18.2
20230201,14.1,11.8,5.5,4.5,4.7,5.1,5.1,5.5,6.6,8.2,7.4,6.8,6.7,6.6,6.5,6.6,6.5,6.8,7.1,9.5,11.8,10.8,9.4,8
20230202,7.4,6.9,6.7,6.8,7.2,6.9,6.3,6.8,7.8,8.9,9.1,8.5,8.1,7.7,7.3,8.1,8.5,10.6,12.3,14.9,17.5,19.1,20.6,21.7
20230203,20.9,21.5,21.7,20.4,18.2,16.7,15.2,14.9,15.7,16.9,18.6,20.5,23.1,23.8,25.5,26.4,25.8,27.9,32,36.8,40.1,43.4,42.7,41.6
20230204,38.5,35.3,33.2,31.7,30.5,29,26.1,24.6,24,23.4,20.7,19.5,21.2,23.7,22.5,21.6,22.4,25.4,29.2,34.1,40.6,45.6,47.2,48.7
20230205,50,50.8,50.3,50.5,50,49.2,50.6,50.8,51.7,54.7,61.8,67.5,74.6,81.2,83.7,85,86.3,91.2,98.3,103.8,111.2,117.5,124.4,125.9
20230206,123.8,115.4,106.2,101.1,100.5,95.8,92.5,94.6,99,99.3,103.4,110.5,121,111.8,99.4,90.9,82.6,78.1,90.8,101,107.1,107.2,97.3,84.3
20230207,69.6,60.1,55.3,52.6,49.8,48.2,51.5,54.7,55.7,55.5,50.9,41.6,36.2,32.1,30.7,32.9,36.2,38.8,40.1,42.3,45.9,47.3,49.9,46.9
20230208,46.7,43.1,36.2,27.3,21.7,17.5,16.2,15.5,15.2,14.1,11.3,9.6,8.5,8.3,8.2,8.8,10.4,12.9,16.1,19.2,23.9,27.7,34.4,41.3
20230209,45.4,47.5,47.2,47.6,49.1,51.1,52.4,52.5,54.3,56.3,55.4,50.5,43.3,37.2,35.4,37.2,40,43.5,45.8,49.9,57.6,61.2,63.1,63.3
20230210,62.2,61.3,63.5,63.4,63.6,64.3,63.6,63.9,65.4,67.5,73.9,79.5,84.6,87.3,88.8,90,93.8,98,106.3,113,118.8,123.3,127.9,129.9
20230211,129.7,131.2,133,134.8,136,136.2,137.4,137.7,138.5,141.9,145.6,149.8,151.4,147.1,144.2,145.3,145.7,145.6,147.6,148.4,147.8,146.8,143.5,138.7
20230212,133.7,127.6,125.6,122,120.5,117,113.6,112.5,111.1,108,104.2,98,85.6,72.4,59.7,47,40.7,38.2,37.3,39.4,43.2,45.6,44.3,41.2
20230213,35.3,21.2,9.8,4.6,4,3.6,3.6,3.9,4.4,4.8,4.6,4.2,4,3.9,3.5,3.5,3.6,3.7,4.1,4.9,4.8,4.7,4.6,4.5
20230214,4.2,4.5,4.5,4.4,4.5,4.4,4.6,5.2,6.2,7.5,7.4,7.6,7.3,6.7,6.5,6.2,6.2,6.5,7.4,10.2,13.1,15.5,18.4,23.6
20230215,26.4,26.8,29.2,31.1,31.7,31.5,30.5,30.4,30.9,32.1,33,31.1,29.8,29.6,29.2,29.3,28.5,28.7,29.6,31.9,35.2,38.2,38.8,40.2
20230216,,,,,,,,,,55.1,57.8,61.8,65.1,68.9,74.5,78,81.5,83.9,87.6,90.8,96.2,99.5,102.1,103.3
20230217,102.2,100.1,101.6,104.8,107.1,106.1,104.7,103.9,105.3,111.4,120.4,128.8,134.4,143.5,150.2,155.7,159.9,162.5,165.8,169.6,172.4,174.3,173.3,172.5
20230218,171.4,169.5,170.6,171.6,171.5,170.3,169.5,168.2,167.1,167.6,171.2,176.1,181.4,188.3,191.9,181.3,127.1,45.2,26.3,9.2,4.6,4.1,3.8,3.9
20230219,4.1,5.4,6.8,6.7,6.3,5.5,5.1,5.2,,7,7.2,6.4,5.5,5.5,5.6,5.7,5.5,5.2,5.4,5.7,4.6,4.2,3.9,4.2
20230220,4.3,4.2,4,3.9,3.5,3.3,3.2,3.4,4.3,4.4,4.2,4.4,4.7,4.7,4.8,4.8,4.8,5.1,5.5,6.9,7.8,7.6,7.5,6.2
20230221,,6,,5.8,5.5,,,7.3,,12.2,14.8,18.3,22.1,26.2,29.3,29.9,29.7,29.5,30.3,33,35.8,36.8,36.5,38.2
20230222,40.2,41.5,42.7,45,46.2,45.8,45.2,45.9,46.9,48.5,48.5,48.3,49.5,50.9,54.8,58.7,61.8,64.5,65.9,69.2,75,78.3,80.1,80.9
20230223,80.9,80.7,82,81.2,79.5,77.7,77,76.6,76.7,77.3,78.8,82.2,85,87,90.2,94.3,97.8,100.4,107.6,114.3,116.8,118.4,120.8,121.8
20230224,118.5,112.3,94,72.9,69.6,64.1,38.6,17.5,9.8,9,7.2,6.3,6.1,5.9,5.8,5.8,5.9,5.9,6.5,7.7,8,6.6,4.6,4
20230225,3.8,4.1,4.5,4.6,4.7,5.2,5.7,6.9,7.4,7.7,7.1,6.9,6.5,6.3,6.4,7.2,8.1,9.2,10.8,14.8,18.2,22,23.6,25.6
20230226,27.3,27.9,28.6,27.3,25.3,23.1,21.6,21.1,21.5,23.3,26.2,32.5,51.6,65.3,74.3,83.3,92,96.6,104.3,113,119.9,126.2,129.8,132.5
20230227,134.7,133.9,134.9,137.2,135.3,132.7,131.1,130.3,129.4,130.2,129.2,131.8,136.2,134,127.5,122.8,120.3,120.7,120.1,120.6,130,140.4,144.4,144.3
20230228,144.2,143.6,144.7,146.1,149.8,152.1,148.7,130.4,95.2,56.8,22.3,11,8,7.3,6.6,5.8,5.4,4.8,4.4,4.6,4.8,4.7,4.4,4
20230301,4.1,4.7,5.4,5.8,6.2,6.6,6.6,6.2,5.4,3.8,3.2,3.4,3.1,3,3,2.9,3.1,3.1,3.2,4.1,4.7,6,6,6.2
20230302,6.5,7.3,7.6,7.6,8,7.6,8.5,10.5,12.3,14.5,15.3,15.7,16.4,17.2,18.4,19.9,22.3,25.2,28.3,33.8,39,41.5,42.8,43.5
20230303,43.1,41.8,41,40.6,39.5,38.9,39.3,36.8,38.6,40.2,39.2,36.8,30.7,26.7,22.2,19.9,19.8,19.1,21.3,28.8,37.4,37,36.8,39.5
20230304,40,40.1,45.5,59.6,73.3,85.2,92.9,95.3,94.6,100.9,111.7,122.8,122.9,123.8,119.8,112.5,113.9,118.6,126.2,134.9,138.8,143.7,149.6,151.1
20230305,150.8,150.9,153.2,153.5,152.8,151.2,150.3,150.6,151.2,155.2,161.6,168.3,174.8,175.7,174.5,171.2,167.8,163.1,164.3,168.2,170.8,174.2,177.6,178.3
20230306,179.7,180.6,182.3,185,186.9,188.7,189.3,190.4,191,198.1,199,182.6,144.8,104.9,72.1,55.2,48,46.1,54.3,69.9,84.2,92.7,92.2,90.9
20230307,89.2,89.7,96.5,97.5,111.8,119.4,125.4,126.9,134.4,146.2,160.2,167.6,171.9,173.6,173.5,168.6,161.9,155.8,163.3,172.5,186.8,196,197,193
20230308,190.8,186.3,181.5,176,147.4,107.3,76.7,61.1,55.5,42.6,26.8,33.7,49.1,60.6,67.3,65.6,59.8,54.2,43.3,34.5,28.2,22.2,19.6,18.9
20230309,18.4,18.4,19.1,19.6,20.5,20.7,22.2,23.8,26.8,28.9,30,32.9,37.6,44.4,48.2,50.8,53.6,57.8,60.6,65.9,71.8,75.7,77.1,76.5
20230310,76.1,75.6,73.7,70.6,68.3,67,67.1,68.5,70.7,70.5,73.5,84.9,91.9,83.1,72.7,80.8,106.5,154,142.8,98.7,74.5,60.9,68.8,66.8
20230311,53.1,43.1,31.3,21.6,17.1,13.6,12.9,10.8,9.8,10.8,9.8,11.7,13.2,15.6,14.1,16.6,17.3,23.1,25.9,24.4,25.5,25.2,15.6,8.5
20230312,6.2,6.1,4.7,4.5,5.1,7.3,8.4,7.6,6.5,6.3,5.7,6,6.3,7.5,7.5,7.8,8.1,9.1,10.5,12.6,14.6,17.6,16.2,16.6
20230313,16.9,18.8,19.8,21.2,21.9,21.9,23,23.5,25.1,27.2,28.9,30.8,31.8,33.1,38.4,36.3,35,35.4,38,40.9,44.2,45.8,48.8,46.9
20230314,45.5,45.3,43.5,43.5,42.9,41.8,41.2,42.6,45.4,49.8,52.3,55.9,56.9,54.3,38.7,28,25.5,39.5,41.3,38.2,30.5,28.1,28.5,35.5
20230315,45.8,56,49.3,39.1,29.4,20,16.2,16.1,13.4,12.9,9.9,9.6,8.9,8.8,8.2,8,7.6,8.2,7.2,7.3,7,6.9,7.7,7.4
20230316,7.1,7.8,7.2,7.5,8.2,8.9,9.8,12.3,13.9,14,12.4,10,9.4,11.5,13.3,15.3,17.4,19.8,21.2,23.5,,,,
20230317,,,,,,,,,,,31.7,34.2,39.8,45.5,54.7,59.1,61.2,61.1,63,65.2,67.2,68.8,,71.6
20230318,67.2,59.8,49.8,43.6,36,30.2,26.5,26.3,24.9,20.1,12.5,7.3,5.4,6.5,5.3,4.6,5.5,5.2,5.6,7.9,11.2,15.4,18.5,19.7
20230319,20.8,21.7,21.3,21.6,23.2,22.8,24.4,25.6,27.5,31.7,43.8,60.6,75.4,79.2,77.2,67.7,61.1,67,74.8,76.6,78.5,81.7,83.8,84.1
20230320,87.8,92.7,98.9,104,107.8,110.9,113.5,117.6,121.2,125.3,129.2,131.7,132.2,129.3,119.1,111.2,107.6,105.4,103.2,103.9,107.1,111,114.1,117.1
20230321,120.2,122.7,125.8,129.1,133.1,136.2,138.6,140.7,145.2,145.5,143.4,137.2,127.5,121.8,115.9,107.1,98.8,94.8,95.3,104.4,106.4,106.6,110.1,116.1
20230322,,128.4,134.4,177.8,286,395.5,406,353.6,301.3,255.2,196.8,183.8,166.6,145.9,135.3,117.5,103.3,91.1,78.2,66.5,59.5,47.8,38.5,35.5
20230323,40.5,48.9,48.7,47.3,45.8,44.9,43.6,42.3,39.5,38.4,33.3,30.9,30,28.9,27.1,27.3,29.5,29.9,29.2,30,30.8,30.1,22.3,17.2
20230324,14.5,13.8,10.9,10.8,9.2,8.9,8.9,9.8,11.3,13,14.9,16.1,19.1,22,23.5,26.4,28.2,30.1,31.6,32.4,30.2,27.3,24.8,23.5
20230325,23.3,24.1,26.3,27.5,26.8,27.8,29.9,32.1,33.6,35.6,34.9,29.6,23.3,17.9,14.2,12.3,11.4,11.9,11.4,14.6,19,27.9,30.2,31.3
20230326,30.2,26.9,21.5,16,11.8,10.1,8.9,9.3,10.4,9.5,8.2,7.8,10,15.1,20.5,22.5,23.7,25.7,30.5,39.5,44,45.2,44.9,45.4
20230327,45.3,46.9,47.9,48.5,47.1,43.5,38.9,33.4,27.1,17.5,10.5,7.2,6.3,5.7,5.2,5,5.4,6,6,8,10.6,13.2,14.1,16.1
20230328,20.4,28.7,32.1,37.8,44,48.2,51,52.1,55.8,58.8,58.3,55.9,58.2,67.2,75.2,74.6,72,71.5,74.1,78.3,83.1,87.9,91.2,93.1
20230329,94.7,95,95.4,97,98.9,99.9,100,100.3,102.8,106.8,114.4,112.8,109.3,103.8,92.3,76.7,65.8,65.6,59.1,64,63.5,71.9,77.1,78.6
20230330,79.2,77.5,78.7,80.1,81.2,81.3,81.4,82,84.6,85.8,87.6,91.5,96.8,96.8,87.5,74.3,68.7,64.6,62.4,60.8,62.6,64.2,65.5,65.3
20230331,64.9,65.5,66.3,66.8,67.7,68.3,69.7,71.5,74.7,78.8,79.2,70.7,56.5,46.2,40.2,39.6,37.8,35.6,35.1,34,33.4,35.1,36.6,39.1
20230401,41.5,43.9,46.4,48.9,51.7,54.5,57.6,61.4,67.2,75.2,76.9,72.5,56.6,44,41.1,39.7,39.4,39.6,41.2,43.5,47.4,51.1,55.1,58
20230402,60,62.7,65.2,68.8,71.5,74.2,75.5,77.3,78.1,79.6,80.6,81.2,82.5,83.9,84.5,79.8,74.5,72,70.3,72.2,78.9,75.6,71.3,63.5
20230403,55.5,50.6,50.2,48.1,47.2,44.5,42.9,42.2,43.5,44.9,47.1,46.8,46.4,47.6,46.2,46.3,45.3,42.3,40.5,39.5,38.1,38,37.7,38.5
20230404,40,37.7,36.6,32.7,27.2,23.8,22,22,20.9,18.6,16.7,15.2,14.4,13.2,11.9,9.8,8.2,7.5,6.8,6.7,6.3,6.4,6.5,6.7
20230405,7.4,7.9,8.6,9.6,10.6,11.5,12.8,13.9,15.8,17,17.8,18.4,19.2,19.7,20.4,21,21.5,21.8,23.7,27.5,29.3,30,30.7,30.5
20230406,29.8,27.6,25.6,22.9,22.4,18.5,17.1,16.8,15.9,13.6,11.2,10.4,10.5,11.9,14.7,15.6,14.3,12.2,9.3,7.4,7.4,6.6,5.2,4.3
20230407,3.5,3.5,3.2,3,2.6,2.7,2.9,3.9,4.2,3.5,3,2.9,3.2,3.5,3.6,3.5,3.4,3.9,5.6,7.9,11.4,11.5,12.2,12.3
20230408,11.1,11.5,10.2,9.8,10.1,10.6,10.5,12,14.6,14.5,11.5,10.7,8.9,9,9.6,11.5,11.9,14.4,14.3,15.6,17,19.5,24.8,29.7
20230409,32,34.2,34.3,35.8,36.8,36.2,37,37.4,43.4,55.5,63,65.4,65.2,63.5,62.5,64.2,68.3,76.1,78.7,80.2,82.3,83.9,84.3,84
20230410,85.3,87.3,88.9,89.5,89.6,89.8,90.1,92.5,98.7,105.5,107,99.9,85.1,69.4,62.3,59.5,60.4,59.7,60,57,76.2,263.5,369.3,278.1
20230411,226.5,186.3,158,164.2,168.2,174.2,233.4,253,233.7,167.1,101,67.5,58.2,57.4,51.5,38.6,40.9,47.6,40.7,39.6,41,43,40.9,46.2
20230412,43,47.7,47.8,41.1,47.7,53.4,55.1,60.3,63.5,72.2,79.4,88.9,96.3,110.5,130.1,139.9,148.8,166,187.9,196.2,199.5,201.4,194.9,194.2
20230413,191.8,183.4,171.1,166.2,158.3,153.3,147.2,146,158.8,174.5,181.3,182.2,186.1,184.4,183.6,182,175.1,173.2,160.4,161.9,156.3,148.2,143.1,139.3
20230414,130.2,126.5,119.1,112.9,107.2,102.5,104.7,112.6,141.2,142.8,118.1,94.9,79.1,60.7,53.1,52.4,43.4,39,36.3,35.4,33,28.9,28.5,30.5
20230415,37.5,42,40.2,36.6,35.5,35.9,35.8,37.1,37.8,36.2,30.1,27.6,27.5,26.6,28.8,24.7,23.6,21.3,15.2,13.6,11.2,9.7,9.6,8.9
20230416,8.7,21.9,15.4,14.3,13.9,12.9,17.3,15.3,15.7,19.2,18.3,16.9,19.6,13.5,15.8,18.5,33.9,23.2,22.3,23.5,24.5,25.7,29.4,28.8
20230417,28.1,34.1,31.6,35.1,34.8,34.1,32.5,31.9,32.1,31.6,32,35.2,36.4,39.9,45.4,47.8,49.2,52.4,51.7,51.9,52.6,53.3,54.2,54.6
20230418,53.7,52.2,51.5,50.7,50.2,50,50.9,51.5,47.2,33.6,23.2,19.5,18.2,18.2,18.8,18.1,22.8,25,25.8,24.7,26.7,27.8,20.5,17.6
20230419,17.1,17.3,17.1,18,19,20,22.3,24.8,29.5,31.8,34.5,38.9,41.6,40.4,38.4,38,38.1,39.8,40.7,44.3,49.7,54.2,65.5,65
20230420,67.8,77.4,62,35.5,29.8,28,26.2,22.3,17.4,16.3,13.2,12.1,10.7,8.3,6.9,6.4,5.9,7.5,8.6,8.6,8.7,11.7,10.3,10.2
20230421,9.7,12.6,11.7,10.6,6.9,6.1,5.7,5.8,6.1,6.3,7.1,8.1,9.7,10.3,10.9,12.1,13.2,15.1,16.3,16,15.3,16.6,16.1,17.1
20230422,18.4,20.2,21.2,21.8,21.8,21.9,21.4,19.9,18.8,17.9,17.9,18.1,17.9,17.5,17.5,17.1,16.8,16.1,15.9,16.4,18.2,19.6,21.2,23.9
20230423,25.3,26.7,28.5,29.6,29.7,30.4,31.7,33.5,34.9,33.7,31.5,29.5,26.6,23.4,22.8,23.1,24,26.1,27.7,29.3,30.9,32,33.6,35.6
20230424,34.6,29.8,28.5,28.5,29.5,30.2,31.3,32.9,36.2,41.5,44.3,40.1,26.3,17.7,14.3,13.3,14.5,16,17.2,18.8,21.9,26.3,30.6,36.7
20230425,42.9,47.6,48.5,49.1,48.6,46.9,46.3,47.5,49.9,51.9,50.3,47.6,51.8,39.4,20.8,11.1,7.9,6.4,5.8,5.6,6,6.8,6.2,6.2
20230426,7.1,7.2,7.3,7.1,7.4,7.5,7.9,9.2,10.4,10.5,10.5,11,11.2,12.2,14.2,15.3,15.9,18.1,19.9,21.8,23.4,25.4,27.9,28.8
20230427,30.1,30.2,30.4,30.7,30.9,31.4,32.2,33.9,37.9,45,51,53.7,56.9,62.4,66,67,65.8,65.5,67.1,68.7,70.7,71.5,65.6,55.7
20230428,47.3,45.3,43.9,44.5,43.8,41.6,44.4,49,52.2,53.2,52,46.3,44.7,44.1,42.5,40.5,35.8,23.7,16.1,16.4,16.3,11.7,8.8,8.1
20230429,6.4,8,7.9,7.2,6.2,6.1,6.5,7.8,9.3,8.5,8.8,9.2,11.1,12.8,14,18.3,17.9,17,14.8,13.8,13.1,12.2,12.4,13.2
20230430,11.4,11.7,10.3,10.2,10.1,9.8,9.4,10.5,11.2,10.5,9.3,10.1,7.6,8.5,9.3,11.8,16,20.5,21.5,21.3,22.3,22.5,22.9,23.9
20230501,24.5,25.1,25.7,26.3,26.8,27.5,27.1,28,29.6,32,35.6,39.5,42.2,43.1,45.5,47.6,48.7,49,48.8,52.5,55.5,53.4,51.9,51.4
20230502,50.6,49.5,49.3,49.3,48.4,49.5,51.6,54,53.9,51.1,45.2,40.1,35.9,34,32.7,31.5,29.5,29.1,28.3,27.8,30.1,31.8,33.8,34.5
20230503,34.8,36.8,38.1,40.5,43.8,48.2,50.5,50.9,53.6,54.8,57.5,55.9,49.6,42.7,36.8,33.7,31.5,31.5,33.7,38.5,36.1,34.3,36.6,39.5
20230504,40.6,41.1,41.2,43.4,45.8,48.8,50.4,50,48.4,43.9,40.2,40,41.3,37.2,28.1,24.1,20.5,16.9,12.1,8.1,8.1,10.1,11,12.1
20230505,13.7,15.1,16.2,17.3,17.4,16.4,14.3,12,9.9,8.8,8.4,8.3,7.5,6.6,5.7,5.8,5.3,5.1,5.3,5.8,6,6.2,6.2,6.2
20230506,6.2,5.8,5.3,5.2,5.8,5.3,5.2,5.5,5.7,5.4,5.7,5.4,5.4,5.5,5.5,5.6,6,7,7.7,9.5,13.3,14.4,16.7,19.3
20230507,19.1,19.8,18.6,16.8,15.4,14.2,12.4,11.6,10.6,10.5,8.2,7.4,7.1,6.8,6.8,6.7,6.7,7.5,7.2,10.2,11.5,14.4,16.6,17.4
20230508,18.2,20.2,19.9,19.3,19.7,18.6,18.2,18,19.1,19.5,16.1,11.9,8.9,8.7,10.9,13.4,17.6,22.4,26.3,28.1,28.9,29.5,27.7,28
20230509,28.2,29.2,29.4,30.2,29.8,30.5,31.2,32.8,36.5,39.5,43.1,44.3,42.7,34.4,24.1,20.6,19.1,18.6,18.5,17,15.6,14.5,13.5,12
20230510,11.7,12.7,12.8,12.9,12.9,13,13.4,14.6,18.8,24.6,29.3,33.1,30.5,28,27.1,25.8,26.9,24.5,22.4,22,22.7,25,27.2,30.7
20230511,33.4,37.6,41,43.4,46,46.2,47.2,49.3,56.9,65.1,66.8,59.8,51.7,44.2,38.1,36.1,32.3,29,28,27,29.8,31.9,35.4,39.5
20230512,45.8,49.7,49.6,48.8,50,52.2,53.4,53.2,53,55.1,56.5,57.2,54.9,48.6,45.9,41.6,19.6,13.5,12.6,11.7,12.8,12.7,13.4,13.5
20230513,12.8,12.1,12.2,12.2,12.1,12.6,12.7,14.1,12.1,9.5,7.2,6.2,5.7,5.5,5.8,6.4,7.1,7.5,8,9.3,10.3,11.2,12.2,13.1
20230514,14.8,17.3,19.5,21.1,23,25.9,29.6,36.2,42.8,45.9,45.6,44,40.6,36.5,32.9,28.6,27.7,26.6,23.7,26,30,33.6,38.4,41.7
20230515,45.9,51.7,57.8,64.7,69.7,70.8,68.5,69.1,76.1,79,77.1,70.5,58.2,45.2,36.3,31.1,29.3,28.1,29.2,33.5,37.8,41.3,43.3,44.2
20230516,43.2,39.9,39.9,42.8,46.3,50.2,53.3,57,61.9,65.6,66.9,66.9,60.5,52.1,45.8,39.4,36.8,37.4,37.1,37.8,36.7,37.9,37.9,36.2
20230517,33.3,31.7,30.2,29.4,29.7,29.8,29.8,29.9,29.4,27.4,24.6,24.5,25.5,29.8,36.2,40.1,38,33.7,28.6,23.9,21,21,21.2,21
20230518,20.3,20.4,20.4,20.5,21.2,21.8,22.6,24.7,26.2,26.1,22.7,16.5,13.7,11.7,11.2,11.1,11.7,13.3,16.8,18.1,16.6,16.9,18.4,23
20230519,27.5,27.9,31.6,37,38.8,38.5,40.8,42.3,45.7,47.8,51.1,55.1,53.6,49.4,43.8,38.3,34.3,32,35.2,41.8,44.3,47.6,48.2,43.4
20230520,38.2,32.5,25,25.6,30.1,42.8,68.6,89.3,92.9,80.4,67.5,53.1,39.5,27.5,21.2,16.8,14.4,15.4,20.6,31.4,50.2,83.9,106.6,118.5
20230521,124.8,107.1,81.6,58.8,42.4,34.6,23.8,29.6,22.7,22.1,20.8,17.2,14.2,16.4,15.2,13.5,12.8,14.5,14.2,18.5,17.4,19.7,20.6,21.2
20230522,20.5,26.1,21.8,18.3,13.9,12.9,11.9,12.8,13.2,12.8,10.8,10.7,10.7,10.3,9.4,10,9.8,12,11.9,11.7,13.3,14.6,15.2,16.2
20230523,17.5,17,16.4,15.5,15.4,15,14.7,15,15.5,13.6,11.8,10,8.5,8.5,9.2,10.1,10.8,12.3,14.8,14.6,16,17.5,18.7,19.4
20230524,19.8,21.8,22.3,23.3,25.1,27.7,30.2,33.5,36.8,38.5,41.3,40.6,38.2,35.4,34.3,34.4,33.7,30.9,25.8,24.3,23.6,23.6,24.9,25.8
20230525,25.5,26.5,25.9,25.2,25.5,25.9,26.5,28.1,31,34.2,37.6,40.3,42.3,43.1,41.5,40.1,36.6,33.8,33.6,35.3,37.1,40,43.4,45.6
20230526,47.1,48.5,49.8,52.3,54.6,56.2,59,63.5,70.2,73.7,73.8,67.6,58.4,44.1,32.1,24.4,22.3,21.9,24.1,25.2,29.2,33.9,37.5,47.2
20230527,54.6,60.6,79.7,77.7,84.9,86.5,86.7,86.6,85.6,81.7,86.7,89.3,77.9,63.5,53.2,44.4,38,34,33.5,34.2,36.5,35.8,33.6,33.2
20230528,29,26.1,25.2,26.2,28.6,29.7,30.2,32.8,36.4,40.3,41.7,39.3,34.9,29.9,24.5,20.8,18.2,16.5,16.8,17.3,17.9,19.8,23.3,25.8
20230529,27.2,27.6,28.9,30.7,32.5,34.2,35.5,37.1,38.4,35.2,28.2,19.5,17.7,17,18.9,21.7,24.8,27.5,35.9,35.1,28.8,26.9,25.8,26.6
20230530,27.6,29.8,33.9,37,39,44.3,48.7,49.3,48.5,46.9,43,38.9,37.3,34.4,31.3,27.5,23.3,20.3,20.8,22.2,22.2,22.7,24.5,25.4
20230531,28.2,30.4,31.4,33,33.5,35,37.3,38.9,42.4,42.6,44.9,47.6,48.6,47.2,43.8,44.2,43.5,42.2,40.5,38.2,37.2,39.2,41.1,42.4
20230601,43,42.5,41.2,41.4,41.7,40.2,38.3,41.3,49.6,52.4,44.5,32.4,24.9,25.3,24.8,21.1,17.7,13.4,9.1,6.5,5.5,4.6,4.4,5.5
20230602,6.2,7.3,8.4,8.8,8.7,8.6,8.7,9,8.6,7.9,6.9,6.1,5.5,5.6,5.5,5.7,6.2,7,6.7,8,9.1,10.3,11.1,11.5
20230603,11.4,10.7,10.2,10.4,9.6,9.1,9.5,9.8,8,6.6,5.7,5.3,5.1,5.5,6.5,7.1,8.5,11.2,12.8,12.7,14.1,17.5,18.5,18.9
20230604,19,18,16.4,14.2,11.2,10.6,10.2,9.9,9.6,7.6,6.3,5.6,5.4,5.6,5.6,6.5,6.6,7.8,7.9,8.7,11.2,12.7,14.2,15.8
20230605,17.6,19.6,21.2,22,23.6,24.3,25.2,27.1,28.6,26.7,23.1,22.1,18.4,15.5,13.7,12.8,12.7,13.6,12.9,12.7,14.5,14.8,14.8,13.8
20230606,12,9.7,9.6,9.1,8.7,8.5,9,9.2,9.1,9.7,10.3,10.9,10.9,11,10.9,11.4,12.1,12.8,13.5,14.7,15,16.1,16.3,17.8
20230607,18.7,18.9,19.7,19.8,20.8,21.3,22.4,23.3,25,25.8,24.1,21.5,18.6,15.8,13.1,11.5,13.6,9.8,8.7,10.2,12.8,13.8,14,12.8
20230608,11.7,11.7,11.2,10.8,10.4,10.8,11.2,12,11.2,11.3,10.8,10.1,10.6,11,11.9,12.8,13.4,13.1,11.3,10,8.7,9.9,10.7,11.4
20230609,11.5,11.8,11.5,10.4,10.2,9.8,9.6,9.8,8.3,6.9,6.5,6.3,6.2,5.8,6,5.9,7.4,5.9,5.9,6.6,8.3,10.3,12.6,10.8
20230610,8.2,6.1,5.7,6.2,5.9,5.7,4.9,4.5,4,3.6,3.1,3.2,3.2,3.6,3.2,4,4.2,4.1,3.6,4.2,6.5,9.1,11.1,14.2
20230611,16.9,17,16.4,15.5,14.6,13.9,12.7,12.1,11.6,11.4,9.4,7.2,5.5,4.9,5.1,5.5,5.8,6.3,5.4,5.6,7.4,8.6,9.6,12.8
20230612,24.8,31.3,28.9,28.7,29.6,30.6,30.2,27.8,25.1,22.8,13.1,4.7,3.2,2.9,2.9,3,2.8,2.8,2.9,3.2,3.4,3.4,3.5,3.6
20230613,4,4.9,5.5,5.7,5.8,5.3,5.8,5.8,5.3,5.2,4.7,4.8,5.3,5.8,6,6.4,6.8,7.3,8.4,9.4,10.5,11.7,12.9,13.9
20230614,16,18.9,24.2,27.3,31.7,38,41.4,44.6,45.3,38.5,32.2,26.4,19.5,14.6,12.6,12.2,12.2,12.1,12.6,13.7,15.7,18.2,20.5,22.3
20230615,23.3,25.3,27.2,29.3,30.3,31,29.8,28.5,27.4,25.8,25,23.1,21,19.2,17.8,17.8,19.6,22.5,26.2,30.1,35.5,47,57.9,59.9
20230616,59.5,59.1,59,59.2,60.6,59.2,57.7,55,50.3,42.3,36.7,33.4,29.5,23.9,19.4,18.5,19.2,20,21.1,22.2,23.1,24.7,26.4,27.2
20230617,28.4,28.8,29,29.5,30.4,29.9,31.2,32.8,33.9,33.1,32.2,30.9,30.7,30.8,32.3,34.7,36.3,38.7,39.9,43.5,46.5,50.9,50.5,52.4
20230618,52.9,54,51.4,50,49.4,48.6,46.8,43.8,40,34,28.5,24.1,19.5,16.9,16.8,19.9,26,33.8,43.5,53.3,64.6,78.7,78.8,73.5
20230619,71.6,69.8,66.1,69.9,70.3,71.4,71.2,72.5,72.6,72.6,71.2,70.6,66.3,40.1,20.1,13.1,11.1,9.9,10.2,11.2,11.9,14.7,18.7,24
20230620,27.1,29.1,30.1,31.3,33.2,33.4,33.5,34.9,32.5,27.6,22.3,19.5,15.2,10.3,7.7,6.5,5.7,4.8,3.9,3.3,4.1,4.4,4.5,5.2
20230621,5.6,6,6.1,6.5,7.1,8.2,9,8,7.7,6.9,6.9,6.7,6,6.1,6.4,7.1,7.8,8.1,8.4,9.7,11.5,14.2,15.6,15.9
20230622,15.5,16.5,18.3,19.3,20.9,23.4,24.8,23.7,20.5,16.3,14.7,13.8,14.2,13.9,13.4,11.9,12,12.4,13.4,15,17.5,19.9,21.4,21.7
20230623,21.5,21.8,21.9,23.6,26.5,31.1,35.3,40.7,46.7,44.7,40.4,34.9,28.1,24.6,22.5,21.9,21.5,22.4,22.3,22.5,22.4,24.2,27.6,29.4
20230624,30.7,32.5,36.2,39.1,42,43.6,47.6,50.8,52.4,46.3,40.7,32.3,23.8,20.8,17.3,14.3,13.3,13.1,12.2,12.4,14.2,15.6,18.7,21.4
20230625,25.5,32.8,43.2,56.1,68.5,73.5,67.2,61,57.1,46.7,39.3,35.4,31.6,27.3,23.2,19.3,15.7,12.5,10,8.6,8.1,9.4,10.8,12.8
20230626,15.3,18.5,22.1,25.5,29.5,31.9,33.6,34.8,36.6,35.6,32.6,28.6,23.4,20.2,17.9,19,19.3,18.1,13.7,11.3,11,11.4,12.1,13
20230627,14,14.7,16.5,18.2,18.6,19.2,20.5,22.5,24.9,24,22,20.8,19,17.3,16.5,15.7,14.6,13.3,12.7,13,14.2,15.2,16.2,17.8
20230628,20,22.2,25,28.9,30.9,35.5,42.7,48.2,49.9,35,15.1,13.2,12,14.1,16.9,17.2,14.8,15.5,16.3,18.2,19.8,20.9,21.8,22.6
20230629,22.9,24.5,25.5,26.9,26.4,25.3,23.6,22.9,20.6,17.2,15.2,12.1,9.4,6.7,6.5,6.7,7.4,7.2,7.5,8.1,8.9,10.2,11.6,12.9
20230630,13.5,14.4,16.1,17.2,19.5,22.2,25.2,29.9,33.1,33.6,30.2,25.7,20.2,16,15.5,15.3,14.5,14.1,13.6,15,17.8,20,21.9,22.2
20230701,21.8,21.9,22.3,23.1,24.1,25.6,26.6,27.3,28,29.2,30.1,27.6,22.7,20.6,19.3,19.3,17.7,17.4,17,18,19.8,21.2,22.4,23.2
20230702,24.7,26.6,27.7,28.8,29.2,31.2,34.1,36.2,33.8,35.5,34.4,31.5,27.1,23.1,21.7,22.1,22.5,23.5,24.4,27.8,32.2,34.4,38.4,42.9
20230703,43.9,42.4,35.8,34.9,43.4,51.6,54.5,52.6,45.9,39.2,35.6,35,32.1,30.5,29,29,29.2,31.7,34.6,35.9,31.4,28.5,25.3,24.8
20230704,23.8,21.9,24.2,29.1,30.9,28.8,23.6,18,15.4,14.4,12.3,11.4,10.4,8,6.8,6.6,6.4,6.3,6.6,7.3,8.2,9.3,10.5,11.5
20230705,12.7,13.4,14.9,15.6,16.3,17.8,19.5,20.9,20.7,18.4,16.1,15.1,16.5,17.7,17.7,16.7,15.1,12.7,10.8,10.2,11.9,13.9,15.3,14.2
20230706,10.8,8.8,8.4,8.3,8.4,8.9,8.6,10,9.9,9.5,10.6,11.1,11.3,12.1,13.8,16.5,20.1,22.1,19.1,15.1,17.3,16.9,18.3,18.5
20230707,18.8,18.1,15.9,15.7,15.4,15.9,16.8,19.7,22.3,23.8,25.4,21.7,15.3,12.1,9.4,8.1,8.4,8.6,4.1,3.3,3.6,3.8,3.8,3.8
20230708,4.3,5.5,5.7,6.8,9.7,12.6,14.6,15.1,10.4,5.7,3.3,3.5,3.6,3.3,3.4,3.4,3.5,3.3,3.5,4.2,4.2,5.3,5.7,6.1
20230709,6.4,6.5,5.4,5,4.8,4.3,4.9,5,4.3,4.3,4.6,5.1,5.7,6.1,6.2,6.4,6.6,6.7,6.5,7,8.7,11.1,11.4,11.4
20230710,11.7,12.1,10.8,10.2,10.5,9.8,9.9,10.9,13,14.7,14.3,14.4,14.8,14.8,15.6,16.9,18.2,19.8,22.1,32.4,37.4,32.6,26.8,24.1
20230711,21,18.5,14.4,12.1,11.5,12.3,13.1,13.5,13.7,13.8,13.9,13.8,14.5,16.4,17.8,18.8,21.5,27.2,31.2,35.2,36.2,30.5,26.5,28.7
20230712,35.1,37,38.4,38.2,39.5,38.2,31.4,21.4,17.2,13.4,11.6,13.2,14.3,15.2,15.5,14.8,13.5,13.6,14.1,15,17,19,20.3,20
20230713,18,16.9,15,14.3,15.6,16.5,16.1,14.7,14,13.6,13.1,13.1,12.2,9.4,7.6,5.5,4.6,4.1,4.1,5,7.4,10.6,14.5,19.2
20230714,20.9,21.7,24.2,25.4,26.2,25.9,24.4,23.8,24.7,23.2,16.4,12.2,9.9,7.4,4.5,2.9,2.3,3.2,7.2,13.2,15.7,15.5,13.8,11.4
20230715,10,8.6,8.4,8.2,7.9,8,9.1,9.6,7.6,4.7,2.4,1.9,1.9,2.7,4.3,5.1,5.8,9.4,9,9.6,10.5,10.9,11.1,11.5
20230716,11.6,11.3,11.1,11.1,10.8,10.7,10.6,10.2,8.8,6.7,5.6,5.8,6.7,7.8,9.4,10.1,10.7,11.4,12.9,14.1,16.5,17.2,17.9,17.8
20230717,17.8,19,19.8,19.9,21,21.9,23.1,24.9,26.6,26.1,23.2,20.6,17.4,15.5,16.2,18.1,20,22.5,24.2,24.7,24.8,24.6,24.7,25.7
20230718,26.6,27.2,27.8,29.2,31.8,34.7,36.2,36.2,34.8,32.8,31.3,29.2,26.8,24.9,24.6,25.1,25.7,24.6,23.4,24.3,23.6,25.5,26.8,27.5
20230719,28.6,31.3,31.8,29,30.5,28,26.9,28.6,30.2,31.3,33.4,35.2,35.6,36.3,35.1,35.7,34.8,35.8,36,35.3,37.5,37.7,38.1,38.6
20230720,39.4,40,41.3,42.8,44.3,44.5,45.2,46.2,46.7,44.3,41.5,37,30.2,27.4,26.5,23.4,20.5,20.1,21.9,25.8,28.2,28.9,31.5,32.5
20230721,33.5,37.2,39.2,33.5,30.3,26.4,25.4,26.2,27.9,32.2,36.9,41.6,42,36.7,31.3,25.2,24.5,25.1,24.8,24.2,25.1,27.5,28.2,28.5
20230722,30.2,30.6,31,30.5,30.9,30.1,29.4,29.1,26.8,22.2,19,20.8,22.2,22.9,22.5,20,16.4,14.2,13.5,14,15.4,16.8,18,19.4
20230723,20.1,21,21.3,21.8,22.1,21.9,22.2,23.5,25.4,23.7,19.1,15.3,12.6,11.6,11.3,11.3,11.8,11.7,12.6,13.5,14.5,16.5,17.9,19.7
20230724,20.9,20.7,20.8,21.8,23.7,26.2,25.5,25.7,28.8,34.8,40.3,42.3,39.4,34.2,29,26.8,26.2,28.1,32,35.9,40.3,43.5,45.7,29.5
20230725,9,5.8,5.6,5.3,5.9,7,7.7,7.8,8.4,8.3,7.7,7.4,6.7,6,5.8,5.9,6.4,7,7.9,9.2,10.9,15,21.6,28.8
20230726,35.1,39,41.7,46.8,48.2,51,51.8,51.6,51.8,52.3,45.6,34.2,26.1,22.7,21.2,19.7,21,22.6,17.9,13.1,11.4,13.5,14.7,16.2
20230727,18.6,22.2,24.2,26.7,29,33.1,34.3,33.7,36.4,37.8,40,40.1,39.8,32.6,26.2,24.9,26.2,26.6,25.6,17.6,7.5,7.1,7.6,7.7
20230728,8.1,9,9.7,9.8,10.2,11.3,12.5,12.9,11.9,12,11.7,11.6,12,10.5,10.3,9.8,9.2,8.8,9.6,10.5,12.2,13,14.9,15.3
20230729,15.4,16.7,18.8,20.4,22.5,20.8,22.3,21.3,22,22.3,23.6,24.9,25.2,21.7,18.9,12.2,8.9,9,8,7.4,7,6.2,6.5,5.7
20230730,6.4,8.5,11.9,12.4,11.5,8.6,4.9,2.9,2,2.1,2.2,2.3,2.4,2.1,1.6,1.5,1.6,1.7,1.8,1.9,2.3,2.7,3.9,5.8
20230731,7.6,9.4,10.9,12.8,12.6,12,12.4,13.5,13.6,12.2,12,9.3,6.5,5.1,4.7,4.9,6.4,6.4,11.5,15.3,17.3,16.1,15,17.3
20230801,19,20.4,22.1,22.3,21.5,20.1,20.2,20.2,19,20.4,21.3,21.3,19.5,19.9,22.7,25.1,29.1,31,27.9,16.6,8.7,10.6,13.2,14.7
20230802,15.9,16,15.5,15.6,15.9,19.2,25.2,28.4,28.1,25,24,28.4,32.7,32.1,28.4,27.1,26.8,26.1,25.7,27.2,28.8,28.9,26.7,25.7
20230803,26,25.5,26.7,28.9,30.4,31.7,33.5,34,35.9,39.5,41.7,40.2,43.3,42.8,41.8,40.1,42.9,43.6,46.8,48.9,50,50.5,49.8,50.6
20230804,50,49.6,49.8,48.7,45.9,42.1,37.7,32.2,32.7,31,29.9,29.1,26.5,25.9,23.3,19,12.8,11.2,9.9,11.2,12.7,13,13.4,12.9
20230805,12.7,12.5,13,12.5,12.6,11.6,11.7,11.6,11.2,9.1,7.2,6.6,6.4,5.4,4.6,5,5.6,9.6,24.9,29.3,30.5,30,29,28.6
20230806,27.9,28,28.2,27.4,26.6,21.6,14.8,9.5,8.5,7.7,7.3,7.2,8.1,9.3,11,12.9,14.5,14.6,14.3,15.8,17.7,18,19.9,21.7
20230807,23,24.1,25.8,25.1,26.5,25.8,26.7,23.5,20.9,19.3,18.9,19.7,20.5,20.7,22,23.3,24.9,24.5,25.1,25,26.2,33.6,38.5,41.4
20230808,43.1,43.1,44.4,45.6,44.4,42.8,41.1,40.3,41.3,40.1,41.3,37.9,32.8,26.9,22.4,21.2,22.1,22.4,24.6,28,31.3,34.5,37.3,40.5
20230809,44.8,52.1,59.2,65.3,68.3,66.2,61.6,57.4,54.1,51.8,50.9,51.4,47,39.3,34.1,30.1,29.8,31.3,33.6,36.2,39.2,43.8,48.9,53
20230810,54.2,55.5,59.5,65.2,73.7,80,77.9,75.5,69.6,64.1,57.2,48.3,38.4,33.8,31.3,29,26.6,25.1,25.6,27.1,28.3,30.3,32.1,33.4
20230811,32.9,33.6,35.4,36.2,36.8,37.7,37.1,35.9,34.5,35.2,39.1,40.6,39.5,40.4,41.4,42,45.1,46.7,50.8,54.7,58.8,61.2,58.4,36.6
20230812,9.5,7.3,9.6,12.1,15.3,16,15.8,14.4,12.8,10.4,9.8,7.7,5.6,5.3,5.3,5.3,5.1,4.8,4.7,5,6.1,6.7,6.7,7.4
20230813,8,8.6,9.5,10.1,11.6,13.4,14.4,15,16.2,14.1,11.5,10.2,9,8.3,7.5,7.6,8.2,8.7,9.8,11.9,13.8,14.7,15.5,16.5
20230814,16.7,17.5,18.1,18.3,18.7,20.4,20.8,20.2,19.9,20.8,21.7,21.4,20,17.6,15.5,15,16,15.9,17.2,19.2,21.8,24,24.5,24.9
20230815,26,26.5,26.5,27.5,28.5,28.7,28.6,29.6,30.7,30.1,28.4,28,25.7,23.2,20.9,19.6,19.5,18.5,18.9,20.9,22.9,25.1,26.7,28.7
20230816,30.7,32.5,34.5,35.9,36.7,38.6,39.5,39,38.9,35.8,34,31.3,27.6,24.8,23.1,23.2,24.1,25.9,29,33.5,33.4,29.6,22.8,18.4
20230817,18.9,25.4,28.5,28.8,29.8,32.4,38.8,39.6,36.5,26.1,22.2,19.1,17.2,16.9,16.8,17.5,18.8,21.9,24.4,26.7,29,31.3,32.9,34.6
20230818,37,38.3,39.5,39.7,38.1,37.9,38.5,38.8,36.9,32.4,26.4,20.3,15.1,10.2,7.9,7.1,7,7,9.1,13.1,17.8,20.7,21.9,21.2
20230819,20.5,20.4,20.7,21.7,22.2,22,23.3,24.4,28.9,32.8,31.5,26.5,23.4,20.7,19.9,19.8,20.6,22.6,26.2,30.3,34.3,34.4,34.9,35.3
20230820,36.4,37.7,38.2,40.7,44.5,44.3,44.1,46.7,50.6,55.4,56.1,54.3,46.8,39.5,32.6,22.2,17.9,17.5,17.4,19.4,20.9,21.9,24.8,23.6
20230821,22.7,23.5,24.8,26.5,21.5,6.6,4.2,4.4,4.6,4.5,4.7,4.3,4.5,4.5,4.3,4.2,4.5,5.2,7,8.4,10.3,11.3,13.1,13.7
20230822,13.9,14.5,13.7,10.6,7.7,6.4,6,6.3,5.4,4.5,3.8,3.5,3.3,3.3,3.2,3.1,3.3,3.3,3.8,5.2,7.1,7.6,7,5.8
20230823,5.2,4.7,4.9,4.8,5,5.6,6.5,7.7,8.8,8.9,8.7,8.5,7.9,8,8.5,9.4,11.4,12.9,14.2,15.1,15.9,14.7,14.3,13.2
20230824,11.5,11.4,10.7,9.4,8.6,8.2,8.8,9.3,10.6,10.9,12.4,12.2,12,11.3,9.3,8.2,7.7,8.2,8.3,9.1,10.7,12.1,13.2,14.5
20230825,15.1,15.6,15.6,14.5,15,15.5,15.5,16.2,17.4,15.1,11.6,10,10.2,10.5,10.3,10.4,10.9,11.9,14.3,16.6,19,23.8,25.2,26.4
20230826,26.8,26.6,26.4,23.9,12,11.8,11.3,10.4,9.2,10.5,10.1,9.8,8.5,7.2,7.7,8.1,8.6,9.7,12.7,14.6,16.9,18.7,20.1,21.1
20230827,22.4,24.6,26.2,27.6,27.7,30,31.1,27.6,25.5,24,25,25.7,23.5,20.4,18.1,15.9,15.9,15.8,15.7,16.2,19,20.1,20.7,20.3
20230828,19.8,18.3,16.6,14.9,14.4,12.5,11.3,11.3,11.4,10.5,9.3,8.7,7.9,7.3,7.2,7.6,7.6,8,8.7,10,12,13.9,15.7,16.1
20230829,16.3,16,14,12.4,11.9,12.2,11.5,11.5,10.6,9.1,7.6,7,6.6,6.5,6.4,6.5,6.5,6.8,7.5,9.1,12.1,14.5,15.7,15.7
20230830,15.7,15.6,15.9,15.3,13.9,13.2,13.1,12.7,13.1,12.7,12,11.6,11.8,12,12.1,12.7,13.4,14.3,14.9,17.4,19.1,19.9,17.8,17.2
20230831,19.2,19.7,19.3,18.6,16.6,15.9,15.5,15.1,17,17.9,20.9,24.9,22.7,20.2,18.3,18.1,19.4,22.9,27.3,31.8,36.2,31.7,29.8,30.2
20230901,29,28.7,31.1,32.2,33.4,31.4,30.6,28.6,25.8,23.3,20.8,17.7,14.8,13,11.4,9,8.5,10,11.4,13.1,14.9,16.7,18.7,19.6
20230902,20.8,21.2,21.7,21.6,21.8,22.8,23.8,24.3,23.1,26.1,32.1,37.3,38.4,38.3,37.4,37.5,35.6,33.7,32.5,31.9,19.6,16.9,18.7,21.7
20230903,24.1,27.4,29.4,31.1,33.6,35.1,35.6,33.6,29.9,26.6,25.4,23.5,20.5,18.9,17.8,16.6,18,20.3,23.5,29,35,40.4,44.2,47.1
20230904,47.4,47.4,48,48.5,50,48.9,48,47.2,49.7,55.8,58,51.4,46.5,41.1,36,33,33.7,36.9,43,49.6,54.2,57.2,60.3,62.9
20230905,66.9,70.8,76.9,84.3,90,94.5,97.2,98.3,103.5,102.6,100.4,93.8,83,68.6,53.7,45.1,40.4,39.7,42.6,47.3,51.9,55.3,58.7,63.8
20230906,67.7,69.6,72.4,76,78,78.7,78.9,78.7,78.6,77.1,79.2,74.1,64.6,49.9,40,35.8,34.5,33.6,36.7,43,50.2,57.9,63.7,66.9
20230907,70,71.9,75.3,76.4,77.8,78.6,78.4,76.4,78.4,80.1,78,69.4,56.1,45.6,38.1,34.1,33.3,34.2,37.2,41.5,45.4,50.7,56.9,62.1
20230908,68,74.5,82.9,88.6,92.9,93.7,91.4,89.9,88,87.2,90,91.1,92.6,89.1,83.7,74.4,69.3,63.3,60.7,55.4,48.1,26.6,21.3,20.9
20230909,19.7,19.2,18.5,18.6,18.3,18.3,17,15.7,16,16.2,14.8,13.6,15,16,15.2,14.2,13.3,13.7,14.6,15.4,15.8,16.1,17.1,17.3
20230910,18.1,19.7,19.2,18.7,19.3,20,20.4,19.6,18.6,18,18.7,20.2,20.6,19,16.6,15.5,16.6,18.8,21.1,23.8,24,25.1,26.5,28.4
20230911,31,34.1,39.6,45.5,53.4,52.6,49.6,45.5,42.6,36.3,31.3,24.6,17.6,12.5,9.9,8.1,7.6,8.3,9.7,12.7,16,17.5,17.6,15.7
20230912,14.7,13.1,8.5,5.1,3.9,3.7,3.3,3.6,3.8,3.3,3.1,2.9,2.9,3.1,3.2,3.4,3.6,3.7,4.1,5.3,6.3,7.5,8.3,8.9
20230913,9.4,9.5,9.8,9.8,10,11.7,11.8,12.5,15.1,16.7,16.9,15.9,12,10.4,11.6,12.9,13.9,12.9,13,14.8,17,18.7,20,21.5
20230914,22.2,22.8,23.2,23.4,24.8,26.7,27.9,29.2,31.8,33.1,35.3,36.2,33.7,27.8,24.3,22.4,21.3,19.4,17.5,16.9,17.2,18.9,20.1,21.2
20230915,23.7,26.2,28.1,30,31.7,32.8,34.7,36.7,41.4,45.7,46.1,39.8,31.2,26.3,24.4,22.6,21.3,20.9,22.5,25,28,31.7,34.7,38
20230916,40.5,42.1,43.6,45.7,47.8,50.3,54.2,56.2,56.5,58.1,63.5,66.6,61.2,53.2,45.4,38.2,35.6,35.4,35.3,37.8,43.1,47.8,51,54.8
20230917,55.5,57,59.6,64,67.4,70.3,69.2,69.3,69.4,71.4,71.7,68.5,58.7,44,30.8,34.3,45.1,42.5,40.5,39.8,42,42.9,39,35.3
20230918,31.7,28.5,21.9,15.6,15.1,14.1,12.8,13,15.9,18.5,18.3,19.7,22.1,23.1,20.4,18.3,16.9,16.9,18.9,22.8,26.6,30.2,32.8,32.5
20230919,30.8,24.4,18.8,12.6,8.4,6.6,6.2,5.8,5.4,4.8,3.9,3.6,3.3,3.2,3,3.3,3.8,4.6,6,7.3,8.5,9.6,9,8.8
20230920,8.6,8.3,7.6,7,6.8,5.8,5.3,5.8,6.9,7,6.7,6,5.5,5,4.8,4.4,4.2,5,6.7,9.1,11.3,11.6,12.3,13
20230921,12.9,13.5,13.4,13,13,13,12.5,13,15.2,18.6,21.5,23.3,22,19.3,16.9,14.1,14,14.7,16.7,18.6,20.7,21.6,22.9,23.2
20230922,23.5,23.4,21.1,17,16.1,15.1,15.7,13,7.7,6,5.2,4.3,4.1,3.8,3.2,3.1,3.2,3,3.6,5.6,8.1,9.5,9.6,10.8
20230923,10.6,10.4,10.6,10.6,11.2,10.6,10.3,10.4,11.8,13.7,16,15.6,15,14.5,13.3,13.4,12.7,12.9,14.1,15.5,16.5,18.1,18.7,19.2
20230924,19.3,19.5,20.3,20,19.7,20.1,21.6,22.7,22.7,23.2,24.1,26.3,27.3,27.1,26.5,24.5,21.6,17.5,16.8,17.4,18.3,18.6,19.1,18.9
20230925,19.5,19.4,20,20.5,20.5,20.7,20.6,21.8,24.1,26.1,28.3,30.8,29.8,28.2,25.4,23.8,22.5,21.7,22.3,25.6,29.7,33.1,36.1,35.6
20230926,35.6,35.9,36.5,37.2,36.4,36.5,36,34.3,35,38.4,43.7,49,51.6,50.1,46.4,42.1,40.5,39.6,42.1,50,57.3,62.3,65.3,65.6
20230927,62.5,60.9,60.7,62.8,62.5,62.3,63.5,61.1,57.2,37.9,24.7,15.8,8.8,6.7,5.9,5.7,6.3,7.1,10.6,16,23,26.2,26.5,20.9
20230928,16.1,11.4,7.9,6.2,5.7,5.5,5.2,5.5,6.3,5.9,5.1,4.6,4.7,5.7,6.5,6.3,5.8,6.3,7.1,8.7,11.2,12.5,13.7,13.7
20230929,14.1,14,14.8,16.1,16.3,16.5,16.3,16.1,16.4,20,28,34.1,34.6,29.4,21.9,16.6,11.8,8.6,7.1,7.2,6.6,5.5,4.4,3.5
20230930,3.4,3.2,2.8,2.2,1.9,1.7,1.6,2.1,2.8,2.6,2.4,2.3,2,2.2,2.2,2.3,2.5,2.9,4.4,7.2,9.5,10.3,10.7,11.2
20231001,10.5,9.2,8.5,7.8,6.9,6.7,6.5,7,8.1,8.3,7,6.3,5,4.4,4.7,5.2,5.8,6.8,8.2,11.2,14.5,16.6,18.5,19.6
20231002,18.8,18.5,17.5,15.6,14.8,13.1,12.9,13,14.5,17.5,22.2,27.1,31.6,31.7,30.8,30.7,30.5,30.3,30.9,32.1,33.5,34.6,34.6,34.8
20231003,32.9,31.2,30.5,30.3,30.3,30.6,30.9,31.6,34.4,40.5,44.7,47.1,45.7,42.2,39.9,35.9,33.8,33.5,30.9,22.8,17.2,17.7,16.3,16.5
20231004,16.7,16.4,16.7,16.5,17,15,12.5,9.1,7.3,6.1,5,3.9,3.6,3.7,3.6,3.8,4.4,5.2,6.5,8.2,9.2,8.8,7,6.1
20231005,5.4,4.7,4.6,4.7,4.8,4.7,4.7,5.1,6.1,6.1,5.6,5.1,4.9,4.9,5,5.6,6.4,7.1,8.8,11.4,13.8,15.5,16.7,16
20231006,14.8,14,12.7,11.4,10.2,9.2,9.2,9.6,11.2,10.5,10.6,10.6,11.2,11.5,11.7,11.9,12.3,12.9,14.1,17.2,23.4,27.8,28.9,28.2
20231007,27.8,25.5,25,23.7,23,22.5,20.3,18.6,20,27,37.9,50.8,59.1,63.2,59.3,47.9,40.3,37.3,29.9,26.2,28.7,32,33.9,36.1
20231008,38,39.5,42,43.8,44.4,45.2,45.5,47.6,47.9,43.2,37.1,34.8,28.8,20.3,13.6,8.4,6.6,6.5,7.7,8.9,8.9,9,9.7,10.2
20231009,12.1,16,15.7,11.9,7.7,5.8,4.8,4,3.9,3.7,3,2.7,2.8,2.6,2.7,2.9,2.9,3.2,3.8,5,6.3,7,7.3,7.4
20231010,7.8,7.8,8,8,8.3,8.5,8.6,9.8,11.7,13.4,14,14,13.9,12.9,11.7,10.3,10.1,10.2,11.6,13.5,16.7,19,21,21.5
20231011,20.5,21,22.3,22.7,22.6,21.9,21.1,20.9,21.7,24.4,27.6,31.2,33.2,33.6,30.6,28.5,29.5,30.3,30.5,33.1,36.5,38.3,41,42.8
20231012,44.4,46,48.6,50.4,52.4,54.5,55.6,56.5,59.6,63.8,67.9,70.8,73.2,76.1,75.2,75.1,73,71.8,75.5,79.6,80.6,83.5,83.9,81.8
20231013,79.3,77.2,78.3,79.5,78.1,75.7,70.4,65,64.4,70.9,55.4,30.9,18.3,9.7,6.2,4.7,3.6,3.4,4.6,6.1,7.7,9.8,10.1,10.1
20231014,9.3,8.8,8,7.5,6.3,5.5,5.3,5.2,5.7,5.2,4.6,4,3.8,3.5,3.4,3.5,3.9,4.4,5.5,8.2,10.7,12,12.3,12.7
20231015,13.1,12.7,12.5,11.7,11,10,9,9.2,9.3,9.3,7.7,6.2,5.5,5.1,4.5,4,4.1,4.3,6.1,9.5,13.4,14.1,13,11.9
20231016,10.8,8.3,7.1,6.6,6.5,6,6.1,6.5,6.9,7.4,8.5,11.9,14,14.7,15.6,16.5,16.1,17,17.8,20.5,22.1,23.8,23.5,23.6
20231017,24.1,24.7,25.2,24.3,23.1,22.3,21.9,21.7,22.9,24.9,28.2,32.6,35.8,37.3,37.9,37.5,37.7,38.4,38.5,41.1,43.2,44.5,44.8,46.2
20231018,45.1,43.3,41.9,38.9,34.2,26.6,21.4,16.5,13.9,9.7,6.5,4.7,3.5,2.8,2.4,2.4,2.5,2.5,4.4,6.7,8.4,9.4,10.2,10.5
20231019,9.4,7.2,6.4,6.1,5.8,5.3,4.9,5,5.3,5.7,4,2.9,2.5,2.4,2.5,2.4,2.2,2.2,2.3,2.5,2.4,2.1,1.8,2
20231020,1.8,1.6,1.4,1.4,1.4,1.4,2,3.2,4.3,3.6,2.9,2.8,2.9,3.1,3.2,3.5,4,5.5,7.9,12.1,14.7,16.9,18.3,18.3
20231021,18.3,18.9,19.2,19.3,18,16.8,15.7,14.7,14.3,12.1,10.2,9,7.7,6.9,6.3,5.7,5.4,6.6,9.1,12.1,15.6,16.9,18,18.4
20231022,18,18,17.5,16.6,16.1,15.7,15.3,15.2,15.5,16,17.9,19.8,21.8,23,23.6,23.3,24.1,24.7,26.1,30.2,33.3,35.5,38,38.5
20231023,38.3,38.4,38.5,40,43.5,46,47.1,47.9,50.5,64.4,81.4,92.9,102.3,103.1,102.5,105,110.4,110.3,109.5,112.6,115.5,115.8,116.5,116.3
20231024,115.4,114.1,115.2,115.8,116.4,116.7,115.9,115.9,117.2,123.5,128.2,131.7,126.8,114.4,103.1,98.4,94.8,97.5,99,102.8,107.5,111.4,112.7,110
20231025,107,102,98.5,94,92,90,85.9,81.2,78,83.1,91.8,92.4,83,67.6,52.7,39,30.5,29.9,33.6,37.5,39.7,33.5,24.7,16.3
20231026,10,7.3,7,6.3,5.7,5.4,5.7,6.5,8.5,10.9,9.8,8.8,8.5,7.9,8.2,8.3,9.7,10.9,11.9,14.3,15.3,16.4,17,17.8
20231027,18.4,18.8,19.3,18.9,20.3,20.2,19.7,19.5,20.2,20.6,21.2,22.8,24.1,25.6,27.6,29,31.2,31.7,32.3,35.3,38.3,39,41.1,40.8
20231028,39.2,36.2,34.4,33.1,31.4,29.5,27.9,27.1,29.7,37.2,46.5,54.4,60.7,65.4,68.6,73,79.1,86.3,94.5,100.7,104.9,107,108.8,109.7
20231029,114.5,111.6,109.9,108.3,109.6,112.8,117.1,121,123.1,124.3,130.3,138.7,143.5,144.3,142.5,140,138.9,138.5,143.3,151.1,156.1,153.8,150.3,144.6
20231030,139.9,136.4,134.4,130.7,127.8,123,121.1,115.1,113.9,116.3,113,92,76.6,81.5,83.5,92.2,97.5,109.9,125.2,134.9,129.4,119.9,97.2,76.9
20231031,66,60.9,60.7,62.3,61,61.7,59.5,59.3,63.3,70.5,79.6,90.3,92.8,92.1,87.4,83.3,82.4,86.8,92.6,100.8,106.9,115.3,126.3,128.2
20231101,124.5,118.5,115.6,112.9,106.8,101.5,95.5,91.4,88.4,95.2,113.1,123.4,121,120.2,124.9,130,138.4,150.8,161.4,177,185.4,190,184.2,169.3
20231102,143.8,119.8,94.6,81.9,75.7,69.2,64.5,61.9,61.6,65.4,71.5,82.3,94.8,97.9,95.6,98.2,91.4,74.8,43.2,25.2,21.5,17.7,11.8,6.8
20231103,3.1,1.9,1.7,1.5,1.6,1.5,1.4,1.7,2.5,3.4,2.7,2.7,2.8,3.2,4.8,8,10.1,10.3,9.5,9.4,10.1,10.3,10.3,11.2
20231104,11.9,13,,13.8,14.5,14.9,14.7,14.8,16.2,17.9,20.3,23.5,27.2,30.2,30.9,30.5,29.2,27.3,27.6,28.9,31.5,32.9,32.9,32.9
20231105,33.4,33.4,34.2,34.9,34.5,33.7,33.9,33.4,33.2,30.6,26.1,18.7,13.2,10.8,10.2,10.2,10,9.2,4.8,3.6,3.9,5.2,5.9,9.9
20231106,16.2,22.9,22.9,15.5,11.4,8.9,6.1,4.4,4.1,4.4,4.8,5.6,6.5,6.4,6.6,7.5,7.9,8.4,9.7,11.5,11.4,11.9,13.1,13.7
20231107,13.8,15.5,15.8,15.9,15.9,15.4,14.9,15.4,17.1,18.1,18.9,19.7,20.4,20.7,19.2,18.3,21.6,20.7,23.6,27.8,29.3,30.7,30.8,31.1
20231108,30.8,30.3,30.3,30,29.1,30.8,33.8,34.5,33.7,33.9,32.2,30.7,29.4,27.8,24.8,23.5,23.7,25,30.6,34.7,36.6,38.8,39.7,38.6
20231109,36.3,26.4,11.9,4.8,3.1,2.3,2,1.8,1.7,1.7,1.7,1.7,1.9,2,2.1,2.1,2.2,2.2,2.5,2.6,2.3,2.2,2.3,2.3
20231110,2.4,2.8,3.1,3.1,3.3,3.3,3.6,4,4.8,4.9,4.5,4.5,4.6,4.6,4.6,4.8,5.3,6,7.6,10.5,11.7,12.3,12.3,12.6
20231111,12,10.7,9.3,7.8,6.3,6.3,6.3,6.8,7.4,7.6,7.3,6.7,6.7,6.5,6.4,6.5,6.6,7.4,10,13.1,14.9,11.9,,6.7
20231112,5.2,4.6,4.3,4.2,4.2,4.3,4.3,5,5.6,6.1,5.7,5.7,5.8,6,5.8,5.7,5.9,6.3,6.9,7.8,7.4,7.2,7.1,7
20231113,7,6.8,6.9,7.1,7,7.1,7,7.5,8.4,8.5,9.4,11.6,12.6,13.8,16.9,20.4,26.4,28.7,37.1,43.5,49,52.3,53.6,53.1
20231114,50.9,50.6,48.9,46.3,42.4,38.7,34.9,31.5,29.1,27.7,23.1,22.1,20.7,20,20.5,23,27.1,30.4,36.9,46.2,51.7,54.9,57.4,59.1
20231115,57.5,56.6,54.6,51.5,48.3,44.7,40,35,35.7,34.7,33.5,35.1,39.6,44.8,48.4,46.4,48.5,48.1,49.6,52.7,59.5,65.6,67.2,54.4
20231116,34.9,19.3,8.7,4.5,4.1,3.6,3.3,3.4,4,4.1,4,4.1,4.6,4.6,4.1,3.7,3.5,3.6,4.8,7,6.3,5.1,4.4,4
20231117,3.6,3.2,2,1.7,1.5,1.7,1.7,2.2,3.1,3.4,3,3.4,3.4,3.6,3.4,3.4,3.4,3.5,4,4.6,5.4,5.7,5.9,5.7
20231118,5.5,7,6.6,6.2,6.2,6.9,7.8,8.7,10.7,13.3,14,13.7,14.8,17,19.6,22.3,25.1,28.1,33.4,39.7,42.1,43.6,42.5,38.1
20231119,34.9,33.4,30.6,29.5,28.2,27.6,26.4,25.4,25.2,26.2,24.5,21,20.4,17.3,16,15.6,16.6,18.7,24.3,28.8,30.7,31.5,32.9,34.3
20231120,34.3,35.5,35.8,36.6,35.9,33.7,33,34.1,35.5,38.7,45.4,57.1,65.3,73.7,81,83.3,85.6,85.3,85.3,88.6,89.9,91.3,90.6,89.7
20231121,89.7,87.7,88.2,87.7,87.4,87.2,86.8,87.2,88.3,89.7,94.4,100.9,110.2,118.4,127.5,133.2,136,139.9,145.5,151.9,154.9,156.1,154.8,154.2
20231122,151.9,150.6,150.5,150.3,148.1,145.5,143.4,142.3,144.5,147.4,135.7,101.4,56.2,37.8,32,17.8,15.4,15.6,15.4,15.1,13.7,9.9,8.7,8.4
20231123,4.8,3.7,4.5,3.9,3,2.7,2.7,2.8,3.1,4.1,3.9,3.6,3.8,3.4,3.2,3.2,3.1,3,3.5,3.6,3.7,3.4,3.3,3.3
20231124,3.4,3.9,4,4,4.2,4.1,4.4,4.9,6,6.8,6.7,6.6,7,7.3,7.5,8.5,9.9,11.5,14.9,18.3,20.7,21.5,23.2,23.7
20231125,23.9,24.4,24.7,25.1,26.2,28.6,31.3,30.9,30.7,31.1,31.9,32.3,32.3,31.2,26.2,23.5,21.3,23.1,29.3,35.7,41,44.1,44.8,42.4
20231126,40.6,38.9,38.2,37.5,37.4,37.4,36.5,35.7,35.5,34,34.2,34.3,34.3,35.8,34.8,34.9,36.1,37.8,40.5,43.9,44.5,45.2,45.2,45.3
20231127,45.6,46.2,47.4,47.2,46.2,45.7,44.6,43.2,42.4,41.5,38.2,33.2,18.2,10.7,7.6,6.2,5.4,4.9,5.1,4.8,4.5,4.3,3.7,3.3
20231128,3.1,3.3,3.3,3.1,2.8,3.2,3.4,4.3,6.1,8.5,7.3,7.5,7.4,8,9.3,10.7,12,13.1,15.9,18.8,22.4,21.8,18,11.3
20231129,5.7,4.1,3.5,3.5,3.5,3.5,3.8,4.4,5.1,6,5.7,5.8,5.8,5.7,5.7,5.7,5.5,5.8,6,6.3,6.5,5.7,5.5,5.2
20231130,5.2,6,5.8,5.5,5,4.9,6.2,6.5,7.9,7.5,7.1,7.1,6.3,7.1,6.4,6.5,7,8,9.5,9.7,9.3,7.1,7,7.3
20231201,6.6,6.8,6.9,6.9,6.7,7.4,7,7.9,9.4,9.9,10.3,10.5,13.5,15.4,17.4,18.8,21.1,25.3,31.5,37.3,40.1,40.5,39.3,37.5
20231202,36.8,35.2,36.6,36,35.5,35.5,35.5,34.9,32.9,29,22.6,16.2,13.5,10.6,9.1,9.6,10.5,13,17.1,23.2,27.8,32.5,34.9,34
20231203,31.4,28.1,25.7,23.2,19.3,15.7,14.6,14.6,15,16.5,16.1,16.5,17.7,22.7,31.2,39,46.1,54.4,60.3,67.7,68.3,70.7,70.4,68.1
20231204,63.4,59.7,55.7,52,51.7,50,48.9,49.1,49.9,50.6,56.8,63.8,66.9,63.6,62.1,62.1,61.5,61.9,65.1,68.5,71.1,70.3,69,66.3
20231205,64.9,64.4,61,58,55.1,53.3,51.2,49.6,50.1,51.4,56.9,67.8,80.6,85.4,86.9,88.8,90.5,93.4,98,104.9,105.5,99.4,89.9,64.5
20231206,35,16.2,10.4,6.2,5.5,4,4.2,4.8,6,9.3,11.9,20.1,30.5,38.1,41.9,48,59.3,69.8,70.3,81.7,91.4,98.5,98,95.1
20231207,92.3,91.2,88.1,84.5,81.5,77.8,74.6,71.6,71.7,73.5,79.3,87.3,94.4,97.2,98.7,101.7,100.7,104.2,106.5,110,110.1,108,104.9,102.7
20231208,99.5,95.4,90.8,86.4,83.6,80.9,79,78.2,78.7,80.2,83,88.2,92.7,95.7,96.8,98,96.5,100.9,97.6,102,103.1,98.7,86.7,72.2
20231209,65.9,57.9,43.1,35.1,42.4,43.6,45.6,50.2,50.9,49,41.5,36.2,35.4,35.3,36,37,34.9,33.5,34,34.5,32.3,29.9,26.4,25.1
20231210,24.5,24.2,23.4,23.2,22.4,22.1,23.1,23.4,24.3,25.5,26.3,27.2,28.5,29.4,29.2,29.7,30.2,32.9,34,34.4,34.6,34.2,33.3,30.9
20231211,28.4,25.6,25.6,25.8,25.7,26.5,23.9,20.2,19.2,16.8,16,16.2,18.3,20.3,22.7,25,27.1,29.5,33.5,36.1,39.8,42,43.3,44.2
20231212,44.5,45,45.2,44.3,43.2,42.9,41.6,41.4,45,51.1,57,59.9,61.8,64.3,66.3,66.5,67.6,68.4,69,68.9,68.5,68,68.8,69.9
20231213,70.5,72.8,75.2,75.6,73.7,74.3,72.4,70.1,67.9,66.5,66.6,67.9,71.7,77.4,82.4,85,87.8,88.2,90.2,94.2,96,98.2,99,97.3
20231214,93.1,91.5,89,86.1,85.2,82.4,77.1,71.9,62.5,55.3,54,53.4,52.6,49.2,45.6,41.6,36.7,33.3,29.9,26.5,21.8,17.8,15.9,14.1
20231215,12.8,11.8,11.7,11.5,11.6,11.1,12.2,12.3,11.1,11,10.5,9.8,9.2,8.2,7.2,6.8,6.6,7,6.7,6.3,5.3,4.3,3.9,4.1
20231216,4.9,5.8,6.2,5.7,5.1,4.6,5,4.5,4.8,5.8,6,6.5,7,7.2,6.9,6.8,6.3,6.5,6.9,7.4,7.4,7.2,7.5,7.7
20231217,7.6,7.7,7.7,7.7,7.4,7.5,8.2,9.2,10.8,14.5,14.5,13.9,14,13.7,14,15.2,15.9,18.5,22.9,28.9,32,32.2,31.5,31.6
20231218,31.3,33.1,32.6,31.9,31.9,31.3,31.4,30.5,28.6,29.3,29.3,30.9,35.5,41.4,49.5,58,65.3,69.9,80.5,85.8,86.2,89.2,89.3,86.1
20231219,81,75.1,71.6,69.7,65.6,55.3,38.1,19.7,10.5,7.6,6.5,6.1,5.5,5,4.7,4.2,4,4.2,4.5,4.6,4.8,4.3,4.5,4.7
20231220,5.4,5.6,5.9,6.5,7.2,7.6,7.3,7.8,8.2,8.5,8.3,7.7,7.3,7.2,7,6.2,5.9,6.5,7.1,7.1,6.8,6.7,6.7,6.6
20231221,6.5,6.7,6.6,6.4,6.3,6,6.1,6.5,7.4,8.4,7.6,7.8,7.5,7.2,7.4,8.2,7.6,8.9,10.3,12.2,12.1,12,12.2,12.2
20231222,12,11.3,10.9,9.9,9.1,9.2,9.8,10.6,12.1,13.8,13.9,13.1,13.3,13.7,14,14.3,16.2,18.8,22.4,25.7,29.2,30.9,31.1,31.8
20231223,31.6,31.5,29.8,28,27.7,27.5,27.6,27.2,26.8,26.9,25.4,22.7,21.9,20.2,19.4,18.2,17.5,18.7,23,25,26.3,24.9,23.6,22.7
20231224,23,23.7,26.3,27,25.9,27.4,29.2,29.8,30.3,31.4,30.5,29.7,30.7,30.1,30.5,28.8,28.4,30.8,33.6,36,38.8,40,39.8,39.7
20231225,39.6,38.6,39,37.7,38.2,37.3,35.5,35.3,34.5,35.2,33.3,33.8,33.6,36.2,40.5,42.4,49.2,57.3,63.8,71.8,78.7,81.9,85.2,87.9
20231226,85.8,80.1,71.7,68.2,62.1,54.2,49.1,43.6,39.5,34.1,31,27,21.4,16.6,14.1,12,12.3,14.1,17.3,21.7,24.7,26,26.9,25.2
20231227,25.2,24.9,25,23.9,22.6,23,24.6,25.9,25.9,26.4,28.4,28.8,27.1,23.2,19,18.6,19,20.3,22,25,28.8,30.3,31.3,32.2
20231228,32.5,32.4,32.5,33.2,32.8,32.2,31.7,32.1,34.1,37.2,42.6,49.3,53,54.8,51,49.1,48.8,47.7,51.2,53.2,55.6,56.8,58,59.8
20231229,58.6,58.7,60.1,60.8,60.6,59.9,60.8,64,64.9,63.8,65.2,65.2,67.8,76.3,83.6,96.9,115,131.2,150,166.1,174.7,179.8,180.8,181
20231230,177.3,174.6,172.4,166.9,157.6,150.6,147.6,144.5,143.7,143.3,147,155.4,162.8,157.5,146.9,138.7,135.4,130.5,118.3,85.5,49.4,23.3,17.5,14.3
20231231,10.9,9.1,8.5,8.4,8.1,7.5,6.9,7.1,7.7,8.8,8.7,8.4,7.9,8,8.4,8.7,8.9,9.9,12.6,15.7,18.2,20.5,23.3,27.2
20240101,32.1,39.6,46.1,47.8,49.3,50.2,49.6,48.4,46.2,46.9,50.4,58.7,64.3,68.4,73.6,78.6,84.3,92.9,101.6,109.6,115.1,115.8,115.8,114.1
20240102,110.3,107,101.3,93.7,90.5,91,86.5,83.1,78.8,76.3,76.5,73.8,73.4,74.6,74.2,73.6,71.3,68.7,70.6,70.6,57.8,37.7,23.4,15.8
20240103,10.9,8.8,5.1,4.2,3.5,3.3,3.4,4.1,5.8,6.8,6.5,7.8,8.5,8.8,9.6,10.4,13.6,19.8,32.4,41.6,44.5,48.3,50.8,53.4
20240104,56.2,54.6,54.6,52.8,53.2,54.3,56,56.2,56.3,57.8,63.3,70.8,77.4,79.9,78,68.8,46.3,35.8,25.4,9.9,4.2,3.8,3.6,3.6
20240105,3.5,3.6,3.8,4,6.7,7.8,9.1,12.2,14.1,17.9,23.4,29.2,29.8,27.1,23.2,24,25.3,25.6,28.1,34.1,37.4,37.9,36.8,32.2
20240106,24.5,17.7,9.6,5,3.7,2.8,2.5,2.7,2.9,3.1,3.5,3.6,3.8,4.2,4.3,4.3,4.2,4.5,5.4,5.9,5.7,5.3,5.9,6
20240107,5.9,6,6.2,6.3,6.6,6.9,7.2,7.7,9,10.2,10.9,9.4,9.3,10.3,11.5,12.3,13.2,14.6,17,19.4,21.5,24,26.7,28.4
20240108,28.4,29.3,31.5,31.8,31.1,30.3,30.7,31.5,32.9,33,34.1,36.7,39.5,41.7,43.8,45.4,46.9,48.2,51.3,54.5,57.5,57.7,57.5,56.2
20240109,54.8,53.5,53,52.3,51.5,49.5,47.4,42.7,38.2,36,32.8,28,20.9,15.6,14.7,14,12.9,14.2,17.8,22,20.8,16.4,12.5,10.9
20240110,9.2,9.8,9.5,9.4,9.3,9.3,9.7,10.2,11.9,13.9,15.1,14.6,17.3,22.9,28.3,34.2,38.3,45.7,58,62.5,67.7,70.3,70.2,71
20240111,68.2,64.8,60.8,58,55,54.4,53.5,51.8,50.2,50.2,53.6,56.4,56.9,55.7,55.2,57,58.4,62.5,68.6,77.9,86.4,85.5,84.2,78.9
20240112,77.7,72.5,69.3,62.6,54.1,50,52.7,52.3,56.4,61.3,65.5,70.1,76.4,82.3,86,86.9,91.3,97.9,101.7,105.9,107.3,105.8,104.3,100.6
20240113,98.6,96.9,93.6,88.4,87.3,87.1,76.6,66.4,57.2,51.8,44.8,34.6,29.8,28.7,28.9,30.2,32,33,33.6,36.1,37.8,39.5,42,44.5
20240114,38.1,20.8,12.6,6.7,4.7,4.3,4.1,4.2,4.3,4.3,4.3,4,4.1,4.3,4.1,4,4.3,4.6,5.8,8.1,8.5,8.4,9.7,9.1
20240115,9.2,9,9,8.1,8.1,7.6,7.8,7.9,9.1,10.5,10.7,10.8,12.4,13.4,13.7,15.5,17.4,22.5,30.1,37.1,42.7,44.3,43.3,41.9
20240116,38.5,36.8,36.3,35.8,33.5,31.3,30,28.8,28.7,28.9,31.5,37.5,44.5,53.6,56.7,60.7,67.3,74.6,83.7,90.2,91.5,90.6,87,83.5
20240117,81.1,79.2,77.8,77.9,78.7,79.3,81.1,82.3,83.6,85,88.7,91.4,93.2,94.3,95.9,95.4,93.8,93,94.9,98,101.1,101,99,97.3
20240118,95.3,93.3,91.7,91,89.2,87.4,85.7,84.7,84.7,85.5,85.8,85.6,77.3,71.3,56.2,58.3,59.4,57,55.5,55.7,56.1,54.9,55,55.9
20240119,57.6,58.1,58.4,58.4,55.5,54.2,48.9,44.4,42.8,36.8,34.3,32.5,32,32,32.5,33.3,34.6,35.7,37.5,40.5,42.8,44.8,46,47.6
20240120,48.5,48.4,48.9,48.7,46.5,42.6,38.5,35.2,32.4,30.1,26.3,24.5,25.5,28.1,30.9,34.4,36.6,38.4,39.2,35.8,23.3,15,8.4,6.4
20240121,5.8,5.7,5.8,5.8,5.6,5.6,5.6,5.8,6.2,6.6,6.7,6.8,6.8,6.7,6.3,5.8,5.7,5.8,6,5.7,5,4.2,4,4
20240122,4,3.9,4,4,4.2,4.5,4.6,4.9,6,6.5,6.5,6.3,5.8,6,6.4,6.6,6.4,6.5,6.9,7.4,7.5,7.6,6.6,6.5
20240123,6.5,6.5,6.4,6.3,6.1,5.7,5.1,5.7,5.8,6.5,6.3,5.7,5.6,5.6,5.5,5.7,5.9,6.4,7.9,8.3,7.6,7.4,7.5,6.8
20240124,6.5,6.8,7.5,8.1,8,8,7.6,7.4,8.1,8.5,8.3,8.2,8.3,8.5,8.6,8.7,9.1,10.5,13.3,16.8,19.8,22.3,22,21.1
20240125,19.9,19,17.6,16.5,16.2,14.1,13.1,12.3,12.4,12.7,11.3,11.3,10.4,9.6,9.7,10.4,11.4,12.1,13.4,17.3,17.3,16.1,14.6,13.8
20240126,13.9,14.8,14.2,13.5,13.2,13.7,13.8,13.5,13.7,14.3,14.9,15.4,14.7,14.7,14.6,14.3,14.2,14.6,18.2,22.1,24.8,23.9,22.9,22.1
20240127,20.1,18.5,17.2,16.5,15.5,14.5,13.2,13.2,13.8,14.6,13.7,13.8,14.2,13.5,12.7,12.5,12.7,14,17.4,22.3,26.7,29.7,30.5,28.9
20240128,27,25.1,24.1,22.3,21.7,21.5,22.6,22.1,22.8,23.9,24.9,24.5,24.8,25.5,25.7,25.9,26.4,28.1,31.8,37.4,41.5,44.7,44.5,43.9
20240129,42.8,39.6,38.1,35.9,33.1,29.5,27,25.5,26.5,31.4,42.8,55.4,65,73.6,82.7,90.1,98.2,107.3,110.9,106.7,99,88,74.3,67.6
20240130,65.2,65.1,65.1,67,70,74.6,79.1,82.4,84.3,87.1,90.5,93.1,96.7,100.7,104.8,108.2,109.1,109.5,109.5,111.6,112.2,111.1,110.9,110.4
20240131,110.3,109.9,109.4,109.5,107.1,100.7,82.6,58.3,41.9,27.5,19.5,17.2,13.7,13.2,12.7,12.2,11.9,14.5,15.6,15,14.3,17.1,22.7,36.6
20240201,45,43.4,36.7,32.5,26.9,16.9,11.1,8.2,7.2,7,7.5,8.6,9,8.8,8.8,9.7,11.4,13.4,18.9,24.5,29.4,33.5,38.9,42.1
20240202,42.4,40.9,39.5,37.6,34.6,29.3,26.3,23.5,21.3,20.4,20.3,22.4,27.2,31.9,34.3,39.8,51.6,60.4,62.7,65.5,67.7,68.2,67.8,66.2
20240203,66.1,65,62.3,61.7,61.9,61.3,58,55.6,53,50.6,53.4,56.3,54,47.7,44,41.8,41.6,42.9,47.9,54.9,61.7,69.7,74.5,75.3
20240204,75.4,72.8,72.5,74.3,75.4,73.3,69.3,70.2,74.9,74,71.3,70.5,69.2,69.3,70.1,75.6,76.9,79.3,83.9,87.1,86.4,87.8,88.5,88.3
20240205,87.1,87.7,92.5,95,95.8,94.8,94.1,93.4,93.8,94.4,93.7,82.5,65,51.9,41.1,42.2,46.2,47.5,51.5,51.9,51,51,55.2,59.5
20240206,62.4,65.8,68.5,71,70.7,69.3,66.7,63.5,60.7,49.4,34,25.7,21,18.4,19.2,20.2,22.3,20,18.7,18.1,14.9,14.5,15,15.5
20240207,14.8,13.8,14.2,14.6,14.8,15.1,15.6,16.2,17.1,17.6,17.7,16.7,15.1,14.5,13.6,13.1,12.8,14.5,18.2,23.1,27.5,29.7,25.3,19.5
20240208,14.8,11.3,9.8,9.6,9.8,10,10.3,9.9,9.9,10.4,10.8,10.6,10.8,10.6,10.5,10.8,11.7,13.2,19.2,28.1,37.3,43,48.3,50.8
20240209,51.6,49.2,48.5,49.5,45.9,43,39.5,36,34.7,34.1,36.4,41.1,45.5,50.7,50.2,46.3,37.9,33.6,26.6,19.9,17.2,14.4,12.8,13.1
20240210,14,16,16.8,16.9,17.6,17.2,16.9,17.2,17.5,18.5,19.1,19.2,19.9,20.1,20.7,21.4,23.1,27.2,33.8,42.2,48.8,53.4,55.8,56.9
20240211,57.5,59.6,61.1,62.6,63.5,63.6,61.5,58.8,56.5,54.8,54.3,46.9,45.6,42.6,42.6,41,39.1,41.6,46.2,50.3,54.7,58,60.4,62.7
20240212,61.3,60.6,60.5,60.2,59.8,56.9,56.2,55.2,57.4,64.3,76.5,85.2,97.7,102.6,98.5,95,93.4,94.5,96.7,101.1,104.1,106.5,110.4,116
20240213,116.2,113.7,111.5,110.4,109.6,107.7,103.9,99.5,98.3,98.5,102,107,109.1,108.2,107.1,105.1,103.7,104.8,107.8,112.2,117.2,123.4,125.4,126.7
20240214,125.4,122.3,118.4,115.8,110.7,106.3,99.1,74.1,48.2,35.5,20.1,11.9,12.1,10.3,9.3,8.1,7,6.5,5.9,5.4,5.2,5.2,5.3,5.3
20240215,4.4,4.5,4.5,4.8,5,5.4,5.6,5.8,5.7,6,5.1,4,4.1,5,6,7.4,8.6,10.2,12.5,14.6,17.5,20,22.2,27
20240216,30,31.8,33.1,33.4,32.8,32.8,32.3,32.3,34.4,35.3,37.6,40.1,43,45.7,47,48.2,49.7,51.8,54.9,58.5,60.9,63.3,65.5,66.4
20240217,67,67.8,69.3,70.5,72,72.5,72.4,71.5,72,73.4,73.5,69.3,65.7,63.5,60.9,59.7,58.2,57.7,59.8,62.7,66.4,68.7,71.5,75.1
20240218,75.9,77.5,80.4,82.8,84.1,85.1,83.9,81.6,81.9,84.7,87,89.1,92.5,91,92.5,86.3,77,51.8,25.2,11.8,7.8,7.5,8.1,8.9
20240219,9.3,9.1,9.1,9.2,11,11.3,8.3,7,6.3,6,5.7,5.8,6.1,6.2,6.4,6.7,6.8,6.7,6.8,7.1,6.8,6.5,6.4,6.3
20240220,6.2,6.4,6.4,6.6,6.2,6,6,6.3,7.2,8,9.3,10.5,10.8,10.6,10.9,10.7,10.1,10.2,11.2,11.4,12,12.5,12.4,11.7
20240221,11.5,11.7,11.9,11.6,11.3,10.5,9.4,8.5,9,9.4,10.3,10.5,10.5,10.4,10.1,10.1,10.3,11.5,13.3,16.4,18,17.6,14.1,10.6
20240222,7.6,5.8,4.3,3.8,3.5,3.3,3.3,3.6,4,4.4,4.5,4.1,3.9,4,3.8,3.9,3.8,4,4.7,7.3,10.2,10.2,10.9,10.8
20240223,11,11.6,13.7,15.9,17.1,18.8,19.3,20,21.3,22.2,22.2,20.9,19.4,18.7,17.9,18.3,18.2,18.2,19.5,21.2,24.3,26.5,31,32.6
20240224,33.5,33.5,34.6,35.4,36,36.6,37.1,38.4,39.2,39.4,39.9,40.2,39.7,37.6,37.3,37.6,38.3,38.4,40.5,44.9,51,58.7,68.1,73.5
20240225,76.3,67.1,57.1,45.1,33,24.3,20.1,18.6,18.6,16,16.9,16.3,16.7,17.2,17.3,18.3,18.9,19.9,21.4,27,29.7,26.1,23.3,21.4
20240226,28,36.6,54.5,68.2,70.2,66.9,59.5,60.4,62.1,65.8,65.8,50.2,46.6,44.9,44.2,46.3,48,53.4,53.7,53,48.2,44,40,36.2
20240227,33,30,28.2,28.3,27.8,27.5,28.1,28.8,31.2,33.7,37.5,41,45,46.9,49.7,54.4,58.9,60.6,63.5,65,66.8,66.6,64.7,61.4
20240228,60.9,61.3,61.1,62.5,63.1,62.9,64.3,64.2,66.9,66.7,54.7,42,34.4,31.2,27.5,25.6,24.7,24.2,24.2,26.4,29.3,34.4,37.8,45.3
20240229,49,38.3,37.6,32.2,14.8,8.2,7,7.1,7.5,7.3,7,6.8,6.8,6.5,6.2,6,5.8,5.4,5.6,5.5,5.2,4.4,4,4.1
20240301,4.5,4.9,5.3,5.8,5.5,5.5,5.5,6,7.4,8.3,8.9,9.1,9.7,9.8,9.7,10.1,11.1,12.8,14.4,17.6,19.9,22.4,24.6,25.7
20240302,26.9,27.8,29.8,32.2,33.3,33.5,34,34.5,36.1,35.5,30.5,25.2,23.5,23.8,23.8,24.1,23.8,24.6,25,27.4,31.3,32.3,31.5,30.9
20240303,28.2,29,37.9,46.6,54.4,60.3,52.4,35.4,27.1,16.2,9,7.8,7.5,7.7,9.7,11.7,15.6,19.5,21.8,25,29.7,28.5,25.7,24.7
20240304,26.3,29.6,33.6,38.2,41.3,42.4,39.6,37.1,38.9,40.7,36.7,33.1,30.9,28.4,25.8,24.3,24.2,25,27,28.6,31.9,36.2,36.8,39.6
20240305,42.9,46.2,49.1,51,51,49.7,49.8,51.5,51.8,51.6,52.7,52.3,50.4,48.3,51.5,55.5,55.9,58.5,60.6,62.7,64.3,66.3,67.4,68.7
20240306,70.2,70.8,70.2,69.1,67.4,60.2,48,34.3,22.2,10.9,8.1,6.1,5.8,6.3,6.3,8.1,10.5,12.9,16,21.6,32.5,40.9,48.6,54.8
20240307,61.5,66.6,68.5,62,60.3,61.1,58.2,58.3,56.2,61,70,72.6,50.2,24.9,11.9,6.2,4,3,2.8,3.2,3.2,3.2,3.3,3.4
20240308,3.7,4.1,4.4,4.5,4.6,4.7,5.4,5.8,6.5,7.2,6.7,6,5.5,5.2,5.2,5.7,6.2,7,8.1,10.9,13.1,15.4,16.3,18.3
20240309,17.7,18.1,18.5,18.6,18.4,18.8,20.4,21.4,22.9,27,32.9,35.1,35.2,36.6,39.1,41.1,42,42.5,45.6,50,54.9,59.5,60.7,61.6
20240310,63.3,63.9,64.7,63.5,62.8,66.5,67.4,66.2,68,69.9,74,79.9,86.7,89.4,91.6,93,95.2,96.7,97.1,99.2,102.5,104.8,106,106.6
20240311,105.5,104,102.9,100.4,98.6,98,97.9,97.4,94.8,89.1,70.1,38.6,23.2,17.8,13.4,11.5,10.5,9.1,6.7,7.1,7.8,6.3,9.3,30.4
20240312,47.1,45.8,38.8,42.4,43.4,45.3,43.9,35.5,27.2,18.2,13.7,10.5,10.3,10.3,12.4,16.4,19.2,21.1,23.6,28.3,32,35.2,38.9,41.5
20240313,42.9,43.6,44.9,45.8,46.1,45.3,43.8,43,44.9,49.1,51,50.3,47.5,40.7,33.7,27.3,23.4,21.5,21.5,24.6,27.6,30.1,31.1,29.7
20240314,26,23.5,20.8,18.7,16.6,15.4,15.3,15.5,17.4,20.7,28.3,33.3,28.8,32.8,34.6,35.6,39.8,50.1,64,67.8,63.6,60.4,61.3,62.9
20240315,63.4,63.5,66.5,69.7,70.5,70.8,70.8,71.5,75.2,79.5,86.2,91.5,95.5,102.1,104.9,107.2,103,96.2,87.8,78.8,72.7,66.6,62.4,70.9
20240316,81.4,95.2,103.3,104,105.2,105.7,107.4,109.8,114.5,117.3,120.9,120.2,107.4,68.1,29.8,12.6,7.3,6.5,7.7,12.1,15.9,21,21.3,12.2
20240317,8.9,7.9,5.7,4.6,4.2,4.1,4.1,4.6,5.2,6.5,5.9,5.9,5.1,5.2,5.5,6,7.3,8.3,8.3,10.1,11.8,14.2,17.2,19.6
20240318,21.2,22.9,24.8,29.6,30.9,31.7,33.4,35.3,37.3,40.5,43,44.9,45.2,45.1,46.6,45.3,46.5,46.5,46.4,41.5,34.9,47.8,64.8,58.2
20240319,49.2,42.5,26.2,16.4,12.5,10.9,11.5,12.7,13.6,15.6,13.4,13.5,10.1,9,7,6.8,8,10.1,9.4,11.8,12,10.8,10.2,8.5
20240320,8.6,6.9,6.5,7,7.6,6.7,7.5,9.5,11.2,12.9,11.1,11.9,12,11.9,11.6,12.9,14.4,17.7,19.2,21.9,25,27.5,27.8,28.2
20240321,28.6,29.4,29.6,30.8,31.9,32.2,33.9,36.7,40.4,44.5,45.5,48.4,52.9,57.7,61.5,62.5,62.8,60.6,58,57.2,56.9,54.3,56.1,57.3
20240322,57.1,56.5,56.1,55.6,55.1,54.6,55.8,56.7,60.5,63.2,64,50.9,31.9,18.1,13.1,10,9.8,9.9,9.8,15.3,23.7,26.9,26.7,26.4
20240323,26.4,25.4,23.2,18.1,14.3,11.6,10.4,11.4,16.4,25.8,42.9,58.2,67.1,75.1,79.8,77.5,78.4,78.1,80.1,84.2,87.7,82.7,78,77.1
20240324,76.3,73.7,73.4,73.9,74.2,74.4,76.6,74.4,70.1,70.5,67.4,62,59.1,58.3,56.9,56.8,56.8,55.8,52.4,44.6,41.8,42.6,46.9,54.9
20240325,62.5,64.4,66.8,69,68.6,71,70.5,67.5,63,62.1,60.9,59.5,54.4,51.4,48.4,46.9,46.1,46.8,48.2,48.8,51,53.4,59,65.7
20240326,72.9,77.1,77.3,73.6,71,69.4,69.3,68.8,69,70.6,74.9,77,77.8,79.3,81.1,83.6,85.9,87.7,90.6,92.7,95.4,98.1,98.6,98.5
20240327,98.4,98.8,98.7,98.3,98.1,97.4,97.2,96.5,97.5,99.3,103.4,107.2,109.4,112.5,117.4,121.5,125.2,126.7,128.9,127.5,123.9,121.6,120,121.5
20240328,120.6,121.7,153.3,166.3,166.3,153.7,135.3,107.3,67.9,38,23.2,16.7,15.9,15.1,13.9,13.3,14.6,14.2,16.1,17.1,18.8,18.5,18.6,19.5
20240329,24.5,36.9,55.7,59.1,55.4,48.4,42.1,39.4,36.3,31.3,25,19.3,16.2,15,15.6,14.8,15,14.1,15.7,18.5,22.5,26.6,26.8,26.6
20240330,25,25.3,21.2,12.8,10,10.5,10.9,11.1,11.8,9.2,7.1,7.6,6.9,6.2,6.4,6.5,7.6,9.7,12.2,15.7,20.1,23.9,31.6,34.2
20240331,35.8,37.8,39.4,38.8,41.3,37.8,37.1,37.7,39.2,38.1,38,38.6,42.1,44,42.3,43.8,44.4,46.4,48.2,52.1,56,58.7,59.8,64.9
20240401,68.8,65.9,56.5,50.4,47.8,44.6,41.4,39.3,38.9,37.7,36.8,36.7,35.9,36.5,38.8,42.7,46.7,49.4,48.7,46,42.7,38.6,36.8,36
20240402,34.4,34.5,35.6,36.5,37.1,38.8,39.6,41.6,44.1,48.2,51.2,53.5,55,54.6,54.9,53.2,51,51.3,50.3,50.1,50.6,52.9,53.2,53.2
20240403,51.1,45.4,43.9,43.4,44.2,45.8,48.3,49,50.7,52.2,44.1,34.7,35.5,37.4,38.6,40.4,41.2,40.9,41.7,43,45.2,49.1,49.1,48.5
20240404,48.5,48.8,50.1,50.5,49.4,47.1,46.7,44.7,44.2,38.6,31.6,31,33.9,38.8,43.9,47.9,46.2,45.7,42.6,36.1,29.5,26.4,25.2,23.9
20240405,22.4,21.5,21.2,20.9,20.8,20.7,20.8,22.2,24.6,27.7,32.4,39.3,44.7,47.4,47.6,47.4,46.8,49.2,53.5,58.8,66.7,74.9,79.5,80.2
20240406,80.8,81.2,80.3,78.6,75.9,74.3,74.9,76.2,77.5,83,90.9,90.9,82.8,68.8,44.3,26.8,22.2,20.7,20.4,22,27.8,36.8,44.7,48.9
20240407,48.3,40.3,30.1,19.7,16.5,13.3,10.7,10.5,10.6,9.8,9.3,8.5,8.9,8.4,8.8,8.9,9.3,10.1,10,11.2,14,17.2,17.4,18.5
20240408,19.6,20.9,22.4,22.6,22.5,23.3,25.1,36.1,60,47.8,36.6,32.4,30.6,28.9,28.5,28.6,28.2,27.5,24.3,21.5,19.4,18.5,20.3,21.9
20240409,21.3,21.5,20.7,19.4,18.5,18.5,18.6,19,19.7,20.4,20.2,20.6,21.8,21.9,21.6,23.4,25,29.4,32.6,28.7,25.5,23.7,22.9,23.3
20240410,24.6,25.9,26.6,28,27.7,27.4,27.2,28.7,30,32.4,34.9,37.8,39.2,42.2,44.8,45.5,46.9,48.4,49.7,51.7,54.8,55.6,52.8,51.9
20240411,52.5,52.6,53.5,54,53.7,53.8,54.9,56.3,63.4,71.4,77.6,83,84.7,85.6,85.7,87.1,87.7,91,98.5,104.6,112,119.3,126,133.7
20240412,140.7,141.6,144.6,147.7,149.1,151.5,155.3,155.5,154.2,147.3,133.8,120,105.3,93.6,87.1,80.6,74.7,68.6,63.3,59.4,62.8,67.6,69.9,64.1
20240413,56.3,57.7,60.8,64.7,69.3,73.3,75.7,77.6,80.1,78,75.6,72.6,67.9,56.6,46.3,37.3,31,29.2,30.2,33.9,43.9,48.7,49.2,48.1
20240414,46.7,45.4,44.7,45,46.7,47.7,47.1,44,40.4,40.2,40.9,42.5,43.6,44.3,43.5,42.2,38.3,34.1,30.8,30.4,30.7,33.4,36.8,40.2
20240415,43.7,45.2,47.4,50.4,52.2,50.6,46.3,50.6,60.3,56.9,54.2,44.2,32.1,26.3,18.2,13.9,9.2,8.4,6.7,7.3,9.1,10.2,11.8,12.9
20240416,14.5,13.3,17,14.6,13.6,14.2,16,19.8,19.1,16.7,12.3,9.8,8.4,8.5,9.7,10,10.7,14.8,16,20.5,28.5,30,30.5,30.3
20240417,31,32.4,32.6,31.9,32.1,29.6,28.9,30.4,36.3,45,48.9,50.8,49.7,55.1,55,51.6,48.7,46.6,45.8,47.7,50.4,51.8,54.5,54.5
20240418,55.5,56.1,55.9,55.4,55.8,56.8,58.3,59.5,60.1,52.7,34.2,24.2,18.6,20.8,26.4,31.1,30.3,33.2,37.3,51.1,58.4,59.1,57.4,50.4
20240419,40.3,28.4,24.7,22.8,21.7,20.3,19.6,19.3,18.7,19.7,20.2,19.3,17.9,16.4,15.3,14.8,14.4,16.7,14.2,13.5,13.2,13.7,13,13
20240420,12.8,13.6,11.8,12,12,11.9,11.3,11.9,13.3,15,16.4,19.1,22.6,20.5,20.6,18.4,17,18.6,17.7,16.4,18.1,19.9,24.9,28.9
20240421,31.8,37.9,46.4,57.5,64.2,64.1,66,69.6,76.7,82.1,83.4,81.5,77.5,65.1,54.2,45.7,39.7,38.9,37.4,35.9,36.9,38.2,38.2,38.9
20240422,40.4,42.5,48,53.4,56.4,59.7,61.5,63.6,66,71.5,78.2,80.2,78.4,72.7,67.2,64.3,60,59.8,60.5,59.9,58.7,54.1,47.9,45.4
20240423,41.7,38.7,30.7,17.9,11.1,8.6,7,4.4,2.3,2,2.1,2.3,2.5,2.8,2.4,2.4,2.4,2.5,2.8,3.4,4.5,5.8,6.5,7
20240424,7.5,8.3,8.9,9.3,9.1,8.9,9,9.8,11.9,14.5,17,20.4,24.9,29.8,31.9,32.3,32.3,30.4,30.2,32.1,35.7,40.4,43.8,46.9
20240425,50.2,53.3,61.5,69.6,73.4,74.8,75.6,76.6,77.1,75.9,73,69.1,64.1,57.5,53.3,50,48.5,44.1,40.5,40.5,42,45,47.2,50.1
20240426,55.4,59.7,67.1,73.2,78.5,80.2,81.1,82.2,85,84.8,84.9,81.7,75.6,68.7,61.2,62.7,64.8,61.7,64,63,64.4,64.6,62.1,64.4
20240427,64.7,67.1,70.6,76.1,80.5,81.9,83.4,83.4,81.2,70.2,55.8,40.2,34.8,44.1,51.7,44.3,44.8,43.2,42.4,43.3,40.1,38.2,28.5,21.4
20240428,17.8,15.2,13,11.8,11.3,10.5,9.8,9.8,9.7,10.3,10.6,10.9,11,11,11.3,11.4,11.7,11.3,11.6,12.3,12,11.5,11.1,10.9
20240429,10.6,10.3,10.8,11,11,11.3,12.1,11.9,11.1,10.7,11.4,11.9,12.7,13.5,12.9,12.8,12.3,12.4,13.5,15.5,18.7,21.6,23.3,23.1
20240430,21.1,18.8,17.6,16.5,15.7,15.3,14.4,14.5,13.7,11.4,8.5,6,4.5,3.5,3.4,3.4,4.1,4.3,4.7,5.4,6.9,8.8,10,10.3
20240501,10.4,10.7,11,11,11,10.8,10.9,12,12.8,12.7,13.2,14.1,13.9,10.9,9.4,9.4,10.7,11.8,13.2,14.4,16.4,19.4,20.1,20.8
20240502,22.5,23.1,23.2,23.5,23.8,24.1,24.6,26,28.9,33.9,38.6,41.1,40.3,38.4,35.7,32.7,28.7,26.1,24.5,23.1,23,24.9,27.6,29.9
20240503,30.3,31.3,32.6,33.7,34,35.1,36.2,38.2,41.5,45.6,45.5,36.5,31.3,27.6,23.7,22,21.5,21.5,20.3,20.6,21,22.4,24.6,27.4
20240504,31.8,35,38.4,41.7,43.9,44.1,43.8,44.7,49.4,54.8,58.2,60.2,59.6,58.3,54.6,48.6,46.1,41.3,40.3,41.7,43,42.7,46.2,51.6
20240505,55.4,57.7,59.8,63.5,65.5,67.1,68.2,71.4,76.2,81.3,86.1,87.6,83.3,73.7,68.3,65.3,60.3,56.6,52.6,44.3,42.3,41.2,39,38.7
20240506,40.5,43.5,47.6,52,54.5,57.9,60.2,61.1,61.2,51.9,36.6,25.1,20.2,17.6,15.1,14.6,14.8,17.4,20.9,23.6,26.3,31.4,34.1,35.3
20240507,37.5,39,40.5,41.5,40.2,40.1,39.3,38.2,35.3,29.2,21.6,15.8,13.2,12.5,11.7,10,10.1,13.1,17.1,20,22.4,22.6,24.3,24.1
20240508,23.6,25.1,28.2,31.8,34.2,39.5,44.2,52.7,58.4,61.8,60.4,53.8,46.3,36.5,29.5,26.2,23.9,23.4,24.1,25,26.6,27.6,29.2,30.2
20240509,31.2,32,32.6,33.8,35.2,37.5,38.6,39.5,40.7,41.6,43.1,44.8,45.5,44.1,42.1,38.7,37.8,37.9,39.3,39.6,37.8,31.2,27.2,25.8
20240510,25.6,25.9,27.8,29.3,28.8,28.9,29.5,30.5,31.7,33.3,36.3,39.5,40.5,41.1,42.8,49.1,54.9,54.6,57.6,52.7,40.1,50,97.7,131.3
20240511,137.9,122.6,102.3,92.6,79.6,70.3,62,48.8,35.6,34.7,27.9,21.9,16.4,19.6,13.6,11.4,10.7,10.5,10,11.4,13.1,25,16.5,17.9
20240512,18.5,19,18.7,19.4,18.7,18.6,18.8,19.8,19.4,16,13.3,11.4,10.7,10.8,9.6,8.3,8.1,8.2,9.1,14,16.5,18.3,19.3,19.6
20240513,19.8,18.5,17.9,17.5,16.2,15.8,14.9,15.9,17,15.8,14.4,14,14.9,11.8,14,19.5,20.4,16.8,18.2,21.7,28.3,32.1,31.6,33.8
20240514,35.3,37.4,37.8,38.2,37.8,37.4,37.4,40,41.7,37.3,24.7,17.2,11.9,9.2,8.2,8.7,9.8,11.9,8.5,7.5,8.8,8.5,8.7,8.6
20240515,6.7,7.5,6,4.8,4.4,4.8,5.1,5.1,5.3,5.3,4.1,4.6,4.5,5,5.1,5.9,6.6,8,8.7,10.2,11.6,13.4,14.3,14.5
20240516,15.3,15.4,15,14.9,15.9,15.4,14.9,18.4,20.4,21.9,23.8,26.1,27.9,27,26.5,26.8,26.5,29.2,29.4,28.7,28.2,28.4,27.5,28.5
20240517,28.8,30.5,33.6,35.8,37,37.4,39.5,40.9,42,40.1,38.9,36.3,31.4,27.4,24.4,22.9,24.3,25.6,28.2,31.4,34.1,34.1,33.3,33.6
20240518,35.3,39.5,45.3,49.5,52.7,57.9,58,56.1,52.8,47.2,45,42.5,37.5,34.8,33.8,32.5,34.9,42.1,48.8,56.7,64.2,73.1,73.8,68.9
20240519,60.7,57.3,53.4,51.9,50.8,50.2,52.1,51.5,47.6,47.2,50.4,52.8,53.2,47.8,41.4,38,34.1,29.2,26.5,27.8,33,34.9,31.6,23
20240520,12.7,7.9,8.5,9.4,10.1,10.9,11.5,11.5,12,13.1,13.4,12.2,11.5,10.9,10,10.3,11.2,11.9,13,14.4,15.9,17.3,18.6,20.4
20240521,22.4,25.1,26.7,28.1,28.5,29.3,29.9,29.5,29.4,27.8,25.9,22.1,20.4,18.7,17,16,14.8,16.5,12,12.3,12.8,17.2,21.4,21.5
20240522,19.5,18.8,24.2,30.3,36,41.6,49.6,55,63.6,70.1,74,72.2,65.7,57.7,50.5,45.9,43,41.9,43.5,47.5,51.9,58.5,72.4,77.4
20240523,66.9,54,51.2,51.1,53.1,55.4,56.7,57.2,57.5,59.2,56.4,53.2,51.8,48,44.6,39.9,35.3,31.7,33.9,37.1,32.2,26.4,21.4,18.4
20240524,16.2,14.5,14.2,14.1,14.8,14.8,14.6,14.8,15.4,16.2,17.3,17.3,17.1,15.5,14.8,15.8,15.4,13.9,12.6,11,10.4,10.1,9.5,9.9
20240525,11.1,11.9,13,13.6,14,15.4,17.4,17.5,17.7,17,16,14.6,13.6,12.9,12,11.6,11.5,12.7,12.3,12.9,14.2,16.6,19.2,21.1
20240526,21.4,21.4,21.7,23.1,23,21.5,18.4,14.5,6.7,2.5,2.4,2.2,2.1,1.9,1.7,2,2.4,2.5,2.9,3.5,4.9,6.7,7,7.2
20240527,7.2,7,7.1,7.2,7.2,7.3,8.2,9.3,10.8,13.3,15.3,17.9,20.1,20.5,20.6,21.5,22.5,22.9,23.4,23,24,27,27.5,28.3
20240528,29.6,28.8,28.5,28.2,29,29.2,28.3,28.9,28.9,31.5,32.6,33,30.8,28.5,26.1,25.2,25.3,22.2,22.2,22.6,23.1,24.9,26.6,27.3
20240529,27.6,29.1,31.5,32,34,34.7,35.3,36.6,37.2,37.5,39.4,40.3,38.8,34.7,29.9,27.3,23.3,21.9,21.1,21.3,22,22.9,21.6,21.5
20240530,21.1,22.9,24,23.4,24.6,25.9,26.5,26.8,26.2,22.1,19.6,17.6,16.7,15.6,15.2,13.9,6.3,6.2,6.4,7.5,8.8,11.2,11.2,10.9
20240531,8.3,5.4,4.3,4,3.8,3.3,2.7,2.7,2.5,2.4,1.9,1.8,2.2,2.1,2.4,2.7,3,3.2,3.5,4.5,5.9,8.5,9,9.2
20240601,10.2,11.7,11.8,11.4,11.6,13,14.1,16.7,17.2,14.5,11.8,9.8,9,7.5,6.8,6.9,7.3,7.5,8.2,9.8,12,15.5,18,18
20240602,17.5,17.3,18,18.9,20,23.7,25.5,20.5,15,14.1,12.9,12,11.3,11,11,11.3,12.2,14.1,15.4,18.5,20.3,22.4,23.5,24.8
20240603,25.5,26.4,27.1,26.5,26.4,26.9,25.5,24.7,23.3,21.2,20.5,19.6,20,17.7,17.7,18.9,19.9,20.3,20.6,20.9,22.6,25,29.8,30.7
20240604,28.4,28.5,29.8,31.4,33.2,35.2,37.7,40.3,42.3,42.9,40.9,38,34.4,29.5,22.2,19.6,18.2,17.8,19.3,21.1,23.9,28.3,29.6,29.4
20240605,31,33.2,33.6,33.8,35.1,36.3,37,36.5,37.3,37.6,39.2,40.3,42,44.6,46.2,42.9,37.1,29.7,27.6,23.1,19.7,19.5,20.1,20
20240606,22.2,24.1,26.3,30.7,36.8,42.9,48.1,50.2,51.6,50.3,47,41.9,33.9,28.7,26.5,28,29.1,28.1,28.5,30.7,33.6,38.3,42.8,46.9
20240607,49.5,50.2,47.8,46.2,47.4,47.5,46,42.4,40.7,42,43.7,40.9,37.3,31,15.4,7.1,5,4.9,4.6,5.2,6.4,8.1,9.2,10.3
20240608,11.7,14.4,16.8,17.5,17.3,17.2,17.1,18.3,20.7,25.2,29,31.2,30.4,27.7,25.1,21.2,20.2,23.4,27.3,31.1,34.6,41.3,44.4,45.3
20240609,47.8,49.1,51.3,55.6,61.3,61.7,56.8,46.7,33.9,20,12.7,9.4,7.1,5.9,5.8,5.7,5.7,6.2,7,8.7,12.7,21.6,29,18.6
20240610,14.1,22.3,35.5,43.6,51,52.1,53.1,55.7,59,58.1,56.2,46.1,34.2,24.9,17.6,15,16.6,14.9,9,6.2,6.8,6.3,5.5,7.7
20240611,7.6,7.8,9,11.3,13.3,18,15.8,24.6,36.3,47.2,39.4,28,21.7,15.5,11.8,11.7,12,13.1,15.5,16.1,10.7,5.9,5.9,6.6
20240612,7.1,7.5,8.5,8.9,8.8,9.5,9.9,11.8,12.4,12.4,12.3,12.9,14.6,16.9,19.4,20.7,22.3,24.8,28.3,32.1,35.5,41.6,44.2,40.1
20240613,10.9,8.3,9.2,11.5,10.3,11.5,13.8,16.2,20.5,27.1,31.9,39.7,40.3,43,43.5,41.9,40.9,44,42,41.8,40.2,35.2,32.6,34
20240614,32,32.4,32.7,30.5,26.9,31.6,29.9,26,25.3,27.2,28.7,26.3,22.2,17,11.6,10,9.5,8.9,8.6,9.3,9.6,10.5,9.9,10.1
20240615,11.2,14.3,13.4,14.1,24.2,32.7,33.6,35.1,29.2,9.5,4.4,3.6,3.3,3,3,2.9,3.4,3.3,3.7,4.6,6.1,8.7,10.9,16
20240616,20,22.2,28.5,34,36.4,37.7,35,32.8,30.7,28.3,23.7,19.4,15.9,12.6,11.1,12.5,13.7,14.4,16.4,20.5,24.5,27.8,27.6,29.7
20240617,28.8,31.7,35.3,39.3,41.2,44.5,46.6,47.8,47.8,43.9,39.6,32.9,28.2,27,26.2,24.4,23.1,23.8,25.6,26.2,25.9,26.9,29.6,31.7
20240618,33.7,35.4,36.5,39,40.8,43.9,45.2,42,42.6,39.3,38.7,34.8,31.8,28.1,25.9,23.9,23.9,24.7,24.3,25.2,29.5,36.4,36.7,43.8
20240619,49.6,56.6,58.2,60.1,60.7,56,58.5,56.4,54.4,45.2,42.7,39.9,33.1,26.8,24.5,23.2,23.8,28.4,36.5,40.7,50.2,51.9,53.3,53.2
20240620,54.1,53.7,62.9,67,56.3,45.6,38.5,35.1,35.1,40.4,44.9,48,47.4,45,42.1,39.6,38.6,36.1,34.9,31,28.3,24,19.2,19.3
20240621,22.6,17.6,18.3,21.8,25.6,30.7,32.2,32.9,33,35.5,39.8,38.7,37,36.9,34.9,34.8,32,28.6,29.1,30.8,33.1,36,38.9,40.1
20240622,41.3,40.9,46.4,50.1,52.7,54.2,54.2,54.6,54.9,52.9,52.4,50.2,46.5,44.5,45.9,45.9,47,47.5,40,25.8,15.5,19.2,25.5,38.5
20240623,56.3,67.4,76.5,82.8,89.3,102.3,98.8,84.4,69.9,47.5,29.7,21.5,21.2,16.7,19.5,24.4,27.7,27.9,25.8,27.4,31.9,33.9,30.9,27.7
20240624,21.7,14.6,13.2,11.2,9.8,8.8,8.2,7.5,5.6,5,3.4,3.5,3.4,3.3,3.5,3.5,3.4,4.3,3.5,4.3,6.5,9,10.1,10.4
20240625,10.3,11.2,10.9,9.8,8.7,8.1,7.5,8,8.6,9.6,9.3,8.4,8.2,8.6,10.4,11.5,12.7,13.3,14.6,15.3,16.4,23.5,31.1,32.8
20240626,35.7,36.5,40.9,44.4,46.2,47.6,46.8,43.6,41.8,36.8,32.8,28.7,24.5,22.4,20.6,19.6,20,22.4,24.2,26.2,27.8,29.7,30.5,31.7
20240627,32.6,33.9,34.4,33.9,33.2,30.9,28,26.8,24.4,21.8,20.1,20.2,21.6,20.9,20.3,20.2,21.7,21.9,21.8,22.8,25.2,24.9,23.8,23.3
20240628,24,25.5,26.3,25.4,25.4,25.1,25.2,26.3,28,29.2,30.3,30.4,28.1,27.3,28.1,28.2,28.9,29.2,28.7,29.5,30.6,33.3,33.8,33.4
20240629,34.3,35.8,37.5,40.4,42.7,45,43.4,38.3,33.5,30.6,29.3,29.5,30.7,29.8,29.4,28.9,31.1,34.6,43.5,50.2,42.2,26.3,23.2,21
20240630,29.1,30.9,32.5,36.1,38,39.4,38.9,36.9,36.3,36.5,34.6,30.2,23.7,16.5,12.9,11.7,11.5,11.4,12.4,13.5,15.4,17.5,20,19
20240701,15.8,13,8.6,8,9,9.5,9.1,7.8,8.9,10.3,10.1,9.6,10.2,10.7,11.7,12.4,13,13.5,15.1,17.4,23.1,26.5,29.3,30.6
20240702,30.1,29.8,30.5,31.1,31.4,32.5,30.4,29,27.7,26.1,25.4,23.6,22.5,20.2,16.7,16.5,17.8,18.6,18.7,18.6,17,15.4,15.7,16.6
20240703,17.4,17.9,18.6,19.4,21,20.7,20.4,19,18.4,19.8,19.9,21.2,22.9,21.5,22.2,22.4,20.8,20.3,22.3,24.6,28.7,33.9,37.9,40.9
20240704,45.4,47.1,47.7,45.8,44.2,,41.6,40.2,37.1,34.9,34.9,37.5,40.5,43,42.6,36.9,32.4,31,32.6,35.6,38.6,42.6,48.7,55.4
20240705,58.8,61.8,67.3,73.5,81.3,84,83.2,81.9,80.3,77,67,55.4,42.1,32.3,27.5,29.7,32.4,34.5,38.2,39.7,41.3,38.5,38.2,37.6
20240706,30.2,26.4,25.1,25.7,28.7,31.8,33.1,33.5,34.6,31.8,24.6,18.6,15.1,13.9,12.6,12.2,12.1,12.7,13.3,14,13.5,14.9,15.1,15.2
20240707,14.8,14.8,14.7,15.1,15.6,16.5,16.5,16.3,16.3,15.8,15.9,16.3,16.1,16.5,17.9,21.1,24.2,28,32.8,36.8,35.5,22.9,16.6,13
20240708,12.4,13.1,15.3,17.3,17.9,19.4,20.2,18.6,14.6,12.7,12.3,13.4,14.9,17.7,20.7,24.7,26.1,27.9,29.5,30.8,32.5,34.5,36.4,37.1
20240709,37.8,38.5,39.5,40.9,42.8,44,45.9,46.5,46.6,44.7,44.2,44.4,45.5,44.7,44,44.2,45.9,46.4,46.4,46.8,45.6,46.1,48.9,49.5
20240710,50.3,51.6,52.9,54.3,55.2,55.5,54.6,55.1,55.1,54.6,53.3,50.8,48.1,46.6,46,43.6,41.9,41.5,42.9,46.8,51.1,53.5,54.4,55
20240711,55,55.9,55.7,55.9,56.4,57,57.5,58.4,59.9,58.4,56.5,55.7,51.2,46.9,47.2,49.1,50.2,50,49.5,52.2,54.5,56.8,57.6,56.6
20240712,52.2,46.2,44.8,45.3,40.4,35.2,28.8,28.4,31.1,37.3,46.4,50.6,49.7,31.7,17.3,12.4,11.6,11.7,12,12.6,14,16.3,19,20.3
20240713,22.5,24.5,26.4,26.2,28.2,29.2,32.8,35.6,38.9,41.6,41.7,42.9,43.1,42.1,40.2,37.6,34.8,34,35.3,37,39.5,42.5,44.1,45.2
20240714,45.5,46.6,48.8,54.8,61.2,66.5,68.4,71.3,74.7,71.1,66,63.7,58.9,51.4,45.1,40,37.1,36.3,37.8,39.4,42.3,46.8,50,49.5
20240715,48.5,48.3,51.7,54.6,56.3,56.3,57.9,58.7,57.3,46.7,37.7,31.8,26,25.2,26.5,27.1,27.3,28.2,30.5,32.4,33.6,34.8,35.1,36.6
20240716,37.5,37.4,38.2,38.2,39.3,36.1,30.3,28.2,28,28.5,29.5,29.3,27.5,25.6,21.8,18,16.7,16.8,17.9,19.4,22.7,26,26.4,24.5
20240717,23.2,20.2,17.5,13.9,9.6,6.9,6.6,6,5.1,4,3.8,3.9,4.3,4.3,4.5,4.5,4.8,4.7,5.5,6.3,7.6,8.7,9,10.1
20240718,10.7,11.2,11.5,11.6,12.1,12.2,12.7,13.3,12.5,9.2,6.6,5.5,5.2,5.3,5.2,5.6,6,6.4,6.9,7.9,10,11.9,11.9,12.2
20240719,12.2,12.3,12.4,12.9,13.6,14.2,14.6,15.7,16.8,19.1,21.5,23.2,24.6,26.6,27.9,28.9,30.4,31.9,32.7,34.1,32.7,14.1,8.8,9.9
20240720,11.2,14.7,15.4,13.5,14.2,17.4,18.2,15.7,13.3,9.6,7.8,7.1,8.1,10.1,11.8,12.9,14.9,16.3,17.5,20.9,25,26.5,26.5,23.6
20240721,19.8,16.3,14.9,14.8,15.2,17.3,19.8,22.8,25.3,26.9,28,30.4,31.2,29.9,28,27.7,28.8,30.5,31,31.8,35.5,41.2,41.6,38.2
20240722,30.7,25.7,17.7,14.5,8.7,5.4,6.1,7.1,7.8,8,6.8,8,9.8,11.7,14.2,15.5,15.8,16.6,19,21.6,26.2,32.8,34.8,36.2
20240723,35.9,34.9,35.2,37.9,40.5,41.5,42.4,39.5,38.7,37.9,34.4,31.3,31.4,32.1,30.5,29.7,31.6,36.5,41.5,43.5,41.8,37.2,35.5,36.9
20240724,36.5,36.3,36.8,38.6,39.6,38.8,40.6,40.4,39.9,37.2,36.6,32.9,25.8,22.8,22.8,24.4,27,27.3,29.3,18.1,14.3,12.8,11.8,13.5
20240725,13,12.4,12.5,13.5,13.9,14.5,15.5,12.6,8.5,7.2,6.1,6.8,8.6,10.6,11.2,13.6,13.9,14.7,13,11.7,11.4,13.1,13.6,14
20240726,14.6,16.6,17.3,18.4,19.8,19.4,19,18.7,17.6,14,10.2,7.5,6.9,6.5,6.1,6.1,6.5,6.7,7.3,8.6,9.6,10.8,12.4,14.4
20240727,18.3,25.4,32.5,32.3,31.5,32.1,31,29.5,25.8,20.4,17.1,14.3,12.6,11.4,10.9,11,11,10.8,11.3,13.1,15.5,15,10.6,8.2
20240728,8.1,8.9,10.2,11.4,12,12,12.2,12.9,14.5,14.1,13.5,13.6,13.6,13.9,13.9,14.1,14.2,15.2,16.8,18.1,18.6,19.9,20.4,20.8
20240729,21,21.6,21.4,21.5,22.1,22.7,23,23,24.5,25.6,25.6,24.1,21.7,19.6,18.1,17.5,18.4,21.8,24.8,22.2,15.8,12.2,9.8,8.3
20240730,8,8.3,9.2,10.9,13.1,14.1,15.5,14.4,8.1,4.8,4.6,3.3,3.4,3.9,3.3,5.5,6.1,5.2,4.4,5.2,5.2,5,5,6.9
20240731,11.1,16.8,20.4,22.4,23.6,24.6,23.7,22.1,21.6,20.7,14.9,9.8,7,6.1,6.1,6.4,7.8,10,11.5,11,9.9,10.1,11.2,11.1
20240801,11.5,12.3,11.9,11,10.2,9.5,8.5,8.5,8.4,7.5,6.9,6.2,6,6.5,6.5,7.1,7.5,8.2,9,10.3,12.1,13,13.1,13.2
20240802,13.3,12.5,12.3,11.8,11,10.7,11.1,10.7,12.1,14.5,17.8,21,25.9,30.6,32.6,33.9,35.2,27.5,20.2,19,18.5,21.1,20.3,16.9
20240803,14.1,13.9,13.5,13.7,14.8,14.2,12.6,12.2,12.6,16.1,20,26,28.9,29.8,30.5,29.1,29.9,22.6,16,15,17.9,20,22.8,26.7
20240804,29.2,31.8,33,34.9,36.5,34.2,27.3,21,17.7,15.9,16.1,12.4,9.5,8.6,8.5,8.2,8,8.6,10.3,12.8,17,23.4,18.6,8.9
20240805,4.6,3.7,3.5,3.8,5.3,7.8,10.6,11.7,9.6,7,5.6,5,4.8,4.6,4.6,4.8,5.1,5.3,6,7.1,8.6,9.4,10.2,10.7
20240806,11.4,13.1,13.7,13.6,14.6,15,16.3,19.3,23.1,24,24,22.2,20.4,17.9,16.1,16,16.8,17.7,18.6,20.9,24.3,28.7,29.8,30
20240807,29,30.9,31.9,32.6,35.6,38.8,45.4,48.7,49.6,52,50.6,49.5,47.1,44.1,35.9,29.3,22.6,13.7,8.8,11.6,13.5,15.2,15.2,16.2
20240808,17.3,17,18.2,20.1,22.2,23.1,22.8,22.6,23.9,24.8,24.2,20.4,17.1,15.8,13.8,12.1,11.6,11.8,12.6,14.4,15.7,17.3,19.3,21.8
20240809,24.9,28.7,34.6,40.2,44.9,47.2,50.9,51.8,52,49.8,44.7,38.2,38.1,40.9,43.2,39.4,28.8,17.7,11.1,7.1,5.1,5.4,6.7,4.5
20240810,2.8,2.8,3.4,3.8,3.8,3.8,3.8,3.8,3.6,4,4.4,5.2,6.8,8.1,10,11.6,13.3,14.7,13.5,11.9,12.3,13.3,13.6,13.1
20240811,13.4,13.1,12.5,11.8,11.7,11.5,11.6,12,10.2,7.9,5.5,4.3,4.5,4.2,4.1,4.1,4.1,4.9,5.6,5.5,6.3,5.8,4.3,3.8
20240812,3.2,2.7,2.5,2.3,2.2,1.9,2.1,2.5,2.4,2,1.7,1.8,1.9,1.8,1.7,1.7,1.8,1.9,1.9,2.1,2.3,2.2,2.1,2
20240813,2,2.2,2,2,2.2,2.5,2.7,3.5,4.1,4.4,4.5,4.9,5.8,6.2,6.7,6.9,7.8,9,10.2,10.6,11.3,11.6,10.9,10.9
20240814,10.6,10.8,10.9,10.5,10.6,10.8,10.7,11.5,11.6,11.5,11.2,10.9,10.9,11.2,11.6,12.1,12.4,13.2,14.4,15.1,16.1,18.2,18.8,19.5
20240815,19.9,20.4,21.2,22.7,25,26.5,27.8,27.7,28.6,28.4,26.2,28.3,27.8,23.6,21,20.3,19,19.2,21,22.7,25.4,27.9,28.9,29.2
20240816,29.5,29.9,30.2,30.6,31.5,34.2,37.1,37.4,38.8,41,42.5,38.2,35.2,24.2,18.9,12.5,10.4,10.8,12,12.8,15.4,19.3,21.8,23.3
20240817,23.6,22.2,22.5,23.1,23,22.5,22.5,22.7,22.2,22.6,20.2,17.8,17.2,17.8,19.1,20.1,20.9,22.1,25.4,28.7,31.3,32.2,30.1,24.3
20240818,21.8,14.2,9.1,10.6,12.8,14.1,14.7,15.5,16.2,16,14.7,13.2,12.2,10.9,9.5,9.8,11,13.5,15.4,15.5,17.5,21.7,21.1,17
20240819,14.3,11.7,11.3,12.5,12.7,12.7,11.7,10,9.3,9.6,9.7,9.6,10.9,11.7,12.6,13.5,14.3,15.9,19.3,21.7,23.2,20.2,16.6,15.7
20240820,13.1,11.1,11.7,11.9,11.9,11.9,11.6,11.4,11.1,9.2,7.2,6,5.1,4.5,3.7,3.4,3.3,3.2,3.3,3.8,4.8,6.5,5.6,4.8
20240821,5.4,6.7,6.6,6.8,6.9,7.1,7.6,8.3,9.5,9.2,8.5,7.3,6.3,6.1,6.3,6.5,6.6,6.8,7.4,9.5,11.6,12.5,13.1,13.8
20240822,14.8,14.7,14.9,14.5,14.5,14.2,14.1,14.2,13.5,10.3,7.6,6.1,5.4,5.1,4.8,5,5.4,6,7.3,9.7,12.2,13.2,13.4,13.9
20240823,13.5,13.3,13.1,13.7,14.9,19.5,23.1,25.4,28.6,32.6,35,38.9,35.1,30.8,26.3,22.8,23.8,21,13.2,6.5,5.8,6.1,8.3,9.8
20240824,10.5,12.8,15.6,16.3,16.3,15.9,15.2,15.1,16.2,13.3,11.5,9.8,8.5,8,8,9.1,10.5,11.3,13.2,15.1,16.4,17.2,18.3,20.3
20240825,18.8,18.2,17.7,16.5,14.7,13.9,13,12.6,11.8,10.9,10.7,11.8,12.8,12.6,13.2,15.5,17.1,18.9,19.7,21.4,22.2,22.3,19.2,17.4
20240826,19.1,21,21.3,19.8,18.9,15,9.7,5.8,4.2,3.8,3.4,3.1,3.2,3.3,3.4,3.5,3.5,3.2,3.6,4.4,5.8,6.6,6.9,6.7
20240827,7,6.4,6.3,6.2,6.8,6.6,6.8,7.2,7.4,7.1,6.7,6.3,6.1,6.2,6.3,6.5,6.9,6.7,7.2,9.3,12.4,14,14.4,14.5
20240828,14.3,13.7,13.2,12.4,11.7,11.8,11.7,11.8,11.8,11.7,11.9,11.8,12.4,12.9,12.7,12.3,12.7,14.2,14.6,15.7,18.3,19.6,19.4,18.8
20240829,18.8,18.9,19.2,19.3,19,18.7,18.7,18.5,19.5,20.7,22.8,21.7,18.9,16.2,15.1,15,15.5,17,19.4,21.4,24.4,26.7,28.3,29.5
20240830,31,32.1,32.8,32.8,32.7,33.3,34.5,33,33.7,32.3,27.7,23.3,19.9,18.2,17.6,17.4,18,19.5,21.9,25.7,30,33,35.8,38.3
20240831,40.2,42,43.7,47.6,54,62.2,66,60,47.7,40.5,36.7,34,31.8,29.2,25.9,22.5,21.7,21.2,19,19,18.1,16.8,15.8,17.8
20240901,21.1,21.2,22,23,24,24.8,25.2,24.4,21.8,17.6,12.1,7.4,5.4,4.5,4.2,3.8,3.2,2.3,2.2,2.8,3,2.4,2.2,2.2
20240902,2.1,2,2.1,2.2,2.1,2.2,2.4,3.1,3.5,3.2,3,3.1,3.3,3.4,3.5,3.7,4.1,4.2,4.8,5.7,6.9,7.4,7.4,7.4
20240903,7.6,7.7,8,8,8.3,8.5,9,9.6,10.7,12.3,14.6,15.8,17.1,18.6,17.1,15.1,16.2,15.9,15.6,16.2,18.5,20.2,21.1,21.8
20240904,21.5,21.8,24.2,26.2,28.3,31.3,34,34.7,35.2,35.3,35.4,36.3,36.4,36.2,35.3,35.3,36,37.3,41.2,47.6,53.4,55.3,53.2,46.7
20240905,38.4,33.2,29.3,26.2,19.4,14.3,8.7,4.7,3.6,2.9,2.5,2.1,2.1,1.8,1.8,1.7,1.7,1.9,2.2,3.3,4.5,5.5,5.8,5.4
20240906,5.6,5.5,5.5,5.6,5.6,5.2,5.1,5.2,6,6.8,7.7,8.1,8.4,7.4,7.3,7,7.1,7.5,7.9,8.8,10.4,11.1,10.4,10.7
20240907,11.1,11.4,12.5,12.8,12.7,12.1,10.9,10.9,10,9.5,9.4,9.7,10.2,11.1,12.6,14.2,15.5,16.3,16.6,16.7,18,18.2,17.9,17.5
20240908,17.1,17,16.9,16.3,16.4,15.6,14.4,13.8,13.3,13,13.6,14.2,14.7,15.8,17.2,17.5,17.7,16.9,17.8,19.1,20.6,21.8,22.1,23
20240909,23.9,26.3,32.5,37.9,43,43.9,44.4,43.4,41.2,38.9,36.7,33,35.2,36.6,39.5,41.9,41.9,40.3,42.1,45,47,47.6,45.7,39.1
20240910,29.5,14.5,6,3.1,2.1,1.2,1.2,1.4,1.5,1.5,1.7,1.9,2,2,1.9,2.2,2.9,3.3,4,4.8,5.3,5.7,6.3,6.7
20240911,6.7,6.7,6.6,7.5,8.1,8,6.9,6.4,6.1,6,6.1,5.7,5.2,4.7,4.2,4,4.2,4.4,5.2,6.6,8.4,9.2,9.3,9
20240912,8.8,8.4,7.9,7.7,6.8,6.2,6.1,6.5,7,6.8,6.8,6.4,6.1,5.5,5.4,5.8,6.6,6.2,7.2,9.3,11.4,13.1,13.1,13.5
20240913,12.3,11.4,10.9,10.9,9.9,9.2,8.5,9,9.6,10.5,10.3,10.1,10,9.8,10.4,10.6,10.8,11.8,14.8,17.4,18.3,19.9,19.8,18.8
20240914,18.8,19.3,19.1,18.4,16.5,13.5,9.6,6.8,5.7,5.1,3.4,2.9,2.6,2.6,2.3,2.4,2.5,3,3.5,4.5,5.8,6.5,6.7,6.6
20240915,7.2,6.6,6.6,6.7,7.1,7.6,8.2,9.3,11.2,13.1,14.8,14.9,14.9,15.2,14.3,13.1,12.6,11.8,11.6,13.4,15.7,17,17.3,17.9
20240916,18.7,20.5,22,22.4,22.7,22.5,22,21.2,21.6,23.5,27.4,29.2,26.6,22.5,18.5,14.8,12,11.2,11.7,11.8,11.8,12.3,13.9,14.1
20240917,13.8,13.7,13.5,12.7,12.2,11.9,12.1,12.2,12.6,12.4,11.5,10.2,9.7,10.2,10.4,11.2,12.2,13.7,15.3,16.8,15.5,13.9,13.1,16.8
20240918,17.9,18.1,17.3,20.3,20.6,21.2,22.9,24.9,24.6,23.9,22.9,22,21.2,20.9,21.1,19.8,18.6,18.8,18.6,19.1,,20,20.5,21.2
20240919,22.3,25.6,28.1,30.2,33,35.1,34,33.4,34.6,35.6,34.2,30.5,27.4,25.2,20.8,19.5,20.5,21.2,22.4,24.4,27.5,29.4,32.7,40.1
20240920,43.5,48.3,53.9,53.9,51.5,47.6,41.1,26.3,8.6,4.3,2,1.5,1.5,1.5,1.5,1.6,1.8,1.2,1.3,1.5,1.8,1.8,1.7,1.6
20240921,1.4,1.4,1.3,1.3,1.4,1.4,1.5,1.7,1.8,1.7,1.5,1.4,1.5,1.4,1.4,1.4,1.4,1.4,1.5,2.1,2.5,2.3,2.2,2.2
20240922,2.2,2.3,2.3,2.4,2.3,2.5,2.7,3.4,3.7,3.1,2.9,2.6,2.8,3.1,3.1,3.2,3.2,3.7,4.7,7.3,10,10.6,11.5,11.9
20240923,11.8,11.9,12.2,11.4,11,10.2,9.6,9.5,10.5,11.8,14.8,17.8,20.9,21.2,19.1,17.9,18,18.9,19.7,18.3,18,17.7,18.9,20.2
20240924,21.5,22.4,23.1,23.7,24.4,25.2,25.9,27.6,30.7,34.1,38,38.9,38.9,35.4,32.9,32.1,30.2,29,27.8,29,32.8,40.2,48.3,53.9
20240925,56.8,57.7,59.5,59.8,59.5,57.2,54,50.8,47.1,33.8,14.3,5.4,3.3,3,2.7,2.6,2.4,2.3,2.8,4.3,5.8,6.5,8,13.7
20240926,16.7,17.5,17.7,15.8,14.8,13.4,11.4,10.1,9.7,11.1,14.1,17.7,19.5,20.1,20.6,21.8,21.8,22.5,23.2,24.7,26.6,28.3,28,27.4
20240927,28,,28.2,30.3,32.2,31.7,31.6,32.5,32.4,30.7,31.4,31.3,30.4,26.4,22.5,19.6,18.5,18.4,19.8,21.5,22.7,22.7,22.9,23.7
20240928,25.1,26.4,,,,34.2,35.4,36.1,36.1,,,32.8,31.6,30,28.4,26.8,26,26,27.2,30.2,,36.6,39.6,42.7
20240929,,45.6,48.7,52,53.8,54.1,51.9,47.4,43.5,42.2,44.4,52.5,58.8,61.6,60.4,57.8,56.7,57.2,61.8,63.2,53.9,13.8,2.4,1.1
20240930,1.2,1.1,1.1,1.1,1.3,1.3,1.2,1.2,1.1,1.2,1.2,1.4,1.3,1.3,1.4,1.5,1.6,1.8,2.3,3.3,4.4,4.8,4.9,5.3
20241001,5.3,4.8,3.3,2.8,2.3,2.3,2.3,2.4,2.5,1.9,1.5,1.4,1.4,1.6,1.6,1.7,1.6,1.8,2,3,3.6,3.5,3.2,3.1
20241002,3.3,3.6,4,4.1,4.1,4.1,4.3,5.1,6.5,6.4,4.9,4.2,3.6,3.9,3.9,4.3,4.4,5.1,6.6,9.7,12.5,13.4,13.9,14.2
20241003,13.7,12.8,11.8,10.6,9.6,9,8.5,8.6,8.8,9,9.1,9.5,11,12,13.4,14.7,14.7,16.6,19,19.3,21.6,22.8,24,25
20241004,26.1,26.7,27.5,27.6,26.8,26.6,26.8,27,30,34.4,41.5,45.7,50.7,54.6,55.5,53.1,50.9,49.9,49.3,50.1,52,53.2,53.3,53.8
20241005,53,52.3,53.7,55.3,57.3,58.3,57.8,58,59.5,61,62.4,64.9,66.9,65.9,63.3,59.9,56.8,54.7,52.6,52.8,54,56.3,58.1,59
20241006,60,60.7,62.6,65.2,68,68.7,69.7,69.4,67.4,66.3,65.9,67.8,68.7,66.6,63,60.8,58.7,56.2,54.9,55,52.9,48.8,41.1,32.2
20241007,27.5,24.3,22.5,23,21.9,20.7,18.4,17.1,16.1,10.2,5.6,3.4,2.3,,2.3,2.6,3.1,3.8,5.8,10.2,14.8,17.1,18.1,17.2
20241008,14.9,12.4,10.4,8.9,7.8,6.6,6.7,6.3,6.6,6.9,6.5,6.2,5.2,4.8,5.6,7.3,9.2,10.7,12.6,16.9,23.1,28.5,33.2,34
20241009,34.3,34.5,33.8,32.2,29.5,29.7,30.8,31.2,33.1,37.5,44.6,54.3,62.2,68.9,74.6,76.5,78,78.9,80.8,84.1,83.4,83.7,78.2,66.8
20241010,45.2,18.7,6.8,3.4,2,1.6,1.5,1.7,2.1,1.8,1.7,1.6,1.6,1.6,1.4,1.4,1.7,2.2,3.3,4.6,6.4,8.1,10,11.1
20241011,11.2,11.2,11.6,11.3,11.7,11.5,10.8,10.4,11.4,12.1,16,21.1,25.6,28.7,30.5,32.8,36.2,37.5,39.7,41.6,43.8,43.9,43.2,41.8
20241012,39.5,37.7,34.7,33.8,33.3,33.9,34.2,35.9,39.3,44.7,51.5,61.5,70,75.4,74.9,75.3,75.2,77.1,77.5,82.1,85.1,85.7,,87.6
20241013,88.1,87.8,89.5,92.1,93,90.5,89.3,88.7,86.2,84.1,83.3,84,83.8,83.9,85.1,85.5,85.4,83,83.3,84.2,83.2,82.1,81,78.9
20241014,77.9,77.6,77.2,78.4,75.7,73.1,69.2,66.3,63.4,75.7,87.4,98.5,105.7,107.3,104.7,100.5,95.1,91.4,94.5,100.9,103.8,104.1,103.3,98.8
20241015,92.3,80.8,77.6,61.5,33.4,21.8,18.2,16.7,14.9,13.8,12.1,11,9.9,9,8.2,7.8,7.8,8.1,9.2,10.8,15.5,25.2,28.7,25.4
20241016,23,19.8,17.4,17.1,17,17,17.2,17.5,18.4,19.2,18.9,18.4,17.1,15.2,14.2,14.9,16.9,18.3,19.3,20.5,22.5,22.8,23.9,23.9
20241017,24.1,24.6,25,25.4,26.1,26.9,27.1,27.8,29,30.3,32.7,33.5,34.1,34.2,34.3,34.4,34.7,35.2,36.6,37.5,38.3,39.8,40.8,40.6
20241018,39.8,39.3,40.1,42,42.5,42.6,43.5,43.1,40.7,39.5,40,38.3,28.5,16.4,11,6.8,3.8,3.4,3.9,4.9,4.9,3.8,2.2,1.8
20241019,1.8,1.8,1.8,1.6,1.3,1.4,1.2,1.2,1.3,1.3,1.2,1.2,1.2,1.2,1.3,1.4,1.5,1.7,3.2,4.6,6.2,7.4,8.3,8.6
20241020,8.8,9.5,9.8,10.2,11.1,11.9,12.5,13.1,14.2,15.2,15.2,13.7,13.1,13.6,14,14.1,13.8,15.4,16.8,17.2,18.2,19.2,19.5,20.4
20241021,21.5,22,21.7,22.2,22.9,23.8,24.7,26,28.5,32.8,34.9,36.6,37.9,38.2,38.5,38,37.6,37.8,40,43.9,47.5,49.8,50.4,47.4
20241022,45.4,44.2,39.6,26.4,14,6.9,3.2,2.7,2.8,3.3,3.3,3,3.2,3.4,3.7,3.8,3.7,4,6.1,9,11.8,13.8,15.2,14.9
20241023,14.3,12.2,12.2,12,11.7,11.6,11.2,10.9,11.8,11.8,14.6,20.1,23.3,22.8,23.3,23.9,24.8,26,28.1,33.4,37,37.9,38.6,37.5
20241024,35.6,33.9,33.2,32.2,31.2,31.4,30.3,30.2,30.8,32.6,35.7,39.6,41.2,41.5,40.8,39.6,38.9,41.1,44.2,50.2,55.2,60.2,63.2,64.3
20241025,66.2,65.9,67.8,70.2,,73.4,74.1,74,76.2,92.8,110.2,126,137.6,139.3,136.5,133.7,132.2,133.2,140.5,145.3,149.3,149.9,148.6,145.2
20241026,140.4,136.2,133.9,131.8,127.9,124.5,122.5,120.1,122.9,132.8,146.6,159.3,171.2,177.5,178.3,178.1,176.2,176.6,180,182.4,179.8,171.4,159.1,143.5
20241027,109.8,73.8,47.8,23.1,12.4,7.1,5.2,4.1,3.2,2.8,2.7,,2.6,2.6,2.5,2.5,2.5,3.2,5.1,7.2,9.7,10.5,,12.1
20241028,13.8,15.2,15.2,14,12.1,10.6,10,10,10.3,9.7,9.5,10,11.8,14.8,18.8,21.8,24.8,30.8,36.6,41.8,44.4,47,48.5,48.6
20241029,50.1,52.1,54.7,53.3,52.5,52.5,52.4,52.9,54.5,61.1,67.4,71,77.3,77.8,77.1,74.2,73,72.9,75.4,80.6,83.8,84.2,81.3,76.2
20241030,73.5,68.4,62.5,55.8,49.6,41.1,37.3,34.3,32.4,29.8,36.1,49.5,59.6,67.6,73.5,77.5,83.6,84,82.5,86.2,89.8,96.1,102.9,108.4
20241031,101.6,96,92.6,88.2,81.3,78.8,75.2,69.9,68.2,65.1,69.7,77.5,,95,107.6,108.1,111.3,118.4,128.4,142.7,152.5,155,143.8,132.6
20241101,123.5,115.2,107.4,100.2,95,88.3,82.2,74.9,70.4,81.5,91.9,98.7,94.7,85.9,80.7,80.2,84.9,98.8,111.4,125.1,128.9,128.8,124.2,118.6
20241102,113.5,105.4,,,80.8,75.6,69.3,63.5,60.7,65.5,78.3,98,107.5,109.7,107.6,103.6,95.2,92.9,93,94.9,96.2,93.2,87.9,84.1
20241103,79.5,78.5,78.6,82.5,87.6,91.7,92.8,93,91.3,93.5,100.2,67.5,27.7,7.9,2.9,2.2,1.9,1.9,1.9,1.6,1.4,1.3,1.5,1.5
20241104,1.4,1.3,1.2,1.2,1.2,1.3,1.4,1.6,2,2,1.9,1.9,2,2.1,2.1,2.1,2.3,2.6,4.1,7.8,9.7,10.7,11.1,11.5
20241105,11.2,12,13.3,13.1,12.8,12.7,13.6,14.3,15.4,14.8,13.9,13.9,14.4,14.2,13.9,13.3,11.8,12.4,16.5,22.4,24.8,25.7,26.1,23
20241106,21.3,19.4,17.6,15,13.1,11.7,11.4,10.8,12.2,16.1,20.3,23.6,27.4,30.3,29.9,32.1,37.2,41.5,44.8,50.1,53.8,54.3,55.3,55.8
20241107,54.4,51.7,49.8,49.1,48.3,47.4,47.2,46.2,47.1,49,53.1,58.2,64.5,68.8,73.7,77.3,81.1,86.3,90.9,96.9,100.6,99,100,100.8
20241108,99.6,97.9,98.5,99.5,99.2,98.2,96.5,99.7,101.8,107.6,115.6,120.2,123.2,126.1,124.5,118.9,112.2,107.3,111.2,118.2,123.2,126.6,128.2,128.1
20241109,128,126.9,125.9,124.6,124.4,123.8,122.8,120.6,118.9,121.8,131.3,136.5,133.1,122.1,109,101,101.3,102.7,106.6,114,117.9,119.9,123.3,124.5
20241110,125.7,125.4,129.5,133.5,137.1,139.7,141.3,139.3,137.8,136.2,139.3,136.4,116.2,74.5,44.1,33.9,30.8,29.8,35.6,41.5,46,50.2,55.5,58.7
20241111,60.7,61.9,62,62.5,62.4,59.2,57.1,53.4,49.7,46.4,45.4,44.7,43.6,46.8,46.6,48.4,50.8,53.6,54.7,55.6,55.8,56.7,55.7,57.7
20241112,58.4,59.6,59.3,58,57.1,56.7,55.4,52.1,48.7,47.3,50.8,52,50.7,47.6,46.3,45.4,50.5,59.5,72.5,81,92.8,99.4,101.7,102.3
20241113,105.6,104.5,99.1,95.8,89.4,82.3,73.1,64.8,57.2,53.8,45.6,42.5,41.7,38.4,38.7,37.7,40.8,42.9,43.4,45.2,43.6,42,39,36.7
20241114,35.7,36.4,37.3,37.5,36.5,35.5,34.5,34.1,33.6,35,38.8,39.1,39.9,38.2,35.3,32,30,30.2,34.2,36.2,35.5,34.9,34,32.9
20241115,32,29.7,29,28.5,27.8,26.1,25,24.6,24.6,26.5,33.6,43.3,51.3,59.8,63.3,65.1,69,70,73,75.8,77.2,75.6,75.3,74.3
20241116,72.5,71.6,71,64.9,51.4,20.5,5.5,3.2,3.1,3.2,3.6,3.9,4.3,4.7,4.8,4.7,4.6,5,6.9,9.4,11,11.6,11.4,10.8
20241117,10.9,10.2,8.2,6.6,5,4,3.1,3.4,4.4,3.4,2.6,2.2,2.2,2.4,2.5,2.7,3.1,3.7,7.1,11,13,14.2,14.8,15.8
20241118,15.8,15.8,14.6,13.9,12.3,10.4,9.3,9.5,13.1,15.7,17.9,17.7,18.3,18.4,18.1,18,18.1,19.1,21.3,21.9,19.7,19,18.6,18.4
20241119,17.7,17.6,18.1,18.7,18.8,19.9,19.8,21,22.5,25.3,28.9,34.5,37.7,38.2,38.2,38.3,39.2,41,44.8,48.5,51.3,52.5,52.6,52.8
20241120,51.4,50.8,50.7,51.7,50.9,48.4,48,47.8,48,50.2,51.9,49.8,45.8,39.7,35.2,32.9,33.8,36.8,41.2,46.7,50.7,49.3,46.8,45.4
20241121,43.5,38.5,34.3,28.4,20.2,15.2,13.8,11.2,11.5,11.5,9.3,6,4.3,3.6,3.4,3,2.6,3,4.5,6,5.2,5,5.2,5.9
20241122,6.2,6.5,6.7,6.8,6.5,6.2,6.2,6.8,8.3,9.9,11.1,12.4,10.7,9.6,9.5,9.7,10.7,13.2,17.6,22.4,23,21.8,20.1,18.8
20241123,18.2,18.4,18.5,18.3,18.2,19.2,20.8,23.9,26.6,28.8,31,31.5,31.1,29.2,29.4,31.2,33,34.1,36.6,39.7,41.5,42.5,42.6,42.9
20241124,42.8,42.8,43.5,43.5,43.8,44.4,45.3,46.6,48,50.6,55.5,61.4,63.2,64.5,68.2,72.5,76.8,79.9,84.1,88.9,92.8,92.8,94.6,95.6
20241125,94.3,94.1,94.6,92.8,87.6,80.4,59.7,37.7,20.4,12.1,9.1,7.6,6.2,4.7,3.7,3.2,2.7,2.8,2.5,2.2,2.1,2,2,1.9
20241126,1.7,1.6,1.4,1.3,1.2,1.1,1.2,1.2,1.3,1.5,1.7,1.9,2.2,2.3,2.4,2.7,2.6,2.5,2.5,3,3.3,2.9,3,2.8
20241127,3,3.1,2.6,2.2,2.7,3.2,2.9,3,3.6,4.1,4.2,4.6,4.8,4.8,4.7,4.5,4,4.5,5.7,7,6.8,5.8,5.2,5.2
20241128,4.9,4.7,4.6,4.8,4.8,4.5,4.3,4.2,4.7,5,5.1,5.2,5.3,,,4,4.4,4.7,5.6,6.8,7.3,8,9.8,11.1
20241129,12.4,13.2,13.8,14,14.4,14.9,15.4,15.3,16.9,18.4,15.5,9.3,6.6,5.5,4.5,4.1,4.1,4.8,7.9,11.7,14.8,18.5,18.8,18.8
20241130,17.9,17,16.6,16.5,16.8,16.1,15.7,15.7,17.5,20.2,21.5,20.6,17.3,14.8,12.8,12.3,13,16.8,20.8,27,30.9,32,32.4,32.3
20241201,32.4,32.1,31.3,31.5,33.2,32.8,33,32.7,31.9,31.6,34.4,39.8,43.7,41,36.9,35.4,33.2,31.9,26.9,17.7,9.8,6.5,5,3.8
20241202,3.1,2.4,1.8,1.5,1.3,1.2,1.2,1.3,1.5,1.7,1.9,1.9,2.1,2.3,2.4,2.4,2.5,3.1,4.7,7.4,10.5,11.6,12.2,13.2
20241203,14.2,15,14.3,15,15.1,15.3,15.8,17.2,19.7,20.9,21.7,20.7,16.7,13.5,10.8,8.8,7.8,9,12.2,17.6,,18.2,17.5,17.1
20241204,15.4,12.9,11.4,10.4,10.2,9.6,9.3,10.8,12.7,13.3,12.3,13,14.5,15.7,19.1,21.3,21.5,22.1,28.1,33.3,35.7,33,19.9,13.6
20241205,11.9,11.1,11.1,12,12.4,12.8,,11.7,13.1,12.9,11.2,8,7.1,6.6,6.4,6.4,6.5,6.4,7.1,8.3,8.7,9,9.7,9.9
20241206,10.3,10.9,12.7,13.2,13.7,13.5,13.7,14.5,15.2,16.2,15.2,11.2,9,8,6.2,5.2,4.9,5.1,5.7,6.5,,,5.8,5.4
20241207,5.4,5.5,6,6.7,6.3,5.4,4.8,4.5,4.7,4.8,4.8,5,5.1,5.1,5.2,5.2,5.3,6,7.1,7.7,7.8,7.5,6.8,6.5
20241208,7,7.2,7.2,6.9,6.8,6.7,7,7.5,8.9,9.8,9.7,9.1,8.3,8,7.4,7.5,8.8,11.5,15.7,19.9,22.3,24.6,25.4,26.2
20241209,26.1,24.9,23.9,21.8,19.9,17.7,16,16.3,17.2,17.4,18.1,19.2,19.1,18.4,17.8,17.8,18.5,20.9,26.5,31.2,34.6,34.9,35.3,34.9
20241210,32.2,29.6,26.3,22.8,19.7,17.9,16.3,16.5,16.2,16.5,17.9,17.2,17.8,16.3,14.3,13.3,13.5,14.4,17.8,21.3,25,26.2,26.5,26.5
20241211,25.2,23,21.2,19.6,18.4,16.3,15.9,16.5,16.9,17.5,17.3,14.6,13.9,13.8,15.5,19.3,23.8,27.4,31.9,35.1,37.5,37.9,35.7,33.8
20241212,34.3,34.7,36.2,,36.1,36.5,35.6,35.8,36.1,37.1,38.8,41.3,43.9,45.5,47.3,50.1,51.7,53.3,58.3,60.8,62.3,57.7,49.1,38.5
20241213,28.9,16.9,11.8,10,10,11,11.2,10.1,9.1,,8.9,9.1,9.2,8.9,8.7,8.3,8,8,8.3,8.1,8,7.5,7.5,7.3
20241214,7.4,7.9,8.3,8.5,8.5,8.2,8,8.7,9.3,9.9,9.9,9.1,8.4,8.1,7.5,7.3,6.9,7.3,10.2,14,16.1,15.7,13.8,12.1
20241215,10.8,9.9,9.5,9.6,9,8.5,8.4,8.8,9.7,10.8,11.3,10.6,10.2,9.6,9.9,10.7,11.6,13.5,16.4,19.9,22.9,23.3,23.9,23.9
20241216,22.2,18,13.8,12.1,11.1,10.1,10.5,11.3,12.5,13.7,13.7,,12.3,11.7,11.7,12.1,13.2,15.8,19.3,23.3,26.1,26,23.5,22.3
20241217,18.1,12.2,9.4,8.3,7.5,6.9,6.8,7,7.7,8.9,8,7.1,7.2,6.8,6.2,5.9,5.6,5.7,6,6.1,5,4.2,4,3.5
20241218,3.5,4.1,4,3.8,3.8,,3.9,4.2,4.6,5.5,5.4,4.8,4.4,4.4,4.5,4.7,5.3,7.1,9.7,12.7,14.1,14.5,16.5,16.7
20241219,17.1,17.5,17.7,16.9,16.2,15.3,14.5,14.5,14.8,16.3,16.5,18.8,21.7,25.4,28.6,31.9,33.9,35.7,35.5,38,39.7,41.6,42.8,42.6
20241220,41.7,,41.7,39.3,36.5,35.7,36.2,38.7,39.7,38.5,34.4,23.8,14.5,11.1,9.7,8.2,7.6,7.7,7.7,8.2,8.4,8.9,8.8,
20241221,,7.8,6.6,5.5,4.9,4.6,4.3,4.1,4.4,5,5.4,5.3,5.5,5.7,5.5,5.4,5.9,6.8,8.6,8.9,7.6,7.8,7.4,7.5
20241222,7.5,7.2,6.8,7.2,6.8,6.5,6.4,6.8,7.4,9.2,10,10,10.2,10.2,10.4,10.7,11.7,14.3,18.8,23.2,26.5,26.7,27.2,27.4
20241223,27.9,27.2,26.3,26.3,24.9,22.5,21.2,21,20.3,19.9,18.6,16.9,15.4,14.1,13.4,12.1,12,13.4,18,23.8,26.9,29.1,30.6,30
20241224,29.5,29.4,28.8,28.8,29.2,28,27.4,26,25.5,27.5,30.5,,,,,,49.9,,,67.5,71.5,72.7,72.9,73.1
20241225,71,69.5,66.1,65.1,64.2,62.6,,,,,,,,17.7,11.6,9.5,11.5,10.5,10.4,10.5,10.2,9.3,8.2,7.6
20241226,7.1,7.5,7.2,7.2,7.5,,,7.8,8.1,8.6,8.1,8.3,8.6,8.4,7.9,7.9,8.8,9.9,12.7,15.3,16.5,15.1,12.7,9.9
20241227,8.2,7.5,6.6,6.5,6.7,6.6,6.6,6.9,7.1,7.4,7,7.2,7.2,7.4,6.7,5.7,5.2,5.2,5,5.6,5.7,5.9,5.2,5.7
20241228,6.3,7.1,7.5,7.9,7.8,8,8.7,9.1,9.7,11.6,12.7,12.4,11.2,11.2,11.3,11.3,11.9,14.3,16.3,19.6,24.6,24.8,24.2,23.5
20241229,23.5,22.9,23.2,23,21.8,20.4,19.6,18.8,18.8,20.5,22.5,24,25.7,28.2,26.9,28.8,32.5,39.9,50.1,56.8,60.4,59.6,58.8,56.5
20241230,54.1,53.4,48.3,45.2,44.1,41.5,38.6,36.3,34.2,34.7,29.1,19.7,14.6,11.2,9.5,8.1,8.8,8.4,8.1,9.2,9.3,9,9.4,9.6
20241231,8.8,10.5,9,8.6,8.9,9.3,9.8,11.3,12.7,14.7,15.8,18.3,19.2,19.4,20.5,22,24.1,26.6,31.9,36.7,41.4,42.1,39.7,37.4
20250101,35.5,33.8,32.2,30.6,28.3,25.7,22.5,19.9,18,18,18.8,18.9,16.8,15.8,14.6,14.3,14.8,16.8,20.2,26.1,29,29.6,27.2,22
20250102,14.4,12,10.5,8.8,7.6,7.1,7,6.9,6.8,8,8.4,7.5,6.8,5.9,5.7,6.4,7.5,8.6,12.1,16.1,18.9,17.5,12.9,6
20250103,4.2,4.2,4.2,4,4.1,4.7,6.1,7.5,11.5,14.8,14.1,12.6,12.5,14.9,15,14.9,16.3,19,22.7,28.7,32.6,32.1,31.9,31.4
20250104,30.8,30.1,29.1,28,25.3,,,,21.8,22.9,23.6,25.8,25.4,24.9,23,22.6,25.5,27.7,33.2,41.7,46.6,47.1,45.9,43.5
20250105,41.5,39.1,36.9,32.7,28.4,26.8,26.4,27,28.6,31.2,31.8,31.1,29.3,24.3,17.6,13.7,10.9,10.1,9.1,8.7,8,7.8,7.3,7
20250106,7.1,7.4,7.2,7.1,6.9,6.3,5.7,5.7,6.3,6.8,6.5,4.9,4.6,5,4.7,4.2,4.2,4.6,4.8,6.5,7.2,5.4,4.8,4.1
20250107,3.9,4,3.4,2.9,2.8,2.8,3.5,3.6,4.1,4.7,5.5,5.1,5.2,4.6,3.6,3.7,3.4,4.1,5.4,6.4,6,4.2,3.7,3
20250108,2.8,,3.2,2.8,3,2.8,3.2,2.9,3,4.2,4.7,5.4,5.4,5.1,4.5,3.9,3.8,4.4,5.1,5.4,4.4,4.1,4.2,4.2
20250109,4.2,4.4,4.6,4.7,4.6,4.3,3.9,4.3,4.7,5.7,5.6,5.1,5.2,5.5,6,6.1,6.1,7.3,9.2,11.3,10.8,9.3,9.5,9.2
20250110,8.8,9.5,9.4,8.8,8.3,7.9,7.3,7.7,8.5,9.6,9.4,9.1,9,8.7,8.5,8.5,8.8,10,13.6,18.8,18.7,18.3,17,15.2
20250111,14,13.1,13.3,12.8,13.1,13.4,13,12.4,12.2,12.2,13,13.3,14,15,17.2,18.4,20.4,22.3,25.7,29.2,31.5,32.9,33.1,30.5
20250112,26.1,,16.7,14.7,13.5,11.9,10.2,9.7,10,10.4,9.5,8.4,8,7.9,8.1,8.8,10.7,13.9,19.1,23.8,26.8,28.2,28.1,28.8
20250113,28.8,28.6,28.6,28.9,28.2,28.1,27.8,28.1,28.7,30.1,32.2,32.5,30.5,25,19.8,17.7,16.9,18.5,21.4,26.8,28.5,26.3,21.3,17.3
20250114,15.8,14.2,13.5,13.4,14.3,10,,5,5.2,5.4,5,5.2,6.1,5.7,5.6,5.7,6,6.2,6.2,6.6,6.2,5.3,5.3,5.3
20250115,5,5.1,5.1,5.3,5.3,5.6,6.1,7.7,9.3,11.7,12.5,11.3,9.5,9.1,8.8,9.2,9.6,11.5,15.1,17.8,21.2,21.8,21.1,21.3
20250116,21.2,21.2,18.3,14.2,12.1,12.1,12,12.2,12.9,14.2,14.7,14,13.7,13.7,13.6,13.8,14,15.3,18.4,23.2,25.8,27.8,28,28.1
20250117,27.8,27.4,25.9,24.7,24.7,23.9,23.3,22.4,23.5,23.2,23.8,26.6,27.7,29.6,32.1,34.2,37.4,42.8,48.9,56.4,59.8,60.9,61,58.9
20250118,55.5,53,51.8,49.7,46.5,44.5,42.8,42.1,41.6,42.2,44.6,47.5,48.8,49.1,48.3,47.2,48.2,51.2,57.7,65.5,70.9,72.3,72.3,68.5
20250119,60.6,49.7,39.2,30.1,22.1,16.2,13.8,12.1,10.1,10.6,10.2,9.6,8.1,7.8,7.8,7.6,8,8.7,11.2,15.4,17.7,19,19.9,20.3
20250120,21.5,21.7,21.7,22.3,22.5,21.9,21.3,19.8,19.3,20.2,21.3,22.5,25.5,30.9,34.8,39.9,44.3,48.4,53,58.6,68,68.5,65.2,58.5
20250121,55,52.3,47.2,43.3,39.7,36.8,31.5,24.6,20.9,19,16.9,14.7,11.7,10.8,9.5,9,8.6,9.6,14.6,25.2,33.6,34.5,31.3,28.9
20250122,30.5,30.7,30.4,32.5,35.8,38.1,36.5,35.5,34.9,32.3,30.1,28.9,28.5,28.9,29.9,31,32.5,33.7,37.2,39.3,43,46.3,48.3,50.1
20250123,52.3,51.6,52.8,52.9,51.5,50.9,52.9,55.1,55.8,59,63.6,65.5,66.7,62.8,55,51.1,50.5,51.7,54.5,58.2,61.7,63.1,66.6,68.2
20250124,69.3,70.8,71.6,72.3,72.3,72.6,72.7,72.9,73.5,74.9,77.7,82,85.3,84.4,81.3,82.3,83.2,84.7,91.7,97.9,102.7,107.5,109.6,107.1
20250125,108.3,110.5,113,112.7,113.4,113.5,112.4,112.2,113.2,115,117.9,119.2,115.5,106.8,100.1,93.9,90.6,89.6,92.2,96.4,100.9,105.8,104.5,103.7
20250126,106,103,98.1,86.9,73.8,60.2,41.5,23.7,19.8,25.2,29.5,31.8,33.1,38.3,41.8,38.2,30.7,22.1,19.7,14.5,9.8,8.2,7.2,5.2
20250127,3.9,3.6,3.4,3.5,3.5,3.4,3.3,3.1,3,3.5,3.5,4,4.3,4.6,4.4,4.1,4.2,4.2,4.4,4.7,4.9,4.5,4.2,4.2
20250128,4.2,4.4,4.3,4.6,4.2,4.3,4.3,4.3,4.8,5.3,5.3,5.3,5,4.8,5,5.7,7.2,9.2,11.6,17.2,24.7,33,46.2,57
20250129,72.5,95.2,114.6,114,104.6,87.9,72.1,65.4,61.3,58.5,65.8,68.8,69.3,66.2,60.3,56.3,54.2,50.1,51.5,54.2,55.7,60.7,67,68.8
20250130,67.3,62.9,66.6,64.8,57,49.9,41.4,35.3,27.8,22.3,19.1,22.7,27.8,30.6,31.6,31.9,33,35.7,39.5,42,43.8,45.1,46.5,46.4
20250131,46.9,46.4,46.6,47.4,47.2,46.3,46,45.6,46,46.4,48.2,49.1,50.2,50.8,51.2,51.5,52.5,55,60.3,65.7,69.2,71.8,73.5,72.2
20250201,71,69.4,65.5,62.3,58.3,53.8,50.9,50.4,50.7,50.8,51.8,54.3,57.4,61.8,66.8,69.8,68.5,68.4,70.5,73.3,74.3,75.2,74.5,74.5
20250202,76.3,76.8,78.5,79.2,79.8,80,80.1,79.9,79.1,68.2,44.5,23.6,12.2,6.5,4.3,4.1,4.6,4.5,4.8,5.6,6,6.2,6.5,6.1
20250203,5.8,5.2,4.5,4.1,4,3.8,3.8,3.8,4.2,4.7,4.5,4.3,4.2,4,3.6,3.4,3.4,3.3,3.5,4.2,4.2,4.1,4.1,4
20250204,4,4.2,4.4,4.3,4.4,4.2,4.5,4.7,5.4,6.6,6.7,7.2,7.7,7.2,7.4,8,8.8,8.8,9,8.7,7.9,7.7,7.2,7.5
20250205,7.4,8.4,8,8,8,7.6,7.5,7.3,7,6.9,6.5,5.8,5.8,6.2,6.3,6.3,7.2,7.8,8.7,11.2,12.8,14.3,15.8,16.4
20250206,14.3,14.1,13.8,12.6,13.4,14.6,16.3,17.2,18.5,20.1,17.3,12.7,12.2,9.6,7,6.6,7.3,8.4,8.2,9.1,8.2,7.5,6.9,6.4
20250207,5.6,5.4,5,4.7,4.6,4.2,4.1,3.8,3.9,5.1,5.1,5.3,5.6,5.6,5.3,5.5,5.3,6.4,5.9,6.3,6.2,6.7,6.3,5.9
20250208,6.1,5.6,5.4,5.1,5,4.8,5,5,5.3,5.9,4.8,4.9,5,5.5,5.4,5.4,5.5,6.2,8.1,10.2,11.3,10.5,9.8,9.5
20250209,8.4,8.2,8.3,8.4,8.1,7.8,6.8,7.1,7.2,8.1,8,8.2,8.1,8.7,9,9.2,9.9,10.7,12.3,15.2,19.2,20.9,22.5,22.9
20250210,24.3,25.8,26.1,25.9,24.8,25.6,26,25.1,24.6,25.8,27.1,31.6,34.4,35.4,36.5,40.8,44.9,52.8,62,68.2,71.8,73.3,77.5,76.8
20250211,77.8,78.3,79.6,82.4,83.9,86.4,89.3,88.5,88.4,87.8,89.5,95.9,96.3,97.8,97.7,97,95.9,97.6,98.5,100.9,102.1,94,79.8,55.7
20250212,22.2,10.3,6.1,4.6,3.9,3.9,4.1,4.3,4.8,5.4,4.4,3.9,5,5.5,5.3,5.2,4.9,4.9,5.8,8.2,12.7,19.2,27.5,35.5
20250213,36.8,40,44,48,50.3,51.6,49,47.2,45.9,46.3,37.2,32.6,28.3,22.8,20.9,20.8,22.5,23.4,25,30.2,34.4,36.5,35.2,33.2
20250214,31.7,31,29.6,29.2,29,28.5,26.7,26,26.5,28.2,28.5,28.4,28.1,28.1,25.7,24.7,28.4,33.2,40,47.3,53.5,55.5,56.3,57
20250215,59.4,59.7,60,58,54.6,54.7,56.1,55.4,56.4,55.8,52.2,48.5,42.3,37.6,36.6,35.8,36.1,35.9,35.4,35.3,35.4,26.3,22.6,19.8
20250216,17.6,16.2,13,9.6,8,7.7,7.5,7,6.8,7.4,6.8,6.4,6.6,6.2,6.8,7.4,7.2,7.8,7.1,7.9,7.7,6.6,6,6.6
20250217,6.1,6.6,5.1,3.8,3.6,3.4,3.7,3.8,4.9,5.9,,4.9,4.8,4.6,5.4,5.5,6,7.3,9,12,14.4,15.4,18.4,19
20250218,19.7,21.5,21.7,20.9,19.7,19.5,18.9,18.8,19.6,19.7,20.7,21.7,20.3,16.2,14.8,13.8,12.8,10.1,10.2,10.4,9.7,5.9,4.1,4.2
20250219,4.2,5.3,5.2,5.4,5.5,5.7,6.5,7.9,10.3,11.8,11.9,11.1,9.7,8.6,8.2,8.7,8.9,9.3,11.1,15.1,18.6,18.6,16.5,12.2
20250220,8.5,7.2,6.2,6,8.3,10.6,10.7,12.3,15,15.8,13.6,11.3,10.5,9.1,8.8,8.1,8.2,8,8.2,10,9.4,7.1,6.6,6.4
20250221,6.1,5.9,5.8,5.8,5.7,5.7,6.2,6.1,7.5,8.8,7.4,7.5,6.4,6.8,7.6,8.3,9.2,10.3,10.7,11.7,12.9,11.3,9.6,7.1
20250222,5.9,5.6,5.2,5.6,6,6.2,6.9,7.6,9.1,9.8,8.4,7.2,6.5,6,6.1,6.3,7,7.9,8.5,11.4,11.9,9.4,7.5,6.8
20250223,5.6,5.7,5.1,5.2,5.4,5.7,6,5.6,5.9,6,5.5,5.7,5.9,6.2,6.1,5.7,5.8,6,7,9.1,12.4,14.6,15.6,15.8
20250224,16.1,17.1,16.5,17.1,16.4,15.7,15.6,15.7,17,18.6,18.7,18.5,16.3,14.8,15.1,15.5,16.7,19.1,20.6,24,27.8,31.4,34.6,38
20250225,39.7,40.1,38.9,37.3,36.1,35.7,36,36.5,32.8,25.2,18.8,11.5,9.9,9,8.1,7.6,7.9,8.5,8.4,9.6,10.6,11.5,12.2,11.9
20250226,11.7,12.1,11.4,11.8,10.8,10.9,12.5,14.8,19.8,25.3,27.2,27.8,28.1,25.7,25.5,26.5,26.9,28.8,31.2,35.8,40.1,43.3,44.1,45.7
20250227,,45.7,47.4,47,46.9,45,44.1,44.3,44.8,46.7,51.8,61.7,72.4,83,92.1,96.2,,102.6,106.9,111.5,115.9,118.6,120.2,119.1
20250228,116.8,116.1,116.2,113.5,111.6,108.9,109.5,108.7,107.8,109.4,112.2,111.1,107.2,95.9,83.1,67.6,59.1,60.6,65,75.9,84.3,94.7,102.1,106.8
20250301,115.5,123.1,126.8,128.8,132.1,136.7,143.1,144.4,143.6,146.6,156.3,164.8,173.8,177.7,178.8,179.2,181.6,186.9,193,200.2,201.9,191.4,168.2,133.5
20250302,105.9,91.4,87.1,86.7,91.7,97.1,97.1,91.9,76.7,60.9,52.4,47.6,40.9,30,24.6,22.6,17.4,15.1,14.1,18,20.8,20.5,21.3,22.3
20250303,24.4,24.3,23.4,21.9,21.8,21.8,22.2,22,21.9,20,17.5,16.9,14.4,11.5,10.7,10,9.8,10.1,10.3,11.6,13.1,14.8,15.8,15.9
20250304,16.8,17.4,19.9,23.1,22.6,20.5,19.5,20.3,21,21.6,21.7,23.1,24.3,24.5,22.8,22.6,23.2,24,25.3,27.5,28.4,29,29.8,30.8
20250305,35.4,41.6,44.3,48.4,51.5,55.6,59.5,61.3,64.9,70,74.9,76.1,71.8,68.6,59.4,49.8,45.6,44.9,44.2,44.2,42.5,34.2,19.5,11.5
20250306,8.1,7.7,7.5,7.5,7.5,7.7,8.4,10.5,11.3,10.7,8.7,6.6,6.2,6.2,6.6,6.5,6.8,7.6,8.8,11.7,13.6,15.7,17.5,18.6
20250307,20.1,21.9,24.3,27.9,30.7,34.8,39,41.6,46.5,54.3,61.5,67.1,67.2,65,60,58.3,59.4,60.8,63.3,64.5,,66.8,67.5,68.6
20250308,70.4,71.1,75.2,77.4,77.5,77.9,78.5,79,81.4,85.7,89.6,91.6,93.6,91.1,86.4,81,74.6,69.3,69.5,75.9,80.7,86.3,92.4,96.2
20250309,98.1,100,106.3,108.9,111.7,113.7,117.7,126.1,133,144.3,151.6,151,142.7,129.7,116,103.9,95.2,90.9,87.5,84.1,79.7,76.1,76.1,77.3
20250310,80,83.2,86.8,89.5,92.7,95.3,97.2,99.2,100.7,102.3,105.5,108.8,110.9,111.3,110.2,109.1,109.3,110.2,111.8,114.5,118.8,123.2,128.6,132.5
20250311,134.8,135.6,137.8,141,143.9,144.6,145.1,145.7,148.6,151.7,154.5,153.7,156.3,162.1,165.2,161.5,154,152,149.4,152.8,155.4,159.2,163.8,161.5
20250312,147.9,103.8,60.9,37.8,32.7,27.9,25,22.3,21.2,17.3,9.4,6.8,6.9,7.2,7.3,7.5,7.9,9.2,10.3,13,16.3,17.9,18.9,20.3
20250313,23.2,26.2,29.1,31.5,31.8,30.2,29.2,29.3,30.8,33.2,38.2,46.6,51.8,58.9,66,73.8,80.4,83.1,80.8,70,56.8,47.2,44.8,42.5
20250314,39,34.3,29.8,27.5,28.4,29.1,30.1,31.6,33.6,34.8,33.5,31.3,31.2,31.7,32,31.2,30.3,30.7,29.7,28.8,27.4,27,27,27.5
20250315,30,31.9,33.4,34.4,35.3,34.5,33.9,34.9,35.1,34.2,32,31.5,32,31,30.1,30.1,29.5,24.2,15.4,15.1,15.1,14.3,13,11.8
20250316,11.4,11.4,11.2,10.8,10.4,10.6,10.8,10.7,10.9,10.9,9.5,8.7,8.3,8,7.7,7.1,6.2,6.3,7.2,9,11.7,13.4,14.2,15.2
20250317,15.5,15.4,14.9,15.5,15.1,13.3,11.7,10.7,9.4,8,7.2,7.8,8.5,9.5,8.5,8,8.5,9.5,10.2,11,11,10.2,9.5,8.8
20250318,8.4,8.5,8.8,9,9,9.1,9.7,10.9,11.8,12.2,12.1,13.2,13.4,13,12.5,12.4,12.8,14.3,16.3,17.9,19.6,21.9,23.2,23.4
20250319,23.4,23.6,23.9,23.2,21.7,21.1,21.2,20.7,21.6,19.7,16.6,11.6,9.7,8.4,7.8,7.5,7.6,8.3,8.6,10.7,14.3,15.2,16.9,17.3
20250320,17.8,17.3,15.6,13.8,11.6,11.3,11.8,12.3,13.1,11.6,8.2,6.2,6.2,6.4,6,5.5,5.2,5.8,5.9,6.7,7.3,7.3,7.2,8.2
20250321,8.3,9.1,9,9.1,8.9,9.2,9.2,9.4,11.3,10.2,8.8,8.2,7.8,7.8,8.4,9,10.4,11.6,11.5,12.7,13.2,13.3,15.4,15.5
20250322,14.7,14.5,14.2,14.7,16.3,18,19.3,20.2,20.6,19.2,17.7,17,16.2,15.5,15.1,15.3,15.7,15.9,16.4,17.9,21.3,22.8,23.7,21.2
20250323,21.5,23.4,23.8,25.8,26.4,25.8,26.1,27.6,32.7,37.4,41.7,47.3,50.7,51,52.2,55.2,59,61.3,66.3,73.2,79.6,81.7,84.3,87.5
20250324,90.4,90.9,86.8,65.5,44.8,33.6,21.8,14,10.2,9.1,7.1,6.3,5.8,5.4,6.3,6.1,6.3,7.1,9.7,20.5,21.8,20.5,19.2,17.7
20250325,17.7,17.3,16.4,14.4,13.9,14.3,15.4,14.2,11.6,10.1,6.9,5.5,5.5,5,5.2,4.9,4.7,6.8,6.4,7.7,11.5,11.5,12.7,15.4
20250326,19.8,23.9,26.5,28.6,30.5,32.2,32.1,32.5,33.8,35.4,36,35.7,35.7,35.1,34.8,36.1,35.2,34.6,33.9,30.8,26.9,26.1,28.6,30.8
20250327,32.7,40.9,43.8,37.8,30.2,20.8,12.7,8.7,6.5,6,5.8,5.8,6.2,6.5,6.2,6.1,6,6.6,6.4,6.9,9.7,10.7,10.7,11.3
20250328,11.3,13.3,12.4,12.3,12.5,12.6,13.3,13.9,14.8,16.7,15,14.5,15.3,15.2,15.3,11.7,7.4,7.2,6.6,5.9,6,5.3,4.6,4.5
20250329,4.7,5.8,4.9,4.9,5,5.2,5.6,7.3,6.8,6.1,5.2,5.6,,6.1,5.9,,,5.9,5.9,6.8,8.8,10.8,12,12
20250330,11.5,12.9,12.2,13.5,13.9,14.7,16.1,16,15.9,18.1,17.4,16.6,15.2,13.2,12.1,12.6,13.2,13.9,16.4,20.1,23.2,25.4,26.2,28.4
20250331,30,31.4,32.9,32.9,33.6,34.9,36.1,37.6,40.8,43.8,46.7,47.4,46.7,45.3,41.2,35.1,25.5,20.8,18.2,17.2,20.6,24.4,27.3,29.1
20250401,29.5,27.8,27.3,27,26.6,26.9,26.4,27.1,28.4,29.9,22.3,12.8,9.1,6.9,7,7.5,6.9,6.9,5.4,4.5,4,3.8,3.6,
20250402,3,3,4,3.4,4.1,4.4,4.8,5.8,7.4,7.4,6.7,6.2,5.8,5.8,6,6.3,6.4,7.2,8.2,10.8,14.1,16.1,17.8,18.3
20250403,18.1,18.6,19.2,19.9,20.8,21.3,22.5,24.4,27.9,31.7,33.1,31.5,30.9,29.6,29.2,31,32.5,34,33.9,35.2,38.1,41.8,45.8,50.2
20250404,52.5,53.4,54.9,56.5,58.5,60.3,62.7,63.9,62.9,65.9,69.9,70.5,62,47.6,32.3,16.3,7.3,5.3,5.3,5.3,5.8,5.7,6,5.9
20250405,5.8,5.7,4.3,3.5,3.2,2.9,2.8,3.2,3.6,3.8,3.3,3,2.9,3.1,3,3.2,4.5,5.6,6.2,8.8,9.7,13.1,14,14.6
20250406,16,19.2,20.2,19.3,18.5,18.5,19,19,21.6,26.8,29,31.4,32.5,36.3,39.9,40.2,41.9,43.2,42.5,45.5,50.6,54.6,60.2,58.3
20250407,57.1,58.5,55.7,56.2,57.3,57.1,57.5,57.3,60.1,65.1,66.5,57.4,39.9,26,19.6,9.6,7.9,9.2,7.7,5,5.8,6.8,7.1,6.5
20250408,6.5,11.5,7,5.3,4.8,5.2,5.6,6.6,7.5,6.3,5.5,5.2,7.5,15.8,22.8,32.8,44.8,46.9,44.9,28.6,21.4,19.9,17.7,19.3
20250409,19.9,23.5,21.8,21.3,21.4,23.1,23.9,24.7,25.8,28.1,25.6,25.5,25.5,26.2,26.7,27.2,25.3,29.3,23.7,24.2,27.2,28.9,30.3,31.4
20250410,32.8,32.3,32.4,33.6,34.2,35.7,38.9,46.9,60.7,71.1,77.1,73.5,64.2,48.1,36.6,32.3,29.3,29.9,30.3,31.4,33.6,37.6,42.6,48.2
20250411,50.2,53,56.2,59.1,60.6,62.5,64.5,67.4,73.7,80.9,83.4,87.5,87.7,87.8,85.2,78.8,72,71.5,69.8,57.6,35.6,23.4,26.8,54.7
20250412,45.4,31.9,20.5,15.9,11.5,8.9,7.1,6.4,9.7,11.4,10.4,12.2,16.4,16.8,16.8,18.2,17.5,19.8,21.2,23.2,24.9,25.3,22,18.5
20250413,14.6,15.8,13.4,14.9,18.8,19.8,17.5,13.8,10.9,11.7,10.2,12.1,15.5,19.5,19.7,20.8,20,22.2,21,27.6,30.8,29.6,26.7,23.9
20250414,19.4,18.7,13.2,10.8,9.9,9.5,12.3,18.5,23,28.2,30.5,29.3,26.3,23.6,20.2,16.4,18.9,32.4,51,49.5,44.2,42.5,36.3,31.7
20250415,29.6,29,26.5,27,28.2,28.6,30.8,33.5,39.3,43,46.5,45.3,34.1,23.4,16.9,15.2,14.3,14.9,14.5,15,15.8,17.4,19.6,21.2
20250416,22.4,23.5,23.4,29.4,35.2,48.1,60.5,70.7,79,81.1,84,82.1,76.9,71.8,66.3,63.3,60.7,61.6,61.5,63.5,67.8,69.8,67.8,64.4
20250417,60.4,58.3,58.4,58.5,59.1,59.3,60.6,63.4,67.8,66.6,55.5,37.6,23.3,14.9,11.8,10.8,10.8,12.8,12,11.2,12.3,13,12.3,10.5
20250418,9.3,9.7,8.6,7.8,7.2,6.6,8,8,5.5,5.9,12.2,16.9,16.5,15,11.2,8.8,7.7,6.6,6.8,7.2,8.9,11.8,14.8,16.9
20250419,20.1,22.9,23.9,25.4,28,30.1,30.8,30,29.8,29,27.8,27,26.4,25.3,22.1,18.4,16.5,15.5,15.7,19.4,21.7,24.5,28.6,30.5
20250420,32.5,35.8,39.7,42.8,44.8,46.1,46.6,47,52.3,59.1,64.7,64.7,59.9,53.5,48.1,39.2,30.8,28.4,30.7,33.6,36.1,35.5,36.4,39.1
20250421,37.7,35.5,33.1,31.5,30.4,32.1,36,41.6,47.8,51.5,55.8,60.9,63.1,64.1,65.8,66.4,68.9,70.8,72,72.1,68.1,64.2,57.8,47.9
20250422,34.8,14.8,9.4,7.3,6.6,6,5.7,6.2,6.3,5.5,4.2,3.9,4.3,4.6,5,5.7,6.1,7.1,7.8,8.3,9.1,10,11,12.3
20250423,13.7,15.2,16,16.9,17.6,17.7,18.1,19.8,23.8,28.8,33.3,35.5,30.3,17.9,12,10.2,9.2,8.9,5,4.4,4.2,4,4.8,6.9
20250424,11.2,15.5,12,9.8,8,8.3,6.4,6.2,5.6,5.8,4.2,4.4,5.3,5.6,5.1,5,5.2,5.9,5.5,5.8,7.8,8.5,8.9,9
20250425,9.2,10.8,,11,10.9,10.7,10.7,11.4,15.3,15.3,13.5,13.4,13.3,16.9,23.5,26.2,28.2,33,30.7,31.9,33.9,37.8,39.8,
20250426,41.1,40.2,38,36.4,35.5,34.4,35.8,38.7,40.6,47.6,53.9,61.1,61.8,60.9,60.8,61.9,64.4,68.5,70.2,72.5,74.6,75.1,74,74.9
20250427,67.4,38.8,14.6,8.9,7.1,5.4,3.7,3.2,3,5.2,3.8,3.2,3.1,3.4,4.7,4,4.3,7.9,6.6,7.1,7.8,8.2,,10.7
20250428,12.2,14.7,15.9,16.3,15.8,15.2,13.6,13.1,13.9,17.1,15,14.4,21.5,26.8,27.2,26.9,29.5,37.3,38.7,30.2,28.1,26.8,25.3,24.2
20250429,21.9,22.6,20.5,20.4,20.3,20.8,21.3,22.7,25.3,29.7,33,36,38.9,39.6,40.2,37.8,32.2,31.9,24.6,21.3,37.3,29.2,22.7,22.5
20250430,31.2,25.1,26,25.9,22.6,18.6,18.6,17,15.8,14.9,12.4,10.3,9.4,8.2,9,14.7,8.7,10.6,7.4,6.2,8.6,10.6,10.5,11.5
20250501,11.1,11.5,10,8.6,8.2,8.3,8.1,9.1,9.2,11.3,9.3,9.1,9.3,9.2,9,9.3,9.6,,11.1,13.8,16.4,17.4,18.1,18
20250502,17.8,20.4,19.3,19.9,19.9,20.7,20.3,19.5,18.5,18.1,18.9,19.1,18,16.8,16.5,11.7,8.1,8.6,8.1,8.5,8.9,10.8,11.9,11.9
20250503,10.8,10.8,10.2,8.7,7.5,6.6,6.4,6.5,6.2,6.7,6.2,5.7,5.5,5.4,5.8,5.7,5.5,6.5,6.3,,12.1,15,15.8,16.6
20250504,16.7,17.8,17.1,16.9,17,16.8,17.4,17.6,18,19.2,15.4,11.7,11.8,15.1,21.5,27.2,29.9,32.3,28.8,29.2,25.8,18.2,16.8,
20250505,22,22.5,24.9,28.5,31.2,32.2,33.4,33.8,33.3,34.7,35.7,34.8,33.8,33.4,32.6,31.8,32.4,,39.6,44,44.3,34.4,21.9,15.3
20250506,14.5,15.5,15.9,14.7,13.6,12.2,11.5,11.8,12.6,13.2,13.6,14,12.5,10.9,10,9.7,9.8,10.9,10.9,11,12.4,15,17,18.2
20250507,22.3,29.6,36.4,42.6,48.5,53.2,54.9,58.9,63.3,63.4,60.7,51.1,41.6,36.5,29.1,29.1,28.6,29.2,,38.5,,41.1,42.3,43.1
20250508,46.9,51.8,56.5,61.3,69.4,76.5,80.5,82.7,87.3,88.7,86.1,82.1,,73.3,68.8,65.1,61.3,56.9,54.6,50.3,46.9,48.6,50.9,45.6
20250509,44.9,45.1,41.5,32.6,30.9,28.7,26.9,25.7,22.3,20,15,8,,3.3,2.2,1.8,1.6,2,2.5,3.8,4.7,4.9,4.9,5.1
20250510,5.6,6.2,7,7.8,8.4,9.4,11.7,16.9,23.5,27.7,32,,,35.5,,,,,,40.2,,42.5,,
20250511,43.7,43.6,43.6,43.9,44.3,41.8,41.8,43.1,44.4,44.8,42,37.2,33.7,34.7,,35.4,33.6,,28,25.7,27.5,30.4,29.7,30.5
20250512,33.4,36.1,37.2,39.5,41.8,40.9,40,41.6,45.6,49.3,50.8,53.2,48.8,43.5,44.9,46.3,47.3,49.2,52.2,53.2,54.2,56.5,59.8,65.7
20250513,72.1,76.7,81.6,89.4,95.3,96.7,96.7,91.2,82.3,66.8,55.8,51.1,44,39,33.4,29.8,28.3,27.7,23.5,12.6,7.7,8.9,11.2,12.2
20250514,15.4,20.3,18.5,16.3,12.4,8.9,6.2,5,5.6,7,9.2,14.3,14.3,13,11.7,11,11.1,10.9,10.4,10,10,9.7,10.8,17.8
20250515,29.4,34.8,36.8,37,37.8,35,33.4,31,28.3,28.2,29.1,29.1,26.1,21.8,17.5,15.1,13.3,13.1,11.3,9.9,9.2,9.3,10.1,11.8
20250516,13.5,16.9,20.2,21.9,24.8,27.1,29.4,33.7,43.9,51.8,55.3,58.7,60.6,60.6,53.4,47.6,43.3,43.8,46.8,52.8,53.9,54.9,50.4,27.7
20250517,29.6,37.3,18,8,4.2,2.8,3.5,11.7,22.4,24.3,21.2,18.4,15.1,12.6,10.6,9,7.7,9.1,7.8,8.8,9.6,11.7,11.7,9.7
20250518,8.5,9,8.5,8.5,8.3,8.1,8.4,9.5,10.1,11.9,14.7,18.3,23.7,29.8,31.5,31.4,30.5,30.4,30.6,30.8,29.2,29.9,29.8,29.5
20250519,29,29.4,28.5,27.8,28,28.5,28.6,29.4,30,28.7,24.6,23.3,22.5,21.1,18.3,17.4,18.1,19.7,22.5,27.1,32,34.5,36.1,37.7
20250520,38.3,39.7,43.1,46.2,49.5,49.9,45.6,44.1,46.4,52.7,59.4,62.4,64.1,69.3,68.9,68.2,72.9,74.6,75.6,74.6,73,73.2,71.2,64.4
20250521,58.6,57.8,59.1,59.3,58.7,58.3,57.8,57.1,55.4,54.7,51.7,47.7,45.2,41.2,38.5,39.1,39.8,41.1,44.6,41.5,37.8,35.6,38.4,39
20250522,35.8,30.7,29.8,30,30.5,31.7,33.8,35.7,37.4,42.4,47.6,52.4,52.1,51.5,49.4,45.7,42.6,41.4,41.5,40.7,40.2,40.3,40.8,41.2
20250523,41.1,40.9,42.2,42,40.8,40.4,39.4,38.4,37.5,36.6,36.7,35.8,35,32.5,26.4,22.6,19.6,17.3,17.4,20.4,24.7,29.5,31.1,30.2
20250524,29.5,28.3,27.9,28,27.2,26.9,27.4,29.1,31.2,30.1,26.4,19.9,12.3,7.9,6.8,7,8.3,10.1,12.1,13.2,14.9,16.6,17.3,18.4
20250525,18.9,19.4,20,20.4,21.3,21.6,22.4,22.7,22.9,23.2,24.2,25.3,27.7,31.1,34.4,36.8,38,38.7,39,38.2,36.8,35.7,34.2,33.4
20250526,33.6,34.5,35.2,35.8,35.2,35.3,35.2,35.6,37,37,38.2,38.4,35.5,34.5,31.6,29.3,26.5,25.6,24.6,25.2,26.3,26.1,24.5,22.5
20250527,19,17.7,18,18.4,17.6,16.4,14.7,13.7,13.9,13.1,12.4,14.8,17,18.3,19.2,20.7,23,26.6,30.2,33.4,30.7,31.8,32.3,32.4
20250528,31.1,29.6,28.2,26,23.5,20.3,19.2,19.1,19.7,20.3,23.7,29.2,34.7,35.9,35.5,33.5,,35.1,35.7,39.1,45.5,50.3,50.7,53.1
20250529,54.7,56.6,57.5,58.6,59.9,60.3,58.6,54.5,52.5,52.3,51.6,49.2,42,32.3,26.7,24.9,24.8,23.8,24.6,25.2,25.7,27.8,30.4,33
20250530,36.7,38.2,41,44.3,46.4,48.7,49.8,51.6,53.5,53,49.1,48.2,46.1,43.6,40.8,39.6,39.1,37.2,34.2,31.9,32,32.6,33.8,35.2
20250531,37.8,39.9,41.6,45.4,50.1,54.2,58.5,59.9,58.3,61.6,68.6,68.2,65.6,62,53.4,47.5,46.2,43.1,43.1,44.5,44.5,40.7,40.2,39.5
20250601,35.3,34.5,36.3,37.5,37.8,37.3,36,33.4,33.5,35.2,37.6,40.5,41.9,45,47.5,48.2,48.8,48.9,49,51.3,54.2,56.1,56.6,55.4
20250602,35.5,25.4,25.2,27.5,28.9,27.9,26.2,24.9,24.8,25.8,20.3,8.5,2.8,1.9,1.5,1.4,1.4,1.4,1.6,1.6,1.7,1.8,1.8,2.1
20250603,2.3,2.5,2.5,2.5,2.4,2.4,2.6,2.9,2.4,1.8,1.6,1.9,1.9,2,2.1,2.2,2.1,2.2,2.4,2.6,3.2,4,4.8,5.6
20250604,6.4,6.8,6.7,6.5,6.1,6.5,6.9,7.3,7.1,6.1,4.9,3.9,3.7,3.5,3.7,3.9,4.7,5.8,7.5,9.5,11.2,14.1,14.2,14.1
20250605,14.1,14.8,14.7,14.5,14.5,14.3,15.1,15.7,17,18.4,19.4,20.7,18.1,17.2,17.1,17.9,19.4,21,21.9,25.6,28.1,27.7,26.6,27.6
20250606,27.4,26.9,26.2,24.3,21,16.9,15.4,15,13.1,11,9.4,8.7,8.7,9,8.9,9.5,9.5,10.1,10.4,12.2,16.1,16.8,16.2,15.2
20250607,13.1,10.2,8,7.3,6.2,6.4,6.8,7.5,7.5,7.8,7.7,7.7,8,8.2,8.4,9.1,10.2,11.3,13.7,16.7,19.9,19.1,18.4,18.6
20250608,19.7,20.6,21.5,22.5,22.4,23.1,22.9,23.9,24.8,26.1,24.7,20.4,18.1,17.7,17.2,17.3,17.2,18.2,19.3,21.2,23.5,24.8,25.2,25.8
20250609,26.1,27.2,29.5,29.5,29.5,30.8,31.1,31.5,32.5,33,33.5,31.5,26.2,21.8,17.6,11.2,8.6,10,10.8,9.9,9.9,9.6,8.9,8.5
20250610,8.8,8.8,9.1,10,11.5,12.5,13.9,14.6,13.2,12.5,10.7,10.1,10.6,10.8,10.8,11.8,12.9,14.1,14.8,15.5,16.8,17.9,18.9,19.2
20250611,18.5,18.6,18.9,19.3,19.6,20.1,20.9,21.6,22.8,26.2,27.6,27.3,26.3,24.2,21.2,19.2,19.8,20.6,20.9,21.8,25.2,26.9,26.5,25.7
20250612,25.6,26.6,27.5,28.3,29.5,32.7,38.4,42.3,42.9,42.5,42.9,41.2,39.4,37.4,34.7,32.8,30.8,29.6,28.2,29,31.4,30.9,26.7,21.4
20250613,19.9,19,17.2,15.3,14.5,14.7,15.5,16.8,18.1,19.2,21.2,24.5,27.9,30.4,31,31.6,33.3,36,35.8,40,46.4,47.9,43.4,40.7
20250614,39.1,38.7,38.4,42.8,50.3,53.1,53.8,51.4,48.9,45.5,44.2,43.6,39,32,22.6,17,15.3,14.7,15.9,15.9,15.6,16.1,17.9,19.2
20250615,19.9,20,20.3,19.5,18.1,16.8,12.1,5.1,3.8,3.5,3.2,2.9,2.9,2.9,3,3.3,3.1,3.2,3.8,3.9,4.2,4.6,4.7,4.9
20250616,4.5,4.4,4,3.3,3.1,2.8,2.9,2.8,2.5,2.6,3.1,3.5,4.5,5.7,6.8,7.9,8.5,9.4,11.1,12.9,14.5,15.2,16.5,17.3
20250617,17.8,17.8,17.8,17.2,16.5,16.4,16.3,16.3,15.6,14.6,14.2,13.9,14.8,15.9,16.6,17.6,19.5,22.1,23.7,26.3,32.2,36.9,40.4,46
20250618,48.2,51.6,49.5,47.6,47.6,46.3,43.7,40.8,36.9,34.4,31.5,30.6,29.7,30.4,30.9,31,32.2,33.5,39.4,38.4,35,27.4,25.6,22.2
20250619,21.8,22,23.5,24.4,24.9,24.9,25,23.6,21.2,21,20.7,19.9,18.6,18.7,16.3,15.3,16.5,17.2,18,21.2,24.2,27.2,31.4,33.1
20250620,35.3,35.5,34.9,37.3,39.1,38.4,37.4,30.6,11.8,6.2,4.7,3.8,3.5,3.7,3.7,3.9,4.1,4.2,4.5,5.3,7.1,8.5,8.5,8.6
20250621,9.4,9.1,8.6,8.2,8,7.2,6.6,6.5,5.8,5,3.9,3.3,3.4,3.5,3.6,3.8,4.1,4.3,4.8,6.1,8.2,10.3,10.2,10.7
20250622,11.2,11.3,11.4,11.4,11.7,11.2,11.7,11.6,11.1,10.3,10.1,10.4,11,11.7,12.7,13.7,14.7,15.7,16.5,17.8,21.2,24.1,23.9,23.6
20250623,24.9,25.6,29,32.2,33,33.5,26.4,23.4,22.6,22.5,23.9,25.8,27.4,27.3,27.3,27.2,27.2,26.6,26.9,28.7,31.8,34.9,36.2,37.1
20250624,38.4,41.9,42.6,47.8,52.7,49.1,46.5,44.7,42.3,37.6,35.9,34.1,34.4,33.8,29.4,27.1,26.4,26.2,26.2,27.8,31.1,33.8,34.8,38.8
20250625,49.4,52.8,56.2,56.4,57.6,55.5,51.1,45.5,40.2,33.7,28,26.1,25.6,25.5,25.7,26.5,28.4,30.4,31,32,32.8,32.1,29.4,29.4
20250626,30,31.3,30.7,29.7,28.8,30.9,30.7,29.8,28.4,25.9,24,23.4,23,26,27.8,31.2,35.9,41.7,43.1,43.2,45.5,50,52.2,49.9
20250627,42.6,38.7,39.1,41.5,45.3,48.9,52.1,56.1,58.4,61.2,55.7,53.9,54.2,54.3,51.8,51,47.8,43.2,40.8,37,33,31.5,29.9,27.2
20250628,25.5,26.3,25.5,27.3,28.8,31.5,34.8,35.3,34.8,32.7,30.7,30,30.3,29.8,27.6,26.5,27.1,27.3,30,31.9,33.2,37.2,40.7,39.6
20250629,43.4,49,53.1,56.5,60.6,63.8,63.8,63.5,60.7,54.9,50.5,49.5,47,40.2,31.4,25.4,22.3,19.6,19.3,18.5,20.1,24,29.5,36
20250630,38.7,34.9,32.5,36.7,40.7,42,41.8,39.6,36.4,35,34.1,31.8,28.6,26,21.6,19.2,17.8,17.9,19.8,22.5,23.2,24.4,26.3,27.9
20250701,33,33.8,27.3,27.5,28.5,29.1,28.6,30.2,32.8,27.7,24.8,19.9,16.8,11.5,7.9,6.8,7.3,8.3,10.5,13.5,15.6,16.1,16,16
20250702,17,19.1,20.7,23,26.4,30.3,32.2,32.3,33.1,35.1,31.6,22.7,17.5,13.9,12.1,12.2,13.6,14.5,15.3,21,21.4,15.5,,6
20250703,5.9,6.2,7.3,9.5,12.6,14.7,15.7,15.6,13.9,12.2,10.3,10,10.7,11.9,13.6,16,15.3,14.9,14.5,15.6,17,19.1,20.2,22
20250704,23.5,26.6,29.5,32.9,35.1,35.5,32.7,31.6,31.8,29.1,24.1,18.6,14.1,11.4,10.1,10,10.5,11.1,11.8,12.8,14.7,16.8,19.5,23.3
20250705,29.1,37.6,44.4,46.7,24.7,10.7,10.7,11.5,11.5,9.4,7.9,5.8,2.8,2.2,1.8,1.8,2.1,1.9,1.9,2.1,2.5,2.5,2.6,2.6
20250706,2.5,2,1.7,1.8,2.1,2.3,2.5,2.9,3.5,3.2,2.8,3,3.5,4,4.5,4.9,5.5,5.8,6.1,6.8,7.5,8.4,8.9,8.8
20250707,9.5,10.2,10.6,10.7,11.6,12.3,14.3,16.5,17,15.5,14.4,13.8,12.6,13.2,14.1,15.2,15.8,16,16.3,17.8,19.7,19.5,18.4,18.5
20250708,18.3,17.8,16.7,15.9,16.9,17.6,17.6,17.8,19.8,20.6,19.7,19.2,18.2,17.8,17.1,17.1,16.9,16.8,18.5,20.1,22.1,23.8,24.9,25.8
20250709,26.4,27.1,28.1,29.4,32.8,36.7,42.8,49.4,49.4,42.9,38.2,32.7,27.7,24.7,20.7,17.1,15.7,15.8,16.3,17.6,19.7,20.2,21.7,24.5
20250710,27.5,33,28.6,21.8,19.7,17.6,17.2,16,12.7,10.5,10,9.2,12,12.6,13.1,14.7,15.6,15.7,16.5,18.6,19.4,21.2,22.4,23.5
20250711,24.1,24.7,26.4,29.2,33.6,38.5,39.6,41,42.2,39.2,36,31.9,29.8,27.5,26.5,26.4,25.8,25.6,26.8,29.5,34.5,38.3,40.5,40.2
20250712,37.1,34.7,35.3,37.1,39.6,45.6,48.5,56.8,49.8,45.3,40.5,37.2,34.8,31.8,30.5,29.8,30.8,25,12.3,11.7,11.8,12.1,11.7,11.3
20250713,10.9,10.8,10.6,9.8,9.4,8.8,8.3,7.8,7.8,7.2,6.5,5.8,4.5,4.1,3.8,4.1,4.4,4.5,4.9,5.5,6.9,8.4,8.8,9.2
20250714,9.5,10.2,11.5,12.4,13,14.5,14.2,14,12.4,13.6,15.7,17.2,17.1,17.3,17.8,18.3,18.5,17.6,18,19.1,19.1,18.8,19.2,20.6
20250715,22.2,23.2,22.8,21.1,20.8,21,23.5,24.5,24.4,24,23.9,25.2,25.2,25.9,26.2,26.1,26,24.8,24.1,24.1,28,32.8,35.9,35
20250716,36,36.4,36.8,37.3,37.6,34.9,32.1,28.6,26,23.4,21.5,19.3,19.2,17.1,13.1,10.8,8.8,7.6,6.5,6.5,7.2,9.3,10.8,12.4
20250717,12.9,11,8.3,5.5,3.9,3.6,3.5,3.8,3.9,3.4,3.5,3.5,3.5,3.6,3.8,3.8,4,4.2,4.7,5.7,6.8,8.4,8.9,8.6
20250718,9.2,10.1,11,12.3,14.8,15.5,14.4,12.8,12.5,13.3,13.9,13.9,14.8,15,15.2,15.5,15.5,15.9,17.6,19.7,22.2,25.2,26.7,27.8
20250719,28,29.5,31.6,34.4,37.3,39.4,39,37.2,36.6,34.3,34.1,32.3,30.3,28.9,27,26.7,26.8,27.4,30.9,33.6,35,36.8,39.5,37
20250720,34.7,38.5,41.4,37,25.3,10.9,7.2,5,3.9,4.4,4.8,4.2,4.2,4.6,3.8,3.5,3.5,3.7,3.9,4.5,5.9,7.9,10.2,13.3
20250721,15.1,17.2,19.6,22,22.8,26.4,26.4,24.9,24.4,20.3,15.4,13,10.2,8.4,7.8,7.7,7.5,7,7.3,8.6,9.9,11.5,11.7,12.1
20250722,13.4,16.2,17.5,18.8,21.6,25.9,28.6,34.8,41.1,43.9,44.5,35.5,26.4,19.5,16.1,15.1,15.8,16.7,17.4,19.7,21.3,21.6,22.8,26.1
20250723,28.1,31.1,34.4,39,40.9,42.8,44.1,45.3,45.7,44.8,34.1,23.6,18,14.6,13.5,12.2,10.2,8.3,8.9,9.9,9.4,7.9,7.2,7.3
20250724,7.8,8.2,9.1,11.8,13.5,14.7,13.8,13.2,13.6,14.7,16.9,21.2,24.2,27.1,27.6,25.8,23.4,20.7,17,9.5,7.5,6.1,5.2,2.8
20250725,3.4,4.9,8,10.7,12.8,15,9,5,5.2,5.3,5.9,8.3,13.3,20.9,26.7,29.5,30.2,30,29.3,24.3,19.9,17.8,18.9,
20250726,,,,,,,,,,,,,,,,,,,17.6,19,20.1,20,17.4,14.9
20250727,15.5,17,18,19.4,22.6,25.6,30.8,35.2,37.1,38.7,38.9,36.9,32.4,29.4,24.7,21.4,18.7,17.5,16.3,15.2,15.1,17.8,18.2,19.6
20250728,20.2,19.9,18.6,17.8,18.5,19.9,21.1,20.3,20.4,14.4,6.1,4.8,6,7.2,10.3,13.5,15.1,16.5,18.3,19.1,20.3,20,12.6,5.6
20250729,3.1,3.4,3.5,4.3,4.4,5.8,7,5.7,3.5,2.5,2.3,2.7,3.2,3.5,2.9,2.7,2.9,2.9,3,3.5,4.3,5.1,5.6,6.3
20250730,6.8,7.6,8,8.1,7.7,6.8,6.1,6.1,6.3,6,5.6,5,4.9,4.7,4.6,4.9,5.3,5.1,5.9,6.6,8.5,9.7,10,10.5
20250731,10.6,11.1,11.8,10.9,10.5,10.8,10.9,11.9,15.4,18.5,17.8,16.4,14.5,13.9,14.1,15.3,15.8,16.8,17.4,17.7,19.2,20.8,22,23
20250801,22.7,23.6,23.7,24.1,23.6,24,24,23.7,23.5,23.5,25.1,24.5,22.9,23,24.6,25,26.1,27.4,29.6,31.7,33.8,37.5,39.3,40.6
20250802,42.2,41.2,40.5,41,39.7,40.2,41.4,39.9,41.3,41.2,37.9,32.2,27.1,24.3,23.1,23.3,24.5,27.8,31.3,33.7,36.3,39.5,40,30.4
20250803,26.3,23.3,24.8,24.8,26.6,23.6,21.2,18.3,16.6,14.5,12.7,11.8,10.8,9.7,9.2,9.4,9.9,10.3,11.2,13.2,15.8,18.2,19.7,22.7
20250804,26.4,28.5,30,28.8,26.7,24.9,23.4,21.9,21.4,21.1,19.7,20.5,20.5,19.4,20.1,20.3,22.5,27.1,25.6,22,17.4,16,17.5,21.5
20250805,24.1,25.8,25.8,26,24.6,23.4,21.7,18,15.3,13.4,11,9.3,8.7,10,9.7,9,9,9.5,10.2,11.5,13.7,15.7,17.2,18.2
20250806,19.9,21.2,23.2,27.8,30.6,31,26,24.4,27.2,25.7,22.2,18.3,16.2,15.7,15.6,15.7,15.4,15.3,15.6,16.1,19.4,19.5,13.1,7.4
20250807,7,10.6,12.8,12.5,12.3,12,13.8,16.1,17.6,16.5,16.2,11.6,9.6,7.7,6.4,6.7,7.3,7.3,8.9,12.1,17.7,20.7,20.2,20.6
20250808,21.9,23.1,21.1,20.7,23,26.1,27.1,27.8,29.7,32.5,32.9,31.7,28.1,23.7,16.6,11.1,9.8,10,11,11.7,12.5,13.2,14.9,14.5
20250809,14.4,14.9,14.8,14.3,13.9,14,13.3,10.5,7.6,4.9,4,3.4,2.8,2.1,2.2,2.3,2.6,2.5,3,3.9,6.1,7.3,7.7,7.9
20250810,7.7,7.5,7.6,8.2,8.4,8.5,8.8,9.2,8.8,10.1,11,11.4,11.8,11.1,10.5,10.1,11.5,12,12.8,13.9,15.5,16.3,16.3,16.2
20250811,17.2,17.8,18.2,18.3,18.8,19.8,21.2,22.5,23.3,23.5,20.2,16.8,14.1,14.1,14.8,16.5,18.8,19.8,22,23.6,24.6,,,
20250812,,,,,,,,22.3,22.5,23.8,24.6,31.5,36.2,39.4,43.2,41.9,26.2,11.5,13.7,15.8,16.6,14.5,14.4,18.4
20250813,20.5,21.8,20.5,21,22.5,21.6,21.2,20.7,21.1,18,13.7,6.7,2.9,2.4,2.5,2.7,3.4,3.5,4,4.6,5.8,7,7.3,7.8
20250814,8.2,8.2,8,7.7,7.5,7.2,7.1,7.6,8.4,8.3,10.2,10.6,12.6,16.5,21.3,26.3,22.1,22.7,26.4,26.2,20.9,18.9,19.1,19.9
20250815,20.5,22.5,23.9,26.6,28.8,30.2,30.5,28.1,25,21.5,21.6,26.1,26.5,26.5,28,30.5,35.5,36.5,39.6,34.8,29.5,29.5,30.6,27.3
20250816,22.5,15.2,11.8,10.5,8.7,8.5,10.4,10.3,9.1,8,7.7,7.2,7.2,8.2,9.3,11.4,12.2,11.6,12.1,14,16.8,18.6,19.9,20.7
20250817,21.7,23,23.1,24,26.9,28,28.6,28.6,26.1,21.8,15.7,11.8,10.4,10.1,10.4,11.1,12.6,15.8,20,24.6,28.9,31.9,33.1,33.8
20250818,33.8,34.7,36.6,36.1,34.4,32,29.3,27.9,26.6,22.5,19.4,19.7,18.8,17,15.3,13.5,13,13,14.1,16.1,19.1,21.4,23,24.5
20250819,25.9,26.6,28.1,30.7,32.5,28,10.1,5.1,4.5,5.3,5.9,6.1,6.4,6.9,7.7,9.3,10.9,12.5,9.6,6.3,4.9,6.3,6.8,7.6
20250820,8.5,8.9,6.9,6.5,6.6,6.5,6.4,6.7,7.4,7.7,6.9,7.8,9.2,10.4,10.9,10.9,11.2,12.4,15.4,19.1,23.5,27.3,29.2,30.4
20250821,32.1,32.4,33.4,31.9,29.1,25.2,25.1,27.1,26.1,24.1,20.2,19.1,18.8,18,17.8,17.1,16.7,15.1,14.1,7.8,5.1,4.8,5.3,5.5
20250822,5.7,6,6.3,6.6,6.8,6.7,6.8,7.4,7.9,8.5,8.4,7.5,7.5,7.5,8.4,9.2,10.2,10.6,11,12.6,14.7,15.4,15.4,15.5
20250823,15.2,15.7,15.2,13.5,11.9,10.8,10.1,9.7,9.2,9.3,9.5,9.5,9,8.9,8.5,7,6.3,5.7,5.6,5.9,6.2,6,5.8,5.8
20250824,6.2,6.4,6.7,6.7,6.7,6.8,6.9,7.2,7.8,8.5,8.8,8.7,8.4,8.2,8.1,8.2,9.1,9.9,10.2,10.7,11.1,12.2,13.4,13.7
20250825,14,14.6,15.3,14.7,14.8,14.9,14.6,14.4,13.8,11.2,9.1,8.4,7.8,7.2,7.1,7.5,8.4,8.8,9.4,10.1,11.8,11.7,11.3,11.3
20250826,11.4,10.8,10,9.6,9.2,8.8,8.4,8.9,9.5,10,9.8,9.7,8.8,8.5,8.5,9.9,10.5,11.7,13.3,14.7,15.9,17.1,17.9,18.5
20250827,18.5,19.1,19.5,18.2,16.4,14.5,14.1,12.6,12.4,16.1,16.7,18.2,14.7,10.8,8.7,7.5,8.2,9,9.6,8.5,5.9,5.2,4.4,3.7
20250828,2.6,2,2,2.3,2.2,2.4,2.8,3.3,4.2,5.1,5.2,5.6,6.6,6.8,7.1,7.5,8.1,8.8,9.9,11.3,12.9,14.8,16.2,17.5
20250829,18.2,18.2,18.2,18.4,18.4,18.2,18.1,18.4,19.5,21.2,23.3,25.5,26.3,26.2,23.8,23.8,22.9,20.4,20.2,23.7,26.3,26.7,26.2,25.7
20250830,24.8,23.8,23.3,23.7,23.8,23,23,23.1,23.7,22.8,23.8,25.1,21.6,17.7,14.5,13.1,12.4,11.9,10.6,9.5,9.5,10.2,10.8,11.6
20250831,12.1,12.6,13.1,13.6,14.2,14.4,14.8,15.4,16.7,16.6,15.8,14.6,14.9,14.5,14.2,14.1,14.2,14.7,16,18,19.6,15.8,9,7.8
20250901,7.1,6.1,6.3,6.4,6.9,7.1,7.5,7.6,7.8,8.5,7.8,7,7.6,8.4,8.8,9.3,10.5,11.4,14.1,17.6,22.2,22.9,23,22.9
20250902,22.4,21.2,19.8,17.6,15.9,14.3,13,12.7,13.6,14.9,18.5,24,27.3,30.1,29.2,30.4,31.6,32.6,33.5,35.9,36.9,37.2,37.1,37.3
20250903,38.3,38.9,39.5,39.5,40.6,41.2,42.7,42.9,43.8,43.9,37,27.9,20.7,17.3,16.2,15.9,16,16.5,17.5,19.8,22.9,24.3,26.7,29
20250904,31.8,32.5,34.4,36.3,39.7,43.6,46.9,52,58.2,61,58.1,51.1,42.4,31.7,23.5,20.1,20,20.8,21.2,23.3,25.6,28,28.3,29.7
20250905,30.6,32.2,34.5,35.7,37.7,40.5,43.5,47.6,54.7,54.8,53.4,49.9,50.4,45,27.3,18.2,16.2,15.2,14.5,14,15.4,16.3,17.1,17.7
20250906,18.4,18.6,16.5,14.5,13.1,11.5,9.9,9.4,9.7,9.6,9.1,8.7,8.2,7.6,6.8,6.1,5.7,5.7,7,9.2,14.1,14.3,14.1,14.2
20250907,14.1,12.7,12.7,12.3,11.9,11.7,11.6,11.9,12.7,13.1,12.1,10.8,8.5,6.9,6.5,6.4,6.4,6.4,6.8,8.9,11.7,12.9,12.4,10.4
20250908,9.2,8.1,6.9,6,5.4,4.9,5.3,5.3,5.5,5.5,5.7,5.6,5.3,5.4,6,7,9.2,10.6,11.9,14.4,16.6,17.3,18.4,19.2
20250909,21,23.4,25.2,25.2,23.4,23.4,23.1,22.9,24.6,29.6,37.5,40.5,38.9,39.6,38.2,31.8,28,,,,19.3,14.1,11.5,10.1
20250910,9.5,10.3,11.7,12.5,14.9,17.6,20.7,20.3,19,17.4,16,15.3,16.7,18.7,21.1,22.9,25.4,27.5,28.7,30,32.2,32.6,33.7,34.7
20250911,36.5,39.3,42.4,46.1,49.1,49.5,48.4,46.6,51.2,54.6,46.2,30.4,21.3,17.3,15.9,15.4,15.3,16,17.3,19.1,21.1,25.1,27.6,29.5
20250912,33.1,36.6,40.1,40.9,43.2,45.3,46.1,46.1,48.8,54.4,56.8,56.2,50.5,41.2,30.8,24.6,21.5,21,22.4,24.9,29,31.4,33.8,34.9
20250913,35.2,35.4,36.4,36.7,38.2,40.3,42.1,44.1,48.8,52.5,49.1,40.7,28.6,25.3,23.1,22,19.1,18.5,22.8,22.4,16.9,15.4,16,16.9
20250914,18.6,18.8,19.7,22,22.6,23.2,23.2,23.6,26.9,27.8,22.2,15,9.5,6.8,5.8,5.2,4.6,3.9,3.8,4.7,5.8,6.3,6.2,5.9
20250915,5.2,4.7,3.9,3.5,3.5,3.3,2.8,3.2,3.5,4.2,5,5.5,6.3,8.7,10.4,12,11.9,11.3,10.7,10.3,11,11.6,12.3,12.5
20250916,13.9,16,18.5,19.3,20.6,21.5,21.7,16.6,11.3,7.3,4.7,3,2.7,2.4,2,2.1,2.1,2.3,2.7,3.6,3.9,3.7,3.5,3.3
20250917,3.2,2.8,2.5,2.4,2.2,2.2,2.2,2.6,3.3,3.7,3.9,4.1,4.3,3.8,2.8,2.4,3,3.4,4.7,7.1,9.1,9.7,9.7,9.7
20250918,9.6,9.4,8.7,8.2,7.2,6.4,5.7,5.8,6.2,6,5.6,5.1,4.6,4.1,3.7,3.8,4.2,4.7,6.5,8.7,10.6,11.6,12.6,12.2
20250919,12.2,12.1,12,11.6,11,10.2,9.6,9.8,10.7,11.9,13.5,15.4,17.2,13,10.3,8.3,7.4,7.3,8.2,10.3,12.3,12.9,13.6,14.7
20250920,15.3,15.6,14.5,14.2,14,14.1,13.8,13.3,14.3,14.6,14.2,13.2,12.4,12.4,12.4,12.7,13.3,14.5,17.8,20.5,22.9,23.2,23.1,21.8
20250921,21,19.2,17.3,15.2,13.6,12.3,10.6,9.5,9.4,10,11.2,16.5,21.6,26.8,29.2,29.6,31.9,34.6,35.9,37.1,39,40.2,37.2,33.1
20250922,32.4,33.3,34,31,30.2,28.6,26.9,25.3,23,20,16,11.7,9.6,8.6,8.2,8.5,9.8,10.8,11.4,11.9,12.7,14.6,15.5,16.9
20250923,17.2,18.5,19.5,19.1,19.1,19.2,18.9,19.7,21,20.7,20.6,21.1,20,19.7,20.7,21.7,22.3,22.1,23.3,25,28.9,34.4,39.9,40.1
20250924,39.4,39.8,40.9,41.9,42.2,40.9,39,36.6,36.8,39.7,39.8,37.9,34.5,31,24.2,20.7,17.4,17.7,19.2,22.2,23.8,24.2,24.4,23.1
20250925,21.4,21.4,21.3,21.8,22.4,20.7,18,16.4,16,16.2,14.9,12.5,10.6,9.4,8.6,9.1,9.3,11.1,12.7,15.3,17.9,19.9,20.3,20.7
20250926,19.6,18.3,17.1,15.8,14.8,14.4,14.1,14.3,15.4,16.2,16.4,17,19.1,21.1,20.4,17.3,16.9,17.9,20.4,23.5,26.8,29.5,30.8,31.1
20250927,30.5,30,28.9,27.3,26.3,25.6,25.4,27,28.8,29.6,31.8,31.3,30.4,30.4,29.3,30.2,32.1,31.7,29.4,29.5,30.3,30.6,30.6,29.5
20250928,29.3,28.8,29.4,29.9,30.2,31.1,32,33.7,38.8,43.2,35.8,21.8,12,8.3,6.5,5.8,5.5,5.9,8.1,11.6,13.5,15.1,15.8,15.5
20250929,15.6,14,12.7,11.2,10.4,9.3,8.6,8.6,8.8,8.9,8.6,8.6,8.4,8.3,8.4,8.3,9.3,10.7,13.4,17.6,20.6,21.8,22.9,20.5
20250930,16.4,11.2,10.1,9.8,10.5,10.2,10.4,11.1,11.7,12,11.5,12.2,13.4,14.5,15.2,15.2,16.6,17.9,20.8,23.5,25.6,26.7,25.1,23.8
20251001,22.3,20.8,18.9,17.2,15.9,15,14.5,14.8,15.4,15.1,13.6,13.2,14.1,14.3,14.8,15.1,16.4,18.4,21.3,25.4,27.3,27.1,27.2,26.5
20251002,26.3,24.5,24.4,26.8,25.1,19.1,16.9,16.8,17.8,20.3,22.2,23.2,22.9,18.9,15.1,14.2,12.7,13.3,15.7,20.3,22.1,24.3,27.2,29.3
20251003,29.7,29.8,31.4,31.4,30.3,29.8,27.5,25.9,24.8,25.6,26.1,24.2,20.2,16.8,13.3,11.5,10.8,11,12.1,14.2,16.5,17.8,18.6,19.7
20251004,20.9,21.2,20.5,19.5,18.4,17.2,16.6,16.5,17.6,19.8,24.5,27.6,29.2,29.2,28.9,27.6,27.6,28.4,29.6,32.2,35.8,39.2,39.7,40
20251005,41.3,43,41.8,41.2,38.2,35.3,32.7,29.6,28.8,29.9,29,27.3,25.7,24.6,22.5,21.1,20.7,18.7,15.7,15.5,17.2,16.7,16.9,16.2
20251006,14.8,13.8,12.5,12.5,12.6,10.8,9.3,6.7,5.6,4.9,4.7,5.3,6.4,6.6,6.3,6.3,6.4,6.4,7.1,8.7,10.4,11.4,12.3,13.5
20251007,14.7,15.1,16.4,18.9,20.2,19.9,20.6,21.4,20.4,20.7,23.8,26.8,26.8,26.5,27.9,27.6,26.5,25.6,25.7,27.8,30.8,32.1,31.2,28
20251008,25,21.2,17.3,14.5,12.1,9.5,9.1,10.5,12.2,12,11.1,10.8,11,9.8,8.5,6.4,5.6,4.8,4.4,4.2,4.1,3.9,4.2,4.2
20251009,4.5,4.4,3.9,3.4,2.9,2.6,2.4,2.5,2.6,2.8,3,3.2,3.6,3.8,3.3,3,3.1,3.4,4.2,5.4,6.3,6.8,7.1,6.9
20251010,6.6,6.3,6.1,6.3,5.7,5.5,5.7,6.1,6.7,,7.1,7.5,7.6,7.7,8.3,9.5,10.3,10.4,10.8,10.3,9.5,9,8.5,7.7
20251011,7,6.6,7,7.6,8.6,9.3,9.7,10.3,10.8,11.3,10.3,9.3,9.1,9.2,9.1,9.3,10.2,10.8,12.2,14.2,15.6,15.7,15.6,15.9
20251012,15.8,15.2,15.1,14.4,13.9,13.7,13.6,13.3,13.8,14.6,15.1,15.3,14,13.8,13.4,12.9,14.4,14.9,15.3,17,17.9,17.9,18.1,18.4
20251013,18.7,18.6,18.4,17.8,16.7,15.5,15.2,15.1,16.2,18.8,21.4,22.7,22.8,23.1,23.2,22.1,21,20.4,21.7,25.1,27.6,28.3,28.8,27.7
20251014,26.2,24.9,24.5,23.6,23.2,22.9,23.1,22.7,23.6,29.2,34.8,39.8,42.3,40.2,30,22.7,18.9,15.6,14.8,16.8,17.6,20.2,21.9,23.8
20251015,26.1,28,30.7,35.3,37.8,39.7,41.2,43.2,47.6,52.4,57.6,60.8,62.7,58.8,49,41.2,36,32.2,32.7,36.3,40.2,43.1,46.9,49.8
20251016,51.8,56.3,62.9,70.2,76.6,78.5,72.8,63.9,53.8,44.9,41.3,40.9,37.3,33.8,31.8,30.2,29.9,29.6,30.8,31.9,31.8,31.9,31,31.5
20251017,31.7,32.2,32.7,33.7,34.4,34,33,33,30.4,21.6,11.1,5.9,3.8,3,2.8,2.2,1.8,1.7,1.8,1.9,1.7,1.5,1.4,1.5
20251018,1.5,1.6,1.8,1.9,2,2.1,2.1,2.4,2.8,2.9,3,3.5,3.8,4.3,4.9,5.3,6.4,6.5,7.5,8.5,9.3,9.9,10,9.8
20251019,9.9,10.4,11.5,11.8,10.8,8.9,6.5,4.5,3.5,3,3.1,3.5,3.7,3.8,4.2,4.3,4.3,4.6,5.6,7.4,7.4,7.1,6.6,5.9
20251020,5.4,5.3,5.4,5.5,5.7,6,6.4,6.8,7.6,6.8,5.7,5.4,5.8,6.1,6.5,7.1,8,9.3,11.3,15.1,16.5,17.6,18,17.1
20251021,16.2,14.8,14.2,13.2,11.3,9.9,8.7,8.5,9.3,8.7,7.7,6.7,7,7.1,7.4,8.2,9,10.5,12.5,15.5,18.2,18.5,19.1,19.2
20251022,19.3,18.5,17.9,17,15.5,13.9,12.6,12.6,13.1,13.7,15.6,19.2,23.6,29.8,33.9,37.2,38.6,39.6,41.8,42.2,42.7,43.4,43.9,44.1
20251023,43.8,43.5,44.1,44.2,43.8,43.1,41.7,40,40.6,42.4,43.4,42.6,43.2,42.6,42.2,42.1,42,43,44.6,47.7,50.5,51.5,51.6,51.1
20251024,50.5,50,50.2,49.2,49.4,49.3,48.6,48.3,49.3,56.4,63.8,72.1,71.5,71.3,71,71.8,73.1,73.7,76.4,81.3,85.5,87.3,87.1,87.5
20251025,87.2,86.1,87.6,87.7,85.7,84.3,83,81.7,80.7,83.8,87.3,89.6,91.8,90.6,87.4,82.4,82.5,83.1,88.3,97.4,104.1,108.3,106.5,98.7
20251026,88.5,75.9,58.2,35.7,18.4,9.5,6.5,4.4,3.8,2.7,2,1.6,1.8,1.9,1.6,1.5,1.5,1.6,2.1,2.4,2.6,2.9,3.4,3.5
20251027,3.1,2.6,2.7,2.4,3.3,3.6,2.9,3.5,4.8,6.9,7.9,7.8,10.3,12.5,12.5,13.8,17,20,25.1,29.7,32.7,33.6,34.2,33.8
20251028,33.1,,,,,,,,,,,,,,,,100,,,,122.8,126.3,126.2,125.7
20251029,,,117,,119.7,,119.6,118.5,119.5,125.4,132.3,136.3,137.2,139.4,141.2,142.8,145.1,147.1,149.8,151.3,152.6,152.4,152.3,146.6
20251030,138.9,131.2,124.2,119.1,119.3,121.5,122.8,118.7,116,123.3,122.1,113.6,101.1,87.4,86.8,101.6,115.8,113.9,101.8,88,72.4,58.2,48.4,40.2
20251031,36.4,36.2,36.5,36.5,37.6,40.1,40.3,43.5,47.7,53,59.7,65.8,64.9,58.7,48.9,40.8,29.5,25.3,29.5,32.5,32.3,30.8,29.9,29.4
20251101,32.5,39.7,42.3,40.4,36.2,32.8,29.1,28.5,27.4,25.8,14.5,5.6,2.6,2.2,2,1.8,1.5,1.4,1.4,1.5,1.4,1.3,1.2,1.2
20251102,1.3,1.5,1.4,1.3,1.4,1.5,1.6,1.7,2.7,2.8,2.4,2.4,2.5,2.8,3.1,3.8,4.9,6.3,9.6,12.8,14.9,17.1,19,20.8
20251103,23.1,24.3,25.6,26.3,26.7,27,26.1,26.7,28,28.9,30.9,33.9,33.8,31.1,29.5,28.8,28.2,28.8,31.9,36,39.6,41.8,43.4,45.3
20251104,45.9,44,43.9,43.1,42,41.1,41,41.1,42.7,44.6,47.6,50.2,53.4,55.6,55.2,51.6,49.1,48.8,51.1,56.1,61.2,65.6,69.3,72.5
20251105,76,74.5,75.8,77.3,80.1,82.5,85.9,87.3,90.8,98.9,111.4,127.5,139.2,143.4,147.9,149.7,151.7,154.6,160.2,163.7,165,163.5,162,162.5
20251106,161.6,158.8,158.4,155.8,153.4,150.5,146.5,142.2,138.6,135.8,133.8,127.4,119.8,111.1,98.8,90.6,86.6,85.8,86.9,88.2,90.3,91,90.1,89.8
20251107,89.6,87.5,86,86.1,83.3,81.8,76.2,67.8,61.5,52.5,49.9,50.2,49.6,43.7,39.7,34.5,31.8,29.6,28.2,29,29.8,30.3,31.1,31.9
20251108,32.2,31.6,30.3,29.7,31.3,32.2,33.3,34,35.3,38,42.2,43.6,44.4,43.3,42.2,41.8,41.2,40.8,43,45.8,46.9,46.3,44.9,42.3
20251109,38.8,33.8,23.9,12.2,7.3,5,4.2,4.1,3.9,4.1,4.1,4.3,4.5,4.8,4.7,4.7,4.8,5.1,6.5,8.5,10.8,11.6,11.9,11.4
20251110,10,9.2,9.2,9.6,9.2,9.5,9.7,9.6,9.9,9.8,9.4,10.4,12.1,14.3,16.4,17.9,19.8,22.9,28.5,32.4,35.1,35.5,34.5,32
20251111,29.5,27.8,26.3,23.7,21.4,20.6,19,18.4,19.4,20.3,21.6,24,27.5,31.6,36.4,43.3,55.7,70.8,81.6,91.3,95.9,99.1,102.8,104.9
20251112,101.7,96.3,91.4,88.7,82.5,80.3,77.8,75.8,75.2,81.3,93.1,99.2,110.6,112.7,88.7,45.3,13.3,6.2,4.2,4.2,4,3.8,3.3,3.2
20251113,3,3.1,3.3,3.4,3.6,4,4.5,4.8,6.7,7.1,5.8,4.9,4.4,4.3,4.8,5.5,6.5,8.5,11.9,17.4,20.6,24,24.7,24.2
20251114,24.3,23.9,24.1,23.2,21.8,20.1,18.6,17.7,18.3,18.7,20.1,23.6,27.9,29.6,29.8,30.1,31.1,33.7,38.7,44.4,48.1,49.4,49.5,49.5
20251115,49.2,47.5,46.1,43.9,42.9,40.8,39.3,36.7,36.3,36.9,39.5,41.9,33.5,28.1,27.8,28.2,32.1,38.6,48.1,58.5,64.6,70.2,68.9,66.5
20251116,58,40,17,8.5,5.1,3.3,2.6,2.2,2.1,2.2,2.3,2.3,2.3,2.1,2,1.8,1.8,2.1,2.2,2.3,2.2,2.1,2.1,2.1
20251117,2,2.2,2.1,2,2,2,2,2.2,2.5,2.7,2.8,3.2,3.4,3.7,3.9,4,4.3,4.7,5.8,6.4,5.9,5.1,5.2,5.4
20251118,5.4,5.6,5,4.5,3.7,3.9,4.7,5.8,6.7,7.5,7.2,6.3,6.7,6.5,6.9,7.2,7.7,8.7,11.8,13.7,16.3,17.7,20,22.5
20251119,23.6,24.8,23.7,23.2,21.3,20.2,19.7,19,19.9,19.2,17.1,15.4,14.9,15.9,16.6,18.1,21.4,25.1,30.5,36.7,41.8,44.4,43.4,28.7
20251120,13.6,6.9,3.9,3.3,3.2,3.4,3.7,3.7,4.4,5.7,4.9,4.2,4.2,4.1,4.4,5.1,7.8,10.6,18,30.5,40.1,44.5,51.4,53
20251121,53,52.9,52.1,52.1,50.4,45.3,39.7,39.2,37.5,33.8,28.8,23.2,19.2,20.4,21.6,22.5,23.2,25.5,29.8,35.2,40,40.2,39.6,37.5
20251122,36.9,35.7,33.4,31.2,28.5,26.4,25.4,25,26,28.2,29.1,30,31.8,33.7,33.5,34.9,37.1,40.2,44.7,52.1,57,58.2,58.2,57.4
20251123,56.7,53.2,49.2,46.2,44.1,41.2,39.9,42.7,44.7,47.4,50.5,52,53.5,49.5,48.6,50.9,52,55.3,59.5,63.5,65,64.8,62.8,61.9
20251124,58.9,56.5,55.3,53.2,49.5,44.2,38.6,33.8,32.7,27.1,9.5,7.4,8.1,6.9,6.2,4.7,4.2,3.9,3.1,2.5,2.1,1.9,2,2
20251125,1.9,2.2,2.3,2.5,2.7,3,3.5,4.1,5.6,6.9,6.4,7,7.9,9.7,12.8,14.4,15,18.8,22.8,26,27.7,27.8,27.5,28.1
20251126,28.8,29.2,29,28.6,27.8,26.1,25.2,24.6,26,26.8,29,30.7,32.5,34.9,37.2,38.1,40.2,42.5,45.4,48.8,62.4,57.9,32.2,12.8
20251127,8.2,6.6,4.3,3.8,2.9,2.6,2.5,2.8,3.2,3.9,3.7,4,5.1,8.4,7.2,7.8,9.4,11.3,14,18.2,20.7,22.3,23.5,24.4
20251128,24.2,25.7,24,24,24.4,24.5,24.2,23.8,23.8,25.1,26.2,28.2,30.6,32.3,35.9,38.5,43.2,47.5,52.5,56.3,58.3,57.8,56.8,56
20251129,54.6,51.6,50.2,47.8,45.5,44.4,43.8,43.8,44.9,47.5,50.4,52.3,48.8,45.5,45,43.9,50.3,56.7,66,71.3,72.7,70.5,65.8,62.1
20251130,60.4,64.3,61.5,59.5,58.9,59.4,60.6,59.3,59,48.8,34.7,20.9,17.1,17.2,15.6,13.8,16.4,22.5,21.7,19,18.7,17.4,17,13.9
20251201,11.1,8.7,7.3,5.2,4,3.6,3.6,4.1,4.6,6.5,5.3,5,5.6,6.2,6.5,7.5,8.3,8.3,7.3,7.1,7.5,5.6,4.7,4
20251202,3.3,3.3,3.3,2.9,2.7,2.5,2.5,2.5,2.6,3.5,2.8,3.5,3.1,3.7,3.8,4,3.9,4.7,5,5.8,6.2,6,6.2,6.6
20251203,8.9,10.5,9.1,6.4,5.2,4.2,4.2,4.9,6,7.8,7,8.3,10.2,11.3,12.2,13.5,14.6,17.1,20.9,25.1,26.5,26.2,26.2,27.1
20251204,28.7,28.5,27.8,25.4,24.4,22.9,18.4,11.9,8,5.6,3.3,3.1,3.4,3.5,3.8,3.8,4,5.6,7.8,11.2,13.7,13.9,16.4,17
20251205,16,15.3,14.7,15,15,14.6,15,15.2,15.6,17.1,18.5,23,32.9,35.2,35.4,36.8,38.2,43.2,48.4,53.7,55.4,55.7,54.5,52.9
20251206,51.2,51.2,48.3,47.3,46.1,46.2,46.6,47,48,50.5,53.9,56.3,57.8,55.7,54.8,57.2,59.9,64.7,70.2,76.2,78.2,77.9,77.3,73.5
20251207,71.8,70,67.8,63.4,60,48.6,33.8,24.7,16.9,15.1,11.2,6.9,6.7,6.1,5.6,5.3,5,5.4,4.9,3.7,3.8,2.9,3,2.8
20251208,2.7,3.9,3.4,3.6,3.9,3.9,4,4.8,6.6,8.4,8.8,8.2,7.3,8.2,9.5,10.5,11.8,13.1,15,18.2,20.7,21.9,21.9,22.1
20251209,22.4,23.2,23,23.2,22.3,21.2,20.7,20.2,20.9,21.6,22.3,24.5,28.4,29.3,31.3,32.6,33.2,35.8,38.3,44.8,47.7,49.6,49.1,48.4
20251210,46.9,45.5,44.4,43.4,43.2,42.7,41.9,41.4,42.1,41.7,44.3,48.5,53.5,61.1,63,63.1,62.6,62.5,64.6,66.7,69.8,69,66.5,62.9
20251211,59.5,55.7,48.7,39.8,34.7,30.5,25.4,29.3,33.9,44.8,50.4,44.3,39.8,37.4,34.3,30.3,27.8,25.3,24.7,25.8,25.9,26.9,26.5,25.3
20251212,22.3,20.7,19,17.7,16,14.1,13.4,13.4,13.2,13.9,14.9,16.8,18.5,20,21.4,22.5,21.8,21.8,23.8,25.8,27.6,28.8,29.7,30.1
20251213,30.4,30.5,31.5,32.6,32.8,32.2,30.4,28.7,26.6,23.7,19.6,15.8,11.4,9.8,10.7,11.1,10.5,10.5,11.5,13.3,14.3,15.1,17.2,18.8
20251214,21.9,22.4,22.3,21.2,19.6,18,17.9,17.8,18.8,20.6,21.7,21.9,22.5,22.3,23.2,25.3,27,29.2,32.9,35.8,36,35.5,35.1,35.2
20251215,34.5,33.4,33.2,33.7,33,32.3,31.2,30.6,30.8,31.3,32.9,36.6,40.4,44.4,49.6,51.7,54.3,58,62.7,67.8,69.2,68.2,66.3,62.8
20251216,56.5,51.5,49.4,46.9,42.4,38.4,34.5,29.8,26.2,23.2,21.4,17.6,17.4,16,16.5,17.7,19.4,23.6,31.8,39.4,45.2,48.5,48.6,47.4
20251217,46,47,45.8,45.5,44,41.4,38.2,36.7,36.2,36.7,37.4,43.3,48.2,56.7,60.4,69.7,81.6,89.3,95.2,95.5,95.9,102.8,107.3,110.3
20251218,113.2,112.7,113.5,110.8,106.8,108.3,111.1,114.8,118.7,122.7,127.6,132.9,139.8,143.6,147.5,149.1,151,150.8,156.6,159.9,159.6,161.5,162.1,163.5
20251219,164.8,166.4,166.8,168.1,170.2,169.3,169,168,167,166.8,170.4,171.8,159.8,120.4,81.5,55.4,42,30.3,23.4,16.6,14.9,10.2,3.1,2.7
20251220,2.8,2.6,2.2,2.2,2.2,2.3,2,1.9,2,2.3,2.3,2.3,2.5,2.5,2.5,2.4,2.3,2.4,2.9,3.2,3.2,2.8,3,3.2
20251221,3.3,3.7,3.6,3.8,3.9,4.4,4.8,5.5,6.3,7.3,8.1,9,9.5,8.7,9.3,11.1,13.7,15.3,18.4,21.9,23.2,24.6,27.8,29.4
20251222,30.2,29.8,29.4,29.8,29.3,28.7,28.4,28.8,28.7,28.9,29.4,29.3,31.1,35.9,42.2,49.9,55.5,60.2,63.9,66.3,65.6,64.4,64.8,65.8
20251223,66.4,64.2,63.8,67.4,70.7,69.8,69.1,65.8,58.9,46.7,31.2,13.6,6.7,3.6,3.4,3.5,3.3,3.5,4.5,6.3,6.8,6.8,6.8,7.4
20251224,7.8,7.2,6.6,6.8,6.4,6.3,6.2,6.4,7.6,9.2,10.3,10.5,11.3,12.8,12.9,10.7,6.5,4.7,4.2,3.4,3.1,3,2.9,2.8
20251225,3.2,3.3,3.5,3.7,3.8,3.8,3.8,4.3,4.9,5.7,5.6,5.3,5.5,6.2,6.8,7.4,8.9,10.8,13.1,16,18.9,19.5,19,19
20251226,18.1,17.2,16.7,16.8,16.2,15.5,15.5,16.2,17.4,19.6,21.9,25.5,27.4,29.9,32.5,35.5,38.5,42.1,46.1,48.9,50.5,51.1,50.8,50.1
20251227,48.8,46.4,45.1,43,41.3,40.4,40.7,40.6,40.8,40.5,40.1,40.5,40.1,39.3,35.4,34.4,35.5,39.2,46.3,51.3,54.4,54.8,55.5,57
20251228,58.3,57.8,55.9,55.2,55.8,55,54.7,54.9,55.7,58.2,62.3,67.3,72.7,79.3,83,84.6,84.1,84.8,89.5,93.7,96.4,96.5,82.1,63.3
20251229,42.3,27,20.3,16.6,13.3,13.2,12.8,10.7,10.2,9.8,9.1,5.8,4.1,4.5,4.6,5.5,7.6,12.5,22.6,30.7,33.2,33.5,32.5,31.6
20251230,30.1,26.6,22.1,17.8,14.7,12.6,11.2,9.5,7.4,5.9,5.1,4.7,4.6,4.3,3.8,3.8,4.2,4,4.4,4.9,4.8,3.8,3.2,3
20251231,3,2.9,3.1,3.1,3,3,3.1,3.3,3.8,4.7,4.3,4.1,4.5,4.6,4.6,5.3,6.3,7.4,10,13.8,15.8,17.9,18.5,19.2
20260101,20.1,20.6,21.3,19.1,18,16.7,15.2,14.3,15.5,16.9,15.9,11.8,8.9,7.8,7.2,6.5,6.1,6,7.2,8.5,8.2,8.3,7.9,8.1
20260102,8.2,7.7,7.6,7.2,7,6.7,6.8,7.2,8.4,9.2,9.4,9.6,10.4,14.4,19.7,24.5,29.4,35.3,43.2,49.4,51.6,52.6,50.3,46.2
20260103,39.1,35,31.1,27.7,24.4,22.8,22.2,22.4,23.2,24.5,24.8,23.4,22.8,22.3,21.6,23.1,26.1,30.4,38.1,48.1,52.8,53.9,54.9,53.7
20260104,50.3,47.9,48,47.7,45.6,43.3,39.5,36.7,37.2,37.8,39.4,39.4,36.7,29.2,19.5,16.3,16.3,19.4,26.2,35.8,43.6,47,47.6,48.5
20260105,48.9,46.8,43.9,42.2,37.1,27.6,21.1,16.4,15,13.8,11.6,10.8,9.4,8.8,9.1,11.6,15.3,20.5,26.1,33.3,37.1,37.9,40.5,42.6
20260106,42.7,41.2,36.8,30.7,24.9,22.1,20.5,19.2,19.1,20.9,21.1,22.3,24.9,23.1,20.6,19.8,19.5,18.8,18.4,15.2,8.9,5.8,4,3.7
20260107,3.9,3.8,3.9,4.1,4.5,4.4,4.8,5.2,6.2,7.8,8.8,10.4,9.9,10.2,10.5,10.7,10.8,12.2,15.3,18.2,21.4,23.5,23.5,23.4
20260108,22,20.5,19.5,18.5,18.7,16.8,16.7,16.3,17,19.3,20,21.7,25.4,30.9,33.8,37.4,42.8,46.1,47.5,47.4,48.6,48.1,48.1,48.2
20260109,47.5,45.8,46.2,46.5,46.4,46.3,46.2,46.4,47.6,49,52.2,55.8,59.2,62.3,65,66.1,65.9,52.1,35,21.2,9.5,6.6,5.5,5
20260110,5.1,6.6,5.7,5.2,4.8,4.5,4.5,4.9,5.5,6.1,6,5.7,5.4,5.4,5.4,5.5,5.5,5.7,5.7,6,7.6,5.2,5,5.3
20260111,5.3,5.8,5.5,5.3,5.5,5.6,5.1,5.6,6.3,8.2,8.5,8.3,8.3,8.6,9.5,10.9,12.1,13.9,16.9,19.3,22.1,22.6,22.5,21.8
20260112,21.5,22.8,22.6,23.1,23.5,23.4,22.7,22.2,22.5,24.2,26.2,28,28.3,28.2,27.7,25,23,24.6,25.7,27.1,27.3,22.8,14.5,10.7
20260113,8.5,7.8,7.4,7.5,8.3,8.4,8.4,9.1,11.7,13.4,13,9.7,10.7,15.2,19.5,21.7,22.9,22.6,22.7,21.1,21.2,22,24.5,25.2
20260114,25.8,27.8,28.2,28.2,28.7,28.8,28.7,28.8,29.7,31.2,33.6,36,39.8,43.9,44.3,45.1,44.2,44.5,47.5,49.7,50.9,51.2,51.1,52.4
20260115,52.2,51.4,51.7,52,51.8,52.2,52.6,53.1,54.1,56.6,62.1,70.5,77.3,83,84.9,84.8,83.6,86.6,89.2,90.6,92.7,94,92.2,87.3
20260116,80.6,73.5,71.6,71.4,72.2,72.4,68,64.3,55.5,43.9,33.8,18.7,11.6,9.3,8.7,8,7.3,6.8,6.2,6.6,6.7,6.2,5.8,5.3
20260117,5.1,5.2,5.1,4.8,4.8,4.9,5,5.8,8.3,10.6,11,11,10.9,11.2,11.1,11.6,12.5,13.2,14.5,16,16.9,17.7,19.4,20
20260118,19.2,18.8,18.5,18.2,18.3,18.7,19.4,19.9,20.4,21.6,23.5,24.9,25.5,26.5,27.9,29.7,30.5,30.2,31.3,29.6,21.3,9.6,5.3,4.7
20260119,5,5.4,5.5,5.3,5,4.5,3.9,3.8,4.3,5,5.5,5.8,6.1,6.1,5.9,5.9,6,6.4,7.3,8,8.2,8.3,7.8,7.8
20260120,7.9,7.5,7,6.4,6.2,6.2,5.8,5.7,6.6,6.6,6.7,6.3,6.2,6.3,6.4,6.7,6.9,7.4,9.3,13.1,15.9,17.7,17.9,15.7
20260121,12.4,9.7,8.1,7.6,6.9,6.6,6.1,6,6.9,7.2,6.2,6.1,6,5.6,6,7.1,9.5,12.3,16.6,22.6,24.3,23.8,23.4,22.9
20260122,21.2,18.3,17.7,16,14.2,12.6,11.2,10.4,10.8,11.7,11.9,11.2,11.7,13.6,15.6,16.9,18.8,21.4,25.6,30.3,33,32.9,33.4,33.2
20260123,32,29.6,29.2,27.3,25.5,23.6,22.5,22.5,23.1,22.9,22.2,19.5,14.8,12.7,11.1,12.9,16.6,22.5,28.8,33.9,36.8,36.9,35.8,32.9
20260124,30.3,26.1,23.7,21.9,19.1,16.5,15.3,14.1,13.7,14.7,16.6,18.3,20.1,21.3,23.9,23.9,25.9,27.6,33.7,39,37.6,35.1,31.2,26.8
20260125,17.9,12.7,8.9,8.7,8.6,8.5,13,15.8,16.5,20.5,24.5,27.8,32.2,33.5,33.4,34.3,35.6,36.6,39,39.2,36,28.9,23.4,21.1
20260126,22.1,23.1,23.9,24.7,25.9,27.2,28.7,30.3,32.4,35.8,39.7,42.5,43.1,41.8,41.6,38.7,34.7,35.5,43.1,52.3,57.2,58.2,57.1,49.5
20260127,35.4,18.8,10.8,7.8,7.3,6.8,6.6,6.5,7.5,8.2,8.2,7.5,7.7,10.3,13.6,15.8,20.1,22.6,23.7,28.3,29.7,29.1,30.5,29.6
20260128,28.7,28.2,28.5,30.8,31.3,30.8,29.5,28,27.3,28.5,31.5,34.9,36.9,39.3,41.3,43.7,46.3,49.5,50,50.4,52.4,51.3,46.6,43.1
20260129,40.4,37.7,36.8,35.5,34.6,34.7,34.8,35,35.5,36.9,40.2,45.3,53.7,57.9,56.9,54.9,54.4,55.8,58.3,61.3,65,68,70.9,72.3
20260130,71.8,72.2,73,73.6,71.4,69.8,69.5,69.4,70.7,74.1,79.1,82.6,85.3,87.2,87,86.4,86.5,87.6,91.7,93.9,96.7,99.7,101,102.4
20260131,102.6,102.1,104.3,104.7,104.7,102.2,97.8,88.1,71.1,52.6,33.4,21.4,16,13.7,16.9,21.8,29.7,41.5,48.8,54.2,62.7,64.2,65.4,69.2
20260201,71.4,70.3,68,61.3,52,44.9,38.6,36.2,33.3,30.5,26,20.6,13.3,10.9,11.2,10.2,9.2,7.2,7,6.5,4.3,3.7,3.2,3
20260202,2.8,2.8,2.7,2.6,3.1,3.3,3.4,3.7,4.6,5.1,5.5,5.6,7.2,9.3,10.4,11.8,14.6,17,21.2,25.1,27.4,28,28.9,29.7
20260203,28.6,27.4,26.2,24.7,23.6,22.1,21.1,20.4,21.2,22.3,22.8,26.1,29.7,34.6,36.8,44.3,55,63.7,74.3,79.2,81.2,79.6,77.6,75.7
20260204,72.3,69.1,67.8,67.8,63.6,57.8,54.6,54.9,55.2,56.9,62.3,65.9,67.5,58.5,51.4,44.5,43.3,47.9,55.3,60.9,66.7,74.4,77.1,77.3
20260205,80.1,81.9,65.2,47.6,43.7,34.5,14.7,6.3,4.9,5.7,5.9,6,6,5.8,5,4.5,4,3.7,3.5,3.7,3.5,2.9,2.5,2.2
20260206,2.1,2.1,2.2,1.9,1.9,1.9,1.8,1.9,2,2.6,2.7,2.8,2.9,3,3.3,3.5,3.9,4.4,5.3,7.2,9.5,10.7,11.9,12.3
20260207,12,10.7,10,8.6,8.2,7.7,7,6.1,6.3,5.8,4.2,3.7,3.7,3.5,3.5,3.3,2.8,3.1,3.4,4.3,4.5,4.4,3.8,3.8
20260208,3.8,4.1,4.5,4.7,4.7,4.9,5.4,5.2,5.8,7,6.9,9.3,12.6,14.6,17,19.2,22.7,25.2,29.3,33.4,35.9,37,38.4,38.5
20260209,38.2,35.4,31.9,29,27,26,24.8,24.5,25.7,26.7,27.4,33.8,43.3,50.8,55.7,63.6,75.2,87.6,98.1,102.1,103.2,103.3,103.5,102.6
20260210,101.9,99.2,98,96.9,96.3,93.4,90.5,87.8,86,84.9,87.2,74,47.8,36.1,27.6,22.3,18,13.4,9.6,8.3,7.6,6.8,6.4,5.5
20260211,5.2,5.7,8.2,7.6,6.8,6.8,6.8,7.2,9.1,10.5,9.8,9.8,11,13.4,17,19.5,22,27.7,35.5,41.8,46.7,48.7,48.5,45.6
20260212,45,42,40.9,39.7,38.2,37.2,36.4,35.7,35.2,35.5,38.4,42.1,42.7,42.4,41.5,38.5,38.2,40.5,43.2,49.3,53.8,55.2,55.4,54.6
20260213,54.2,52.4,50.3,48.8,46.1,43.4,41.3,39.5,38.6,38.4,37.8,38.3,38.5,37.1,36.8,40,46.3,57.3,66.2,72,77.4,80.4,81.3,81.9
20260214,83.6,82.2,82,82.2,83.8,85.4,86.2,87.2,89.8,91.1,84.8,54.5,29,17.3,13.5,9.1,6.6,5.9,4.8,4.2,3.4,3,3,2.9
20260215,2.8,2.9,2.5,2.2,2.2,2.1,2.2,2.3,2.8,4.4,3.7,4.2,4,4.3,4,4,4.1,4.3,4.7,5.3,5.8,5.8,4.8,4.5
20260216,5,5.2,5.3,5.8,5.6,5.1,5.1,5.2,5.4,6.6,5.8,4.8,4.6,5,5.3,6.8,9.7,12.2,16.1,20.6,28.3,34.8,43.2,55.7
20260217,65.9,75.3,84.5,87.2,86.4,83.6,77.1,69.6,69.3,62.8,52.2,41.7,32.9,29.4,27.9,28.3,30.1,30.1,27.6,32.9,40.8,45.5,47,39.7
20260218,29.2,23.7,14.7,9.3,8,7,5.3,5.1,5.9,8,6.9,7.2,8.2,9.9,14.5,21.1,23.9,25.2,26.2,27,28.5,32.4,32.9,35.3
20260219,36.1,36.4,36.6,36,36.2,35.8,35.7,35.7,36.2,37.5,39.8,40.3,38.5,34.1,29.8,26.8,26.3,29.8,35,41.2,45,47.4,50.3,51.9
20260220,52.7,53.8,51.3,49.6,47.4,46.3,44.7,44,42.8,43.3,45.7,51.7,57.6,60.2,59.7,56.8,56,55.6,55.6,58.2,61.7,65.5,65,64.8
20260221,64.9,64.7,64.5,64.1,62.9,62.2,61,60.2,60.4,61.1,62.8,67.2,71.7,75.4,80.7,83.9,102.7,141.5,169.5,145.8,46.9,18.9,14.9,13.2
20260222,9.5,8.5,6.6,5.4,6.1,4.3,4.3,4.3,4.9,5.9,4.8,6.6,13,14.7,11.3,8.8,6.3,7.6,6.5,6.2,5.3,4.9,4,4.3
20260223,4.4,5.3,5.3,5.7,5.6,5.8,5.7,5.9,6.8,8.9,6.9,6.9,7,8.4,9.5,10.8,12.2,13.2,15.3,16.5,20,21,21.2,21.7
20260224,22.4,23.5,24.5,25.2,25.8,25.6,25.5,24.9,25.7,26.7,26.3,26.3,25.6,27.1,28.6,31.9,35.8,40.8,45.9,51.5,56.8,62.7,66.4,66.9
20260225,65.3,62,63.2,62.9,62.4,62.6,64,66.5,68.8,71.3,74.9,77.4,80,81.9,84.3,84.9,85.5,85.5,86.7,87.9,88.5,88.3,88.4,88.5
20260226,88.6,87.9,88.5,87.9,86.5,85,83.1,79.6,70,53.3,37.2,18.7,15.9,23.8,35.8,53.9,63.9,60.6,56.3,50.1,38.1,27.5,22.5,20.4
20260227,19.5,17.3,14.8,12.9,13.7,13.3,13.8,14.2,15.1,17,18,19.2,19.8,23.2,25.8,27.6,29,29.8,30.8,32.3,35.2,37.9,38.8,40.1
20260228,41.6,43.9,47.7,52.1,57.2,60.4,60.8,57.7,51.4,47.9,47.3,47.1,46.3,47.1,48.2,49.7,50.7,52.1,54.2,57.3,58.9,59.2,58.9,59.1
20260301,59.3,58.7,59.3,60,60.5,60.5,59.9,60.5,62.1,65.2,69.4,72,72.9,73.5,73,72.8,72.7,72.7,73,73.5,74.6,75.2,75.1,74.6
20260302,75.2,74.5,76.2,78.9,80.3,81.1,83,84.3,85.2,86.5,89.3,89.6,91,94.1,95.8,96.7,94.3,92.5,93.8,94.9,95.3,95.4,94.9,96.7
20260303,101.2,104.8,110,114.5,115.2,114.7,114.9,115.4,116.2,116.5,113.3,104.1,91.2,74.8,50.1,27.7,19.5,16.1,22.6,31.3,37.1,42.3,44.5,43.2
20260304,26.8,17.3,16.6,12,7.9,9.8,26,54.8,75.6,93.3,98.1,97.5,89.8,78.4,62.1,46.7,36,31.7,32.2,34.7,37.7,39.8,39.5,38.8
20260305,37.5,37.5,38.1,39.6,41.4,43.9,45.4,47.8,50.5,52.3,52.9,53.2,55,56.1,56.8,56.9,56.1,55.8,56.4,58,60.2,60.6,59.5,58.2
20260306,55.7,50.5,47.5,43.6,40,35.8,28.7,23.3,19.7,15.6,11.6,9,7.5,6.8,6.3,6,5.8,5.8,6.3,8.2,11.3,13.2,14.8,16
20260307,19.8,26.1,31.4,34.9,36.9,37.8,40.8,44.2,46.8,52.6,63.1,71.3,72.5,72.7,70.7,68.5,66,63.7,63,64.8,66.5,66.8,64.8,62.4
20260308,58.6,54.4,53.7,55.2,57.9,59,58.1,57.2,58.2,61.3,67.5,76.4,82.4,83.6,78,68.7,60.8,49.4,34.1,13.1,2.2,1.7,1.8,1.8
20260309,1.9,2.1,2.1,2.4,2.8,3.1,3.5,4.3,5.2,5.5,4.7,4.3,4.2,3.9,4.2,4.4,5.1,6.3,8.6,14.1,22.2,35.1,50.5,57.3
20260310,59.4,58.9,59.5,57.9,55.2,55,56.6,52.1,52.1,51.5,54.5,57.7,60.8,66.5,71.5,72.5,73.3,75.1,79,83.4,88.1,91.7,94.4,91.6
20260311,90.8,88.2,83.2,72.5,59.5,46,35.3,26,19.4,13.3,7.4,5,4.3,4.8,5,5.1,5,5.9,12.2,28.2,42.2,50.8,63.2,67.9
20260312,67.1,65,65.2,65.8,67,68.8,70.9,71.7,73.1,77.1,80.5,77.6,75,73.7,74.3,74.2,73.8,74,75.5,78.5,81,76.1,66.4,55.2
20260313,49.7,48.4,49.2,49.5,51.5,53.7,55.1,54.7,54.3,55.3,58.5,59.3,65.4,72,75.7,78.9,82.4,83.2,85.1,88.2,88.9,85.4,86.4,84.8
20260314,74.5,57.8,33.2,16.7,9.3,5.9,4.7,4.6,4.7,4.9,4.7,5.5,6.8,12.1,19.3,31.9,35.5,42.4,49.3,52.2,51.3,49.2,47.2,42.8
20260315,38.9,37.2,37.7,39.2,40.8,42.8,44.9,44.8,46.9,50.5,59.2,66.9,65.4,56.2,40.4,31,28.8,27.5,27.5,29.9,32.5,34.3,34.7,36.1
20260316,36.8,36.8,36.8,37.4,36.9,36.8,38,38.8,41.9,43.4,45.4,44.4,39.5,37.1,34.2,33.9,33.4,32.7,33.8,36.9,44.1,57.4,66.2,71.7
20260317,75.4,78.7,83.4,87,87.3,87.5,88.1,89.6,93.5,98.6,108.8,117.9,122.2,121.5,119,119.2,122.2,126.8,128.9,130.8,131.2,132.7,132.6,126.6
20260318,99.8,34.8,6.1,2,1.6,2,2.1,1.8,2.1,2.2,2.3,2.5,2.7,2.8,2.8,2.8,3.2,3.6,4.2,5.5,6.8,9.2,11.3,12.8
20260319,13.3,14,14.6,15.8,17.2,18.1,18.9,20.4,22.5,25.5,28.6,32,30.7,28.6,24.8,23.6,23.6,25,26.4,28.1,30.4,35.9,37.3,38
20260320,39.1,38.6,37,34.3,30.5,28.2,25.1,24.8,32.9,41.4,40.6,39.4,38.5,36.2,33.2,32.4,31.2,29.4,30.1,26.7,24.1,21.5,20.8,21.4
20260321,21.9,22.8,24.2,25.6,26.4,27.4,28.3,29.5,31.4,33.9,36.1,38.9,44.6,51,57.1,64.1,70.3,74.8,81,86.9,89.9,91.8,93.9,95.4
20260322,95,91.9,92.9,94,93.8,93.2,93.6,94,95.5,93.8,70.7,44.2,25.8,14.4,11.8,9.7,8.3,7.4,8.5,11.7,17.5,23.3,29.2,38.4
20260323,62.5,77.8,83,88.7,96.8,99.6,102.7,105.1,108.1,113.3,112.8,106,97.7,87.7,78.1,72,68.8,68.5,67.9,64.8,59.2,54,52.5,53.6
20260324,59.4,63.6,68.4,73.5,77.5,81,83.6,87,90.1,95.2,101.9,108.6,114.2,117.2,117,116.3,117.5,119.2,124,131.6,139.8,145.4,148.5,150.8
20260325,152.9,152.6,151.2,152.4,153.2,154.8,153.8,152.1,156.9,158.8,155.5,152.2,136.7,116.5,99.8,89.7,86.1,85,89.9,92.5,95.8,101.2,102.7,105.4
20260326,107.8,109.7,110.1,110,109.5,113.7,120.9,131,140,142.8,146.8,155.1,155.7,150.2,143.8,131.8,125.7,120.3,121,121.2,118.6,71,33.6,15.9
20260327,5,2.8,2.3,2.3,2.3,2.5,2.8,3.3,4.2,4.1,3.8,4.2,3.8,3.6,3.8,4.3,7,13.5,25.3,35.1,39.7,36.1,33.1,30.9
20260328,30,30.5,32,33.3,34.8,35.5,35.8,35.8,36.8,38,39.3,41.7,46.8,55,60.8,63.3,62.9,62,63.2,63.3,65.6,67.6,,68.7
20260329,67.9,67.8,70.2,68,66.7,66.6,69.8,72.2,76.5,85.2,85.5,69,58.5,52.2,44.3,34.6,26.8,17,12.2,12.6,11.6,13.6,20.1,17.1
20260330,14.9,14.3,14.2,13.8,13.3,12.5,11.8,11.1,9.8,8.1,6,5,4.8,5.2,5.5,5.7,6.4,6.9,7.8,8.9,9.8,10.4,11.2,12.2
20260331,12.8,13.2,13.3,14.5,16.2,17.7,19,21.2,22.6,23.5,25.4,26.4,28.8,30.9,31.9,33.6,34.2,35.6,35.9,36.5,37.9,38.6,39.3,39.9
20260401,40.9,38.3,36.4,23.3,10.7,5.5,3.8,3.2,3.1,2.8,2.7,4.2,6.4,8.8,11.6,14.3,19.3,24.7,28.5,27.6,26.6,22.8,19.6,17
20260402,15.1,13.7,13.2,13.3,13.8,14.6,15,16.4,18.2,18.7,21.6,26.4,33.7,40.6,44,46.9,51,54.4,59.2,63.1,67.8,72.2,74.4,76.7
20260403,78,79.2,83.2,88.8,92.5,98.7,102.9,105.5,107.2,112.2,118.6,122.8,122.5,110,60.1,19,7.4,6.7,4.5,3.7,3,2.5,2.2,2.4
20260404,2.5,3.4,3.3,3.4,3.8,5.8,12.9,20.4,33.3,44,48.4,53.1,51.7,46.5,42.2,39.4,35.4,35,33.3,32.2,30.6,30.3,31.3,32.5
20260405,32.6,31.2,32,33.1,33.6,34.8,36,36.3,25.4,12.3,5.3,4.1,3.9,4.1,3.9,3.3,4.7,3.5,2.7,2.7,2.7,3,2.6,2.7
20260406,2.5,3.2,2.2,1.8,1.8,1.9,2.2,2.9,3.5,3.8,4,4,4.4,4.4,4.7,4.5,4.5,4.5,3.9,4.2,4.4,5.4,5.6,5.4
20260407,4.6,4.2,3.5,3.4,3.6,3.4,4,4.9,5.3,4.8,3.7,4.2,5.2,6.6,8.1,9.5,10.6,12.7,14.2,16,18,20.1,22.5,24.2
20260408,24,25.2,25.8,26.6,27.8,28.7,28.9,29.4,30.7,33.9,37.9,43.4,46,52.8,62.3,63.9,65.6,65.6,66.4,68.2,71.6,76.3,79.4,80.9
20260409,84.6,80.5,70.1,60.8,55.4,50,45,42.7,39.4,36.7,34.6,36,38.1,40,40.3,37.5,34.5,32.1,30,29.7,31.4,34.2,36.7,38.3
20260410,40.4,41.6,41.9,42.2,41.9,40.8,40.4,38.4,40.2,41.4,41.6,39.7,33.8,25,17.5,12,8.4,6.2,6,7.3,8.9,9.7,9.5,7.1
20260411,5,4.9,4.9,4.8,4.8,5.2,5,5.8,7.5,10.9,15.2,18.2,19.2,19.2,20.2,18.7,20.2,21.3,20.3,21,19.8,19,18.3,18.7
20260412,19,21.4,22.4,22.7,23.7,25.5,27.1,28.6,31.4,34.2,37.2,42.6,47.4,47.1,43,38.1,33.5,31.7,26.8,28.6,36,42.5,47.4,49.8
20260413,47.6,48.5,51.2,61.7,78.5,70.3,43.8,34,25.7,24.6,21,20.6,18.9,20.2,22.5,24.6,27.4,29.9,30,29.6,31.9,32.1,30.9,32.4
20260414,32.9,35.7,37.3,40.9,42.9,44,44.2,45.5,47.8,51.8,56.2,56.9,54.3,49.1,46.2,45.5,45.7,45.1,44.9,45.4,48.4,50.9,52.4,53.6
20260415,54,53.6,54.2,55.5,57.3,57.9,58.7,60,64.7,72,80.9,88.8,92.2,91.2,90.5,88.6,84,82.6,81,79.2,79.2,80.9,82.3,82.1
20260416,84.7,88.8,93.2,97.3,100.6,103,104.9,105.9,107.6,112.5,120.2,123.3,121,94.5,54.9,41.2,34.7,25,24.9,23.1,23.6,25.1,24.1,25.5
20260417,26.7,29,31,33.1,35.3,36.2,36.7,37.1,39.1,42.6,45.2,44.2,39.6,33.6,34,33.5,33.5,36.3,41.8,48.1,53.9,58.4,63.1,65.5
20260418,66.2,67.8,67.7,67.6,68.6,71.3,74.4,80,85.1,91.7,97.7,104.2,106,103.8,99.4,92.6,83.2,74.7,62.5,59.2,59.5,54.2,36.3,31.7
20260419,29.7,28.1,28,28.3,28.9,29.2,30.5,31.7,32.3,33.4,35.9,40.2,45.7,54.8,47.3,26.5,26.3,30.6,31.2,23.6,18.8,14.8,16.7,23.1
20260420,25,30.3,32.2,33.9,34.2,32.3,34.2,35.3,36.7,40.7,31.9,25.6,21.6,19,17.8,17.9,18.3,23.2,23.4,25,22.6,26,24.4,24.9
20260421,23.8,22.4,21.7,21.1,21.2,21.4,23.3,24.1,26.5,34.3,32.9,32.3,26.1,23.5,25,24.4,24.5,28.9,35.9,42.5,45.5,43.1,40.9,37.2
20260422,33.4,28,24.7,21.5,20.5,20.3,20.9,22.9,26.3,28.5,32.4,34.3,34.3,34.8,34.7,34.3,32,33.1,35.3,38.9,42.3,41.4,40.8,39.2
20260423,37,36,37.8,40.1,46.2,50.5,51.2,52.2,54.3,57.9,61.1,59.7,50.7,40.5,34.2,27.2,23.3,19.6,18.1,18.4,19.8,20.7,22.1,23.9
20260424,26.2,28,30.2,31.8,33.4,35.1,37.1,39.1,41.4,43.5,45.6,47.2,46.3,43.9,42.4,40.2,40.2,40.6,38.8,39.3,42.8,44.9,45,46.8
20260425,47.2,47.4,47.8,47.9,48.1,47.2,47.3,48.2,49.9,52.7,60.3,63.7,53.8,43.1,32.3,26.5,22.6,19.8,19,18.4,16.8,15.7,15.6,16.6
20260426,18.2,20.1,21.7,23.6,25.1,26.7,29.1,30,24.6,12.5,8,6.9,6.7,7.5,9.9,17.3,24.2,27,25.6,24.5,21.4,18.9,17,15.6
20260427,15,15.2,14.8,14.7,15.5,17.5,16.9,14.5,9.2,5.4,4.9,5.2,5.2,5.1,4.4,4.2,4,5.8,4.2,3.8,4.5,5.2,7.6,9.8
20260428,14.2,19.7,24.3,26.8,26.7,25.1,22.7,20,13.9,9.1,4.1,3.3,3.2,3.2,2.8,2.8,2.7,2.8,2.8,3.4,5.5,6.9,8.5,7.5
20260429,7.8,8,7.9,7.5,7.6,7.1,6.6,6.9,7.2,5.9,4.6,3.6,3.4,3.7,3.9,4.2,4.7,5.5,6.2,7.4,9,10.2,12.1,13.3
20260430,14.6,16.4,17.8,16.1,15.7,15.5,14.6,15.2,16.5,17.7,18.9,21.3,22.3,22.9,22.3,21.2,23,23.2,24.6,24.8,26,27.8,28.4,29.2
20260501,29.3,29.3,29.8,29.6,30.5,30.5,30.8,32.5,35.2,37.2,33.5,29.8,27.8,27.1,30.2,32.7,38,42.5,43.4,41.4,37.3,33.2,29.3,27.6
20260502,26.3,25.2,23.8,23.2,23.8,24.2,25.5,26.5,28,27.7,27.7,28.6,27.7,20.3,11.2,4.8,3.5,2.3,2.2,2.3,2.3,2.3,2.1,2
20260503,2.2,2.6,3.2,3.7,3.5,3.9,4.3,5.4,6.9,7.7,7.4,5.5,3.9,3.8,3.7,3.7,3.3,3.5,3.3,3.7,6.2,8.7,10.6,10.1
20260504,9.5,9.5,9.8,8.4,8,8.2,8.6,9,9.9,10.4,10.8,12.3,13.8,13.7,14.2,15,16.4,18.3,20,20.7,23.1,25.6,26.3,26.4
20260505,25.9,25.8,26.8,28.1,28.9,29,29.4,31.2,34.7,40.3,44.2,45.6,44.7,41.5,35.6,31,28.5,27.5,26.1,24.2,22.2,19.6,18.7,18.6
20260506,18.3,18.8,19.7,20.4,22.1,23.6,24.3,24.9,26.8,27.1,27.9,26.4,23.8,21.4,18.9,17.2,16,17.3,19,20.8,20.9,21.7,21.5,17.2
20260507,8.3,8.9,5.5,4.5,4.4,4,3.4,3.4,3.2,5.2,4.8,4.8,4.3,4.8,4.9,4.4,4.6,5,5.2,6.2,8.5,11.7,13.9,18.5
20260508,18.8,19.7,19.3,17.2,14.5,13.4,11.7,11.5,11.7,10.9,9.6,9.1,8.4,10.2,14.6,19.7,23.1,26.4,28.1,27.9,23.8,25,24.9,25.2
20260509,24.3,25.3,24.5,26.3,27,27.9,29.4,30.9,33.3,34.3,36.5,38.8,39.7,38.3,39.6,40.2,40.2,40.4,39.6,39.7,41.4,44.3,44.8,47.4
20260510,49.3,50.2,51.5,52.1,52.2,51.8,53.2,51.8,53.9,49.8,35.6,20.2,10.3,6.9,5.4,4.8,5.1,6.4,6.5,8.5,7.6,6.3,6,5.5
20260511,8.2,13.9,21.2,24.7,24.2,23,21.6,21.6,22,21.9,21.8,22.5,22,21.8,19.7,19,18,22,22.1,23.8,27,28.7,28.9,30.1
20260512,30.2,32.7,35.7,39,42.4,51.2,56.7,56.4,63.5,65.2,65,59.5,44.8,30.2,24,19.9,20.4,22,24.9,26.9,28.7,31.8,33.7,36.5
20260513,38.4,39.3,41.9,45.8,50.4,55.4,57.7,59.6,60.7,60.1,58.2,54.2,48.7,45.5,42,40.5,41.5,45.1,50.5,55.8,64.3,70.9,75,78.8
20260514,82.3,84.3,87.8,91.8,94.2,94.9,90.3,80.1,71.1,64.3,60.6,58.7,54.3,46.8,40.5,36.5,33.5,33,36.2,40.6,45.3,54.7,61.3,62.2
20260515,60.7,58.4,56.1,53.4,49.2,44.3,40.1,36.5,35.7,37.2,39.5,41.7,44.8,46.8,47.5,49.2,51,52.1,53.9,55.2,54.7,53.3,52.2,51
20260516,47,43.8,43.2,42.8,41.8,37.6,33,27.9,24.2,22.6,22.8,26.6,28.2,28.5,27.2,26.8,26,23.9,23.6,26.2,30.5,33.6,35.5,35.6
20260517,34.2,31.2,30.7,30.1,31,30.8,28.8,25.8,23,19.5,16.1,14.2,12.8,12.7,12,10.5,8.8,7.2,6.7,5.9,5.5,5.8,5.9,6.1
20260518,8.1,6.3,5.1,4.1,4.1,3.6,3.6,3.8,4.3,4.4,3.8,3.5,3.5,3.7,4.1,4.8,5,5.2,6.2,6.6,6.8,7.2,7.5,9.3
20260519,12.3,14.9,16,17.3,17.9,17.5,17.6,18.3,19.3,20.8,22.8,23.4,22.5,21.4,19.9,15.2,12.3,13,13.5,14.5,16.8,21.4,27.1,33.3
20260520,37.8,37.4,36.3,33.9,29.8,27.7,26,25.5,25.9,24.5,22.2,20.2,18.6,16.6,14,11.6,10,8.7,6.7,5,5.2,5.5,6.7,8.2
20260521,9.2,11.1,12.7,14.6,16.5,17.6,18.2,19.5,20.6,19.7,17.3,16.3,17,17.7,16.9,15.7,14.5,13.9,13.7,13.4,12.4,12.7,14,16.1
20260522,19.6,23.8,28.2,32.9,37.1,40.7,40.2,29.9,19.3,13.2,9.9,7.2,5,4.4,4.4,3.9,3.2,2.9,2.9,3.4,4.4,5.1,5.8,6.4
20260523,7.5,9.1,10.6,11.7,12.5,15.1,17.5,18.2,17.5,15.9,14.6,15.3,16.2,18.4,18.6,18.8,18.9,17.8,19.4,20.8,23.1,27.8,31.5,33.6
20260524,36.1,39,41.7,44.8,48.3,53.4,59,63.3,66.2,68.5,70.1,68,61.5,52.1,40.4,31.9,27.5,25.5,25.8,28.7,32.2,34.4,34.8,32.6
20260525,26.6,26.1,28,30.3,32.7,35.5,34.9,32.8,30.5,28,26.3,26.6,27.2,26.5,25.3,21.2,15.6,10.2,8.4,7.5,6.9,6.6,7.2,8.1
20260526,8.9,9.6,10.1,10.1,10.6,11,11.7,13.7,14.2,13.8,13.5,13.7,14,14.7,15.2,15.3,14.1,13.5,13.9,14.2,15,15.8,17.3,18.2
20260527,19.1,20.2,21.3,21.3,20.8,21.3,21.8,23.6,24.4,23.6,20.7,17.7,15.5,14.7,13.8,13.6,14.4,15.2,16.1,16.6,18.1,20.1,20.2,
20260528,12.2,8.5,5.1,3.9,3.3,3.3,3.4,3.3,3.1,3,3,3.3,3.3,3.3,3.1,3.4,3.6,4.2,4.6,5.7,8,11,10.8,10.4
20260529,9.5,9.3,9,9.2,9,9.5,9.2,9.5,9,7.9,6.8,6.5,6.2,5.6,5.2,5.6,6,7.2,8.9,10.9,14.1,16.4,15.2,14.6
20260530,14.4,14.6,13.8,13.5,13.5,13.3,13.7,14.8,15.5,14.4,12.7,11.7,11.6,12.3,15,13.9,13.2,14.8,15.5,17.7,20.3,22.9,20.2,17.5
20260531,16.5,15.9,16,15.2,15,15.5,16.2,17.3,19.1,20.8,23.7,25.2,25.7,24.9,24.8,24.9,25.9,26.3,27.1,28.5,31.1,31.9,31.8,27
20260601,17.8,15.5,15.8,14.5,12.4,11.4,10.4,10.1,10.5,10,10.4,11.8,12.3,11.3,10.6,10.5,9.8,11,12.9,13.8,17.2,21.1,25.5,27.7
20260602,28.6,29.2,30.4,32.3,33.5,32.2,33.4,37.8,41,42.4,41.5,41.4,38.4,36.9,37.5,38.2,37.4,38,39.9,41.9,36.8,29.7,28,28.6
20260603,29.3,28.4,27.8,31.8,35.5,28.5,25.6,25.5,24.2,22.8,19.8,18.7,18.9,18.1,14.3,9.2,6.8,6.2,6.7,7.9,10.2,9.9,9.3,9.2
20260604,10.4,12.1,14.2,14.6,15.2,14.5,14.6,15,16,15.3,,9,6,4.3,4.5,6,6.5,5.8,5.2,5.8,6.2,6.5,6.2,6.1
20260605,5.9,6.2,6.5,6.9,6.7,6.7,6.8,7.5,7.5,6.3,5.6,4.3,3.7,4.1,4.4,4.7,5,5.6,6.5,7.7,9.1,10,11.2,11.8
20260606,12.1,12.9,13.5,14.8,17.3,20.9,24.8,22.8,19.7,15.8,12.4,10.7,9,5.9,3.1,2.5,2.2,2.2,2.2,2.5,3.2,4.6,5.5,5.8
20260607,5.8,5.7,5.7,5.2,5,4.8,4.8,5.4,6.6,7,6.6,6,4.9,4.4,4.4,4.5,4.3,3.9,3.6,4.9,6.8,7.3,7.8,8.4
20260608,8.2,8.2,8.3,8.2,7.2,7.3,7.3,8.1,9.4,11.5,12.1,12.1,11.8,11.6,13.2,11.9,10.6,10.4,11.1,11.5,10.1,6.7,5.3,5.1
20260609,5.6,5.7,5.9,6,5.6,4.9,4.8,5.8,4.8,3.5,2.4,2.2,2.4,2.3,2.4,2.6,2.7,3,3.5,4.1,5.1,5.5,6.6,8
20260610,9.9,11,11.1,10.2,10.2,11.4,12.2,12.3,13.5,13.4,11.7,10.3,8.3,6.9,7.4,8.5,9.4,8.2,6.1,5.7,5.9,6.6,6.9,7
20260611,6.6,6.5,6.8,6.4,6,5.6,5.4,5.3,5.3,4.6,4,3.4,3.1,2.8,3.1,3.4,3.7,3.6,4.2,5.3,7.8,10.9,10.8,10.9
20260612,11.2,11.1,10.7,10.9,11.3,11.9,12.2,11.7,14.6,15.8,15.8,17.7,18,19.1,21.3,23.3,25.5,28.1,20.7,21.4,23.8,24.8,19.9,18.4
20260613,16.8,18.9,19.7,19.8,21.1,23.5,24.9,26.6,29.2,29.9,28.6,29.6,33.7,34.4,40.8,43.1,40.8,39.2,23.8,5.2,5.5,6.1,7.2,8.3
20260614,9,9.5,10,9.7,10.4,10.6,9.7,8.2,7.3,9.2,11.6,12.3,11.8,11.4,11.4,12,13.1,14,14.2,14.6,16.2,20,25.2,31.6
20260615,40.2,47.2,51.6,54,54.9,55.9,55,55,53.2,52.4,51.8,52.3,49.4,47.3,47.6,47.1,44,42.4,43.4,47.3,51.2,53.8,49.5,40.4
20260616,29.5,27,27.7,28,29,28.8,27,26.3,26.7,27.3,27.8,26.1,24,22.6,23.5,21.6,22.1,24.1,27.6,29.6,30,18.8,10.9,11.7
20260617,11.6,12.1,13.7,15,16.2,16.8,17.1,18.3,19.4,18.7,14.3,7.9,4.8,3.8,3.2,3.4,3.4,3.8,4.5,5.6,7,8.5,9.6,10.5
20260618,11.1,11.8,12.6,14.9,17.9,20.1,22.9,28.1,37.6,43.2,47.5,48,45.5,44.1,46.6,48.1,47.1,45.5,44.2,44.2,45.8,48.5,52.9,56.4
20260619,58.6,61.7,65.4,67.3,69.3,68.5,66.9,65.9,66.9,66.3,67.9,72.5,76.9,78.7,62.2,41.5,28.5,25.3,21.7,19.3,18.6,19.1,18.4,17.9
20260620,17.3,17.3,17,18.2,19.7,20.4,20.5,17.5,9.2,2.9,1.4,1.2,1.3,1.3,1.4,1.3,1.3,1.2,1.4,1.7,2.1,2.8,2.9,3
20260621,3,2.7,2.6,2.4,2.5,2.4,2.5,2.8,2.8,2.8,2.7,2.9,3.3,3.6,4.2,4.5,5.2,5.6,6.6,8.6,10.6,12,13.5,15.1
20260622,16.5,18,19.8,21.6,23,23,22.1,23.2,25.4,28.6,27.2,23.1,20.1,16.8,14,12.5,10.9,10.4,10.8,10,8.6,7,7.9,8.9
20260623,9.5,9.8,10,10.3,11.3,12.2,13.2,15.3,18.5,20.2,22.7,24.3,25.2,25.9,25.6,26.5,27.7,28.5,32.3,34.7,35.4,36.6,38.6,39.9
20260624,40,40.6,43.9,49.9,53.4,53.8,51.1,47.6,46.4,42,37.7,32.3,29.4,25.2,21,18,17.5,18.1,18.2,18.2,19.5,26,27.2,24.8
20260625,28.3,33.5,32.2,30.5,28,20.4,7.7,2.9,1.8,1.1,1.1,1.2,1.3,1.5,1.8,1.9,2.1,2.3,2.5,3.3,4.8,6.2,6.3,6.1
20260626,6.4,6.2,6.4,6.5,6.7,6.8,6.8,7.7,7.8,7,6.3,6.4,7.2,8.6,9.1,8.8,7.8,7.8,8.7,10.5,12.3,14.4,14.3,14.4
20260627,14.5,15.2,16.3,16.7,17.7,18.9,20.8,23.7,25.7,26.7,23.5,17.5,14.7,13.9,13.4,12.6,13.2,13.7,14.9,15.4,17.7,19.7,21.1,23.4
20260628,20.9,20.5,21.8,22,22.5,21.2,19.9,19.1,19.4,20.9,24,25.9,25.7,27.5,30.2,33.2,35.8,35.9,35.9,39.4,41.9,47.5,52.2,57
20260629,61.1,64,68.1,67.9,59.9,49.2,32.1,25.7,20.8,16.8,14,11,10.6,12,14.8,17.6,21.3,24.2,25.1,26.6,31.1,38.6,42.1,41.6
20260630,40.4,38.8,37.5,36,28.4,20,16.8,16.4,16.2,14.1,14.1,12.2,8.9,6.8,6.5,6.6,7.5,7.9,8.2,10.1,13.3,14.4,16.1,15.2
20260701,15.2,14.9,15.7,17.9,19.5,18.2,17.9,17.7,19.4,21.2,20.9,20.9,18.9,16.2,14,13,14.2,15.9,16.5,17.7,19.8,20.3,21,20.6
20260702,22.9,23.8,23.2,24.9,29.3,33.1,35,35.6,40.2,39.7,37.5,34,29.8,26.1,23.9,23.9,25.2,27.1,29,31.9,39.5,45.7,42.2,35.7
20260703,20.1,15.5,14.2,13.8,13,13.6,14.2,15.8,22,27.1,28.7,30.8,33.8,35.2,34.3,33.7,32.5,32.8,35.1,39.6,39.7,25,15.1,9.8
20260704,7.2,8,9.2,9.9,11.4,12.9,13.7,15,16,17.4,17.9,19.5,19.7,19.8,19.3,18.5,20.2,22.4,24.9,27.3,31.1,34.4,34.1,34
20260705,30,13.2,10.1,9.3,8.5,9.8,10.3,9.9,6.8,4.9,4,3.6,3.7,4.1,4.5,4.8,5.5,6.2,6.9,6.8,7.7,6.8,5.8,5
20260706,4.6,4.5,4.5,4.5,4.7,5.2,5.6,5.9,6.2,6.6,7.5,8.2,8.6,9.4,10,11.9,13.4,15.4,14.4,13,12.3,11.7,11.3,11.5
20260707,11.5,12,12.4,12.2,12.5,13.2,12.8,12.9,13.6,16,16.2,,11.5,11.6,15.8,28.2,22.6,13.5,10.2,8.2,8.9,9.2,9.8,11.4
20260708,15.1,16.6,17.5,16.9,19.5,20.5,20.6,19.9,19.8,18.4,15.7,13.4,12,10.4,9.2,10.1,12.2,12.5,12.6,15,17.6,19.8,20.9,21.8
20260709,22.4,23,27.9,29.9,32.6,37.5,42.1,43.7,46.5,50.6,42,30.1,16.6,11.5,9.9,10,10.1,9.9,9.2,8.3,8.5,8.9,10,10
20260710,11.2,13.1,17.3,20.2,22.3,23.6,26.1,27.8,29.7,31.3,30.8,30.1,27.1,22.2,15.9,11.2,8.4,7,6.1,5.8,7.5,9.2,11,11.7
20260711,13.2,15,17.2,19.1,19.3,18.8,17.7,16.5,15.6,15.5,16.3,17.2,17.2,17.2,17,18.9,20.1,21.9,22.3,22.1,18.6,14.9,8.6,5.9
20260712,3.5,2.8,2.9,3.4,4.2,4,4.7,4.9,4.6,4.8,5.2,5.6,6.6,7.5,8.3,8.2,8.5,8.8,8.9,9.5,11.1,12.3,13.5,14.6
20260713,14.8,14.4,13.2,12.7,12.6,12.1,12.3,12.8,13.7,14.5,13.9,13.5,14.9,16.6,18.5,21,22,22.4,22.6,23.7,23.8,22.9,20.9,19.6
20260714,18.6,18.4,18.4,18.6,19.1,18,17.8,18.1,16.2,12.8,10.5,8.1,7.4,7.1,5.8,5.2,5.2,5.6,6.5,8.2,9.8,11.7,12.6,13.4
20260715,13.5,13.2,12.5,11.3,10.2,9.4,9.2,9.6,9.3,9.4,9.2,9.2,9.9,10.5,11.1,12.7,14.2,14.1,15.2,17.2,19.6,19.6,18.5,17.2
20260716,16.8,17,17.1,16.2,14.2,13.5,12.5,12.3,11.3,11.2,10.6,9.5,8.8,8,8.1,9.5,13.3,19.1,26.2,31.8,31.1,24.8,23.5,22.9
20260717,22.2,21,21.3,20.4,20.6,20.8,20.2,18.4,15.5,13.6,13.9,12.1,7.8,6.5,7.1,7.5,7.9,7.6,8,8.5,9.4,10.1,10.8,11.4
20260718,12.1,12.2,13.7,15.6,17.2,18.5,19.4,20,21.7,23.6,23.3,20.4,16.8,13.8,12.8,14.5,18.2,18.8,17,18,16.7,17,15.9,14.3
20260719,14.2,15.4,16,16.6,17.2,18.1,18.4,18,17.4,17.5,19.6,19.1,17.8,16.7,16.2,16.5,17.8,20.1,23,25.5,27.4,28.8,32.1,40.1
20260720,47.2,50.1,48.7,43.5,24.6,10,7.5,6.9,7.4,7.8,8.4,9.3,11.1,13.5,15.1,,17.2,17.1,18,19.5,19.2,20.3,22.8,23.7
20260721,22.6,20.1,18.4,19.8,21.5,22,22.2,21.8,24.4,27.1,25.6,22.9,22,18.8,15.7,13.7,13.7,12.4,13.9,15.3,15.4,15.3,15.7,15.3
20260722,15.4,14.5,14.2,14.9,14.3,13.8,13.3,14.5,13.3,11.8,14.5,14.5,14.6,12.8,11.8,11.4,10.9,10.5,10.7,10.5,10.9,11.5,13.2,16.1
20260723,19.1,20.6,22.7,22.9,23.6,24.5,22.8,22.1,22.1,21.2,20.6,20.1,18.8,16.8,16.7,15.8,15.9,16.3,16.9,18.4,20.6,22.6,23.6,24.7
20260724,26,25.8,26.6,26.8,27,26.2,25.3,24.4,23.7,23.5,23.2,21.1,16.9,14.8,14.8,16.5,16.4,16.7,18.4,21.5,26.5,29.3,30.1,30.7
20260725,30.8,30.8,32.6,34.3,33.3,32.2,32,33,34.8,34.8,32.5,32.1,31.8,30.8,28.1,26.5,24.6,25,28.2,29.7,33,33.6,33.7,32.9
20260726,31.5,31.7,32,32.4,33,34.7,35,34,34.2,35,34.4,30.7,26.6,22.4,19.9,20.5,19.2,19.2,20.4,22.3,24.7,26.9,28.5,30.3
20260727,31.3,31.3,31.5,33.6,35,36.1,36.3,35,32.9,30.1,25.7,21.9,19.3,17.2,14.7,13.6,13.3,12.3,13.4,15.7,18.6,21,22.2,22.9
20260728,24.3,26.1,26.9,29.8,30.2,30.7,31.9,32.9,39.1,36,27.4,16.9,14.8,12.9,11.7,11,11.3,11.6,12.9,13.6,14.3,15.1,15,14.9
20260729,15.9,14.6,14.2,15.2,17.4,19.4,21.9,22.8,22.9,22.1,18.8,14.8,11.4,10.2,10.1,10.8,10.6,10.7,10.2,10.3,10.4,10.1,9.9,10.2
20260730,10.1,10.6,11.4,12.4,14.1,16.7,17.1,19.2,22.3,24.2,25,21.1,15.9,13.4,12.8,13.2,14.6,15.7,15.9,15.9,17.9,18.7,18.6,18.5
20260731,18.9,19.9,20.1,20.9,22,23.5,24.8,26.5,29,29.3,28.7,24.3,19.6,17.1,15.1,14.9,16.2,20.8,23.9,23.6,16.8,8.6,6.2,5.8
20260801,5.2,4.8,5,8.1,6.3,8.1,9,10.1,10.5,10.7,9.6,7.7,6.9,7.5,7.7,8.7,10,11.5,13,14.3,15.8,17,16.5,17.1
20260802,17.8,19.2,20.1,21.4,23.5,22.6,22.9,24.4,26.8,28.4,27.5,27.1,26.1,24.1,20.2,17.2,13.2,11.4,11.2,11,12.2,13.3,15.4,14.4
20260803,14.2,10.4,10.3,10.8,12.2,12.8,13,13,15.3,16.3,18.2,19.5,18.8,15.5,14.5,14.7,15,13.9,9.1,7.8,7.6,7.6,7.2,7.4
20260804,8.1,10.1,9.6,9.2,9.2,9,9.4,9.3,8.3,8.2,9,11.4,12.6,12.5,11.6,11.4,11.6,10,9.7,10.7,11.8,13,13.3,13.7
20260805,13.4,13.2,12.6,12.5,12.9,13.4,13.4,14,16.3,16.9,15.2,13.1,14,15.4,16.8,17.5,18.1,18.4,19.8,22.5,24.7,25.3,24.5,23.2
20260806,22.6,22.9,23.1,23.1,22,22.1,21,19.6,18.1,17.7,17.6,18.4,19.5,21.5,21,22,22.2,22.8,23.6,24.9,28.6,29.8,28.8,28.7
20260807,28.4,27.9,25.6,24.4,23.2,23.4,23.1,21.8,19.2,16.8,15.2,14.7,15,16.1,17.5,18.6,19.2,19.2,12.9,10,9.5,9,9.1,8.8
20260808,8.8,8.8,8.9,9.3,9.6,10,10.8,11.8,12.3,12.5,12.3,11.3,10.6,10.6,11.1,11.5,11.9,12.8,13.3,13.4,14,13.5,11.5,11
20260809,10.9,10.7,10.6,10.8,11.6,12.7,14.4,16,17.4,16.8,16.2,16.7,16.7,17.3,17.4,17.5,18.6,19.7,20.5,20.5,21.2,21.1,21,21
20260810,20.8,20.6,21.4,23.4,24.3,24.6,24.7,25.4,26.1,24.6,20.8,18,18,19.2,20.1,21,22,22.7,23.8,25,26.5,27.2,28.2,29.5
20260811,31.2,32.1,33.1,34.4,35,34.4,33.8,33.7,34.6,33.2,28.8,22.8,18.8,17.2,17.1,16.4,14.7,11.5,9.7,8.7,8.7,8.7,9.1,10.1
20260812,10.8,12.1,13.4,15.6,17.2,18.4,17.3,11.4,7.2,5,4.7,5.2,5.4,5.2,4,3.8,3.9,4.8,5.4,6.1,6.3,6.5,5.5,4.5
20260813,4.4,4.7,4.6,4.9,5,5.5,5.6,5.8,5.8,5.8,4.8,4.1,3.9,4.1,4.1,4.5,4.5,4.4,4.4,4.7,5.5,6.2,6.7,7
20260814,7.4,7.1,7.2,7.5,7.3,6.9,6.8,7.2,7.5,7.3,6.9,7.1,7.5,8,8.5,9.4,9.5,9.5,10.5,12,13.1,13.9,14,14.3
20260815,14.5,13.5,13.1,13.5,14.8,16.5,18.7,20.4,17.3,13.7,12.4,13.2,13.4,10.8,8.9,8.2,8.8,10.4,12.4,14.6,15.8,16.4,16.6,11.7
20260816,9,9.1,9.1,9.4,10.9,11.6,11.5,11.3,11.7,12.6,13.7,15.7,15.6,10.9,8.3,6.5,4.7,4,4.4,4.9,6.1,7,7.3,7.3
20260817,7.4,7.1,7.5,7.5,7.5,7.2,7,7.8,7.8,7.6,7,6.8,5.9,5.2,5.5,6,6.1,6,6.8,8.7,11.5,12.1,11.8,12.1
20260818,12,11.3,11.5,11.8,12.2,12.3,12.8,13.4,14.4,15.2,16,15,14.1,13.5,12.9,12.4,12.1,11.2,11.1,11.4,12.3,12.7,12.8,12.9
20260819,13,13.2,13.6,13.8,14.1,14.3,14.6,14.9,16,17.9,19.3,18.7,18.9,18.8,18.5,19,19.6,20.8,23,25.8,28.5,30.9,32.2,31.1
20260820,29.1,29.3,31.5,32.9,33.3,35.2,37.1,37.4,37.2,37.5,35,32.4,30.8,27.8,22.7,20.7,23.1,25.9,30.6,34,34.2,34.4,35.3,38.1
20260821,43.4,48.8,52.4,54.5,56.6,57.7,55.8,55.6,56.2,56.9,50.7,36.5,27.8,22.5,20,19.2,19.8,19.8,21.2,23.4,24.4,23.3,21.6,20.1
20260822,18.5,17.5,17.4,18.5,22.5,26.5,28.4,29.4,28.7,27.6,25.1,21.1,18.5,15.1,14.1,13.3,12.9,13.1,13.7,15.9,18.2,20,21.3,21.5
20260823,20.8,18.2,17.1,16.1,14.2,14.8,15.8,17.4,20.1,21.8,23.6,24,22.1,19.3,18,17.9,19,20.1,22.5,24.8,26.1,27.1,26.2,25
20260824,23.2,20.5,15.6,9.5,9.6,9.1,8.5,7.9,8.4,8.9,9.3,10.7,10.7,10.5,10.5,11.4,12.2,13.3,14.7,17.2,19.4,20.2,20.5,21.4
20260825,22.4,24.1,25.3,25.7,25.5,26.3,26.5,28.5,29.3,30.2,33.1,35.5,36.9,35.3,31.4,24.1,16.2,9.8,5,3.3,4,4.3,4.2,4.3
20260826,4.5,4.1,3.8,4.2,4.3,4.7,4.4,4.2,4.3,4.5,4.8,5.4,5.5,4.8,5,5.4,6,5.9,6.4,7.4,9.5,11.3,12.9,13.3
20260827,14,13.7,13.5,13.1,12.2,11.8,11.2,10,9.2,9,9.1,9.1,9.6,9.9,10.1,10.1,10.3,11.2,11.8,13.2,15.8,18.8,18.2,13.5
20260828,10.4,7.8,6.4,6.2,5.8,5.7,6.2,6.7,7.1,7.2,7.5,7.8,9.1,9.3,10.1,10.2,9.8,10.1,10.4,10.5,11.1,12.6,14.2,15.6
20260829,17.1,17.2,16.6,15.5,15.1,14.4,15.5,16.4,17.5,18.1,16.2,13.6,11.3,10.8,9.2,7.9,7.2,7.6,8.4,11,12.9,14.3,15,15
20260830,14.2,13.2,10.3,7.9,6.1,4.8,4.1,3.9,4.1,3.8,3.3,2.9,2.9,2.8,2.9,3.1,3.2,3.4,4.1,6.4,8.5,8.3,8,7.6
20260831,7.4,6.9,6.4,5.3,4.5,4.3,4.2,4.3,4.6,3.8,3.1,2.5,2.2,2.2,2.2,2.6,2.9,3.8,4.7,6.4,7.8,8.7,7.8,7.7
20260901,8,7.4,6.7,6.6,,,,,,,,,,,,,,,,,,,,
