19510101,-3.8
19510102,-1.2
19510103,-4.1
19510104,-4.9
19510105,-6.6
19510106,-6.4
19510107,-6.6
19510108,-6.4
19510109,-5.8
19510110,-6.7
19510111,-7.6
19510112,-8.2
19510113,-3.6
19510114,-2.1
19510115,-4.8
19510116,3.2
19510117,-0.1
19510118,2.8
19510119,0.4
19510120,-3.0
19510121,-1.0
19510122,2.5
19510123,5.2
19510124,6.1
19510125,5.8
19510126,6.9
19510127,8.4
19510128,8.9
19510129,5.6
19510130,7.3
19510131,10.7
19510201,11.5
19510202,2.4
19510203,-3.0
19510204,1.3
19510205,2.9
19510206,3.4
19510207,3.9
19510208,4.6
19510209,1.7
19510210,3.0
19510211,7.0
19510212,5.6
19510213,5.6
19510214,9.3
19510215,5.6
19510216,4.7
19510217,8.1
19510218,4.9
19510219,5.0
19510220,0.3
19510221,7.6
19510222,0.8
19510223,5.7
19510224,-0.7
19510225,-0.5
19510226,0.3
19510227,-0.2
19510228,-1.9
19510301,-5.7
19510302,-1.4
19510303,2.3
19510304,3.7
19510305,0.6
19510306,5.7
19510307,13.1
19510308,13.6
19510309,16.3
19510310,11.6
19510311,7.9
19510312,7.4
19510313,7.6
19510314,17.7
19510315,21.1
19510316,21.8
19510317,18.5
19510318,9.8
19510319,12.3
19510320,11.2
19510321,10.4
19510322,11.6
19510323,10.7
19510324,9.7
19510325,17.2
19510326,11.4
19510327,14.1
19510328,11.6
19510329,16.3
19510330,15.2
19510331,17.2
19510401,15.9
19510402,17.0
19510403,19.8
19510404,23.7
19510405,22.6
19510406,18.0
19510407,16.9
19510408,15.7
19510409,16.6
19510410,14.7
19510411,15.2
19510412,15.8
19510413,17.1
19510414,19.5
19510415,20.7
19510416,18.8
19510417,20.5
19510418,18.8
19510419,15.8
19510420,14.7
19510421,24.0
19510422,17.1
19510423,19.1
19510424,22.2
19510425,22.0
19510426,18.2
19510427,22.4
19510428,23.1
19510429,23.2
19510430,26.8
19510501,30.6
19510502,30.4
19510503,27.4
19510504,30.2
19510505,26.4
19510506,27.0
19510507,28.6
19510508,30.3
19510509,25.2
19510510,32.4
19510511,33.5
19510512,30.8
19510513,22.8
19510514,21.9
19510515,25.2
19510516,21.6
19510517,23.6
19510518,23.4
19510519,26.9
19510520,29.2
19510521,31.6
19510522,34.2
19510523,34.4
19510524,23.6
19510525,23.7
19510526,29.2
19510527,30.7
19510528,32.0
19510529,22.3
19510530,25.8
19510531,29.0
19510601,32.0
19510602,28.7
19510603,25.1
19510604,32.4
19510605,32.1
19510606,33.9
19510607,26.8
19510608,29.1
19510609,32.3
19510610,31.0
19510611,32.2
19510612,36.8
19510613,30.8
19510614,32.7
19510615,32.7
19510616,33.4
19510617,35.0
19510618,35.9
19510619,32.9
19510620,27.0
19510621,34.7
19510622,37.6
19510623,29.2
19510624,31.9
19510625,37.0
19510626,36.9
19510627,37.2
19510628,36.3
19510629,28.2
19510630,22.0
19510701,21.3
19510702,27.3
19510703,31.0
19510704,28.3
19510705,31.8
19510706,32.9
19510707,32.4
19510708,30.7
19510709,31.1
19510710,33.8
19510711,31.9
19510712,31.0
19510713,30.0
19510714,33.5
19510715,34.6
19510716,36.9
19510717,36.9
19510718,34.8
19510719,33.6
19510720,30.7
19510721,32.0
19510722,35.5
19510723,35.4
19510724,30.2
19510725,32.7
19510726,34.4
19510727,34.2
19510728,32.6
19510729,28.5
19510730,30.9
19510731,33.7
19510801,26.7
19510802,31.3
19510803,33.9
19510804,33.6
19510805,35.0
19510806,34.4
19510807,37.2
19510808,38.3
19510809,35.7
19510810,32.0
19510811,31.6
19510812,34.1
19510813,34.2
19510814,31.7
19510815,25.6
19510816,28.1
19510817,32.8
19510818,33.9
19510819,31.6
19510820,30.1
19510821,32.4
19510822,32.8
19510823,32.4
19510824,26.8
19510825,31.6
19510826,31.3
19510827,24.3
19510828,33.2
19510829,31.5
19510830,30.7
19510831,33.4
19510901,30.7
19510902,28.3
19510903,28.3
19510904,31.8
19510905,29.8
19510906,21.4
19510907,24.9
19510908,26.6
19510909,27.5
19510910,27.4
19510911,28.7
19510912,24.3
19510913,15.7
19510914,21.3
19510915,25.7
19510916,26.4
19510917,29.3
19510918,24.3
19510919,26.3
19510920,26.9
19510921,28.1
19510922,29.8
19510923,25.2
19510924,21.8
19510925,22.8
19510926,24.3
19510927,21.5
19510928,18.7
19510929,20.1
19510930,18.8
19511001,22.1
19511002,25.0
19511003,23.4
19511004,28.4
19511005,24.9
19511006,28.5
19511007,29.3
19511008,28.9
19511009,29.1
19511010,20.3
19511011,19.6
19511012,15.1
19511013,17.1
19511014,19.3
19511015,25.4
19511016,13.9
19511017,16.5
19511018,18.6
19511019,10.4
19511020,17.4
19511021,17.7
19511022,19.8
19511023,18.4
19511024,14.5
19511025,12.6
19511026,16.6
19511027,17.6
19511028,16.3
19511029,18.3
19511030,10.6
19511031,15.5
19511101,13.3
19511102,15.0
19511103,14.6
19511104,12.9
19511105,6.9
19511106,11.2
19511107,10.6
19511108,12.8
19511109,14.3
19511110,13.6
19511111,9.4
19511112,15.4
19511113,12.1
19511114,18.4
19511115,14.8
19511116,14.2
19511117,14.4
19511118,9.3
19511119,13.5
19511120,9.3
19511121,8.6
19511122,0.2
19511123,3.0
19511124,6.4
19511125,2.5
19511126,2.6
19511127,10.4
19511128,8.1
19511129,10.7
19511130,11.3
19511201,9.7
19511202,10.8
19511203,8.2
19511204,7.3
19511205,9.4
19511206,9.4
19511207,5.8
19511208,7.4
19511209,11.1
19511210,12.8
19511211,11.2
19511212,9.7
19511213,4.0
19511214,1.6
19511215,9.1
19511216,12.5
19511217,12.2
19511218,12.5
19511219,11.4
19511220,13.5
19511221,10.9
19511222,7.8
19511223,1.5
19511224,1.8
19511225,6.7
19511226,2.2
19511227,2.7
19511228,0.2
19511229,-1.1
19511230,0.2
19511231,4.4
19520101,4.9
19520102,4.7
19520103,4.6
19520104,0.6
19520105,0.9
19520106,-1.6
19520107,2.5
19520108,3.2
19520109,3.3
19520110,4.9
19520111,3.0
19520112,-0.7
19520113,5.8
19520114,1.8
19520115,8.0
19520116,5.4
19520117,3.0
19520118,5.7
19520119,9.4
19520120,7.4
19520121,5.4
19520122,5.3
19520123,5.7
19520124,2.3
19520125,-2.3
19520126,1.6
19520127,10.4
19520128,1.9
19520129,1.7
19520130,2.1
19520131,4.5
19520201,-0.7
19520202,-2.1
19520203,1.4
19520204,0.0
19520205,1.3
19520206,-2.6
19520207,3.0
19520208,5.0
19520209,7.9
19520210,7.7
19520211,8.1
19520212,-1.7
19520213,-0.4
19520214,-2.6
19520215,-2.9
19520216,-2.7
19520217,-4.4
19520218,-0.7
19520219,0.6
19520220,5.4
19520221,2.9
19520222,0.4
19520223,3.4
19520224,3.3
19520225,-1.1
19520226,1.4
19520227,2.1
19520228,4.5
19520229,5.3
19520301,5.6
19520302,3.8
19520303,1.3
19520304,1.7
19520305,5.0
19520306,5.1
19520307,4.7
19520308,10.1
19520309,8.3
19520310,7.8
19520311,10.0
19520312,8.4
19520313,12.8
19520314,11.0
19520315,18.1
19520316,15.3
19520317,7.8
19520318,8.5
19520319,11.4
19520320,16.1
19520321,19.0
19520322,9.6
19520323,10.4
19520324,13.4
19520325,12.7
19520326,9.5
19520327,15.1
19520328,16.6
19520329,16.8
19520330,16.6
19520331,16.7
19520401,19.8
19520402,21.5
19520403,22.0
19520404,24.8
19520405,27.3
19520406,26.2
19520407,27.3
19520408,29.3
19520409,23.0
19520410,14.9
19520411,18.5
19520412,16.7
19520413,17.8
19520414,12.9
19520415,20.6
19520416,21.8
19520417,16.9
19520418,20.9
19520419,22.3
19520420,21.3
19520421,17.5
19520422,14.0
19520423,16.2
19520424,9.6
19520425,20.5
19520426,13.1
19520427,13.6
19520428,24.1
19520429,28.4
19520430,30.7
19520501,25.0
19520502,21.8
19520503,25.0
19520504,28.4
19520505,29.6
19520506,28.8
19520507,24.6
19520508,20.1
19520509,24.8
19520510,29.0
19520511,23.4
19520512,34.8
19520513,36.6
19520514,33.8
19520515,29.4
19520516,23.4
19520517,29.9
19520518,28.9
19520519,33.2
19520520,31.8
19520521,36.1
19520522,25.2
19520523,19.8
19520524,27.8
19520525,24.6
19520526,29.6
19520527,31.1
19520528,28.7
19520529,25.9
19520530,29.1
19520531,30.6
19520601,27.7
19520602,31.0
19520603,27.2
19520604,33.3
19520605,32.4
19520606,36.4
19520607,27.4
19520608,20.9
19520609,29.9
19520610,27.9
19520611,31.9
19520612,35.2
19520613,33.5
19520614,34.1
19520615,34.8
19520616,28.3
19520617,34.2
19520618,35.4
19520619,33.4
19520620,37.5
19520621,37.9
19520622,36.6
19520623,38.1
19520624,38.1
19520625,37.4
19520626,36.2
19520627,29.9
19520628,27.5
19520629,27.5
19520630,35.4
19520701,33.5
19520702,39.6
19520703,37.7
19520704,34.2
19520705,34.4
19520706,35.7
19520707,26.6
19520708,27.0
19520709,28.8
19520710,30.6
19520711,32.7
19520712,32.2
19520713,33.9
19520714,29.8
19520715,28.7
19520716,32.0
19520717,32.8
19520718,34.6
19520719,34.9
19520720,29.2
19520721,27.3
19520722,30.3
19520723,25.5
19520724,31.1
19520725,30.0
19520726,31.6
19520727,25.7
19520728,26.6
19520729,24.6
19520730,30.7
19520731,27.8
19520801,26.3
19520802,31.5
19520803,32.8
19520804,32.7
19520805,32.5
19520806,33.0
19520807,31.7
19520808,31.7
19520809,27.9
19520810,26.4
19520811,28.8
19520812,31.4
19520813,32.5
19520814,27.0
19520815,30.3
19520816,30.3
19520817,28.4
19520818,28.4
19520819,30.5
19520820,31.8
19520821,31.8
19520822,31.0
19520823,29.8
19520824,26.6
19520825,29.8
19520826,29.8
19520827,30.9
19520828,30.9
19520829,24.6
19520830,30.3
19520831,29.1
19520901,30.6
19520902,30.8
19520903,29.3
19520904,29.4
19520905,31.4
19520906,31.5
19520907,30.3
19520908,27.1
19520909,29.8
19520910,24.2
19520911,25.5
19520912,26.9
19520913,28.9
19520914,26.8
19520915,29.9
19520916,27.8
19520917,26.3
19520918,27.0
19520919,29.1
19520920,19.4
19520921,22.8
19520922,23.7
19520923,20.1
19520924,19.9
19520925,22.1
19520926,24.4
19520927,22.8
19520928,22.1
19520929,23.7
19520930,25.9
19521001,22.8
19521002,26.1
19521003,25.8
19521004,23.7
19521005,26.0
19521006,26.8
19521007,25.4
19521008,25.8
19521009,16.4
19521010,11.7
19521011,18.3
19521012,20.1
19521013,20.1
19521014,18.6
19521015,16.6
19521016,19.9
19521017,23.1
19521018,20.4
19521019,22.2
19521020,17.3
19521021,14.7
19521022,14.2
19521023,17.6
19521024,17.9
19521025,14.7
19521026,15.8
19521027,18.7
19521028,20.4
19521029,15.0
19521030,17.9
19521031,18.9
19521101,18.5
19521102,17.4
19521103,16.3
19521104,19.4
19521105,9.4
19521106,6.4
19521107,13.1
19521108,15.9
19521109,10.9
19521110,11.6
19521111,14.2
19521112,4.5
19521113,3.2
19521114,1.9
19521115,4.4
19521116,10.1
19521117,9.3
19521118,4.6
19521119,4.0
19521120,5.5
19521121,9.0
19521122,9.5
19521123,10.3
19521124,3.7
19521125,7.6
19521126,6.0
19521127,11.9
19521128,10.2
19521129,4.3
19521130,-0.8
19521201,-4.7
19521202,-6.2
19521203,-3.3
19521204,-2.1
19521205,2.3
19521206,4.0
19521207,2.8
19521208,2.1
19521209,4.9
19521210,6.7
19521211,6.5
19521212,5.8
19521213,1.6
19521214,2.4
19521215,-3.2
19521216,3.6
19521217,4.4
19521218,-4.2
19521219,-3.3
19521220,1.5
19521221,2.0
19521222,2.5
19521223,-4.1
19521224,-1.9
19521225,-2.9
19521226,-0.2
19521227,-1.4
19521228,1.2
19521229,2.2
19521230,3.4
19521231,-2.8
19530101,-8.6
19530102,-2.4
19530103,-3.2
19530104,0.1
19530105,2.7
19530106,-1.0
19530107,-1.1
19530108,0.6
19530109,5.4
19530110,0.7
19530111,0.1
19530112,-3.8
19530113,-5.0
19530114,-2.3
19530115,-4.8
19530116,-7.5
19530117,-2.6
19530118,-0.4
19530119,1.5
19530120,6.6
19530121,5.7
19530122,8.7
19530123,5.2
19530124,9.2
19530125,4.4
19530126,2.1
19530127,3.4
19530128,0.6
19530129,1.7
19530130,0.5
19530131,0.8
19530201,-5.6
19530202,-3.4
19530203,-1.8
19530204,-3.5
19530205,-3.6
19530206,-2.6
19530207,-1.2
19530208,1.3
19530209,-0.1
19530210,7.6
19530211,1.5
19530212,3.7
19530213,2.5
19530214,-1.3
19530215,-3.4
19530216,-1.0
19530217,-1.8
19530218,3.0
19530219,4.4
19530220,1.1
19530221,4.6
19530222,1.0
19530223,4.5
19530224,12.0
19530225,12.0
19530226,13.8
19530227,6.8
19530228,14.7
19530301,5.0
19530302,7.2
19530303,9.7
19530304,12.8
19530305,13.9
19530306,15.5
19530307,13.0
19530308,15.0
19530309,7.5
19530310,9.7
19530311,10.3
19530312,7.4
19530313,11.4
19530314,12.0
19530315,15.5
19530316,15.1
19530317,16.8
19530318,17.2
19530319,19.5
19530320,18.0
19530321,17.3
19530322,18.9
19530323,20.5
19530324,20.1
19530325,9.1
19530326,9.6
19530327,13.3
19530328,15.5
19530329,17.4
19530330,16.8
19530331,17.1
19530401,18.8
19530402,16.2
19530403,18.8
19530404,9.9
19530405,16.4
19530406,21.9
19530407,20.2
19530408,23.2
19530409,19.9
19530410,10.2
19530411,13.9
19530412,14.8
19530413,16.3
19530414,16.4
19530415,19.0
19530416,18.1
19530417,19.3
19530418,20.8
19530419,16.6
19530420,17.3
19530421,22.2
19530422,23.8
19530423,27.8
19530424,29.5
19530425,30.8
19530426,29.7
19530427,21.7
19530428,27.4
19530429,24.6
19530430,21.4
19530501,16.2
19530502,21.5
19530503,22.4
19530504,28.7
19530505,24.5
19530506,24.4
19530507,26.8
19530508,30.1
19530509,20.5
19530510,18.3
19530511,20.4
19530512,18.1
19530513,21.3
19530514,26.8
19530515,30.5
19530516,24.6
19530517,24.1
19530518,25.5
19530519,22.4
19530520,16.9
19530521,24.9
19530522,24.1
19530523,25.7
19530524,29.9
19530525,32.8
19530526,34.6
19530527,30.0
19530528,28.1
19530529,23.7
19530530,19.4
19530531,29.9
19530601,27.6
19530602,27.5
19530603,34.1
19530604,28.9
19530605,27.5
19530606,27.6
19530607,24.9
19530608,31.9
19530609,32.4
19530610,28.2
19530611,27.7
19530612,30.7
19530613,32.1
19530614,33.6
19530615,35.0
19530616,33.7
19530617,33.6
19530618,26.5
19530619,25.1
19530620,30.6
19530621,32.5
19530622,27.0
19530623,26.9
19530624,28.2
19530625,28.9
19530626,31.2
19530627,30.5
19530628,31.0
19530629,28.4
19530630,25.6
19530701,23.4
19530702,26.9
19530703,27.6
19530704,31.0
19530705,28.1
19530706,29.1
19530707,28.6
19530708,33.6
19530709,34.2
19530710,32.0
19530711,34.1
19530712,26.1
19530713,27.3
19530714,35.6
19530715,34.0
19530716,35.2
19530717,37.0
19530718,36.6
19530719,33.1
19530720,32.2
19530721,30.6
19530722,32.4
19530723,26.3
19530724,29.6
19530725,32.2
19530726,32.3
19530727,35.3
19530728,30.7
19530729,29.8
19530730,32.1
19530731,32.8
19530801,31.8
19530802,27.7
19530803,28.2
19530804,29.5
19530805,30.1
19530806,28.9
19530807,26.6
19530808,30.9
19530809,32.9
19530810,24.9
19530811,23.0
19530812,28.2
19530813,29.9
19530814,26.8
19530815,30.5
19530816,28.5
19530817,28.9
19530818,29.0
19530819,31.5
19530820,29.5
19530821,28.2
19530822,27.7
19530823,25.2
19530824,20.9
19530825,21.1
19530826,24.6
19530827,30.1
19530828,28.7
19530829,27.9
19530830,25.9
19530831,29.2
19530901,28.7
19530902,28.7
19530903,26.0
19530904,30.7
19530905,28.7
19530906,29.8
19530907,29.2
19530908,31.5
19530909,31.0
19530910,29.6
19530911,20.4
19530912,24.4
19530913,23.7
19530914,26.5
19530915,27.9
19530916,30.6
19530917,31.5
19530918,29.4
19530919,24.7
19530920,25.4
19530921,25.1
19530922,25.2
19530923,25.7
19530924,26.4
19530925,28.9
19530926,26.8
19530927,22.7
19530928,21.1
19530929,22.3
19530930,26.2
19531001,25.8
19531002,28.6
19531003,27.6
19531004,27.3
19531005,25.5
19531006,25.4
19531007,27.8
19531008,27.4
19531009,25.1
19531010,24.6
19531011,21.7
19531012,19.2
19531013,19.3
19531014,20.3
19531015,22.0
19531016,24.8
19531017,24.1
19531018,18.8
19531019,15.6
19531020,16.9
19531021,18.8
19531022,19.3
19531023,20.8
19531024,17.4
19531025,15.1
19531026,21.5
19531027,20.2
19531028,21.9
19531029,16.3
19531030,10.7
19531031,13.4
19531101,12.6
19531102,13.9
19531103,13.5
19531104,19.3
19531105,13.0
19531106,10.7
19531107,15.9
19531108,9.7
19531109,8.6
19531110,9.0
19531111,6.0
19531112,10.6
19531113,12.7
19531114,8.6
19531115,8.7
19531116,5.9
19531117,2.5
19531118,2.9
19531119,4.4
19531120,6.0
19531121,7.6
19531122,3.2
19531123,6.3
19531124,6.4
19531125,6.9
19531126,12.2
19531127,6.1
19531128,7.9
19531129,5.2
19531130,11.7
19531201,5.8
19531202,0.1
19531203,2.2
19531204,1.3
19531205,0.8
19531206,2.1
19531207,3.8
19531208,-1.3
19531209,0.9
19531210,1.9
19531211,5.1
19531212,8.6
19531213,8.2
19531214,5.3
19531215,2.2
19531216,5.6
19531217,5.3
19531218,7.2
19531219,4.1
19531220,1.0
19531221,0.7
19531222,1.5
19531223,6.3
19531224,1.8
19531225,3.2
19531226,3.4
19531227,5.3
19531228,5.2
19531229,4.5
19531230,4.4
19531231,-1.0
19540101,1.4
19540102,2.6
19540103,0.7
19540104,-1.5
19540105,-0.5
19540106,3.7
19540107,0.7
19540108,2.2
19540109,4.3
19540110,2.5
19540111,2.7
19540112,0.5
19540113,1.7
19540114,1.7
19540115,-1.7
19540116,1.4
19540117,-0.7
19540118,4.7
19540119,1.5
19540120,-0.6
19540121,-0.7
19540122,-1.8
19540123,-4.0
19540124,-2.9
19540125,0.7
19540126,2.2
19540127,3.9
19540128,4.0
19540129,6.2
19540130,4.4
19540131,5.8
19540201,5.4
19540202,0.8
19540203,1.8
19540204,-0.1
19540205,2.8
19540206,6.7
19540207,9.8
19540208,7.0
19540209,10.1
19540210,10.1
19540211,6.6
19540212,3.0
19540213,2.8
19540214,-0.5
19540215,8.7
19540216,7.4
19540217,2.3
19540218,4.9
19540219,7.5
19540220,8.7
19540221,4.6
19540222,4.7
19540223,9.1
19540224,7.2
19540225,8.4
19540226,3.8
19540227,6.1
19540228,3.7
19540301,3.0
19540302,1.6
19540303,-1.7
19540304,0.9
19540305,3.0
19540306,0.4
19540307,4.9
19540308,2.6
19540309,1.9
19540310,0.5
19540311,3.7
19540312,4.9
19540313,10.9
19540314,10.3
19540315,13.6
19540316,16.1
19540317,15.1
19540318,14.4
19540319,8.2
19540320,11.3
19540321,12.7
19540322,14.7
19540323,11.3
19540324,14.7
19540325,17.8
19540326,18.5
19540327,12.5
19540328,15.9
19540329,22.6
19540330,20.9
19540331,18.9
19540401,22.8
19540402,17.6
19540403,15.0
19540404,18.9
19540405,24.2
19540406,20.4
19540407,14.8
19540408,19.8
19540409,21.7
19540410,17.9
19540411,20.4
19540412,23.2
19540413,24.8
19540414,21.7
19540415,11.1
19540416,14.4
19540417,19.1
19540418,14.8
19540419,14.8
19540420,21.3
19540421,24.7
19540422,27.3
19540423,23.6
19540424,20.6
19540425,20.5
19540426,22.2
19540427,25.4
19540428,24.2
19540429,19.8
19540430,16.4
19540501,19.8
19540502,23.7
19540503,24.7
19540504,23.9
19540505,27.2
19540506,27.6
19540507,22.0
19540508,24.8
19540509,28.3
19540510,28.6
19540511,31.9
19540512,30.2
19540513,27.3
19540514,25.9
19540515,27.4
19540516,24.1
19540517,23.6
19540518,28.8
19540519,20.1
19540520,19.3
19540521,20.5
19540522,24.2
19540523,20.6
19540524,26.1
19540525,28.2
19540526,25.6
19540527,27.3
19540528,28.5
19540529,24.7
19540530,27.0
19540531,24.6
19540601,20.6
19540602,28.2
19540603,33.4
19540604,26.0
19540605,21.1
19540606,26.9
19540607,25.4
19540608,22.2
19540609,26.7
19540610,29.6
19540611,27.8
19540612,30.3
19540613,29.8
19540614,30.3
19540615,31.2
19540616,29.2
19540617,30.7
19540618,28.5
19540619,31.0
19540620,30.1
19540621,33.3
19540622,28.6
19540623,24.3
19540624,22.9
19540625,25.9
19540626,27.8
19540627,25.5
19540628,24.0
19540629,28.3
19540630,30.2
19540701,27.3
19540702,29.4
19540703,27.7
19540704,27.7
19540705,28.9
19540706,30.0
19540707,25.2
19540708,27.3
19540709,29.2
19540710,27.6
19540711,27.3
19540712,24.7
19540713,27.9
19540714,25.7
19540715,28.1
19540716,29.2
19540717,29.5
19540718,32.6
19540719,30.5
19540720,24.9
19540721,27.4
19540722,25.2
19540723,25.5
19540724,27.9
19540725,29.8
19540726,29.9
19540727,29.7
19540728,27.1
19540729,25.4
19540730,25.7
19540731,28.5
19540801,28.1
19540802,28.1
19540803,25.1
19540804,23.6
19540805,28.3
19540806,30.1
19540807,29.4
19540808,31.6
19540809,28.0
19540810,33.1
19540811,32.6
19540812,29.1
19540813,30.2
19540814,31.5
19540815,29.7
19540816,30.0
19540817,30.2
19540818,28.7
19540819,30.4
19540820,30.7
19540821,32.4
19540822,31.6
19540823,29.0
19540824,29.0
19540825,27.8
19540826,31.4
19540827,30.9
19540828,31.3
19540829,27.4
19540830,28.2
19540831,21.6
19540901,28.6
19540902,27.0
19540903,25.3
19540904,27.1
19540905,24.9
19540906,22.3
19540907,25.1
19540908,25.9
19540909,27.6
19540910,29.4
19540911,28.8
19540912,30.4
19540913,29.7
19540914,29.6
19540915,31.9
19540916,25.2
19540917,25.3
19540918,26.8
19540919,22.4
19540920,26.9
19540921,25.4
19540922,24.7
19540923,24.9
19540924,22.2
19540925,21.2
19540926,21.8
19540927,21.8
19540928,23.6
19540929,18.3
19540930,22.3
19541001,22.5
19541002,19.8
19541003,16.4
19541004,16.5
19541005,13.5
19541006,14.0
19541007,14.9
19541008,17.9
19541009,17.7
19541010,18.6
19541011,17.4
19541012,17.4
19541013,19.1
19541014,21.6
19541015,19.2
19541016,17.0
19541017,19.2
19541018,16.9
19541019,21.4
19541020,21.2
19541021,22.6
19541022,18.7
19541023,18.7
19541024,18.1
19541025,18.7
19541026,18.6
19541027,16.9
19541028,15.6
19541029,16.8
19541030,18.1
19541031,21.5
19541101,16.4
19541102,16.8
19541103,22.0
19541104,21.8
19541105,20.1
19541106,18.3
19541107,21.7
19541108,23.3
19541109,21.1
19541110,19.2
19541111,14.7
19541112,13.2
19541113,10.1
19541114,9.1
19541115,10.9
19541116,7.2
19541117,8.7
19541118,11.5
19541119,11.3
19541120,13.8
19541121,12.9
19541122,12.7
19541123,10.5
19541124,4.5
19541125,4.1
19541126,3.4
19541127,6.9
19541128,3.3
19541129,0.9
19541130,1.0
19541201,0.2
19541202,-2.7
19541203,-1.3
19541204,-1.4
19541205,0.8
19541206,-1.8
19541207,0.2
19541208,-3.1
19541209,-1.7
19541210,-2.3
19541211,-1.1
19541212,1.4
19541213,-2.5
19541214,-2.1
19541215,2.3
19541216,2.2
19541217,0.5
19541218,4.7
19541219,6.6
19541220,3.6
19541221,4.9
19541222,-0.1
19541223,0.6
19541224,-4.2
19541225,-5.4
19541226,-4.3
19541227,-7.1
19541228,-7.7
19541229,-6.1
19541230,-4.6
19541231,-4.7
19550101,-4.8
19550102,-4.6
19550103,-8.3
19550104,-5.9
19550105,-6.4
19550106,-3.1
19550107,-5.6
19550108,-4.4
19550109,-4.3
19550110,-0.5
19550111,3.6
19550112,1.6
19550113,0.4
19550114,-1.4
19550115,-3.0
19550116,2.8
19550117,1.1
19550118,4.3
19550119,3.4
19550120,5.5
19550121,10.1
19550122,7.5
19550123,8.4
19550124,7.3
19550125,4.1
19550126,5.2
19550127,4.3
19550128,5.3
19550129,5.7
19550130,3.1
19550131,8.0
19550201,6.2
19550202,6.8
19550203,3.5
19550204,2.5
19550205,-2.0
19550206,-0.3
19550207,4.0
19550208,5.3
19550209,4.1
19550210,1.1
19550211,1.0
19550212,3.5
19550213,6.0
19550214,12.0
19550215,8.7
19550216,4.4
19550217,9.0
19550218,1.5
19550219,1.3
19550220,0.7
19550221,7.1
19550222,12.5
19550223,9.1
19550224,7.7
19550225,8.7
19550226,13.5
19550227,13.2
19550228,2.3
19550301,4.3
19550302,5.3
19550303,2.0
19550304,-0.8
19550305,-1.4
19550306,-1.0
19550307,-0.1
19550308,4.7
19550309,6.3
19550310,5.1
19550311,2.0
19550312,2.1
19550313,4.9
19550314,7.9
19550315,5.8
19550316,16.3
19550317,12.9
19550318,5.7
19550319,2.6
19550320,3.6
19550321,9.3
19550322,4.2
19550323,7.3
19550324,8.7
19550325,10.9
19550326,10.3
19550327,8.9
19550328,16.4
19550329,13.3
19550330,12.7
19550331,14.8
19550401,22.3
19550402,17.6
19550403,14.9
19550404,19.4
19550405,22.0
19550406,28.1
19550407,25.2
19550408,21.4
19550409,15.9
19550410,20.5
19550411,21.3
19550412,26.2
19550413,19.1
19550414,19.5
19550415,14.4
19550416,12.9
19550417,12.8
19550418,12.6
19550419,14.1
19550420,17.7
19550421,20.6
19550422,20.6
19550423,20.5
19550424,17.3
19550425,22.9
19550426,25.7
19550427,21.4
19550428,23.4
19550429,20.4
19550430,26.6
19550501,25.7
19550502,26.5
19550503,25.4
19550504,24.0
19550505,23.6
19550506,25.4
19550507,26.7
19550508,32.3
19550509,29.0
19550510,25.8
19550511,26.0
19550512,31.3
19550513,35.5
19550514,30.1
19550515,26.7
19550516,29.5
19550517,30.3
19550518,31.9
19550519,26.3
19550520,27.4
19550521,22.8
19550522,27.1
19550523,27.4
19550524,26.1
19550525,25.9
19550526,22.7
19550527,17.1
19550528,26.8
19550529,25.1
19550530,26.2
19550531,24.1
19550601,23.2
19550602,24.0
19550603,27.8
19550604,30.7
19550605,29.6
19550606,30.2
19550607,33.7
19550608,35.9
19550609,34.7
19550610,30.0
19550611,33.4
19550612,33.0
19550613,30.2
19550614,26.0
19550615,26.9
19550616,25.4
19550617,28.1
19550618,27.8
19550619,31.3
19550620,32.4
19550621,31.7
19550622,31.3
19550623,29.9
19550624,28.4
19550625,33.4
19550626,34.2
19550627,34.5
19550628,35.5
19550629,34.4
19550630,33.6
19550701,31.8
19550702,29.0
19550703,34.3
19550704,31.2
19550705,30.0
19550706,30.9
19550707,33.7
19550708,33.3
19550709,28.7
19550710,27.7
19550711,26.5
19550712,30.2
19550713,30.8
19550714,29.5
19550715,26.9
19550716,27.8
19550717,30.3
19550718,31.7
19550719,33.1
19550720,33.5
19550721,37.9
19550722,38.4
19550723,37.6
19550724,39.6
19550725,36.4
19550726,34.2
19550727,31.5
19550728,29.4
19550729,31.6
19550730,33.1
19550731,32.3
19550801,33.6
19550802,32.9
19550803,30.1
19550804,31.8
19550805,29.8
19550806,32.2
19550807,32.5
19550808,33.1
19550809,31.8
19550810,31.2
19550811,32.0
19550812,32.7
19550813,30.8
19550814,29.6
19550815,27.1
19550816,25.5
19550817,24.8
19550818,28.9
19550819,31.3
19550820,28.8
19550821,31.1
19550822,31.1
19550823,30.9
19550824,31.2
19550825,32.6
19550826,32.5
19550827,25.6
19550828,26.1
19550829,28.8
19550830,28.2
19550831,27.4
19550901,27.7
19550902,25.4
19550903,28.4
19550904,29.5
19550905,31.6
19550906,27.9
19550907,25.8
19550908,26.6
19550909,31.4
19550910,25.8
19550911,19.1
19550912,27.9
19550913,26.7
19550914,24.6
19550915,26.5
19550916,20.4
19550917,25.2
19550918,26.1
19550919,25.2
19550920,26.1
19550921,24.8
19550922,25.4
19550923,26.1
19550924,25.4
19550925,20.8
19550926,23.9
19550927,23.4
19550928,25.4
19550929,26.9
19550930,27.8
19551001,22.4
19551002,16.2
19551003,15.8
19551004,17.7
19551005,13.7
19551006,11.4
19551007,13.4
19551008,15.1
19551009,18.1
19551010,18.4
19551011,19.1
19551012,14.0
19551013,15.8
19551014,17.1
19551015,18.4
19551016,20.9
19551017,16.2
19551018,18.6
19551019,16.1
19551020,16.6
19551021,18.2
19551022,21.2
19551023,19.8
19551024,17.2
19551025,16.0
19551026,17.1
19551027,13.1
19551028,18.2
19551029,15.8
19551030,13.2
19551031,16.8
19551101,15.9
19551102,13.0
19551103,17.2
19551104,13.7
19551105,9.4
19551106,8.4
19551107,10.6
19551108,11.8
19551109,11.9
19551110,11.3
19551111,10.3
19551112,14.6
19551113,13.1
19551114,9.1
19551115,9.8
19551116,4.7
19551117,7.8
19551118,11.7
19551119,10.6
19551120,6.9
19551121,11.3
19551122,9.7
19551123,11.8
19551124,11.4
19551125,8.1
19551126,12.6
19551127,7.7
19551128,4.3
19551129,7.1
19551130,11.1
19551201,5.2
19551202,10.4
19551203,6.1
19551204,11.8
19551205,12.2
19551206,2.2
19551207,4.5
19551208,7.8
19551209,3.5
19551210,9.4
19551211,11.1
19551212,8.5
19551213,7.7
19551214,9.4
19551215,5.7
19551216,8.2
19551217,2.1
19551218,0.7
19551219,5.8
19551220,1.4
19551221,1.2
19551222,0.8
19551223,2.4
19551224,6.2
19551225,2.7
19551226,3.0
19551227,1.5
19551228,-3.6
19551229,-1.8
19551230,-0.3
19551231,2.5
19560101,2.5
19560102,2.7
19560103,0.6
19560104,0.2
19560105,-2.1
19560106,-6.4
19560107,-7.6
19560108,-6.6
19560109,-0.2
19560110,2.4
19560111,3.2
19560112,4.4
19560113,3.8
19560114,2.7
19560115,-0.7
19560116,-0.2
19560117,-1.6
19560118,-0.3
19560119,-4.2
19560120,-5.4
19560121,-5.4
19560122,-2.2
19560123,-0.3
19560124,1.8
19560125,1.2
19560126,4.7
19560127,4.6
19560128,6.2
19560129,8.1
19560130,9.2
19560131,2.9
19560201,2.9
19560202,6.8
19560203,11.4
19560204,8.4
19560205,1.1
19560206,9.3
19560207,7.6
19560208,3.7
19560209,0.5
19560210,-2.0
19560211,-0.1
19560212,1.4
19560213,2.9
19560214,2.5
19560215,1.1
19560216,-2.6
19560217,-1.4
19560218,-0.4
19560219,3.7
19560220,2.7
19560221,3.8
19560222,3.4
19560223,3.3
19560224,0.8
19560225,0.7
19560226,2.1
19560227,-0.2
19560228,-1.2
19560229,-0.9
19560301,2.5
19560302,-0.6
19560303,2.0
19560304,-0.7
19560305,-0.7
19560306,3.5
19560307,4.6
19560308,4.3
19560309,7.3
19560310,3.9
19560311,4.6
19560312,6.1
19560313,11.9
19560314,13.2
19560315,9.7
19560316,9.5
19560317,11.3
19560318,10.8
19560319,11.5
19560320,9.4
19560321,15.9
19560322,11.4
19560323,15.5
19560324,11.9
19560325,8.0
19560326,5.7
19560327,5.8
19560328,13.6
19560329,10.6
19560330,9.4
19560331,6.8
19560401,3.0
19560402,13.2
19560403,15.2
19560404,17.1
19560405,14.5
19560406,12.8
19560407,15.9
19560408,18.9
19560409,19.2
19560410,21.9
19560411,18.1
19560412,26.6
19560413,31.1
19560414,28.6
19560415,20.1
19560416,18.5
19560417,16.3
19560418,22.1
19560419,19.4
19560420,24.3
19560421,23.2
19560422,18.6
19560423,18.9
19560424,19.5
19560425,20.4
19560426,19.3
19560427,21.6
19560428,18.6
19560429,19.8
19560430,18.1
19560501,22.4
19560502,19.7
19560503,18.8
19560504,15.8
19560505,21.1
19560506,19.7
19560507,22.5
19560508,21.1
19560509,20.6
19560510,18.6
19560511,20.3
19560512,23.7
19560513,25.8
19560514,24.7
19560515,26.2
19560516,27.4
19560517,28.4
19560518,27.2
19560519,28.2
19560520,24.1
19560521,31.6
19560522,23.3
19560523,21.3
19560524,19.4
19560525,30.3
19560526,31.6
19560527,32.6
19560528,29.5
19560529,27.8
19560530,27.1
19560531,24.4
19560601,24.9
19560602,23.2
19560603,18.7
19560604,28.1
19560605,29.5
19560606,32.1
19560607,28.0
19560608,29.2
19560609,29.3
19560610,26.8
19560611,31.0
19560612,32.0
19560613,32.1
19560614,33.8
19560615,29.0
19560616,24.1
19560617,22.0
19560618,24.0
19560619,24.7
19560620,30.5
19560621,28.3
19560622,28.7
19560623,30.4
19560624,27.6
19560625,22.6
19560626,20.1
19560627,27.6
19560628,26.0
19560629,24.4
19560630,25.2
19560701,30.2
19560702,28.9
19560703,27.0
19560704,25.1
19560705,31.7
19560706,31.5
19560707,29.6
19560708,29.3
19560709,28.1
19560710,32.2
19560711,31.8
19560712,32.2
19560713,31.2
19560714,29.9
19560715,29.3
19560716,31.8
19560717,30.4
19560718,27.6
19560719,30.4
19560720,32.2
19560721,32.6
19560722,33.7
19560723,33.1
19560724,32.4
19560725,31.5
19560726,29.9
19560727,32.3
19560728,34.3
19560729,34.6
19560730,30.6
19560731,28.7
19560801,28.8
19560802,26.7
19560803,26.2
19560804,26.3
19560805,27.1
19560806,31.8
19560807,34.4
19560808,31.3
19560809,30.9
19560810,26.9
19560811,30.4
19560812,30.6
19560813,32.1
19560814,27.5
19560815,23.6
19560816,28.9
19560817,29.2
19560818,28.6
19560819,28.5
19560820,26.2
19560821,28.0
19560822,29.3
19560823,29.5
19560824,30.4
19560825,29.0
19560826,24.1
19560827,24.7
19560828,28.4
19560829,29.5
19560830,26.6
19560831,29.0
19560901,28.0
19560902,27.2
19560903,30.4
19560904,27.2
19560905,27.6
19560906,26.7
19560907,29.5
19560908,29.9
19560909,29.6
19560910,27.4
19560911,28.4
19560912,28.5
19560913,29.4
19560914,29.8
19560915,25.7
19560916,25.2
19560917,27.7
19560918,25.4
19560919,23.3
19560920,23.3
19560921,24.7
19560922,27.9
19560923,28.9
19560924,25.0
19560925,21.9
19560926,21.6
19560927,23.7
19560928,25.1
19560929,21.9
19560930,24.2
19561001,19.3
19561002,16.6
19561003,15.6
19561004,19.5
19561005,18.0
19561006,18.9
19561007,16.6
19561008,24.3
19561009,22.6
19561010,20.8
19561011,16.9
19561012,20.0
19561013,23.2
19561014,17.2
19561015,17.8
19561016,20.4
19561017,20.3
19561018,17.6
19561019,14.6
19561020,12.3
19561021,15.3
19561022,19.6
19561023,15.2
19561024,13.4
19561025,11.9
19561026,12.7
19561027,15.8
19561028,14.0
19561029,15.5
19561030,17.2
19561031,15.0
19561101,15.8
19561102,14.6
19561103,14.1
19561104,9.7
19561105,10.2
19561106,7.4
19561107,9.2
19561108,8.2
19561109,7.1
19561110,5.1
19561111,3.4
19561112,7.5
19561113,13.5
19561114,13.0
19561115,5.2
19561116,4.6
19561117,0.2
19561118,8.1
19561119,4.7
19561120,1.7
19561121,0.6
19561122,-1.9
19561123,-0.5
19561124,1.5
19561125,5.3
19561126,7.1
19561127,1.2
19561128,2.4
19561129,1.4
19561130,-1.8
19561201,2.4
19561202,4.9
19561203,6.6
19561204,7.1
19561205,-1.3
19561206,2.7
19561207,-2.6
19561208,-4.4
19561209,-3.8
19561210,-3.5
19561211,-0.8
19561212,0.2
19561213,-5.2
19561214,-6.3
19561215,-4.0
19561216,-3.1
19561217,-2.2
19561218,1.3
19561219,-0.2
19561220,1.8
19561221,-2.8
19561222,-1.9
19561223,1.0
19561224,-4.4
19561225,-0.4
19561226,-3.1
19561227,-0.3
19561228,3.4
19561229,0.5
19561230,-0.4
19561231,3.1
19570101,-1.2
19570102,3.3
19570103,-0.7
19570104,-2.8
19570105,0.1
19570106,-1.3
19570107,0.4
19570108,-4.4
19570109,-1.5
19570110,2.8
19570111,-0.9
19570112,-6.1
19570113,-7.0
19570114,-6.2
19570115,0.2
19570116,4.1
19570117,1.8
19570118,-0.1
19570119,-2.4
19570120,1.2
19570121,-0.2
19570122,1.8
19570123,9.1
19570124,5.1
19570125,1.3
19570126,4.8
19570127,2.3
19570128,0.4
19570129,2.4
19570130,-1.5
19570131,-2.2
19570201,-2.2
19570202,-4.3
19570203,-3.7
19570204,-1.8
19570205,-2.3
19570206,-1.2
19570207,-3.1
19570208,-4.2
19570209,-6.4
19570210,-4.5
19570211,-2.9
19570212,-0.3
19570213,0.8
19570214,-0.2
19570215,-0.3
19570216,0.8
19570217,-1.1
19570218,-1.5
19570219,1.5
19570220,3.2
19570221,4.7
19570222,5.9
19570223,0.6
19570224,-4.1
19570225,0.8
19570226,3.6
19570227,6.1
19570228,1.4
19570301,-2.3
19570302,2.0
19570303,4.1
19570304,3.6
19570305,6.2
19570306,3.9
19570307,4.5
19570308,4.3
19570309,0.2
19570310,-1.4
19570311,-0.2
19570312,-0.8
19570313,4.0
19570314,7.7
19570315,2.6
19570316,8.0
19570317,4.0
19570318,13.8
19570319,12.6
19570320,17.7
19570321,13.1
19570322,3.4
19570323,12.3
19570324,10.7
19570325,12.8
19570326,10.4
19570327,18.1
19570328,18.2
19570329,13.9
19570330,12.2
19570331,11.4
19570401,11.1
19570402,17.6
19570403,20.4
19570404,21.1
19570405,19.7
19570406,23.4
19570407,22.9
19570408,19.7
19570409,10.8
19570410,8.0
19570411,16.5
19570412,15.7
19570413,13.6
19570414,18.7
19570415,21.1
19570416,24.1
19570417,20.1
19570418,22.7
19570419,21.6
19570420,19.6
19570421,23.3
19570422,20.1
19570423,21.9
19570424,19.7
19570425,23.1
19570426,23.6
19570427,24.4
19570428,23.7
19570429,19.3
19570430,24.2
19570501,22.5
19570502,21.4
19570503,19.7
19570504,22.1
19570505,24.8
19570506,27.2
19570507,28.9
19570508,28.6
19570509,25.7
19570510,24.2
19570511,23.4
19570512,24.2
19570513,28.6
19570514,31.5
19570515,31.0
19570516,25.9
19570517,27.6
19570518,26.5
19570519,31.4
19570520,32.7
19570521,29.7
19570522,25.4
19570523,26.5
19570524,28.8
19570525,30.7
19570526,29.0
19570527,28.2
19570528,29.4
19570529,32.0
19570530,29.2
19570531,27.5
19570601,29.1
19570602,26.6
19570603,27.2
19570604,24.3
19570605,17.1
19570606,25.4
19570607,27.9
19570608,28.2
19570609,22.1
19570610,23.1
19570611,25.2
19570612,27.2
19570613,29.2
19570614,26.7
19570615,25.1
19570616,25.3
19570617,26.7
19570618,30.1
19570619,32.3
19570620,33.3
19570621,32.5
19570622,31.2
19570623,32.9
19570624,32.0
19570625,33.3
19570626,31.3
19570627,32.6
19570628,34.6
19570629,35.1
19570630,33.7
19570701,32.9
19570702,31.5
19570703,31.3
19570704,36.2
19570705,31.8
19570706,30.0
19570707,30.3
19570708,29.6
19570709,27.6
19570710,26.4
19570711,28.5
19570712,29.5
19570713,31.7
19570714,32.1
19570715,30.0
19570716,28.0
19570717,30.4
19570718,27.6
19570719,28.3
19570720,30.1
19570721,30.6
19570722,33.1
19570723,30.3
19570724,28.4
19570725,28.8
19570726,31.2
19570727,31.2
19570728,32.5
19570729,33.3
19570730,32.3
19570731,33.0
19570801,33.3
19570802,34.4
19570803,32.9
19570804,29.6
19570805,29.8
19570806,29.8
19570807,29.3
19570808,34.8
19570809,32.3
19570810,30.2
19570811,31.4
19570812,30.2
19570813,30.9
19570814,27.5
19570815,30.3
19570816,31.9
19570817,29.1
19570818,26.0
19570819,29.7
19570820,29.8
19570821,31.2
19570822,33.0
19570823,29.6
19570824,30.6
19570825,25.2
19570826,22.6
19570827,31.2
19570828,26.8
19570829,21.5
19570830,22.7
19570831,23.7
19570901,25.6
19570902,26.6
19570903,24.7
19570904,17.9
19570905,26.8
19570906,27.5
19570907,24.0
19570908,25.9
19570909,26.7
19570910,26.7
19570911,24.7
19570912,26.5
19570913,26.0
19570914,25.9
19570915,28.6
19570916,24.6
19570917,26.1
19570918,28.3
19570919,25.4
19570920,29.1
19570921,29.2
19570922,28.2
19570923,22.5
19570924,18.7
19570925,20.2
19570926,18.7
19570927,22.7
19570928,24.4
19570929,21.2
19570930,21.4
19571001,25.7
19571002,28.7
19571003,22.7
19571004,25.3
19571005,21.6
19571006,22.1
19571007,25.4
19571008,25.2
19571009,21.0
19571010,22.0
19571011,22.7
19571012,24.5
19571013,25.9
19571014,23.4
19571015,27.3
19571016,20.6
19571017,15.3
19571018,16.4
19571019,17.1
19571020,19.8
19571021,19.6
19571022,15.4
19571023,14.2
19571024,16.9
19571025,19.1
19571026,20.5
19571027,16.0
19571028,13.8
19571029,14.2
19571030,13.8
19571031,17.6
19571101,18.6
19571102,15.6
19571103,16.2
19571104,16.9
19571105,16.9
19571106,14.2
19571107,14.2
19571108,13.2
19571109,16.9
19571110,18.2
19571111,14.6
19571112,17.1
19571113,14.7
19571114,12.3
19571115,15.6
19571116,18.6
19571117,18.8
19571118,18.9
19571119,12.3
19571120,8.8
19571121,9.4
19571122,7.7
19571123,4.4
19571124,0.7
19571125,3.5
19571126,4.1
19571127,5.5
19571128,0.8
19571129,1.5
19571130,6.9
19571201,2.5
19571202,1.7
19571203,2.7
19571204,3.2
19571205,3.5
19571206,3.9
19571207,9.0
19571208,5.3
19571209,4.1
19571210,4.7
19571211,7.7
19571212,8.9
19571213,5.9
19571214,5.7
19571215,8.1
19571216,6.2
19571217,4.7
19571218,-1.0
19571219,2.3
19571220,4.3
19571221,2.6
19571222,3.0
19571223,-1.6
19571224,3.2
19571225,4.3
19571226,6.6
19571227,4.3
19571228,3.6
19571229,-1.7
19571230,1.4
19571231,-0.3
19580101,1.0
19580102,-0.2
19580103,5.2
19580104,6.9
19580105,8.7
19580106,8.2
19580107,9.1
19580108,9.0
19580109,3.6
19580110,0.0
19580111,0.3
19580112,3.3
19580113,1.2
19580114,-6.6
19580115,-13.0
19580116,-7.1
19580117,-4.2
19580118,-4.1
19580119,-2.1
19580120,-2.3
19580121,-1.5
19580122,-3.9
19580123,-0.2
19580124,3.1
19580125,3.5
19580126,-0.6
19580127,-0.6
19580128,0.0
19580129,-2.1
19580130,-0.3
19580131,3.0
19580201,2.9
19580202,3.9
19580203,4.3
19580204,1.7
19580205,4.4
19580206,6.3
19580207,6.5
19580208,8.0
19580209,4.4
19580210,1.2
19580211,-1.9
19580212,1.5
19580213,4.1
19580214,9.9
19580215,4.3
19580216,3.0
19580217,7.2
19580218,6.0
19580219,3.8
19580220,10.0
19580221,5.6
19580222,8.6
19580223,4.0
19580224,8.5
19580225,7.5
19580226,-0.2
19580227,1.1
19580228,4.6
19580301,2.7
19580302,0.6
19580303,10.2
19580304,14.0
19580305,8.6
19580306,4.0
19580307,10.0
19580308,15.3
19580309,18.6
19580310,17.9
19580311,17.7
19580312,13.2
19580313,14.2
19580314,8.2
19580315,10.7
19580316,8.3
19580317,4.7
19580318,3.2
19580319,5.4
19580320,14.0
19580321,11.1
19580322,15.3
19580323,11.9
19580324,8.6
19580325,13.3
19580326,8.8
19580327,2.0
19580328,5.6
19580329,11.1
19580330,9.1
19580331,15.7
19580401,17.3
19580402,20.5
19580403,20.6
19580404,18.0
19580405,17.7
19580406,15.4
19580407,10.8
19580408,17.9
19580409,18.1
19580410,17.9
19580411,15.8
19580412,15.7
19580413,21.1
19580414,19.6
19580415,24.6
19580416,24.5
19580417,21.6
19580418,20.9
19580419,21.8
19580420,26.3
19580421,25.2
19580422,26.0
19580423,23.4
19580424,21.5
19580425,18.3
19580426,16.7
19580427,24.8
19580428,22.7
19580429,20.5
19580430,23.1
19580501,21.4
19580502,18.6
19580503,24.1
19580504,22.9
19580505,21.1
19580506,25.4
19580507,24.1
19580508,26.7
19580509,23.2
19580510,15.1
19580511,20.9
19580512,24.3
19580513,23.8
19580514,20.0
19580515,25.0
19580516,26.6
19580517,25.1
19580518,29.0
19580519,28.3
19580520,28.1
19580521,27.4
19580522,24.5
19580523,23.1
19580524,33.5
19580525,34.9
19580526,34.1
19580527,36.5
19580528,36.3
19580529,35.2
19580530,32.1
19580531,27.7
19580601,28.4
19580602,28.8
19580603,28.9
19580604,27.9
19580605,31.3
19580606,30.5
19580607,29.8
19580608,31.3
19580609,27.4
19580610,30.5
19580611,32.3
19580612,31.6
19580613,29.8
19580614,30.9
19580615,28.3
19580616,33.9
19580617,35.9
19580618,32.4
19580619,31.7
19580620,31.7
19580621,28.6
19580622,29.9
19580623,32.1
19580624,36.0
19580625,33.1
19580626,33.3
19580627,36.0
19580628,37.6
19580629,32.0
19580630,30.8
19580701,31.7
19580702,30.3
19580703,35.4
19580704,34.9
19580705,33.9
19580706,32.0
19580707,29.7
19580708,33.5
19580709,35.4
19580710,32.9
19580711,25.6
19580712,23.3
19580713,27.4
19580714,27.8
19580715,27.9
19580716,29.0
19580717,30.9
19580718,32.4
19580719,34.6
19580720,34.3
19580721,35.2
19580722,33.6
19580723,27.3
19580724,25.6
19580725,30.4
19580726,27.2
19580727,30.2
19580728,33.5
19580729,30.2
19580730,31.7
19580731,32.1
19580801,30.7
19580802,29.1
19580803,21.9
19580804,30.3
19580805,30.1
19580806,30.9
19580807,31.6
19580808,31.5
19580809,30.7
19580810,29.5
19580811,28.4
19580812,27.8
19580813,27.4
19580814,30.7
19580815,30.9
19580816,30.0
19580817,28.7
19580818,30.4
19580819,31.6
19580820,29.2
19580821,33.1
19580822,28.8
19580823,28.2
19580824,28.2
19580825,26.6
19580826,29.1
19580827,25.3
19580828,25.1
19580829,28.1
19580830,27.9
19580831,28.4
19580901,24.8
19580902,21.2
19580903,26.3
19580904,29.5
19580905,29.2
19580906,28.3
19580907,28.5
19580908,29.7
19580909,29.6
19580910,29.2
19580911,29.5
19580912,29.0
19580913,25.4
19580914,28.1
19580915,25.0
19580916,21.2
19580917,24.7
19580918,25.8
19580919,20.8
19580920,22.9
19580921,25.4
19580922,26.1
19580923,26.0
19580924,25.7
19580925,27.6
19580926,27.7
19580927,24.0
19580928,19.1
19580929,21.3
19580930,22.1
19581001,18.7
19581002,22.6
19581003,22.6
19581004,22.6
19581005,23.6
19581006,22.0
19581007,21.9
19581008,23.5
19581009,23.4
19581010,22.5
19581011,19.3
19581012,16.5
19581013,14.2
19581014,13.6
19581015,13.1
19581016,9.7
19581017,16.6
19581018,18.7
19581019,17.6
19581020,16.7
19581021,13.2
19581022,16.9
19581023,16.0
19581024,19.5
19581025,13.9
19581026,10.6
19581027,15.6
19581028,14.4
19581029,16.2
19581030,17.0
19581031,16.7
19581101,16.6
19581102,13.3
19581103,12.1
19581104,10.3
19581105,9.9
19581106,12.4
19581107,11.5
19581108,10.6
19581109,12.9
19581110,11.1
19581111,9.1
19581112,5.1
19581113,8.0
19581114,7.5
19581115,10.0
19581116,10.8
19581117,10.9
19581118,8.4
19581119,9.7
19581120,11.1
19581121,10.4
19581122,11.9
19581123,11.6
19581124,3.9
19581125,8.9
19581126,8.7
19581127,7.8
19581128,4.7
19581129,8.6
19581130,11.8
19581201,12.5
19581202,9.9
19581203,9.5
19581204,12.3
19581205,10.2
19581206,4.4
19581207,8.6
19581208,8.8
19581209,7.7
19581210,10.2
19581211,13.2
19581212,5.7
19581213,2.4
19581214,4.4
19581215,1.9
19581216,3.8
19581217,0.7
19581218,0.3
19581219,3.3
19581220,6.6
19581221,6.7
19581222,6.5
19581223,8.8
19581224,2.4
19581225,2.7
19581226,5.4
19581227,1.0
19581228,-0.8
19581229,1.5
19581230,1.0
19581231,-3.0
19590101,-1.0
19590102,-5.8
19590103,-4.9
19590104,-9.4
19590105,-3.4
19590106,-0.5
19590107,-0.5
19590108,0.5
19590109,-0.2
19590110,-1.3
19590111,2.6
19590112,1.3
19590113,1.9
19590114,3.4
19590115,0.0
19590116,-5.6
19590117,-4.3
19590118,2.0
19590119,3.3
19590120,5.6
19590121,3.8
19590122,10.2
19590123,9.1
19590124,9.2
19590125,5.1
19590126,4.9
19590127,4.0
19590128,4.6
19590129,3.1
19590130,3.8
19590131,6.7
19590201,3.0
19590202,8.7
19590203,10.4
19590204,8.5
19590205,8.2
19590206,4.4
19590207,2.0
19590208,5.7
19590209,4.4
19590210,5.8
19590211,4.2
19590212,1.5
19590213,3.6
19590214,6.8
19590215,5.9
19590216,8.1
19590217,4.5
19590218,5.6
19590219,8.2
19590220,8.1
19590221,7.2
19590222,7.8
19590223,5.0
19590224,1.6
19590225,0.8
19590226,0.9
19590227,2.2
19590228,1.0
19590301,6.8
19590302,3.9
19590303,5.4
19590304,10.7
19590305,8.0
19590306,10.8
19590307,11.8
19590308,14.6
19590309,6.8
19590310,7.3
19590311,8.6
19590312,8.9
19590313,11.1
19590314,11.7
19590315,12.6
19590316,15.8
19590317,18.7
19590318,15.9
19590319,14.1
19590320,9.3
19590321,11.6
19590322,14.9
19590323,18.7
19590324,15.5
19590325,19.6
19590326,18.5
19590327,18.1
19590328,17.5
19590329,16.7
19590330,18.1
19590331,18.8
19590401,15.0
19590402,18.7
19590403,16.1
19590404,14.9
19590405,20.4
19590406,20.0
19590407,20.2
19590408,18.1
19590409,20.2
19590410,17.0
19590411,18.2
19590412,16.3
19590413,20.0
19590414,21.9
19590415,18.6
19590416,14.1
19590417,18.2
19590418,22.1
19590419,24.6
19590420,22.5
19590421,16.2
19590422,18.0
19590423,26.4
19590424,20.9
19590425,19.1
19590426,19.7
19590427,22.1
19590428,22.8
19590429,24.8
19590430,25.7
19590501,25.0
19590502,22.1
19590503,24.1
19590504,23.1
19590505,22.5
19590506,25.8
19590507,24.2
19590508,23.4
19590509,25.0
19590510,22.5
19590511,26.5
19590512,27.3
19590513,30.9
19590514,30.4
19590515,28.8
19590516,29.3
19590517,26.3
19590518,29.2
19590519,28.8
19590520,25.5
19590521,27.6
19590522,31.4
19590523,28.8
19590524,28.5
19590525,33.2
19590526,30.5
19590527,33.5
19590528,32.8
19590529,35.1
19590530,30.7
19590531,27.6
19590601,29.3
19590602,32.3
19590603,28.1
19590604,24.7
19590605,24.6
19590606,27.2
19590607,30.2
19590608,28.6
19590609,26.4
19590610,24.5
19590611,25.4
19590612,32.0
19590613,32.9
19590614,34.7
19590615,31.1
19590616,28.7
19590617,28.1
19590618,26.4
19590619,30.5
19590620,30.4
19590621,27.4
19590622,31.3
19590623,28.2
19590624,29.5
19590625,32.3
19590626,31.9
19590627,30.2
19590628,30.6
19590629,30.0
19590630,30.1
19590701,26.7
19590702,28.1
19590703,27.6
19590704,29.5
19590705,28.4
19590706,29.1
19590707,29.2
19590708,27.2
19590709,28.3
19590710,36.8
19590711,34.1
19590712,30.7
19590713,30.3
19590714,30.7
19590715,28.9
19590716,29.7
19590717,30.6
19590718,30.9
19590719,31.4
19590720,29.2
19590721,26.8
19590722,30.6
19590723,35.1
19590724,31.6
19590725,31.1
19590726,32.1
19590727,30.2
19590728,32.7
19590729,33.4
19590730,31.6
19590731,29.1
19590801,33.3
19590802,30.7
19590803,27.5
19590804,29.4
19590805,25.4
19590806,26.0
19590807,29.4
19590808,29.9
19590809,31.9
19590810,31.4
19590811,30.6
19590812,27.2
19590813,23.6
19590814,25.5
19590815,30.0
19590816,28.1
19590817,28.5
19590818,27.1
19590819,30.4
19590820,27.9
19590821,31.3
19590822,31.3
19590823,31.7
19590824,32.4
19590825,30.4
19590826,30.3
19590827,32.5
19590828,34.6
19590829,28.4
19590830,30.8
19590831,31.4
19590901,32.3
19590902,30.1
19590903,31.2
19590904,28.7
19590905,27.4
19590906,23.2
19590907,24.9
19590908,19.0
19590909,26.6
19590910,26.4
19590911,28.4
19590912,28.9
19590913,29.4
19590914,23.3
19590915,22.3
19590916,24.8
19590917,22.1
19590918,24.2
19590919,25.1
19590920,20.9
19590921,21.1
19590922,24.5
19590923,24.9
19590924,24.5
19590925,19.4
19590926,15.2
19590927,22.7
19590928,21.6
19590929,24.1
19590930,24.7
19591001,23.1
19591002,20.7
19591003,25.8
19591004,24.5
19591005,23.7
19591006,22.9
19591007,25.6
19591008,20.3
19591009,24.7
19591010,20.7
19591011,21.1
19591012,17.2
19591013,17.8
19591014,17.4
19591015,20.0
19591016,18.3
19591017,20.9
19591018,20.7
19591019,21.0
19591020,22.4
19591021,22.6
19591022,20.1
19591023,15.7
19591024,14.6
19591025,17.9
19591026,16.6
19591027,17.3
19591028,14.8
19591029,17.1
19591030,15.1
19591031,10.7
19591101,16.2
19591102,15.0
19591103,14.5
19591104,10.1
19591105,13.6
19591106,12.3
19591107,8.2
19591108,2.8
19591109,5.1
19591110,7.0
19591111,6.1
19591112,6.5
19591113,8.3
19591114,5.2
19591115,10.2
19591116,8.3
19591117,7.9
19591118,8.7
19591119,6.1
19591120,7.7
19591121,3.7
19591122,1.2
19591123,5.1
19591124,0.0
19591125,2.2
19591126,7.2
19591127,2.7
19591128,8.6
19591129,2.7
19591130,10.5
19591201,7.1
19591202,8.1
19591203,7.9
19591204,5.3
19591205,6.2
19591206,6.4
19591207,8.3
19591208,7.7
19591209,2.9
19591210,1.8
19591211,6.7
19591212,2.8
19591213,5.2
19591214,0.8
19591215,-0.9
19591216,-2.0
19591217,-3.5
19591218,-4.5
19591219,-0.5
19591220,0.2
19591221,-0.4
19591222,0.5
19591223,-0.9
19591224,-1.4
19591225,4.3
19591226,4.8
19591227,5.1
19591228,1.2
19591229,-1.1
19591230,1.7
19591231,2.5
19600101,2.9
19600102,4.1
19600103,4.3
19600104,7.7
19600105,-0.7
19600106,2.6
19600107,-0.2
19600108,1.4
19600109,7.1
19600110,4.0
19600111,1.4
19600112,0.4
19600113,1.6
19600114,0.1
19600115,-2.7
19600116,-7.7
19600117,-5.6
19600118,-4.4
19600119,-5.0
19600120,0.5
19600121,-3.6
19600122,-7.4
19600123,-6.8
19600124,-3.3
19600125,-3.3
19600126,-5.4
19600127,-6.2
19600128,-1.8
19600129,2.9
19600130,0.9
19600131,5.5
19600201,5.7
19600202,7.9
19600203,9.2
19600204,9.7
19600205,10.7
19600206,14.7
19600207,9.8
19600208,6.2
19600209,6.9
19600210,3.5
19600211,1.7
19600212,4.0
19600213,9.2
19600214,8.1
19600215,6.3
19600216,9.8
19600217,5.9
19600218,12.2
19600219,15.5
19600220,9.6
19600221,8.5
19600222,11.5
19600223,10.6
19600224,13.1
19600225,12.4
19600226,10.8
19600227,11.5
19600228,13.2
19600229,12.9
19600301,10.6
19600302,6.2
19600303,4.7
19600304,2.4
19600305,10.4
19600306,8.2
19600307,8.9
19600308,15.6
19600309,11.7
19600310,13.9
19600311,10.5
19600312,5.7
19600313,9.6
19600314,12.3
19600315,11.8
19600316,10.9
19600317,12.6
19600318,14.0
19600319,12.1
19600320,15.2
19600321,10.8
19600322,9.2
19600323,10.4
19600324,7.4
19600325,13.9
19600326,13.0
19600327,13.5
19600328,20.1
19600329,14.1
19600330,11.6
19600331,14.9
19600401,14.7
19600402,19.4
19600403,19.0
19600404,15.5
19600405,24.5
19600406,20.5
19600407,13.5
19600408,18.6
19600409,18.7
19600410,16.9
19600411,14.6
19600412,14.9
19600413,17.3
19600414,20.6
19600415,18.0
19600416,15.8
19600417,21.2
19600418,21.5
19600419,21.1
19600420,24.4
19600421,28.6
19600422,26.5
19600423,26.7
19600424,28.9
19600425,24.5
19600426,19.2
19600427,21.8
19600428,26.8
19600429,29.1
19600430,26.1
19600501,24.5
19600502,27.7
19600503,27.2
19600504,24.2
19600505,20.5
19600506,19.1
19600507,20.6
19600508,19.0
19600509,20.1
19600510,20.0
19600511,25.8
19600512,26.1
19600513,23.7
19600514,21.2
19600515,24.7
19600516,23.2
19600517,20.4
19600518,27.0
19600519,25.0
19600520,25.8
19600521,31.0
19600522,35.1
19600523,31.4
19600524,30.8
19600525,28.4
19600526,28.2
19600527,25.7
19600528,31.1
19600529,28.9
19600530,30.9
19600531,26.7
19600601,31.7
19600602,30.8
19600603,29.7
19600604,33.7
19600605,30.6
19600606,31.3
19600607,32.6
19600608,33.2
19600609,31.1
19600610,24.5
19600611,25.6
19600612,25.1
19600613,29.4
19600614,31.8
19600615,29.2
19600616,33.4
19600617,32.1
19600618,33.3
19600619,36.6
19600620,35.4
19600621,33.4
19600622,35.6
19600623,38.1
19600624,34.5
19600625,26.1
19600626,29.5
19600627,27.6
19600628,31.9
19600629,35.6
19600630,37.9
19600701,34.7
19600702,29.0
19600703,33.6
19600704,34.2
19600705,35.5
19600706,31.1
19600707,35.4
19600708,32.4
19600709,32.9
19600710,32.8
19600711,30.1
19600712,28.6
19600713,31.8
19600714,33.3
19600715,31.7
19600716,30.9
19600717,32.8
19600718,34.2
19600719,32.0
19600720,31.2
19600721,32.6
19600722,30.4
19600723,27.8
19600724,30.1
19600725,30.3
19600726,31.6
19600727,30.3
19600728,27.2
19600729,27.6
19600730,30.8
19600731,28.4
19600801,34.0
19600802,29.7
19600803,28.8
19600804,33.9
19600805,33.2
19600806,31.8
19600807,33.1
19600808,30.1
19600809,30.2
19600810,29.9
19600811,30.6
19600812,32.6
19600813,31.8
19600814,27.7
19600815,26.6
19600816,27.9
19600817,30.3
19600818,27.6
19600819,30.3
19600820,31.1
19600821,25.9
19600822,30.8
19600823,31.1
19600824,32.5
19600825,32.7
19600826,29.9
19600827,25.7
19600828,26.6
19600829,30.5
19600830,30.9
19600831,31.2
19600901,28.7
19600902,27.2
19600903,32.1
19600904,31.2
19600905,29.9
19600906,28.6
19600907,28.9
19600908,30.8
19600909,27.9
19600910,24.8
19600911,30.0
19600912,28.9
19600913,24.0
19600914,25.7
19600915,28.8
19600916,28.9
19600917,27.7
19600918,28.5
19600919,30.7
19600920,31.1
19600921,30.1
19600922,29.2
19600923,25.7
19600924,23.7
19600925,18.6
19600926,16.7
19600927,22.5
19600928,16.7
19600929,16.1
19600930,21.9
19601001,20.3
19601002,20.6
19601003,22.7
19601004,25.2
19601005,24.0
19601006,20.3
19601007,22.0
19601008,23.9
19601009,24.1
19601010,24.7
19601011,19.1
19601012,22.0
19601013,18.2
19601014,10.4
19601015,14.7
19601016,14.1
19601017,21.3
19601018,23.0
19601019,15.7
19601020,18.1
19601021,19.9
19601022,20.1
19601023,17.2
19601024,15.9
19601025,6.6
19601026,15.0
19601027,15.1
19601028,16.3
19601029,18.8
19601030,18.6
19601031,14.7
19601101,13.3
19601102,12.4
19601103,15.3
19601104,14.9
19601105,16.1
19601106,17.7
19601107,11.4
19601108,8.2
19601109,8.5
19601110,12.3
19601111,12.1
19601112,13.1
19601113,10.4
19601114,12.9
19601115,12.2
19601116,12.1
19601117,15.1
19601118,17.7
19601119,12.5
19601120,10.6
19601121,10.6
19601122,3.7
19601123,-0.2
19601124,1.5
19601125,0.4
19601126,-0.1
19601127,1.4
19601128,5.3
19601129,3.5
19601130,5.1
19601201,5.4
19601202,9.2
19601203,3.3
19601204,0.1
19601205,2.4
19601206,3.0
19601207,5.3
19601208,5.2
19601209,7.6
19601210,7.7
19601211,6.7
19601212,3.8
19601213,0.0
19601214,0.0
19601215,-0.2
19601216,2.4
19601217,-6.9
19601218,-0.2
19601219,2.2
19601220,0.7
19601221,0.5
19601222,3.1
19601223,1.0
19601224,0.8
19601225,-2.4
19601226,-0.2
19601227,0.5
19601228,0.1
19601229,-4.3
19601230,-2.4
19601231,-0.9
19610101,4.4
19610102,0.7
19610103,2.3
19610104,-1.4
19610105,-1.0
19610106,-0.3
19610107,3.0
19610108,3.8
19610109,-0.2
19610110,-4.4
19610111,-1.7
19610112,0.3
19610113,1.8
19610114,3.8
19610115,-1.0
19610116,0.2
19610117,2.6
19610118,-0.1
19610119,2.7
19610120,8.6
19610121,7.6
19610122,4.9
19610123,3.2
19610124,2.8
19610125,7.1
19610126,5.5
19610127,6.7
19610128,2.8
19610129,4.2
19610130,-0.8
19610131,0.0
19610201,6.6
19610202,8.1
19610203,11.9
19610204,4.0
19610205,1.8
19610206,4.6
19610207,5.2
19610208,6.7
19610209,6.6
19610210,0.2
19610211,3.7
19610212,6.1
19610213,4.4
19610214,5.0
19610215,3.2
19610216,6.3
19610217,6.8
19610218,7.4
19610219,10.6
19610220,12.6
19610221,11.1
19610222,9.6
19610223,14.1
19610224,12.6
19610225,10.0
19610226,11.7
19610227,10.9
19610228,9.6
19610301,12.9
19610302,9.7
19610303,9.8
19610304,9.9
19610305,13.7
19610306,10.1
19610307,9.1
19610308,9.6
19610309,7.2
19610310,10.3
19610311,12.2
19610312,12.3
19610313,10.4
19610314,13.0
19610315,15.5
19610316,18.3
19610317,14.9
19610318,12.9
19610319,11.7
19610320,14.1
19610321,16.4
19610322,18.3
19610323,15.9
19610324,13.6
19610325,10.4
19610326,12.3
19610327,18.0
19610328,21.6
19610329,21.4
19610330,24.4
19610331,22.3
19610401,22.3
19610402,18.3
19610403,20.6
19610404,18.5
19610405,15.6
19610406,18.3
19610407,17.6
19610408,15.6
19610409,20.0
19610410,20.5
19610411,23.7
19610412,25.2
19610413,21.2
19610414,18.4
19610415,18.7
19610416,23.6
19610417,21.3
19610418,24.1
19610419,27.8
19610420,25.1
19610421,22.3
19610422,23.3
19610423,20.4
19610424,19.9
19610425,22.4
19610426,27.9
19610427,30.2
19610428,27.0
19610429,24.1
19610430,24.6
19610501,29.2
19610502,24.4
19610503,20.2
19610504,21.5
19610505,23.1
19610506,26.3
19610507,26.7
19610508,31.6
19610509,31.4
19610510,27.4
19610511,23.6
19610512,31.5
19610513,31.1
19610514,27.4
19610515,26.7
19610516,26.9
19610517,26.6
19610518,25.6
19610519,27.0
19610520,26.4
19610521,26.2
19610522,25.4
19610523,27.5
19610524,31.1
19610525,34.3
19610526,32.8
19610527,28.7
19610528,29.2
19610529,34.7
19610530,34.0
19610531,35.6
19610601,31.7
19610602,30.4
19610603,23.7
19610604,30.6
19610605,32.6
19610606,29.9
19610607,27.7
19610608,33.2
19610609,35.7
19610610,40.6
19610611,35.9
19610612,33.4
19610613,29.5
19610614,30.6
19610615,27.1
19610616,33.3
19610617,29.7
19610618,22.3
19610619,27.6
19610620,34.5
19610621,36.0
19610622,34.6
19610623,30.1
19610624,31.5
19610625,29.2
19610626,31.6
19610627,34.3
19610628,30.0
19610629,30.6
19610630,33.2
19610701,30.9
19610702,34.6
19610703,36.2
19610704,38.3
19610705,35.2
19610706,35.2
19610707,31.6
19610708,34.7
19610709,35.6
19610710,35.5
19610711,31.2
19610712,33.0
19610713,36.2
19610714,33.9
19610715,30.4
19610716,35.6
19610717,30.7
19610718,33.8
19610719,30.8
19610720,33.8
19610721,33.3
19610722,29.8
19610723,31.9
19610724,35.4
19610725,35.2
19610726,31.5
19610727,32.1
19610728,30.3
19610729,32.0
19610730,31.5
19610731,29.9
19610801,32.3
19610802,30.7
19610803,32.4
19610804,33.4
19610805,34.8
19610806,32.3
19610807,30.0
19610808,28.2
19610809,27.0
19610810,25.6
19610811,31.8
19610812,32.9
19610813,26.9
19610814,25.6
19610815,30.9
19610816,30.9
19610817,31.0
19610818,30.2
19610819,26.8
19610820,29.6
19610821,28.8
19610822,25.5
19610823,31.8
19610824,28.1
19610825,29.7
19610826,29.5
19610827,31.3
19610828,28.4
19610829,25.5
19610830,28.6
19610831,27.4
19610901,29.4
19610902,28.5
19610903,25.1
19610904,27.5
19610905,27.6
19610906,28.0
19610907,24.2
19610908,27.4
19610909,27.1
19610910,26.8
19610911,23.7
19610912,25.6
19610913,25.5
19610914,26.7
19610915,25.7
19610916,26.4
19610917,24.2
19610918,24.0
19610919,25.2
19610920,22.0
19610921,23.6
19610922,20.8
19610923,26.3
19610924,26.9
19610925,27.6
19610926,25.1
19610927,21.7
19610928,19.3
19610929,19.9
19610930,20.5
19611001,17.9
19611002,20.4
19611003,19.2
19611004,23.5
19611005,23.6
19611006,24.6
19611007,23.6
19611008,26.4
19611009,23.8
19611010,18.6
19611011,16.6
19611012,16.1
19611013,22.3
19611014,16.2
19611015,16.1
19611016,18.0
19611017,16.8
19611018,17.6
19611019,13.3
19611020,9.6
19611021,8.6
19611022,13.8
19611023,14.6
19611024,14.4
19611025,14.4
19611026,19.3
19611027,16.6
19611028,11.8
19611029,14.9
19611030,16.1
19611031,16.6
19611101,10.3
19611102,11.1
19611103,15.5
19611104,15.4
19611105,13.2
19611106,15.1
19611107,13.3
19611108,13.7
19611109,9.5
19611110,10.1
19611111,13.6
19611112,10.2
19611113,8.8
19611114,9.4
19611115,11.5
19611116,16.2
19611117,16.0
19611118,13.9
19611119,10.1
19611120,11.3
19611121,8.2
19611122,6.6
19611123,8.9
19611124,10.2
19611125,12.7
19611126,10.5
19611127,9.6
19611128,12.3
19611129,10.0
19611130,9.6
19611201,9.1
19611202,4.4
19611203,6.2
19611204,6.5
19611205,1.8
19611206,1.4
19611207,7.5
19611208,6.5
19611209,9.0
19611210,9.1
19611211,7.2
19611212,5.9
19611213,-4.6
19611214,-2.7
19611215,-1.7
19611216,-1.9
19611217,1.7
19611218,3.3
19611219,0.4
19611220,3.7
19611221,1.8
19611222,5.0
19611223,4.6
19611224,1.1
19611225,-1.3
19611226,-0.5
19611227,1.4
19611228,0.7
19611229,1.7
19611230,-2.9
19611231,-4.8
19620101,1.3
19620102,3.5
19620103,5.1
19620104,2.8
19620105,0.5
19620106,5.3
19620107,6.6
19620108,-1.8
19620109,0.7
19620110,0.9
19620111,3.5
19620112,5.5
19620113,5.6
19620114,2.4
19620115,0.9
19620116,3.7
19620117,4.2
19620118,3.3
19620119,4.3
19620120,7.0
19620121,3.7
19620122,1.8
19620123,2.2
19620124,2.8
19620125,0.3
19620126,0.3
19620127,6.3
19620128,1.3
19620129,0.2
19620130,1.2
19620131,2.4
19620201,2.1
19620202,7.7
19620203,6.6
19620204,10.6
19620205,6.7
19620206,9.2
19620207,4.5
19620208,6.3
19620209,0.8
19620210,4.8
19620211,3.0
19620212,0.4
19620213,-0.4
19620214,1.5
19620215,4.0
19620216,4.2
19620217,5.6
19620218,6.9
19620219,5.1
19620220,15.1
19620221,5.7
19620222,6.1
19620223,3.4
19620224,0.0
19620225,0.5
19620226,1.5
19620227,5.9
19620228,5.5
19620301,6.9
19620302,9.7
19620303,13.5
19620304,14.1
19620305,14.2
19620306,8.8
19620307,11.0
19620308,12.2
19620309,10.9
19620310,8.3
19620311,18.0
19620312,21.5
19620313,17.0
19620314,15.1
19620315,5.6
19620316,5.6
19620317,6.8
19620318,4.8
19620319,3.6
19620320,7.5
19620321,9.3
19620322,8.4
19620323,8.2
19620324,13.2
19620325,6.6
19620326,15.9
19620327,16.2
19620328,8.5
19620329,12.6
19620330,18.4
19620331,15.8
19620401,14.0
19620402,6.2
19620403,10.6
19620404,18.5
19620405,17.1
19620406,12.7
19620407,19.8
19620408,15.7
19620409,15.5
19620410,21.7
19620411,19.6
19620412,16.3
19620413,18.0
19620414,24.3
19620415,26.1
19620416,21.8
19620417,17.9
19620418,23.8
19620419,24.8
19620420,28.0
19620421,29.3
19620422,26.3
19620423,19.8
19620424,20.2
19620425,21.7
19620426,19.0
19620427,23.3
19620428,26.2
19620429,24.3
19620430,23.5
19620501,19.6
19620502,20.0
19620503,22.2
19620504,22.5
19620505,26.1
19620506,28.8
19620507,23.9
19620508,21.8
19620509,29.2
19620510,32.0
19620511,25.6
19620512,29.3
19620513,28.6
19620514,27.1
19620515,21.4
19620516,22.6
19620517,28.7
19620518,32.6
19620519,36.5
19620520,31.6
19620521,34.2
19620522,34.2
19620523,31.6
19620524,31.2
19620525,34.7
19620526,29.9
19620527,24.6
19620528,30.6
19620529,36.2
19620530,36.7
19620531,32.5
19620601,30.8
19620602,29.6
19620603,33.7
19620604,26.7
19620605,29.5
19620606,25.7
19620607,30.5
19620608,25.6
19620609,27.2
19620610,31.7
19620611,35.0
19620612,33.5
19620613,26.9
19620614,31.1
19620615,35.2
19620616,37.1
19620617,35.9
19620618,31.7
19620619,28.1
19620620,29.9
19620621,24.8
19620622,26.9
19620623,26.1
19620624,24.5
19620625,27.8
19620626,30.4
19620627,31.5
19620628,33.3
19620629,34.3
19620630,34.6
19620701,36.3
19620702,35.6
19620703,35.8
19620704,33.8
19620705,34.1
19620706,33.3
19620707,32.8
19620708,29.6
19620709,31.1
19620710,32.6
19620711,32.8
19620712,32.2
19620713,29.8
19620714,30.1
19620715,31.4
19620716,28.2
19620717,31.6
19620718,33.2
19620719,32.2
19620720,34.3
19620721,32.5
19620722,27.9
19620723,29.9
19620724,25.6
19620725,24.1
19620726,30.7
19620727,31.4
19620728,30.5
19620729,34.0
19620730,32.7
19620731,28.6
19620801,30.6
19620802,32.9
19620803,34.3
19620804,32.8
19620805,30.7
19620806,29.9
19620807,31.7
19620808,33.5
19620809,35.9
19620810,34.7
19620811,32.2
19620812,32.3
19620813,32.5
19620814,32.6
19620815,30.1
19620816,30.9
19620817,29.8
19620818,26.4
19620819,30.2
19620820,30.5
19620821,30.9
19620822,34.1
19620823,33.7
19620824,32.6
19620825,31.3
19620826,29.3
19620827,28.9
19620828,32.1
19620829,29.8
19620830,28.1
19620831,31.7
19620901,32.0
19620902,31.1
19620903,31.6
19620904,31.1
19620905,30.0
19620906,31.4
19620907,30.5
19620908,29.2
19620909,30.1
19620910,30.9
19620911,28.0
19620912,26.5
19620913,29.4
19620914,31.7
19620915,26.5
19620916,26.2
19620917,28.1
19620918,28.9
19620919,27.9
19620920,27.2
19620921,27.1
19620922,24.2
19620923,20.7
19620924,25.1
19620925,23.6
19620926,18.4
19620927,20.7
19620928,22.5
19620929,22.2
19620930,21.3
19621001,17.5
19621002,21.4
19621003,20.1
19621004,22.4
19621005,24.4
19621006,25.2
19621007,20.2
19621008,22.3
19621009,18.2
19621010,23.3
19621011,23.5
19621012,19.9
19621013,14.1
19621014,14.7
19621015,19.5
19621016,17.6
19621017,18.0
19621018,19.7
19621019,19.1
19621020,12.6
19621021,17.0
19621022,20.3
19621023,17.5
19621024,19.0
19621025,19.1
19621026,16.6
19621027,17.4
19621028,18.1
19621029,19.1
19621030,22.5
19621031,12.9
19621101,12.7
19621102,11.2
19621103,10.2
19621104,10.0
19621105,12.3
19621106,14.8
19621107,15.7
19621108,15.9
19621109,9.7
19621110,15.3
19621111,13.6
19621112,8.3
19621113,12.1
19621114,19.6
19621115,13.5
19621116,9.8
19621117,12.6
19621118,6.5
19621119,2.2
19621120,2.2
19621121,1.6
19621122,3.9
19621123,4.7
19621124,3.5
19621125,3.1
19621126,3.0
19621127,4.5
19621128,3.6
19621129,7.0
19621130,8.2
19621201,8.6
19621202,10.8
19621203,7.6
19621204,7.3
19621205,7.7
19621206,6.0
19621207,7.7
19621208,12.0
19621209,7.5
19621210,7.0
19621211,4.4
19621212,3.8
19621213,8.2
19621214,3.8
19621215,4.9
19621216,8.9
19621217,8.3
19621218,7.6
19621219,7.3
19621220,5.0
19621221,8.5
19621222,8.9
19621223,13.9
19621224,5.5
19621225,7.5
19621226,2.8
19621227,3.0
19621228,4.4
19621229,4.3
19621230,0.0
19621231,0.4
19630101,3.7
19630102,8.4
19630103,9.1
19630104,5.2
19630105,-1.9
19630106,-1.5
19630107,1.8
19630108,4.4
19630109,4.2
19630110,-1.8
19630111,1.8
19630112,3.4
19630113,4.4
19630114,4.4
19630115,-1.0
19630116,1.1
19630117,6.9
19630118,-0.4
19630119,-4.0
19630120,-6.8
19630121,0.2
19630122,-2.8
19630123,-4.8
19630124,-1.7
19630125,0.1
19630126,4.6
19630127,5.9
19630128,1.3
19630129,-0.8
19630130,-2.1
19630131,-1.6
19630201,-0.3
19630202,-1.8
19630203,1.7
19630204,2.8
19630205,3.2
19630206,4.2
19630207,1.5
19630208,2.7
19630209,5.4
19630210,4.9
19630211,3.2
19630212,6.7
19630213,9.0
19630214,10.1
19630215,5.2
19630216,0.9
19630217,6.9
19630218,10.6
19630219,5.6
19630220,5.3
19630221,8.1
19630222,14.6
19630223,11.4
19630224,10.7
19630225,7.3
19630226,5.1
19630227,11.8
19630228,18.5
19630301,12.9
19630302,9.7
19630303,7.8
19630304,5.3
19630305,7.7
19630306,11.6
19630307,7.7
19630308,3.8
19630309,4.6
19630310,9.0
19630311,10.0
19630312,12.6
19630313,13.6
19630314,12.3
19630315,16.8
19630316,17.7
19630317,20.1
19630318,21.1
19630319,22.5
19630320,18.1
19630321,11.4
19630322,11.1
19630323,12.7
19630324,18.7
19630325,20.0
19630326,18.5
19630327,15.1
19630328,15.9
19630329,17.2
19630330,18.6
19630331,16.6
19630401,16.9
19630402,17.1
19630403,13.3
19630404,12.2
19630405,10.2
19630406,13.1
19630407,10.1
19630408,13.7
19630409,21.7
19630410,27.1
19630411,25.9
19630412,19.1
19630413,17.0
19630414,17.4
19630415,16.2
19630416,17.4
19630417,18.3
19630418,21.8
19630419,18.6
19630420,19.5
19630421,20.3
19630422,17.3
19630423,22.0
19630424,22.8
19630425,26.2
19630426,22.3
19630427,15.9
19630428,17.3
19630429,20.2
19630430,23.8
19630501,26.0
19630502,24.8
19630503,22.7
19630504,23.6
19630505,17.9
19630506,19.6
19630507,23.5
19630508,26.6
19630509,27.5
19630510,27.5
19630511,29.4
19630512,28.3
19630513,22.6
19630514,24.6
19630515,29.3
19630516,29.8
19630517,30.0
19630518,29.0
19630519,23.2
19630520,23.6
19630521,29.3
19630522,26.0
19630523,17.7
19630524,22.0
19630525,21.9
19630526,22.2
19630527,27.0
19630528,28.4
19630529,27.5
19630530,31.5
19630531,29.3
19630601,29.8
19630602,30.0
19630603,30.3
19630604,32.1
19630605,32.7
19630606,29.2
19630607,27.7
19630608,28.1
19630609,33.0
19630610,33.9
19630611,37.9
19630612,36.2
19630613,36.2
19630614,32.8
19630615,33.1
19630616,31.6
19630617,29.0
19630618,29.3
19630619,30.8
19630620,35.1
19630621,30.7
19630622,37.0
19630623,39.0
19630624,35.2
19630625,34.6
19630626,34.8
19630627,35.4
19630628,33.1
19630629,34.4
19630630,34.5
19630701,36.9
19630702,31.3
19630703,31.7
19630704,34.7
19630705,36.1
19630706,31.5
19630707,32.1
19630708,35.3
19630709,29.3
19630710,32.6
19630711,30.8
19630712,27.8
19630713,32.6
19630714,34.8
19630715,34.2
19630716,34.4
19630717,34.9
19630718,32.2
19630719,31.8
19630720,35.4
19630721,35.1
19630722,32.0
19630723,29.7
19630724,30.7
19630725,30.1
19630726,32.7
19630727,32.2
19630728,32.4
19630729,33.6
19630730,32.6
19630731,32.4
19630801,32.6
19630802,32.1
19630803,31.5
19630804,28.2
19630805,29.0
19630806,26.9
19630807,25.4
19630808,24.9
19630809,24.7
19630810,29.3
19630811,32.7
19630812,33.8
19630813,34.0
19630814,30.5
19630815,31.1
19630816,29.4
19630817,30.5
19630818,29.9
19630819,26.6
19630820,30.7
19630821,30.2
19630822,30.1
19630823,31.2
19630824,31.3
19630825,30.8
19630826,30.8
19630827,32.3
19630828,33.4
19630829,31.5
19630830,32.9
19630831,28.1
19630901,29.9
19630902,30.4
19630903,30.4
19630904,32.3
19630905,30.2
19630906,29.1
19630907,26.9
19630908,27.0
19630909,29.5
19630910,27.4
19630911,24.4
19630912,26.5
19630913,27.6
19630914,27.2
19630915,27.7
19630916,23.5
19630917,29.7
19630918,25.9
19630919,24.1
19630920,27.1
19630921,26.6
19630922,26.6
19630923,24.6
19630924,19.7
19630925,21.5
19630926,22.0
19630927,25.1
19630928,22.3
19630929,26.0
19630930,24.1
19631001,23.7
19631002,20.2
19631003,19.2
19631004,20.9
19631005,23.6
19631006,20.6
19631007,21.7
19631008,20.9
19631009,26.7
19631010,20.3
19631011,17.2
19631012,20.1
19631013,20.6
19631014,22.9
19631015,19.1
19631016,15.1
19631017,18.3
19631018,20.0
19631019,18.9
19631020,15.1
19631021,21.7
19631022,21.0
19631023,15.4
19631024,15.2
19631025,14.8
19631026,15.6
19631027,17.2
19631028,19.2
19631029,18.4
19631030,21.1
19631031,16.3
19631101,15.7
19631102,15.9
19631103,10.2
19631104,15.7
19631105,13.3
19631106,15.6
19631107,12.2
19631108,7.1
19631109,10.5
19631110,7.9
19631111,13.6
19631112,16.2
19631113,15.6
19631114,13.5
19631115,11.6
19631116,14.7
19631117,7.6
19631118,8.0
19631119,15.7
19631120,11.1
19631121,4.2
19631122,9.7
19631123,6.7
19631124,6.3
19631125,3.0
19631126,2.4
19631127,8.5
19631128,7.5
19631129,5.1
19631130,3.9
19631201,5.6
19631202,5.9
19631203,4.3
19631204,5.8
19631205,1.4
19631206,5.7
19631207,3.2
19631208,5.6
19631209,2.4
19631210,5.2
19631211,6.2
19631212,3.1
19631213,-2.1
19631214,10.4
19631215,5.2
19631216,5.2
19631217,4.1
19631218,4.2
19631219,7.5
19631220,6.3
19631221,5.2
19631222,11.0
19631223,8.4
19631224,-2.3
19631225,-4.4
19631226,-1.3
19631227,1.1
19631228,3.2
19631229,3.1
19631230,3.4
19631231,2.4
19640101,1.9
19640102,2.9
19640103,-0.3
19640104,-0.9
19640105,3.2
19640106,4.3
19640107,0.4
19640108,3.3
19640109,1.2
19640110,-0.1
19640111,1.4
19640112,5.3
19640113,5.0
19640114,5.4
19640115,1.8
19640116,4.5
19640117,5.1
19640118,2.7
19640119,0.9
19640120,2.2
19640121,0.1
19640122,3.1
19640123,4.5
19640124,7.6
19640125,4.1
19640126,-0.4
19640127,0.7
19640128,4.4
19640129,-0.3
19640130,-3.4
19640131,-4.0
19640201,-3.3
19640202,-1.9
19640203,1.4
19640204,-2.7
19640205,-1.2
19640206,0.7
19640207,-2.7
19640208,-2.3
19640209,-2.6
19640210,-4.8
19640211,-5.3
19640212,-1.6
19640213,-1.3
19640214,-1.6
19640215,-2.4
19640216,-3.7
19640217,0.0
19640218,1.4
19640219,0.7
19640220,0.6
19640221,-1.5
19640222,-0.1
19640223,1.8
19640224,2.5
19640225,1.6
19640226,1.0
19640227,5.3
19640228,2.6
19640229,8.6
19640301,9.0
19640302,10.6
19640303,3.7
19640304,10.0
19640305,9.8
19640306,14.3
19640307,8.9
19640308,5.7
19640309,14.6
19640310,10.5
19640311,4.5
19640312,6.6
19640313,11.6
19640314,7.8
19640315,9.0
19640316,6.1
19640317,8.0
19640318,6.6
19640319,3.7
19640320,12.7
19640321,6.4
19640322,2.8
19640323,8.6
19640324,10.3
19640325,14.6
19640326,13.2
19640327,6.9
19640328,19.2
19640329,15.4
19640330,15.5
19640331,10.1
19640401,15.5
19640402,11.5
19640403,20.5
19640404,22.7
19640405,15.9
19640406,9.1
19640407,5.9
19640408,9.3
19640409,14.8
19640410,16.6
19640411,14.6
19640412,12.2
19640413,16.1
19640414,14.6
19640415,14.0
19640416,13.1
19640417,21.2
19640418,18.4
19640419,15.1
19640420,15.9
19640421,15.5
19640422,22.3
19640423,18.5
19640424,13.1
19640425,19.9
19640426,17.4
19640427,17.6
19640428,19.6
19640429,15.6
19640430,19.2
19640501,24.0
19640502,26.6
19640503,22.2
19640504,29.0
19640505,26.4
19640506,28.0
19640507,25.9
19640508,24.4
19640509,23.8
19640510,24.7
19640511,24.9
19640512,28.5
19640513,28.8
19640514,24.4
19640515,24.9
19640516,20.4
19640517,20.6
19640518,24.5
19640519,25.9
19640520,27.5
19640521,27.5
19640522,29.9
19640523,27.0
19640524,27.4
19640525,30.6
19640526,25.5
19640527,29.5
19640528,31.4
19640529,31.9
19640530,32.5
19640531,30.7
19640601,27.0
19640602,30.6
19640603,32.5
19640604,31.8
19640605,29.9
19640606,29.8
19640607,32.4
19640608,30.4
19640609,27.8
19640610,28.1
19640611,30.3
19640612,22.7
19640613,27.7
19640614,29.8
19640615,33.6
19640616,33.5
19640617,33.5
19640618,29.5
19640619,27.4
19640620,30.4
19640621,34.1
19640622,36.6
19640623,37.5
19640624,33.7
19640625,32.9
19640626,31.9
19640627,35.0
19640628,35.4
19640629,32.2
19640630,29.0
19640701,32.1
19640702,33.7
19640703,31.8
19640704,27.9
19640705,32.7
19640706,28.6
19640707,28.1
19640708,34.7
19640709,36.2
19640710,36.0
19640711,32.7
19640712,30.5
19640713,25.3
19640714,29.1
19640715,28.3
19640716,32.9
19640717,28.2
19640718,29.4
19640719,29.8
19640720,31.4
19640721,28.7
19640722,30.5
19640723,30.4
19640724,30.0
19640725,27.2
19640726,29.1
19640727,25.4
19640728,29.4
19640729,30.9
19640730,30.4
19640731,29.4
19640801,26.6
19640802,25.3
19640803,29.7
19640804,30.6
19640805,29.0
19640806,30.1
19640807,34.3
19640808,30.2
19640809,25.9
19640810,28.3
19640811,32.6
19640812,31.0
19640813,27.6
19640814,32.6
19640815,31.7
19640816,29.5
19640817,25.5
19640818,26.7
19640819,30.3
19640820,29.4
19640821,27.7
19640822,29.1
19640823,24.2
19640824,28.0
19640825,29.7
19640826,29.0
19640827,23.3
19640828,28.5
19640829,29.7
19640830,29.2
19640831,29.2
19640901,28.8
19640902,29.8
19640903,26.0
19640904,29.6
19640905,25.5
19640906,26.4
19640907,22.2
19640908,26.9
19640909,28.3
19640910,25.3
19640911,25.2
19640912,25.5
19640913,22.1
19640914,25.4
19640915,24.6
19640916,22.8
19640917,18.0
19640918,16.9
19640919,18.1
19640920,22.6
19640921,24.4
19640922,25.0
19640923,22.2
19640924,23.9
19640925,25.8
19640926,23.0
19640927,24.0
19640928,25.1
19640929,24.3
19640930,24.2
19641001,17.6
19641002,15.4
19641003,22.1
19641004,20.2
19641005,18.5
19641006,19.9
19641007,19.6
19641008,12.7
19641009,15.0
19641010,16.9
19641011,18.1
19641012,18.3
19641013,20.8
19641014,20.8
19641015,18.1
19641016,17.3
19641017,12.0
19641018,14.5
19641019,11.3
19641020,16.4
19641021,13.3
19641022,13.1
19641023,12.6
19641024,14.5
19641025,15.2
19641026,16.7
19641027,15.6
19641028,11.5
19641029,10.7
19641030,12.6
19641031,13.3
19641101,11.7
19641102,10.6
19641103,11.5
19641104,15.0
19641105,13.6
19641106,15.4
19641107,13.5
19641108,12.6
19641109,13.6
19641110,15.0
19641111,11.7
19641112,8.6
19641113,9.0
19641114,8.5
19641115,10.6
19641116,9.7
19641117,11.5
19641118,11.5
19641119,11.1
19641120,15.3
19641121,12.2
19641122,15.5
19641123,19.5
19641124,12.2
19641125,10.8
19641126,5.9
19641127,14.1
19641128,9.2
19641129,6.6
19641130,1.2
19641201,3.3
19641202,4.0
19641203,6.9
19641204,7.4
19641205,3.8
19641206,1.6
19641207,6.1
19641208,3.3
19641209,-0.3
19641210,0.6
19641211,-1.1
19641212,1.1
19641213,3.5
19641214,5.2
19641215,6.1
19641216,5.4
19641217,2.8
19641218,5.3
19641219,5.4
19641220,5.1
19641221,5.7
19641222,6.6
19641223,3.3
19641224,5.6
19641225,3.8
19641226,5.3
19641227,1.2
19641228,2.7
19641229,4.6
19641230,2.0
19641231,6.0
19650101,1.6
19650102,-0.3
19650103,0.7
19650104,-1.3
19650105,1.2
19650106,3.5
19650107,3.2
19650108,4.5
19650109,2.6
19650110,1.2
19650111,-4.1
19650112,-4.9
19650113,-2.9
19650114,0.6
19650115,1.4
19650116,-1.4
19650117,2.8
19650118,3.3
19650119,4.6
19650120,4.6
19650121,4.8
19650122,3.9
19650123,2.6
19650124,1.9
19650125,3.1
19650126,8.0
19650127,5.1
19650128,5.6
19650129,3.7
19650130,0.0
19650131,1.2
19650201,2.5
19650202,-0.1
19650203,1.0
19650204,5.0
19650205,4.2
19650206,10.7
19650207,10.5
19650208,11.3
19650209,9.6
19650210,7.2
19650211,7.7
19650212,1.5
19650213,4.6
19650214,6.0
19650215,7.7
19650216,9.5
19650217,2.8
19650218,3.4
19650219,5.6
19650220,3.3
19650221,1.9
19650222,5.7
19650223,6.5
19650224,4.7
19650225,0.5
19650226,5.5
19650227,9.2
19650228,7.5
19650301,5.9
19650302,10.0
19650303,4.6
19650304,3.8
19650305,4.1
19650306,6.1
19650307,11.0
19650308,12.6
19650309,8.2
19650310,8.8
19650311,18.6
19650312,13.3
19650313,13.2
19650314,13.5
19650315,9.9
19650316,11.4
19650317,13.1
19650318,15.5
19650319,12.6
19650320,14.3
19650321,14.8
19650322,15.7
19650323,18.9
19650324,13.7
19650325,9.2
19650326,9.5
19650327,11.5
19650328,16.7
19650329,19.8
19650330,22.4
19650331,16.4
19650401,17.9
19650402,17.0
19650403,10.7
19650404,13.6
19650405,14.5
19650406,18.2
19650407,18.6
19650408,21.5
19650409,17.5
19650410,18.0
19650411,25.9
19650412,20.8
19650413,21.1
19650414,24.0
19650415,30.9
19650416,25.1
19650417,15.5
19650418,9.4
19650419,18.2
19650420,13.1
19650421,16.6
19650422,13.8
19650423,21.5
19650424,22.5
19650425,25.8
19650426,17.3
19650427,12.9
19650428,12.8
19650429,12.2
19650430,16.0
19650501,17.6
19650502,21.0
19650503,23.6
19650504,19.6
19650505,23.4
19650506,25.1
19650507,30.6
19650508,31.4
19650509,25.9
19650510,27.3
19650511,30.0
19650512,23.8
19650513,25.0
19650514,30.6
19650515,31.4
19650516,26.6
19650517,27.1
19650518,30.1
19650519,29.9
19650520,28.3
19650521,33.4
19650522,37.5
19650523,31.6
19650524,29.4
19650525,33.0
19650526,32.4
19650527,30.9
19650528,35.6
19650529,36.3
19650530,35.6
19650531,35.1
19650601,27.5
19650602,24.9
19650603,30.8
19650604,34.4
19650605,35.3
19650606,32.1
19650607,28.6
19650608,27.6
19650609,26.7
19650610,28.9
19650611,27.6
19650612,29.2
19650613,33.4
19650614,28.1
19650615,25.1
19650616,28.6
19650617,31.1
19650618,34.1
19650619,32.7
19650620,31.7
19650621,35.1
19650622,35.8
19650623,37.8
19650624,38.3
19650625,37.8
19650626,34.5
19650627,35.8
19650628,32.7
19650629,36.5
19650630,33.5
19650701,35.6
19650702,38.5
19650703,33.0
19650704,32.6
19650705,35.5
19650706,33.8
19650707,30.3
19650708,32.9
19650709,30.6
19650710,31.7
19650711,34.6
19650712,33.4
19650713,34.0
19650714,33.6
19650715,35.3
19650716,33.0
19650717,37.3
19650718,36.0
19650719,33.9
19650720,31.4
19650721,30.0
19650722,34.2
19650723,30.2
19650724,34.7
19650725,29.3
19650726,27.9
19650727,31.2
19650728,33.3
19650729,37.2
19650730,37.2
19650731,36.3
19650801,29.3
19650802,31.9
19650803,31.9
19650804,30.3
19650805,28.9
19650806,32.9
19650807,35.0
19650808,32.4
19650809,33.0
19650810,29.7
19650811,26.8
19650812,31.9
19650813,33.4
19650814,34.2
19650815,28.6
19650816,28.6
19650817,28.1
19650818,29.5
19650819,28.0
19650820,28.4
19650821,29.0
19650822,31.5
19650823,31.4
19650824,33.1
19650825,32.5
19650826,33.2
19650827,29.2
19650828,28.5
19650829,27.5
19650830,26.9
19650831,29.5
19650901,30.3
19650902,30.9
19650903,30.1
19650904,26.8
19650905,25.5
19650906,27.4
19650907,29.7
19650908,29.4
19650909,22.1
19650910,24.9
19650911,27.1
19650912,23.1
19650913,27.9
19650914,27.2
19650915,25.7
19650916,27.0
19650917,27.7
19650918,30.5
19650919,27.7
19650920,27.5
19650921,30.2
19650922,28.9
19650923,29.0
19650924,30.4
19650925,24.0
19650926,23.3
19650927,24.7
19650928,27.0
19650929,29.7
19650930,29.6
19651001,28.2
19651002,27.0
19651003,26.4
19651004,20.7
19651005,21.4
19651006,23.7
19651007,22.1
19651008,23.9
19651009,25.7
19651010,24.4
19651011,23.9
19651012,18.6
19651013,16.4
19651014,18.6
19651015,18.7
19651016,21.2
19651017,23.9
19651018,26.1
19651019,25.1
19651020,18.8
19651021,16.6
19651022,20.0
19651023,22.0
19651024,22.6
19651025,22.0
19651026,20.7
19651027,24.0
19651028,23.6
19651029,17.5
19651030,18.9
19651031,14.1
19651101,11.3
19651102,17.0
19651103,18.0
19651104,14.9
19651105,17.8
19651106,14.9
19651107,15.9
19651108,8.8
19651109,9.5
19651110,6.1
19651111,8.7
19651112,6.8
19651113,13.4
19651114,13.8
19651115,14.6
19651116,8.8
19651117,10.2
19651118,9.7
19651119,15.0
19651120,7.4
19651121,7.5
19651122,10.0
19651123,14.0
19651124,7.6
19651125,5.8
19651126,9.6
19651127,11.7
19651128,10.0
19651129,6.5
19651130,1.5
19651201,3.6
19651202,7.4
19651203,7.4
19651204,1.5
19651205,-0.2
19651206,2.3
19651207,7.0
19651208,8.8
19651209,6.2
19651210,9.4
19651211,8.5
19651212,4.6
19651213,2.6
19651214,4.9
19651215,-1.4
19651216,-5.3
19651217,0.6
19651218,3.8
19651219,4.4
19651220,6.1
19651221,6.4
19651222,3.2
19651223,2.7
19651224,-0.6
19651225,2.8
19651226,4.6
19651227,2.0
19651228,3.7
19651229,-0.9
19651230,-3.2
19651231,-1.2
19660101,0.6
19660102,0.5
19660103,5.5
19660104,8.3
19660105,7.8
19660106,5.8
19660107,2.2
19660108,-0.2
19660109,-0.3
19660110,0.9
19660111,0.1
19660112,1.7
19660113,1.7
19660114,4.8
19660115,6.4
19660116,4.1
19660117,-2.1
19660118,-1.2
19660119,-2.9
19660120,-3.5
19660121,-0.7
19660122,0.3
19660123,-1.2
19660124,-3.6
19660125,1.0
19660126,-3.7
19660127,-1.4
19660128,2.0
19660129,2.3
19660130,3.5
19660131,8.0
19660201,5.1
19660202,6.0
19660203,3.3
19660204,0.5
19660205,1.2
19660206,3.3
19660207,5.6
19660208,8.9
19660209,9.7
19660210,7.1
19660211,3.2
19660212,9.2
19660213,13.9
19660214,7.2
19660215,12.6
19660216,9.0
19660217,8.3
19660218,5.5
19660219,6.4
19660220,3.0
19660221,-5.0
19660222,-4.3
19660223,-4.9
19660224,-6.6
19660225,1.1
19660226,3.3
19660227,7.6
19660228,15.7
19660301,13.5
19660302,14.4
19660303,3.5
19660304,10.2
19660305,6.3
19660306,0.4
19660307,2.1
19660308,-0.4
19660309,4.1
19660310,11.1
19660311,16.1
19660312,17.2
19660313,11.8
19660314,7.5
19660315,15.4
19660316,8.1
19660317,3.6
19660318,5.7
19660319,6.6
19660320,9.3
19660321,7.0
19660322,11.0
19660323,12.9
19660324,8.6
19660325,10.7
19660326,12.2
19660327,9.1
19660328,13.4
19660329,13.0
19660330,13.2
19660331,16.4
19660401,20.2
19660402,18.9
19660403,14.3
19660404,14.1
19660405,17.8
19660406,14.6
19660407,10.6
19660408,13.3
19660409,12.5
19660410,12.0
19660411,20.0
19660412,21.3
19660413,25.0
19660414,19.0
19660415,14.2
19660416,21.2
19660417,18.0
19660418,15.5
19660419,24.4
19660420,22.6
19660421,27.2
19660422,22.2
19660423,22.7
19660424,23.4
19660425,19.2
19660426,22.2
19660427,19.9
19660428,24.6
19660429,22.9
19660430,18.9
19660501,16.7
19660502,24.0
19660503,32.4
19660504,22.2
19660505,24.2
19660506,24.4
19660507,27.2
19660508,27.7
19660509,26.5
19660510,26.9
19660511,28.9
19660512,29.7
19660513,26.9
19660514,27.5
19660515,30.1
19660516,33.7
19660517,32.4
19660518,30.4
19660519,28.9
19660520,28.2
19660521,24.2
19660522,25.1
19660523,27.0
19660524,26.0
19660525,29.9
19660526,25.0
19660527,25.7
19660528,28.3
19660529,29.8
19660530,24.0
19660531,26.4
19660601,31.2
19660602,27.4
19660603,24.8
19660604,25.1
19660605,30.4
19660606,34.4
19660607,30.3
19660608,29.9
19660609,32.4
19660610,34.9
19660611,36.3
19660612,34.6
19660613,32.5
19660614,32.9
19660615,33.9
19660616,35.7
19660617,30.1
19660618,32.5
19660619,31.7
19660620,34.2
19660621,35.0
19660622,29.8
19660623,25.3
19660624,23.5
19660625,25.2
19660626,30.0
19660627,30.9
19660628,26.6
19660629,27.0
19660630,25.1
19660701,30.2
19660702,33.8
19660703,30.5
19660704,28.7
19660705,23.8
19660706,28.0
19660707,32.7
19660708,34.7
19660709,37.5
19660710,30.6
19660711,28.0
19660712,28.4
19660713,29.2
19660714,30.4
19660715,27.9
19660716,32.2
19660717,33.4
19660718,32.7
19660719,29.4
19660720,33.8
19660721,31.0
19660722,28.1
19660723,30.7
19660724,30.0
19660725,29.4
19660726,25.9
19660727,29.7
19660728,28.0
19660729,32.6
19660730,28.6
19660731,29.3
19660801,28.4
19660802,32.8
19660803,30.0
19660804,32.7
19660805,33.9
19660806,33.9
19660807,31.7
19660808,28.7
19660809,31.0
19660810,32.0
19660811,32.1
19660812,32.9
19660813,31.7
19660814,27.0
19660815,25.0
19660816,22.8
19660817,30.6
19660818,28.3
19660819,28.6
19660820,28.5
19660821,28.7
19660822,23.5
19660823,29.2
19660824,29.2
19660825,29.1
19660826,28.2
19660827,30.2
19660828,29.9
19660829,30.7
19660830,31.2
19660831,27.3
19660901,22.9
19660902,23.6
19660903,19.9
19660904,24.0
19660905,27.0
19660906,29.3
19660907,22.3
19660908,25.2
19660909,26.9
19660910,25.7
19660911,24.7
19660912,27.5
19660913,26.5
19660914,23.1
19660915,27.9
19660916,28.3
19660917,26.5
19660918,26.4
19660919,26.4
19660920,26.6
19660921,23.5
19660922,26.7
19660923,26.2
19660924,27.5
19660925,27.8
19660926,27.4
19660927,28.0
19660928,28.3
19660929,28.2
19660930,28.7
19661001,29.8
19661002,23.6
19661003,20.2
19661004,20.9
19661005,14.5
19661006,19.0
19661007,22.0
19661008,24.1
19661009,24.9
19661010,23.1
19661011,24.1
19661012,23.7
19661013,18.4
19661014,14.8
19661015,18.1
19661016,17.9
19661017,21.0
19661018,22.0
19661019,23.7
19661020,17.4
19661021,18.1
19661022,19.7
19661023,14.4
19661024,16.2
19661025,20.5
19661026,18.9
19661027,14.3
19661028,13.0
19661029,19.2
19661030,20.1
19661031,20.0
19661101,18.8
19661102,16.2
19661103,15.7
19661104,17.5
19661105,9.5
19661106,12.9
19661107,13.8
19661108,16.4
19661109,12.5
19661110,16.0
19661111,16.1
19661112,12.2
19661113,10.5
19661114,8.2
19661115,8.6
19661116,13.8
19661117,8.4
19661118,11.0
19661119,7.2
19661120,3.7
19661121,4.3
19661122,4.0
19661123,8.7
19661124,9.8
19661125,5.1
19661126,6.5
19661127,10.2
19661128,10.0
19661129,3.2
19661130,-5.4
19661201,0.7
19661202,3.4
19661203,1.3
19661204,4.3
19661205,2.9
19661206,3.7
19661207,4.4
19661208,1.8
19661209,3.1
19661210,4.9
19661211,6.5
19661212,3.8
19661213,2.5
19661214,1.8
19661215,3.7
19661216,-1.5
19661217,1.6
19661218,0.4
19661219,3.2
19661220,-1.6
19661221,-3.0
19661222,-4.5
19661223,-3.5
19661224,-3.0
19661225,-3.4
19661226,-6.3
19661227,-4.2
19661228,-1.4
19661229,-4.9
19661230,-1.4
19661231,0.2
19670101,-1.3
19670102,-4.5
19670103,-1.8
19670104,2.9
19670105,4.7
19670106,4.0
19670107,0.2
19670108,-0.9
19670109,1.8
19670110,3.6
19670111,1.8
19670112,2.8
19670113,-1.2
19670114,-6.1
19670115,-6.0
19670116,3.3
19670117,4.4
19670118,6.3
19670119,7.8
19670120,4.3
19670121,10.1
19670122,5.0
19670123,9.0
19670124,10.2
19670125,9.5
19670126,1.6
19670127,1.8
19670128,3.5
19670129,3.6
19670130,-1.2
19670131,-0.2
19670201,-0.4
19670202,3.3
19670203,4.5
19670204,6.8
19670205,7.5
19670206,7.3
19670207,2.5
19670208,0.7
19670209,-2.5
19670210,-2.2
19670211,0.0
19670212,2.5
19670213,1.2
19670214,1.0
19670215,6.3
19670216,2.8
19670217,2.9
19670218,6.4
19670219,0.5
19670220,0.8
19670221,3.8
19670222,4.5
19670223,2.8
19670224,6.9
19670225,3.4
19670226,6.9
19670227,6.3
19670228,9.4
19670301,12.8
19670302,12.6
19670303,10.4
19670304,1.4
19670305,4.3
19670306,4.8
19670307,7.1
19670308,8.9
19670309,10.9
19670310,9.1
19670311,9.5
19670312,15.4
19670313,16.7
19670314,13.9
19670315,11.6
19670316,15.9
19670317,15.2
19670318,16.2
19670319,18.0
19670320,11.5
19670321,5.5
19670322,10.0
19670323,13.1
19670324,17.9
19670325,18.4
19670326,11.0
19670327,14.8
19670328,17.0
19670329,17.2
19670330,15.6
19670331,23.5
19670401,16.5
19670402,14.8
19670403,14.6
19670404,19.9
19670405,21.0
19670406,15.5
19670407,13.7
19670408,11.1
19670409,14.5
19670410,13.1
19670411,13.3
19670412,18.6
19670413,24.5
19670414,17.8
19670415,14.3
19670416,16.4
19670417,19.1
19670418,18.3
19670419,21.4
19670420,23.4
19670421,25.6
19670422,23.9
19670423,26.4
19670424,25.9
19670425,20.0
19670426,20.9
19670427,24.0
19670428,22.8
19670429,19.8
19670430,26.8
19670501,29.1
19670502,26.3
19670503,26.7
19670504,28.8
19670505,27.1
19670506,28.7
19670507,28.5
19670508,24.1
19670509,29.9
19670510,33.7
19670511,34.2
19670512,33.3
19670513,33.3
19670514,27.2
19670515,29.7
19670516,29.0
19670517,23.3
19670518,26.2
19670519,25.7
19670520,24.4
19670521,21.9
19670522,25.2
19670523,29.0
19670524,32.5
19670525,28.2
19670526,30.9
19670527,33.4
19670528,34.7
19670529,30.8
19670530,33.5
19670531,34.6
19670601,28.2
19670602,27.7
19670603,33.0
19670604,32.7
19670605,35.2
19670606,29.6
19670607,21.5
19670608,19.4
19670609,29.1
19670610,29.2
19670611,31.5
19670612,31.8
19670613,32.2
19670614,29.6
19670615,28.6
19670616,30.0
19670617,32.8
19670618,32.2
19670619,30.9
19670620,33.0
19670621,32.3
19670622,34.7
19670623,35.8
19670624,29.4
19670625,29.5
19670626,30.4
19670627,29.1
19670628,26.5
19670629,27.9
19670630,25.2
19670701,23.6
19670702,28.6
19670703,31.9
19670704,27.1
19670705,26.2
19670706,27.7
19670707,28.5
19670708,26.9
19670709,27.9
19670710,31.6
19670711,29.3
19670712,29.2
19670713,33.6
19670714,33.9
19670715,32.5
19670716,32.9
19670717,32.1
19670718,29.3
19670719,35.8
19670720,30.1
19670721,28.5
19670722,29.6
19670723,30.1
19670724,30.0
19670725,28.9
19670726,31.2
19670727,33.0
19670728,31.6
19670729,30.7
19670730,32.3
19670731,30.3
19670801,33.6
19670802,30.1
19670803,30.8
19670804,28.4
19670805,26.4
19670806,30.1
19670807,33.4
19670808,35.8
19670809,31.8
19670810,26.4
19670811,27.6
19670812,28.5
19670813,32.0
19670814,29.2
19670815,30.4
19670816,31.5
19670817,31.5
19670818,29.7
19670819,28.5
19670820,27.2
19670821,31.2
19670822,29.5
19670823,29.7
19670824,30.1
19670825,27.1
19670826,28.0
19670827,31.1
19670828,31.9
19670829,30.9
19670830,26.9
19670831,24.8
19670901,25.3
19670902,24.5
19670903,26.4
19670904,27.6
19670905,24.5
19670906,24.4
19670907,26.9
19670908,28.2
19670909,23.0
19670910,22.2
19670911,26.2
19670912,26.0
19670913,25.6
19670914,24.4
19670915,24.7
19670916,25.5
19670917,26.7
19670918,27.1
19670919,25.2
19670920,26.4
19670921,25.5
19670922,24.2
19670923,25.1
19670924,26.7
19670925,26.9
19670926,26.9
19670927,22.4
19670928,17.8
19670929,15.2
19670930,19.6
19671001,19.9
19671002,23.2
19671003,22.3
19671004,24.0
19671005,25.2
19671006,22.9
19671007,24.5
19671008,24.7
19671009,23.7
19671010,23.5
19671011,21.2
19671012,21.0
19671013,15.8
19671014,17.7
19671015,19.6
19671016,17.2
19671017,20.4
19671018,23.7
19671019,22.4
19671020,20.5
19671021,21.9
19671022,25.4
19671023,20.4
19671024,16.8
19671025,13.0
19671026,12.4
19671027,18.6
19671028,19.4
19671029,19.1
19671030,13.6
19671031,11.4
19671101,11.4
19671102,12.2
19671103,15.4
19671104,13.4
19671105,15.9
19671106,15.5
19671107,9.2
19671108,9.3
19671109,2.9
19671110,4.2
19671111,4.8
19671112,5.0
19671113,6.3
19671114,7.6
19671115,6.0
19671116,7.5
19671117,9.7
19671118,8.6
19671119,7.2
19671120,3.5
19671121,3.0
19671122,1.2
19671123,2.3
19671124,2.3
19671125,5.8
19671126,6.5
19671127,3.9
19671128,4.6
19671129,2.0
19671130,0.0
19671201,1.6
19671202,0.6
19671203,3.2
19671204,0.1
19671205,-0.2
19671206,-2.7
19671207,-6.0
19671208,-3.7
19671209,-1.9
19671210,1.0
19671211,1.6
19671212,1.6
19671213,3.8
19671214,1.5
19671215,5.3
19671216,5.8
19671217,4.6
19671218,3.8
19671219,2.1
19671220,0.0
19671221,-0.7
19671222,-2.8
19671223,-0.7
19671224,0.9
19671225,-1.0
19671226,-3.1
19671227,-8.3
19671228,-8.5
19671229,-5.3
19671230,0.7
19671231,2.3
19680101,4.2
19680102,2.0
19680103,5.3
19680104,6.5
19680105,4.1
19680106,6.0
19680107,1.6
19680108,1.2
19680109,3.8
19680110,5.6
19680111,5.6
19680112,5.1
19680113,0.1
19680114,-2.6
19680115,2.5
19680116,4.8
19680117,2.2
19680118,-1.3
19680119,-2.6
19680120,-3.0
19680121,0.8
19680122,0.4
19680123,-0.7
19680124,-0.9
19680125,-0.1
19680126,0.7
19680127,-1.5
19680128,1.3
19680129,-1.4
19680130,-2.2
19680131,-1.4
19680201,-0.2
19680202,0.6
19680203,-2.2
19680204,-2.4
19680205,-2.7
19680206,-1.9
19680207,-0.2
19680208,-0.6
19680209,1.5
19680210,1.0
19680211,1.8
19680212,7.0
19680213,3.2
19680214,2.7
19680215,6.6
19680216,3.7
19680217,2.3
19680218,-0.3
19680219,-4.7
19680220,-3.8
19680221,-2.0
19680222,3.5
19680223,4.8
19680224,6.2
19680225,5.9
19680226,8.2
19680227,7.6
19680228,6.4
19680229,5.1
19680301,6.1
19680302,9.1
19680303,9.8
19680304,8.5
19680305,8.2
19680306,11.0
19680307,9.1
19680308,9.8
19680309,11.5
19680310,12.2
19680311,12.1
19680312,16.1
19680313,14.1
19680314,16.6
19680315,15.4
19680316,11.3
19680317,14.0
19680318,16.0
19680319,17.5
19680320,16.4
19680321,16.1
19680322,10.1
19680323,12.1
19680324,10.0
19680325,11.9
19680326,11.9
19680327,17.1
19680328,13.8
19680329,17.0
19680330,23.2
19680331,20.6
19680401,21.6
19680402,20.2
19680403,25.4
19680404,20.8
19680405,22.2
19680406,24.2
19680407,20.8
19680408,15.2
19680409,15.3
19680410,17.1
19680411,16.0
19680412,20.0
19680413,23.1
19680414,20.3
19680415,15.8
19680416,17.5
19680417,21.4
19680418,22.7
19680419,24.2
19680420,26.5
19680421,21.4
19680422,22.9
19680423,24.0
19680424,18.9
19680425,20.4
19680426,23.9
19680427,23.8
19680428,25.9
19680429,29.4
19680430,25.6
19680501,24.5
19680502,29.2
19680503,28.7
19680504,28.3
19680505,21.7
19680506,19.7
19680507,24.7
19680508,25.9
19680509,27.3
19680510,27.4
19680511,29.9
19680512,26.1
19680513,33.6
19680514,38.3
19680515,33.3
19680516,30.4
19680517,25.0
19680518,27.7
19680519,33.0
19680520,36.9
19680521,29.0
19680522,25.7
19680523,18.6
19680524,28.2
19680525,26.2
19680526,22.7
19680527,26.4
19680528,27.1
19680529,31.4
19680530,33.6
19680531,29.9
19680601,30.1
19680602,33.0
19680603,37.0
19680604,33.2
19680605,40.1
19680606,35.0
19680607,29.4
19680608,32.1
19680609,30.5
19680610,30.1
19680611,33.3
19680612,28.6
19680613,29.7
19680614,31.0
19680615,33.4
19680616,36.2
19680617,34.1
19680618,32.6
19680619,28.4
19680620,30.0
19680621,29.7
19680622,33.7
19680623,35.9
19680624,36.2
19680625,36.1
19680626,34.9
19680627,26.3
19680628,33.0
19680629,35.5
19680630,36.3
19680701,34.9
19680702,38.7
19680703,36.0
19680704,35.0
19680705,36.3
19680706,32.2
19680707,30.4
19680708,34.1
19680709,36.0
19680710,36.0
19680711,36.7
19680712,34.6
19680713,30.7
19680714,28.9
19680715,31.4
19680716,28.0
19680717,30.9
19680718,31.2
19680719,29.9
19680720,31.4
19680721,31.0
19680722,28.9
19680723,31.9
19680724,34.5
19680725,33.9
19680726,33.1
19680727,30.1
19680728,26.7
19680729,28.6
19680730,33.8
19680731,34.4
19680801,34.1
19680802,34.0
19680803,32.1
19680804,33.3
19680805,28.4
19680806,23.4
19680807,27.0
19680808,28.7
19680809,29.6
19680810,30.1
19680811,28.9
19680812,25.9
19680813,29.7
19680814,27.4
19680815,29.9
19680816,32.4
19680817,32.1
19680818,25.1
19680819,30.0
19680820,32.7
19680821,30.7
19680822,30.5
19680823,32.5
19680824,30.3
19680825,27.7
19680826,31.3
19680827,33.1
19680828,30.3
19680829,31.4
19680830,28.4
19680831,27.5
19680901,29.7
19680902,29.3
19680903,29.4
19680904,27.8
19680905,30.9
19680906,27.0
19680907,26.4
19680908,29.5
19680909,31.2
19680910,26.2
19680911,28.7
19680912,30.5
19680913,29.6
19680914,29.7
19680915,31.0
19680916,29.0
19680917,23.1
19680918,18.4
19680919,23.6
19680920,21.0
19680921,22.0
19680922,23.5
19680923,24.1
19680924,25.4
19680925,25.5
19680926,26.4
19680927,21.1
19680928,16.8
19680929,20.7
19680930,24.1
19681001,24.4
19681002,25.9
19681003,25.7
19681004,27.2
19681005,21.3
19681006,16.7
19681007,16.0
19681008,11.3
19681009,17.5
19681010,12.8
19681011,15.7
19681012,15.3
19681013,18.6
19681014,20.5
19681015,18.9
19681016,17.0
19681017,13.9
19681018,15.9
19681019,16.9
19681020,14.0
19681021,19.7
19681022,14.8
19681023,14.5
19681024,13.2
19681025,18.5
19681026,18.1
19681027,15.7
19681028,17.4
19681029,18.1
19681030,18.4
19681031,18.4
19681101,19.4
19681102,17.1
19681103,13.1
19681104,13.8
19681105,15.7
19681106,16.4
19681107,13.1
19681108,7.0
19681109,0.4
19681110,4.8
19681111,7.9
19681112,9.8
19681113,11.0
19681114,9.4
19681115,12.0
19681116,11.2
19681117,8.9
19681118,11.0
19681119,12.8
19681120,11.0
19681121,9.0
19681122,6.3
19681123,11.5
19681124,9.0
19681125,10.1
19681126,11.0
19681127,9.2
19681128,5.5
19681129,1.0
19681130,11.6
19681201,11.4
19681202,12.2
19681203,7.6
19681204,8.5
19681205,4.5
19681206,7.3
19681207,5.8
19681208,7.8
19681209,8.2
19681210,4.7
19681211,7.6
19681212,1.1
19681213,-1.2
19681214,-4.5
19681215,-1.7
19681216,1.7
19681217,-0.4
19681218,-0.6
19681219,-1.5
19681220,1.1
19681221,0.0
19681222,2.3
19681223,5.5
19681224,2.8
19681225,4.5
19681226,1.8
19681227,2.2
19681228,-2.7
19681229,-3.3
19681230,-4.2
19681231,-6.7
19690101,-6.3
19690102,-7.0
19690103,-4.7
19690104,-0.8
19690105,-3.3
19690106,-4.2
19690107,-0.6
19690108,0.5
19690109,-4.2
19690110,0.7
19690111,-3.1
19690112,-1.4
19690113,-0.1
19690114,-1.4
19690115,0.8
19690116,0.6
19690117,3.8
19690118,10.2
19690119,2.5
19690120,-1.4
19690121,-0.7
19690122,1.9
19690123,-0.5
19690124,-2.0
19690125,-1.8
19690126,-1.5
19690127,-3.4
19690128,-4.9
19690129,-4.0
19690130,-4.6
19690131,-1.7
19690201,-2.2
19690202,-6.6
19690203,-1.9
19690204,-2.5
19690205,1.0
19690206,4.6
19690207,7.4
19690208,10.7
19690209,10.7
19690210,10.4
19690211,5.8
19690212,9.4
19690213,3.2
19690214,-3.5
19690215,-6.4
19690216,0.4
19690217,-1.1
19690218,-2.2
19690219,-5.0
19690220,-4.5
19690221,-2.0
19690222,-3.6
19690223,-7.6
19690224,-6.9
19690225,-2.6
19690226,-3.9
19690227,0.7
19690228,0.9
19690301,4.2
19690302,1.8
19690303,1.7
19690304,0.8
19690305,2.8
19690306,6.9
19690307,11.8
19690308,5.6
19690309,2.5
19690310,-0.3
19690311,-3.9
19690312,2.6
19690313,4.7
19690314,3.9
19690315,2.7
19690316,9.6
19690317,10.0
19690318,7.6
19690319,7.8
19690320,11.2
19690321,7.2
19690322,9.5
19690323,13.5
19690324,16.5
19690325,18.6
19690326,21.7
19690327,14.2
19690328,7.0
19690329,9.9
19690330,12.5
19690331,13.0
19690401,8.2
19690402,7.9
19690403,6.2
19690404,12.0
19690405,16.0
19690406,16.5
19690407,13.6
19690408,20.0
19690409,18.5
19690410,21.7
19690411,24.8
19690412,25.7
19690413,28.5
19690414,17.8
19690415,15.7
19690416,15.8
19690417,22.1
19690418,21.5
19690419,14.8
19690420,10.9
19690421,22.0
19690422,16.9
19690423,16.0
19690424,18.8
19690425,20.7
19690426,24.7
19690427,23.6
19690428,25.3
19690429,25.3
19690430,26.7
19690501,28.1
19690502,23.1
19690503,20.2
19690504,26.5
19690505,25.2
19690506,24.5
19690507,26.7
19690508,27.4
19690509,27.7
19690510,24.4
19690511,16.7
19690512,20.4
19690513,18.7
19690514,24.8
19690515,28.7
19690516,25.6
19690517,25.7
19690518,23.4
19690519,26.8
19690520,26.9
19690521,33.5
19690522,28.3
19690523,25.1
19690524,31.1
19690525,25.5
19690526,21.8
19690527,26.0
19690528,25.7
19690529,27.3
19690530,23.9
19690531,28.4
19690601,27.9
19690602,30.0
19690603,27.2
19690604,22.7
19690605,26.1
19690606,26.3
19690607,26.2
19690608,31.6
19690609,31.4
19690610,27.9
19690611,24.9
19690612,28.4
19690613,31.9
19690614,33.0
19690615,29.1
19690616,20.5
19690617,27.8
19690618,27.4
19690619,30.5
19690620,29.4
19690621,29.6
19690622,31.6
19690623,33.0
19690624,34.5
19690625,33.3
19690626,32.1
19690627,34.5
19690628,35.0
19690629,33.8
19690630,30.4
19690701,32.3
19690702,35.9
19690703,30.8
19690704,26.7
19690705,28.7
19690706,25.4
19690707,26.2
19690708,27.2
19690709,25.2
19690710,21.1
19690711,26.6
19690712,27.2
19690713,29.5
19690714,28.3
19690715,28.4
19690716,28.8
19690717,27.7
19690718,32.5
19690719,32.3
19690720,25.3
19690721,29.5
19690722,31.3
19690723,30.4
19690724,31.7
19690725,31.3
19690726,32.5
19690727,29.4
19690728,28.8
19690729,25.8
19690730,31.4
19690731,30.2
19690801,23.0
19690802,26.8
19690803,31.5
19690804,31.0
19690805,29.9
19690806,29.8
19690807,26.8
19690808,28.3
19690809,26.5
19690810,31.0
19690811,26.7
19690812,31.9
19690813,32.7
19690814,30.8
19690815,31.0
19690816,26.7
19690817,29.3
19690818,29.9
19690819,30.6
19690820,30.0
19690821,29.3
19690822,29.8
19690823,31.5
19690824,32.3
19690825,29.5
19690826,30.1
19690827,30.7
19690828,25.4
19690829,26.3
19690830,23.5
19690831,26.2
19690901,28.6
19690902,24.9
19690903,28.2
19690904,26.9
19690905,28.4
19690906,31.0
19690907,24.7
19690908,22.7
19690909,26.0
19690910,29.2
19690911,31.0
19690912,30.2
19690913,29.7
19690914,29.3
19690915,29.7
19690916,30.1
19690917,24.9
19690918,22.5
19690919,25.5
19690920,24.7
19690921,22.8
19690922,22.5
19690923,22.6
19690924,22.6
19690925,25.4
19690926,16.7
19690927,18.2
19690928,15.8
19690929,15.7
19690930,19.0
19691001,16.0
19691002,17.7
19691003,20.4
19691004,16.1
19691005,15.4
19691006,14.7
19691007,18.6
19691008,15.2
19691009,17.2
19691010,15.8
19691011,19.6
19691012,20.3
19691013,21.0
19691014,22.4
19691015,22.7
19691016,21.7
19691017,19.3
19691018,20.5
19691019,17.0
19691020,20.7
19691021,21.2
19691022,16.3
19691023,10.9
19691024,11.9
19691025,16.0
19691026,18.6
19691027,18.2
19691028,21.2
19691029,14.0
19691030,22.2
19691031,16.8
19691101,9.2
19691102,9.4
19691103,7.4
19691104,9.6
19691105,13.4
19691106,17.6
19691107,16.2
19691108,16.8
19691109,12.1
19691110,8.8
19691111,12.4
19691112,13.9
19691113,14.4
19691114,12.1
19691115,5.2
19691116,3.5
19691117,2.7
19691118,5.7
19691119,9.0
19691120,6.2
19691121,5.9
19691122,8.2
19691123,4.8
19691124,7.9
19691125,10.8
19691126,10.1
19691127,6.7
19691128,2.5
19691129,4.5
19691130,5.7
19691201,4.2
19691202,2.6
19691203,7.1
19691204,6.7
19691205,10.2
19691206,4.7
19691207,0.8
19691208,0.9
19691209,4.7
19691210,9.6
19691211,5.7
19691212,-1.3
19691213,2.1
19691214,5.2
19691215,0.7
19691216,2.5
19691217,3.2
19691218,2.0
19691219,1.5
19691220,3.5
19691221,8.4
19691222,2.5
19691223,-1.2
19691224,-0.1
19691225,2.8
19691226,-3.2
19691227,-3.4
19691228,1.0
19691229,-1.8
19691230,-1.7
19691231,2.5
19700101,3.3
19700102,-1.8
19700103,-7.0
19700104,-8.8
19700105,2.2
19700106,4.3
19700107,4.4
19700108,2.7
19700109,-0.4
19700110,1.7
19700111,1.5
19700112,2.4
19700113,-2.5
19700114,-3.6
19700115,-3.7
19700116,-2.0
19700117,-3.9
19700118,0.4
19700119,3.6
19700120,4.7
19700121,-1.8
19700122,4.0
19700123,3.2
19700124,2.4
19700125,4.6
19700126,4.1
19700127,4.5
19700128,3.6
19700129,8.0
19700130,2.0
19700131,3.0
19700201,5.6
19700202,2.7
19700203,6.1
19700204,2.3
19700205,1.2
19700206,2.0
19700207,6.4
19700208,6.1
19700209,2.1
19700210,7.2
19700211,11.4
19700212,11.4
19700213,10.1
19700214,6.4
19700215,8.1
19700216,11.1
19700217,13.4
19700218,13.9
19700219,2.6
19700220,2.3
19700221,-0.3
19700222,-2.6
19700223,-3.2
19700224,-2.1
19700225,-3.0
19700226,-1.2
19700227,0.7
19700228,1.3
19700301,-2.4
19700302,-3.2
19700303,4.5
19700304,3.0
19700305,7.0
19700306,4.5
19700307,7.3
19700308,3.3
19700309,2.9
19700310,3.2
19700311,3.7
19700312,3.2
19700313,2.3
19700314,1.4
19700315,8.5
19700316,5.5
19700317,4.6
19700318,5.5
19700319,4.5
19700320,2.2
19700321,4.3
19700322,5.1
19700323,10.5
19700324,10.5
19700325,15.5
19700326,14.2
19700327,17.2
19700328,18.9
19700329,16.0
19700330,14.1
19700331,19.4
19700401,15.2
19700402,11.2
19700403,8.9
19700404,13.6
19700405,15.8
19700406,12.6
19700407,16.8
19700408,18.0
19700409,15.8
19700410,13.6
19700411,15.7
19700412,20.7
19700413,17.3
19700414,24.8
19700415,22.3
19700416,27.5
19700417,21.8
19700418,25.4
19700419,22.3
19700420,21.3
19700421,17.7
19700422,20.2
19700423,21.3
19700424,25.7
19700425,21.5
19700426,25.2
19700427,27.8
19700428,25.7
19700429,28.3
19700430,23.5
19700501,22.9
19700502,23.7
19700503,24.1
19700504,26.1
19700505,26.2
19700506,25.4
19700507,27.4
19700508,23.8
19700509,21.4
19700510,20.6
19700511,17.2
19700512,23.1
19700513,26.1
19700514,27.7
19700515,27.7
19700516,29.2
19700517,29.8
19700518,29.4
19700519,24.9
19700520,27.3
19700521,28.6
19700522,27.8
19700523,24.0
19700524,22.7
19700525,21.5
19700526,27.8
19700527,27.7
19700528,26.8
19700529,28.5
19700530,24.8
19700531,26.2
19700601,27.9
19700602,22.4
19700603,24.2
19700604,24.8
19700605,31.5
19700606,28.4
19700607,25.8
19700608,31.4
19700609,31.2
19700610,27.8
19700611,27.2
19700612,31.0
19700613,31.7
19700614,32.1
19700615,33.9
19700616,22.8
19700617,18.9
19700618,21.6
19700619,22.8
19700620,28.4
19700621,31.0
19700622,32.8
19700623,32.1
19700624,33.6
19700625,33.4
19700626,34.2
19700627,32.9
19700628,30.0
19700629,28.6
19700630,28.5
19700701,34.6
19700702,28.9
19700703,29.9
19700704,33.1
19700705,35.3
19700706,31.8
19700707,27.5
19700708,25.1
19700709,29.3
19700710,31.2
19700711,24.8
19700712,25.0
19700713,28.3
19700714,32.1
19700715,32.4
19700716,30.5
19700717,31.7
19700718,33.5
19700719,29.8
19700720,31.0
19700721,28.0
19700722,23.0
19700723,29.5
19700724,30.1
19700725,31.4
19700726,30.7
19700727,31.0
19700728,30.3
19700729,29.9
19700730,32.3
19700731,28.7
19700801,22.8
19700802,20.9
19700803,30.5
19700804,31.1
19700805,28.7
19700806,30.2
19700807,29.4
19700808,27.2
19700809,31.0
19700810,33.0
19700811,29.7
19700812,26.2
19700813,27.6
19700814,28.1
19700815,28.5
19700816,23.6
19700817,25.0
19700818,29.1
19700819,24.1
19700820,28.3
19700821,30.0
19700822,31.3
19700823,32.2
19700824,32.1
19700825,29.6
19700826,29.9
19700827,28.9
19700828,26.9
19700829,27.8
19700830,25.3
19700831,25.1
19700901,30.8
19700902,32.1
19700903,30.3
19700904,26.7
19700905,27.3
19700906,28.0
19700907,24.1
19700908,25.5
19700909,27.3
19700910,26.0
19700911,22.4
19700912,26.0
19700913,26.6
19700914,26.3
19700915,27.9
19700916,22.9
19700917,25.4
19700918,26.5
19700919,27.0
19700920,26.8
19700921,25.3
19700922,27.1
19700923,27.3
19700924,23.6
19700925,20.8
19700926,22.8
19700927,23.0
19700928,20.4
19700929,19.3
19700930,24.0
19701001,23.8
19701002,25.1
19701003,27.2
19701004,26.4
19701005,24.5
19701006,24.0
19701007,19.4
19701008,18.7
19701009,20.4
19701010,23.8
19701011,23.7
19701012,17.7
19701013,18.6
19701014,20.0
19701015,19.2
19701016,18.5
19701017,23.2
19701018,20.8
19701019,16.1
19701020,16.7
19701021,17.1
19701022,18.8
19701023,16.9
19701024,17.3
19701025,13.4
19701026,11.1
19701027,13.0
19701028,10.7
19701029,13.6
19701030,15.5
19701031,17.4
19701101,16.2
19701102,14.8
19701103,15.2
19701104,14.9
19701105,15.7
19701106,15.8
19701107,14.1
19701108,17.7
19701109,16.0
19701110,12.9
19701111,12.9
19701112,12.8
19701113,11.2
19701114,3.7
19701115,8.2
19701116,9.2
19701117,10.2
19701118,11.4
19701119,12.3
19701120,7.5
19701121,1.0
19701122,3.2
19701123,4.8
19701124,2.0
19701125,7.0
19701126,8.9
19701127,4.0
19701128,-1.0
19701129,-1.7
19701130,-0.4
19701201,-0.3
19701202,4.3
19701203,8.7
19701204,8.0
19701205,7.2
19701206,7.9
19701207,3.3
19701208,3.2
19701209,5.4
19701210,2.6
19701211,5.3
19701212,4.2
19701213,1.8
19701214,3.4
19701215,3.6
19701216,3.4
19701217,6.5
19701218,1.0
19701219,1.0
19701220,3.8
19701221,2.6
19701222,4.6
19701223,4.8
19701224,-2.0
19701225,-2.4
19701226,-0.9
19701227,1.1
19701228,2.4
19701229,1.8
19701230,5.0
19701231,2.3
19710101,2.6
19710102,4.3
19710103,-1.3
19710104,-5.4
19710105,-2.4
19710106,3.9
19710107,-0.3
19710108,4.3
19710109,5.0
19710110,9.8
19710111,4.6
19710112,-1.4
19710113,2.8
19710114,2.9
19710115,10.5
19710116,5.5
19710117,6.1
19710118,5.4
19710119,2.8
19710120,1.0
19710121,-0.6
19710122,3.4
19710123,2.8
19710124,0.7
19710125,0.8
19710126,-1.1
19710127,-0.3
19710128,0.7
19710129,-1.0
19710130,2.7
19710131,0.7
19710201,0.3
19710202,-0.7
19710203,-2.2
19710204,-1.1
19710205,0.1
19710206,0.6
19710207,3.3
19710208,2.5
19710209,2.4
19710210,4.2
19710211,3.4
19710212,4.2
19710213,3.8
19710214,6.7
19710215,3.4
19710216,1.0
19710217,2.7
19710218,3.8
19710219,5.4
19710220,5.4
19710221,3.8
19710222,6.8
19710223,5.2
19710224,1.7
19710225,1.8
19710226,6.4
19710227,-2.5
19710228,-1.2
19710301,-2.0
19710302,-2.7
19710303,-1.2
19710304,2.1
19710305,0.0
19710306,-2.8
19710307,-2.6
19710308,-1.6
19710309,1.7
19710310,0.4
19710311,-1.9
19710312,2.7
19710313,1.4
19710314,4.8
19710315,0.6
19710316,6.4
19710317,8.5
19710318,11.6
19710319,14.2
19710320,17.6
19710321,12.2
19710322,8.9
19710323,10.0
19710324,12.8
19710325,11.5
19710326,17.3
19710327,20.9
19710328,18.7
19710329,15.5
19710330,11.8
19710331,11.6
19710401,10.2
19710402,10.5
19710403,15.8
19710404,16.5
19710405,19.1
19710406,16.2
19710407,16.4
19710408,14.0
19710409,18.0
19710410,21.1
19710411,21.6
19710412,18.9
19710413,19.0
19710414,14.5
19710415,21.6
19710416,19.4
19710417,19.0
19710418,22.6
19710419,28.5
19710420,28.2
19710421,29.0
19710422,23.6
19710423,19.0
19710424,19.7
19710425,22.9
19710426,20.3
19710427,14.6
19710428,24.8
19710429,25.1
19710430,26.5
19710501,21.6
19710502,17.0
19710503,18.0
19710504,19.6
19710505,22.3
19710506,26.4
19710507,22.4
19710508,25.0
19710509,27.0
19710510,31.2
19710511,29.5
19710512,26.0
19710513,27.4
19710514,28.2
19710515,29.6
19710516,22.9
19710517,25.4
19710518,27.5
19710519,27.0
19710520,31.4
19710521,32.4
19710522,27.5
19710523,23.2
19710524,27.7
19710525,31.9
19710526,28.0
19710527,22.0
19710528,27.0
19710529,30.0
19710530,33.1
19710531,29.7
19710601,26.4
19710602,26.0
19710603,30.5
19710604,35.2
19710605,28.3
19710606,29.4
19710607,28.4
19710608,21.9
19710609,22.7
19710610,28.7
19710611,33.4
19710612,33.1
19710613,28.2
19710614,30.4
19710615,33.8
19710616,33.0
19710617,34.7
19710618,29.8
19710619,33.5
19710620,30.2
19710621,32.0
19710622,34.0
19710623,33.8
19710624,31.4
19710625,27.4
19710626,22.5
19710627,27.9
19710628,29.5
19710629,26.6
19710630,31.5
19710701,31.1
19710702,28.0
19710703,30.6
19710704,32.1
19710705,31.2
19710706,29.6
19710707,29.3
19710708,32.1
19710709,27.0
19710710,28.5
19710711,32.1
19710712,30.7
19710713,29.3
19710714,32.7
19710715,34.1
19710716,32.0
19710717,33.9
19710718,31.6
19710719,25.3
19710720,28.5
19710721,31.5
19710722,26.8
19710723,24.5
19710724,25.3
19710725,24.6
19710726,27.9
19710727,32.2
19710728,33.0
19710729,33.8
19710730,30.5
19710731,29.7
19710801,27.2
19710802,28.0
19710803,31.7
19710804,30.2
19710805,31.3
19710806,31.4
19710807,28.6
19710808,30.8
19710809,28.9
19710810,29.4
19710811,31.8
19710812,32.4
19710813,32.9
19710814,33.2
19710815,30.4
19710816,31.6
19710817,26.3
19710818,25.3
19710819,26.8
19710820,29.3
19710821,29.1
19710822,29.0
19710823,24.2
19710824,27.2
19710825,22.3
19710826,28.0
19710827,26.7
19710828,26.6
19710829,28.2
19710830,29.7
19710831,30.7
19710901,30.9
19710902,23.0
19710903,28.9
19710904,30.2
19710905,28.5
19710906,29.2
19710907,29.6
19710908,26.0
19710909,26.5
19710910,27.3
19710911,28.0
19710912,26.5
19710913,28.1
19710914,29.6
19710915,29.2
19710916,20.5
19710917,23.2
19710918,21.7
19710919,24.5
19710920,25.4
19710921,26.0
19710922,21.0
19710923,24.7
19710924,26.2
19710925,26.2
19710926,21.5
19710927,23.2
19710928,23.7
19710929,22.7
19710930,21.9
19711001,21.3
19711002,24.7
19711003,26.1
19711004,20.6
19711005,20.9
19711006,22.3
19711007,24.5
19711008,24.8
19711009,24.4
19711010,17.4
19711011,19.8
19711012,21.3
19711013,19.9
19711014,21.5
19711015,24.1
19711016,22.0
19711017,22.9
19711018,22.0
19711019,21.9
19711020,19.4
19711021,14.8
19711022,14.9
19711023,12.7
19711024,13.8
19711025,14.4
19711026,16.9
19711027,17.9
19711028,17.5
19711029,19.1
19711030,22.6
19711031,19.6
19711101,20.5
19711102,19.4
19711103,13.7
19711104,11.7
19711105,14.4
19711106,15.0
19711107,14.0
19711108,10.7
19711109,13.7
19711110,14.4
19711111,15.8
19711112,9.7
19711113,11.6
19711114,15.2
19711115,13.0
19711116,12.6
19711117,13.2
19711118,14.9
19711119,12.7
19711120,11.1
19711121,11.1
19711122,10.3
19711123,11.0
19711124,12.6
19711125,14.6
19711126,13.2
19711127,10.4
19711128,2.6
19711129,2.1
19711130,6.5
19711201,6.2
19711202,7.3
19711203,8.5
19711204,7.1
19711205,1.0
19711206,-0.5
19711207,-0.2
19711208,0.7
19711209,1.9
19711210,5.5
19711211,2.6
19711212,2.1
19711213,2.8
19711214,2.9
19711215,4.4
19711216,5.9
19711217,9.6
19711218,0.6
19711219,-6.5
19711220,-6.2
19711221,-3.6
19711222,-3.2
19711223,-1.4
19711224,-2.1
19711225,6.3
19711226,0.9
19711227,1.6
19711228,0.9
19711229,-0.9
19711230,6.5
19711231,6.0
19720101,2.6
19720102,1.5
19720103,-3.7
19720104,-0.6
19720105,0.4
19720106,0.0
19720107,0.9
19720108,-1.4
19720109,-0.1
19720110,1.3
19720111,4.8
19720112,5.4
19720113,3.0
19720114,1.4
19720115,2.4
19720116,5.0
19720117,2.3
19720118,3.2
19720119,4.5
19720120,3.9
19720121,1.4
19720122,3.2
19720123,0.4
19720124,-1.5
19720125,-4.7
19720126,-4.2
19720127,-1.5
19720128,-4.7
19720129,3.1
19720130,-0.9
19720131,0.0
19720201,-3.2
19720202,-5.9
19720203,-5.9
19720204,-0.2
19720205,-1.0
19720206,2.2
19720207,1.6
19720208,-0.8
19720209,4.6
19720210,3.6
19720211,-0.6
19720212,2.1
19720213,2.7
19720214,3.5
19720215,2.6
19720216,0.2
19720217,2.7
19720218,5.4
19720219,-0.6
19720220,3.1
19720221,5.6
19720222,3.8
19720223,0.4
19720224,4.2
19720225,1.0
19720226,0.7
19720227,1.0
19720228,1.2
19720229,3.5
19720301,6.6
19720302,6.8
19720303,7.9
19720304,9.7
19720305,12.5
19720306,17.1
19720307,7.2
19720308,14.1
19720309,8.6
19720310,10.0
19720311,9.0
19720312,10.7
19720313,5.4
19720314,16.2
19720315,9.4
19720316,12.6
19720317,16.5
19720318,14.5
19720319,13.9
19720320,11.4
19720321,10.8
19720322,11.4
19720323,16.5
19720324,15.8
19720325,19.8
19720326,17.0
19720327,11.6
19720328,14.4
19720329,15.9
19720330,9.7
19720331,9.0
19720401,13.8
19720402,16.0
19720403,17.1
19720404,14.2
19720405,9.7
19720406,9.6
19720407,12.3
19720408,15.2
19720409,17.8
19720410,21.9
19720411,20.2
19720412,22.0
19720413,24.5
19720414,23.5
19720415,22.1
19720416,25.0
19720417,21.0
19720418,15.4
19720419,20.3
19720420,22.7
19720421,21.7
19720422,24.9
19720423,25.4
19720424,18.0
19720425,24.8
19720426,25.1
19720427,30.5
19720428,31.0
19720429,31.1
19720430,27.4
19720501,22.0
19720502,23.5
19720503,23.8
19720504,25.5
19720505,28.9
19720506,29.5
19720507,25.0
19720508,27.2
19720509,22.0
19720510,28.8
19720511,24.7
19720512,24.0
19720513,19.3
19720514,22.0
19720515,19.0
19720516,24.6
19720517,23.8
19720518,28.8
19720519,24.3
19720520,30.7
19720521,26.7
19720522,24.5
19720523,25.2
19720524,20.6
19720525,24.9
19720526,26.2
19720527,23.2
19720528,19.0
19720529,23.9
19720530,26.7
19720531,32.5
19720601,34.7
19720602,34.1
19720603,28.1
19720604,34.6
19720605,35.0
19720606,34.7
19720607,29.7
19720608,33.4
19720609,37.0
19720610,38.6
19720611,33.0
19720612,30.0
19720613,34.7
19720614,32.6
19720615,34.0
19720616,35.4
19720617,30.8
19720618,25.0
19720619,29.4
19720620,34.0
19720621,31.6
19720622,29.8
19720623,29.5
19720624,33.7
19720625,29.2
19720626,32.3
19720627,36.4
19720628,39.2
19720629,33.0
19720630,30.8
19720701,37.7
19720702,36.1
19720703,32.2
19720704,38.5
19720705,37.5
19720706,33.5
19720707,27.1
19720708,33.0
19720709,31.5
19720710,34.4
19720711,35.0
19720712,36.3
19720713,36.0
19720714,36.4
19720715,31.3
19720716,39.5
19720717,38.1
19720718,32.7
19720719,34.1
19720720,30.2
19720721,31.5
19720722,30.4
19720723,31.0
19720724,32.5
19720725,34.0
19720726,30.9
19720727,26.1
19720728,28.9
19720729,26.5
19720730,27.0
19720731,29.3
19720801,31.2
19720802,32.6
19720803,32.9
19720804,29.6
19720805,27.4
19720806,29.5
19720807,29.1
19720808,29.7
19720809,31.6
19720810,31.0
19720811,31.7
19720812,33.5
19720813,28.6
19720814,23.0
19720815,27.0
19720816,31.8
19720817,27.4
19720818,24.4
19720819,28.3
19720820,31.5
19720821,30.2
19720822,29.9
19720823,30.4
19720824,26.6
19720825,30.0
19720826,28.6
19720827,27.2
19720828,29.0
19720829,25.4
19720830,24.9
19720831,24.6
19720901,25.8
19720902,18.1
19720903,21.8
19720904,24.6
19720905,24.8
19720906,22.8
19720907,26.5
19720908,27.2
19720909,28.5
19720910,27.2
19720911,24.2
19720912,25.2
19720913,26.5
19720914,27.8
19720915,27.0
19720916,28.8
19720917,28.7
19720918,29.5
19720919,27.7
19720920,22.8
19720921,20.1
19720922,21.9
19720923,24.0
19720924,20.7
19720925,23.1
19720926,24.6
19720927,21.0
19720928,19.3
19720929,23.6
19720930,21.7
19721001,22.5
19721002,16.8
19721003,16.9
19721004,20.7
19721005,20.8
19721006,23.0
19721007,22.5
19721008,22.7
19721009,22.1
19721010,16.6
19721011,19.7
19721012,20.2
19721013,21.1
19721014,21.7
19721015,20.3
19721016,21.8
19721017,20.9
19721018,22.3
19721019,19.2
19721020,14.7
19721021,11.5
19721022,15.5
19721023,16.9
19721024,16.8
19721025,16.7
19721026,13.6
19721027,20.3
19721028,22.7
19721029,15.5
19721030,11.3
19721031,11.4
19721101,14.4
19721102,15.9
19721103,16.2
19721104,11.5
19721105,7.5
19721106,13.1
19721107,6.1
19721108,8.2
19721109,13.2
19721110,14.2
19721111,12.4
19721112,15.8
19721113,14.0
19721114,10.6
19721115,9.2
19721116,12.0
19721117,8.6
19721118,5.0
19721119,9.3
19721120,3.7
19721121,0.6
19721122,3.9
19721123,0.3
19721124,3.3
19721125,4.9
19721126,2.6
19721127,1.3
19721128,5.1
19721129,5.2
19721130,7.6
19721201,6.1
19721202,4.4
19721203,6.9
19721204,7.9
19721205,7.9
19721206,2.8
19721207,2.4
19721208,1.4
19721209,6.4
19721210,4.2
19721211,4.0
19721212,-2.3
19721213,3.4
19721214,4.9
19721215,2.7
19721216,3.6
19721217,0.1
19721218,1.2
19721219,-0.7
19721220,2.7
19721221,0.9
19721222,2.1
19721223,3.7
19721224,5.0
19721225,3.9
19721226,0.2
19721227,5.7
19721228,2.5
19721229,0.9
19721230,4.6
19721231,3.0
19730101,0.7
19730102,-2.6
19730103,3.2
19730104,6.1
19730105,5.2
19730106,-0.1
19730107,4.5
19730108,-1.8
19730109,-4.6
19730110,2.4
19730111,1.3
19730112,0.2
19730113,2.4
19730114,0.6
19730115,1.1
19730116,4.5
19730117,-0.6
19730118,4.2
19730119,0.0
19730120,0.8
19730121,5.7
19730122,0.4
19730123,0.4
19730124,0.1
19730125,-0.3
19730126,-1.3
19730127,-0.7
19730128,-1.0
19730129,0.9
19730130,-2.5
19730131,2.8
19730201,-0.7
19730202,-5.8
19730203,-0.6
19730204,-4.1
19730205,4.4
19730206,0.8
19730207,-5.2
19730208,-3.4
19730209,-2.9
19730210,-0.5
19730211,3.1
19730212,-0.8
19730213,8.0
19730214,5.5
19730215,5.5
19730216,3.5
19730217,5.4
19730218,2.0
19730219,1.6
19730220,4.4
19730221,3.5
19730222,2.6
19730223,3.6
19730224,0.2
19730225,2.7
19730226,7.8
19730227,9.5
19730228,6.4
19730301,7.3
19730302,9.8
19730303,8.4
19730304,7.3
19730305,10.5
19730306,6.2
19730307,11.4
19730308,9.6
19730309,4.9
19730310,6.3
19730311,9.3
19730312,12.1
19730313,10.7
19730314,7.0
19730315,10.8
19730316,12.2
19730317,16.6
19730318,13.3
19730319,14.6
19730320,13.6
19730321,16.7
19730322,17.5
19730323,15.5
19730324,10.1
19730325,14.1
19730326,15.3
19730327,22.0
19730328,17.9
19730329,21.8
19730330,18.4
19730331,17.0
19730401,10.0
19730402,13.9
19730403,15.8
19730404,13.6
19730405,17.5
19730406,21.1
19730407,17.2
19730408,17.0
19730409,16.9
19730410,16.5
19730411,16.7
19730412,22.6
19730413,21.0
19730414,19.7
19730415,13.6
19730416,16.4
19730417,20.5
19730418,27.5
19730419,29.5
19730420,23.8
19730421,25.9
19730422,29.7
19730423,22.0
19730424,24.6
19730425,23.4
19730426,23.0
19730427,27.7
19730428,26.9
19730429,27.8
19730430,25.7
19730501,26.1
19730502,21.2
19730503,23.2
19730504,26.9
19730505,24.5
19730506,24.0
19730507,20.2
19730508,20.2
19730509,22.6
19730510,26.8
19730511,27.0
19730512,29.6
19730513,28.0
19730514,28.4
19730515,27.9
19730516,25.5
19730517,21.7
19730518,24.1
19730519,26.1
19730520,28.1
19730521,25.1
19730522,24.5
19730523,28.6
19730524,26.3
19730525,27.1
19730526,24.1
19730527,25.6
19730528,23.0
19730529,28.5
19730530,27.3
19730531,23.0
19730601,26.2
19730602,22.5
19730603,19.4
19730604,22.0
19730605,27.9
19730606,29.2
19730607,31.4
19730608,30.6
19730609,28.1
19730610,24.1
19730611,23.2
19730612,25.5
19730613,26.1
19730614,25.2
19730615,21.7
19730616,26.4
19730617,31.9
19730618,30.5
19730619,27.9
19730620,30.8
19730621,37.5
19730622,34.8
19730623,33.9
19730624,32.6
19730625,31.7
19730626,25.2
19730627,27.5
19730628,28.8
19730629,28.9
19730630,27.4
19730701,25.2
19730702,20.7
19730703,23.8
19730704,27.7
19730705,30.5
19730706,30.9
19730707,30.5
19730708,30.8
19730709,31.7
19730710,27.4
19730711,28.0
19730712,27.3
19730713,32.3
19730714,31.0
19730715,28.3
19730716,27.4
19730717,27.7
19730718,28.2
19730719,27.9
19730720,31.5
19730721,29.2
19730722,28.6
19730723,30.7
19730724,30.8
19730725,27.6
19730726,29.4
19730727,32.0
19730728,32.1
19730729,31.7
19730730,32.6
19730731,32.4
19730801,34.9
19730802,32.1
19730803,28.1
19730804,34.1
19730805,34.8
19730806,29.1
19730807,28.8
19730808,29.6
19730809,32.1
19730810,32.4
19730811,32.9
19730812,29.1
19730813,29.8
19730814,24.0
19730815,25.7
19730816,28.7
19730817,31.6
19730818,27.8
19730819,25.8
19730820,22.6
19730821,30.9
19730822,28.4
19730823,27.3
19730824,26.8
19730825,23.5
19730826,29.4
19730827,25.5
19730828,28.4
19730829,29.1
19730830,24.0
19730831,26.5
19730901,27.1
19730902,26.9
19730903,27.0
19730904,25.3
19730905,21.6
19730906,27.9
19730907,24.0
19730908,19.3
19730909,25.0
19730910,26.2
19730911,26.9
19730912,25.1
19730913,27.1
19730914,26.1
19730915,25.1
19730916,25.4
19730917,23.8
19730918,27.0
19730919,27.3
19730920,24.5
19730921,26.9
19730922,28.6
19730923,28.9
19730924,22.8
19730925,21.4
19730926,22.8
19730927,24.2
19730928,20.2
19730929,24.1
19730930,28.1
19731001,19.4
19731002,14.8
19731003,15.5
19731004,16.7
19731005,17.6
19731006,19.5
19731007,20.5
19731008,20.9
19731009,20.6
19731010,21.2
19731011,17.8
19731012,18.0
19731013,16.5
19731014,18.2
19731015,21.5
19731016,20.2
19731017,16.0
19731018,18.8
19731019,14.8
19731020,18.5
19731021,15.0
19731022,16.3
19731023,12.7
19731024,13.5
19731025,15.3
19731026,10.7
19731027,14.0
19731028,17.2
19731029,16.7
19731030,17.5
19731031,11.4
19731101,7.1
19731102,5.1
19731103,7.9
19731104,12.4
19731105,13.1
19731106,15.4
19731107,13.2
19731108,14.1
19731109,11.1
19731110,5.3
19731111,12.0
19731112,14.7
19731113,14.1
19731114,12.6
19731115,13.8
19731116,9.7
19731117,5.4
19731118,10.2
19731119,9.5
19731120,8.1
19731121,10.3
19731122,9.6
19731123,8.7
19731124,8.6
19731125,5.9
19731126,8.6
19731127,8.9
19731128,6.5
19731129,12.3
19731130,9.4
19731201,7.4
19731202,6.5
19731203,0.5
19731204,1.8
19731205,8.5
19731206,2.3
19731207,1.6
19731208,5.1
19731209,7.2
19731210,6.0
19731211,9.0
19731212,6.2
19731213,7.7
19731214,10.4
19731215,7.0
19731216,6.9
19731217,8.0
19731218,5.4
19731219,7.5
19731220,7.1
19731221,3.0
19731222,5.6
19731223,3.5
19731224,-1.0
19731225,1.9
19731226,1.6
19731227,0.4
19731228,1.4
19731229,2.0
19731230,2.7
19731231,10.3
19740101,11.9
19740102,9.5
19740103,8.1
19740104,9.5
19740105,6.1
19740106,6.9
19740107,6.6
19740108,4.4
19740109,0.2
19740110,2.5
19740111,3.2
19740112,3.3
19740113,0.5
19740114,2.5
19740115,-0.7
19740116,0.8
19740117,2.8
19740118,3.3
19740119,4.0
19740120,3.0
19740121,4.2
19740122,0.8
19740123,-3.1
19740124,-1.6
19740125,-0.2
19740126,0.0
19740127,-2.7
19740128,-4.2
19740129,-4.0
19740130,-1.6
19740131,-1.7
19740201,-4.0
19740202,-3.8
19740203,0.0
19740204,-1.5
19740205,0.6
19740206,1.0
19740207,0.0
19740208,2.6
19740209,3.0
19740210,4.5
19740211,-0.5
19740212,5.3
19740213,9.3
19740214,5.9
19740215,12.3
19740216,14.6
19740217,15.2
19740218,8.8
19740219,5.8
19740220,4.4
19740221,2.7
19740222,4.8
19740223,-2.4
19740224,-3.5
19740225,1.3
19740226,2.0
19740227,6.9
19740228,9.6
19740301,10.9
19740302,9.2
19740303,9.9
19740304,7.6
19740305,9.4
19740306,10.6
19740307,10.6
19740308,9.5
19740309,9.9
19740310,4.8
19740311,1.3
19740312,6.3
19740313,10.0
19740314,12.4
19740315,13.4
19740316,12.8
19740317,8.7
19740318,12.5
19740319,10.2
19740320,8.4
19740321,5.1
19740322,8.1
19740323,11.2
19740324,10.2
19740325,11.1
19740326,14.6
19740327,17.1
19740328,15.9
19740329,21.9
19740330,15.4
19740331,9.8
19740401,12.9
19740402,20.4
19740403,21.3
19740404,19.0
19740405,19.0
19740406,16.3
19740407,17.4
19740408,21.0
19740409,21.5
19740410,20.5
19740411,25.3
19740412,18.6
19740413,19.8
19740414,18.8
19740415,25.1
19740416,22.9
19740417,21.9
19740418,17.8
19740419,15.9
19740420,21.3
19740421,20.5
19740422,22.4
19740423,18.3
19740424,15.1
19740425,17.8
19740426,23.6
19740427,19.4
19740428,22.6
19740429,19.4
19740430,22.2
19740501,24.1
19740502,24.7
19740503,28.1
19740504,22.0
19740505,22.6
19740506,17.6
19740507,22.6
19740508,21.3
19740509,23.1
19740510,25.8
19740511,27.6
19740512,23.8
19740513,23.9
19740514,20.9
19740515,31.9
19740516,26.3
19740517,23.3
19740518,25.5
19740519,28.9
19740520,25.3
19740521,23.5
19740522,29.9
19740523,26.8
19740524,31.0
19740525,30.9
19740526,30.9
19740527,31.7
19740528,31.1
19740529,26.0
19740530,22.5
19740531,23.2
19740601,29.2
19740602,25.5
19740603,25.1
19740604,25.0
19740605,26.7
19740606,22.3
19740607,28.4
19740608,31.5
19740609,26.4
19740610,32.0
19740611,31.2
19740612,33.7
19740613,34.0
19740614,34.5
19740615,32.0
19740616,34.8
19740617,29.3
19740618,31.4
19740619,25.7
19740620,23.5
19740621,25.3
19740622,30.7
19740623,33.5
19740624,34.4
19740625,31.7
19740626,30.4
19740627,31.9
19740628,31.9
19740629,30.5
19740630,31.2
19740701,28.0
19740702,31.9
19740703,31.3
19740704,28.8
19740705,29.1
19740706,26.1
19740707,25.6
19740708,31.3
19740709,35.7
19740710,35.8
19740711,32.1
19740712,28.4
19740713,29.2
19740714,27.7
19740715,27.1
19740716,26.7
19740717,29.7
19740718,31.6
19740719,31.9
19740720,30.7
19740721,31.1
19740722,30.3
19740723,27.2
19740724,30.2
19740725,26.7
19740726,27.7
19740727,26.7
19740728,28.7
19740729,30.6
19740730,31.3
19740731,28.6
19740801,31.9
19740802,32.8
19740803,31.9
19740804,28.2
19740805,30.4
19740806,30.6
19740807,29.1
19740808,26.3
19740809,27.5
19740810,30.9
19740811,29.1
19740812,29.4
19740813,28.7
19740814,24.6
19740815,30.1
19740816,31.6
19740817,32.2
19740818,31.5
19740819,31.9
19740820,32.2
19740821,31.9
19740822,25.6
19740823,29.0
19740824,32.3
19740825,33.5
19740826,31.5
19740827,26.9
19740828,27.7
19740829,28.2
19740830,22.5
19740831,26.1
19740901,28.1
19740902,31.2
19740903,30.7
19740904,28.2
19740905,23.7
19740906,28.8
19740907,28.5
19740908,28.2
19740909,27.3
19740910,27.6
19740911,28.0
19740912,28.0
19740913,23.1
19740914,23.8
19740915,26.4
19740916,24.7
19740917,23.4
19740918,24.2
19740919,26.8
19740920,26.1
19740921,25.8
19740922,23.4
19740923,25.6
19740924,27.2
19740925,28.6
19740926,20.4
19740927,26.6
19740928,23.0
19740929,22.7
19740930,17.0
19741001,20.8
19741002,22.8
19741003,22.1
19741004,23.8
19741005,26.3
19741006,23.1
19741007,21.1
19741008,20.0
19741009,18.5
19741010,19.8
19741011,20.1
19741012,21.6
19741013,21.0
19741014,15.2
19741015,16.4
19741016,19.4
19741017,13.6
19741018,19.7
19741019,16.4
19741020,12.0
19741021,10.2
19741022,11.4
19741023,15.3
19741024,15.8
19741025,19.6
19741026,18.6
19741027,16.5
19741028,14.9
19741029,9.7
19741030,13.6
19741031,8.1
19741101,9.5
19741102,12.1
19741103,18.1
19741104,12.5
19741105,13.6
19741106,14.7
19741107,17.4
19741108,10.8
19741109,5.5
19741110,1.7
19741111,5.6
19741112,4.7
19741113,6.6
19741114,6.8
19741115,3.2
19741116,4.8
19741117,7.6
19741118,10.6
19741119,12.6
19741120,11.6
19741121,6.1
19741122,6.9
19741123,10.0
19741124,8.8
19741125,9.5
19741126,8.1
19741127,6.8
19741128,6.7
19741129,8.9
19741130,3.7
19741201,2.3
19741202,1.7
19741203,-1.1
19741204,3.1
19741205,2.4
19741206,2.6
19741207,3.0
19741208,1.6
19741209,-0.5
19741210,-2.5
19741211,-2.6
19741212,-2.9
19741213,-4.2
19741214,-1.3
19741215,1.1
19741216,-1.1
19741217,0.6
19741218,2.1
19741219,3.1
19741220,5.0
19741221,5.0
19741222,4.4
19741223,1.7
19741224,1.9
19741225,3.2
19741226,4.3
19741227,3.0
19741228,-2.2
19741229,1.9
19741230,2.1
19741231,3.8
19750101,2.9
19750102,5.7
19750103,-0.3
19750104,3.1
19750105,0.4
19750106,-0.5
19750107,2.1
19750108,5.2
19750109,3.5
19750110,0.9
19750111,6.4
19750112,12.9
19750113,6.0
19750114,6.3
19750115,2.7
19750116,0.7
19750117,-0.2
19750118,3.9
19750119,2.2
19750120,3.6
19750121,1.9
19750122,4.2
19750123,2.0
19750124,4.8
19750125,3.2
19750126,1.8
19750127,4.0
19750128,1.5
19750129,3.0
19750130,3.1
19750131,4.0
19750201,5.6
19750202,4.8
19750203,1.6
19750204,5.6
19750205,-0.3
19750206,-0.2
19750207,0.7
19750208,4.0
19750209,1.4
19750210,2.6
19750211,6.4
19750212,8.0
19750213,11.1
19750214,7.7
19750215,9.6
19750216,8.8
19750217,0.9
19750218,4.4
19750219,3.5
19750220,-0.3
19750221,-0.8
19750222,5.8
19750223,9.7
19750224,15.4
19750225,3.2
19750226,7.0
19750227,11.4
19750228,10.0
19750301,9.1
19750302,11.1
19750303,9.7
19750304,9.5
19750305,5.4
19750306,10.9
19750307,12.5
19750308,7.9
19750309,5.4
19750310,10.8
19750311,10.6
19750312,10.3
19750313,12.9
19750314,12.4
19750315,8.7
19750316,16.2
19750317,16.3
19750318,18.0
19750319,12.6
19750320,15.2
19750321,16.1
19750322,12.5
19750323,19.0
19750324,14.9
19750325,14.9
19750326,14.2
19750327,18.0
19750328,20.3
19750329,16.1
19750330,14.6
19750331,13.1
19750401,14.7
19750402,19.3
19750403,20.1
19750404,14.6
19750405,20.9
19750406,23.1
19750407,15.8
19750408,20.3
19750409,20.3
19750410,20.0
19750411,25.4
19750412,22.4
19750413,19.0
19750414,23.6
19750415,23.1
19750416,21.8
19750417,21.8
19750418,20.7
19750419,21.9
19750420,17.4
19750421,25.7
19750422,20.8
19750423,22.0
19750424,21.5
19750425,17.3
19750426,20.8
19750427,22.5
19750428,23.2
19750429,23.3
19750430,24.0
19750501,23.1
19750502,24.8
19750503,20.0
19750504,17.9
19750505,22.0
19750506,24.0
19750507,22.4
19750508,24.4
19750509,24.0
19750510,22.8
19750511,26.5
19750512,21.1
19750513,24.2
19750514,28.6
19750515,26.3
19750516,24.3
19750517,25.1
19750518,25.8
19750519,28.0
19750520,26.0
19750521,29.4
19750522,29.9
19750523,30.4
19750524,31.1
19750525,31.1
19750526,30.9
19750527,25.1
19750528,22.1
19750529,24.5
19750530,25.8
19750531,28.2
19750601,25.7
19750602,27.9
19750603,25.6
19750604,23.9
19750605,23.8
19750606,30.0
19750607,29.1
19750608,31.3
19750609,34.9
19750610,31.6
19750611,26.7
19750612,32.4
19750613,34.3
19750614,35.5
19750615,28.5
19750616,23.1
19750617,29.6
19750618,35.5
19750619,38.4
19750620,32.6
19750621,31.0
19750622,30.9
19750623,27.7
19750624,30.7
19750625,32.8
19750626,31.6
19750627,28.7
19750628,32.1
19750629,32.2
19750630,29.2
19750701,27.5
19750702,26.9
19750703,33.2
19750704,29.3
19750705,29.6
19750706,31.8
19750707,33.0
19750708,27.6
19750709,25.9
19750710,33.7
19750711,34.5
19750712,35.6
19750713,34.4
19750714,30.2
19750715,32.4
19750716,35.3
19750717,36.3
19750718,34.0
19750719,35.1
19750720,34.0
19750721,34.1
19750722,29.9
19750723,32.7
19750724,33.0
19750725,31.2
19750726,32.7
19750727,33.6
19750728,31.5
19750729,27.3
19750730,27.0
19750731,27.5
19750801,30.4
19750802,30.1
19750803,30.6
19750804,30.7
19750805,31.3
19750806,29.2
19750807,27.1
19750808,29.5
19750809,30.4
19750810,33.1
19750811,33.1
19750812,25.9
19750813,28.4
19750814,30.1
19750815,29.9
19750816,32.0
19750817,31.9
19750818,32.1
19750819,33.2
19750820,33.0
19750821,33.1
19750822,30.3
19750823,30.4
19750824,30.8
19750825,31.5
19750826,27.8
19750827,24.8
19750828,25.1
19750829,27.1
19750830,29.6
19750831,27.2
19750901,28.1
19750902,27.7
19750903,30.0
19750904,28.6
19750905,28.6
19750906,27.8
19750907,30.5
19750908,28.1
19750909,24.6
19750910,30.1
19750911,29.2
19750912,28.6
19750913,24.6
19750914,27.6
19750915,27.4
19750916,27.3
19750917,27.5
19750918,27.5
19750919,24.2
19750920,25.4
19750921,27.6
19750922,26.9
19750923,29.6
19750924,28.5
19750925,23.5
19750926,28.2
19750927,25.4
19750928,25.5
19750929,22.5
19750930,18.9
19751001,19.2
19751002,25.1
19751003,20.9
19751004,25.3
19751005,26.6
19751006,21.6
19751007,21.2
19751008,22.2
19751009,23.5
19751010,19.6
19751011,25.1
19751012,17.9
19751013,21.9
19751014,16.3
19751015,13.5
19751016,19.6
19751017,21.6
19751018,22.3
19751019,22.8
19751020,23.0
19751021,16.8
19751022,14.0
19751023,15.9
19751024,15.6
19751025,15.0
19751026,18.0
19751027,19.1
19751028,15.9
19751029,11.2
19751030,11.6
19751031,12.4
19751101,15.9
19751102,16.3
19751103,13.8
19751104,14.2
19751105,14.8
19751106,16.6
19751107,14.4
19751108,11.2
19751109,13.0
19751110,12.2
19751111,13.1
19751112,14.3
19751113,14.0
19751114,11.4
19751115,13.7
19751116,15.5
19751117,14.9
19751118,11.6
19751119,8.2
19751120,11.1
19751121,8.5
19751122,2.7
19751123,8.3
19751124,11.1
19751125,8.3
19751126,9.8
19751127,8.8
19751128,10.0
19751129,7.9
19751130,5.3
19751201,6.1
19751202,7.9
19751203,3.4
19751204,7.6
19751205,1.6
19751206,1.1
19751207,-1.5
19751208,-1.2
19751209,0.2
19751210,-0.8
19751211,-1.7
19751212,-0.9
19751213,-1.6
19751214,1.6
19751215,3.8
19751216,2.7
19751217,4.3
19751218,2.4
19751219,4.4
19751220,1.7
19751221,3.2
19751222,0.4
19751223,0.5
19751224,3.6
19751225,2.3
19751226,-0.8
19751227,3.4
19751228,8.0
19751229,7.5
19751230,9.4
19751231,6.5
19760101,12.5
19760102,10.3
19760103,7.9
19760104,4.4
19760105,4.1
19760106,5.9
19760107,3.6
19760108,-0.2
19760109,-2.6
19760110,2.7
19760111,5.6
19760112,5.6
19760113,0.9
19760114,-1.7
19760115,-0.6
19760116,2.8
19760117,2.0
19760118,0.5
19760119,-2.5
19760120,-4.0
19760121,-1.1
19760122,0.9
19760123,0.2
19760124,3.7
19760125,0.5
19760126,0.6
19760127,-0.1
19760128,1.9
19760129,5.4
19760130,10.9
19760131,10.5
19760201,11.6
19760202,7.3
19760203,0.9
19760204,2.6
19760205,3.0
19760206,2.2
19760207,4.7
19760208,3.3
19760209,9.1
19760210,7.2
19760211,3.5
19760212,1.8
19760213,2.9
19760214,5.0
19760215,2.3
19760216,3.6
19760217,5.0
19760218,8.3
19760219,6.2
19760220,3.4
19760221,2.2
19760222,8.8
19760223,9.5
19760224,11.4
19760225,5.9
19760226,9.7
19760227,6.2
19760228,5.6
19760229,8.1
19760301,6.1
19760302,9.7
19760303,11.9
19760304,12.6
19760305,13.6
19760306,10.3
19760307,12.1
19760308,12.7
19760309,10.4
19760310,10.2
19760311,11.5
19760312,12.0
19760313,12.3
19760314,12.0
19760315,11.7
19760316,5.0
19760317,6.5
19760318,4.2
19760319,9.0
19760320,9.7
19760321,12.3
19760322,10.2
19760323,7.1
19760324,7.7
19760325,5.2
19760326,12.1
19760327,10.7
19760328,5.4
19760329,14.0
19760330,13.6
19760331,13.8
19760401,11.1
19760402,7.2
19760403,5.3
19760404,9.9
19760405,15.6
19760406,13.1
19760407,12.6
19760408,14.3
19760409,17.3
19760410,17.8
19760411,20.9
19760412,15.4
19760413,21.5
19760414,21.2
19760415,18.3
19760416,15.2
19760417,15.6
19760418,16.9
19760419,13.1
19760420,18.2
19760421,20.7
19760422,18.5
19760423,18.7
19760424,22.2
19760425,25.5
19760426,20.6
19760427,21.5
19760428,21.8
19760429,20.2
19760430,23.4
19760501,20.3
19760502,19.1
19760503,15.3
19760504,16.5
19760505,21.4
19760506,24.6
19760507,25.7
19760508,26.4
19760509,25.7
19760510,26.0
19760511,22.5
19760512,21.6
19760513,24.0
19760514,29.7
19760515,24.3
19760516,26.2
19760517,26.5
19760518,24.5
19760519,24.4
19760520,21.8
19760521,27.0
19760522,31.8
19760523,31.8
19760524,28.5
19760525,27.6
19760526,28.0
19760527,28.4
19760528,28.3
19760529,28.6
19760530,30.3
19760531,30.8
19760601,28.1
19760602,27.2
19760603,26.4
19760604,27.7
19760605,29.5
19760606,23.6
19760607,26.4
19760608,25.0
19760609,25.8
19760610,29.5
19760611,28.1
19760612,30.1
19760613,28.1
19760614,29.9
19760615,32.7
19760616,28.4
19760617,26.9
19760618,26.6
19760619,25.7
19760620,26.5
19760621,30.2
19760622,30.9
19760623,28.0
19760624,29.2
19760625,32.8
19760626,34.5
19760627,35.0
19760628,29.8
19760629,29.6
19760630,22.4
19760701,21.1
19760702,24.1
19760703,26.0
19760704,23.2
19760705,25.1
19760706,29.2
19760707,30.4
19760708,28.0
19760709,26.8
19760710,28.8
19760711,25.9
19760712,26.0
19760713,27.5
19760714,29.4
19760715,27.1
19760716,28.2
19760717,30.0
19760718,27.2
19760719,24.6
19760720,22.4
19760721,26.2
19760722,29.8
19760723,31.2
19760724,28.4
19760725,30.0
19760726,27.2
19760727,30.7
19760728,27.2
19760729,31.9
19760730,33.8
19760731,32.9
19760801,30.0
19760802,26.2
19760803,24.8
19760804,30.6
19760805,31.5
19760806,31.7
19760807,25.6
19760808,31.7
19760809,31.9
19760810,30.2
19760811,29.0
19760812,28.4
19760813,28.0
19760814,26.9
19760815,28.7
19760816,28.7
19760817,28.9
19760818,30.4
19760819,29.2
19760820,26.1
19760821,24.4
19760822,25.6
19760823,26.4
19760824,26.5
19760825,28.1
19760826,21.6
19760827,25.0
19760828,26.6
19760829,26.7
19760830,29.2
19760831,27.8
19760901,28.8
19760902,30.0
19760903,30.4
19760904,30.3
19760905,27.6
19760906,21.8
19760907,25.1
19760908,29.5
19760909,28.1
19760910,28.9
19760911,24.2
19760912,22.8
19760913,24.7
19760914,21.8
19760915,23.8
19760916,25.3
19760917,24.0
19760918,21.3
19760919,25.7
19760920,24.3
19760921,24.5
19760922,25.9
19760923,27.7
19760924,26.0
19760925,25.6
19760926,24.3
19760927,25.0
19760928,25.5
19760929,21.3
19760930,17.5
19761001,14.2
19761002,24.6
19761003,20.8
19761004,21.9
19761005,18.0
19761006,18.9
19761007,21.7
19761008,22.7
19761009,23.0
19761010,18.4
19761011,14.1
19761012,18.4
19761013,18.9
19761014,21.6
19761015,23.6
19761016,24.7
19761017,23.3
19761018,22.0
19761019,21.4
19761020,16.7
19761021,11.2
19761022,10.1
19761023,14.0
19761024,13.4
19761025,14.5
19761026,15.4
19761027,11.7
19761028,11.6
19761029,10.8
19761030,12.3
19761031,13.8
19761101,13.8
19761102,13.1
19761103,14.2
19761104,8.7
19761105,2.1
19761106,4.7
19761107,13.6
19761108,11.7
19761109,10.8
19761110,8.8
19761111,2.9
19761112,1.4
19761113,0.3
19761114,4.4
19761115,4.3
19761116,7.0
19761117,7.8
19761118,8.5
19761119,5.9
19761120,5.7
19761121,7.5
19761122,4.6
19761123,6.2
19761124,6.0
19761125,5.8
19761126,3.4
19761127,5.9
19761128,9.7
19761129,9.0
19761130,4.2
19761201,7.2
19761202,8.3
19761203,6.1
19761204,4.7
19761205,2.4
19761206,-0.5
19761207,0.9
19761208,-0.1
19761209,6.0
19761210,8.6
19761211,6.8
19761212,3.4
19761213,4.7
19761214,5.6
19761215,2.6
19761216,5.7
19761217,7.3
19761218,7.3
19761219,4.9
19761220,3.7
19761221,6.2
19761222,3.5
19761223,-0.3
19761224,2.5
19761225,-1.3
19761226,-5.1
19761227,-3.2
19761228,-4.4
19761229,-1.9
19761230,-1.5
19761231,-1.7
19770101,-5.6
19770102,-8.6
19770103,-6.0
19770104,-1.4
19770105,0.1
19770106,1.3
19770107,1.5
19770108,-0.9
19770109,-1.3
19770110,-1.9
19770111,-3.7
19770112,-3.3
19770113,-1.5
19770114,-3.2
19770115,-3.5
19770116,-1.7
19770117,-2.1
19770118,-6.1
19770119,-2.1
19770120,-0.3
19770121,-1.7
19770122,1.0
19770123,0.8
19770124,0.5
19770125,-1.5
19770126,-1.7
19770127,-5.2
19770128,-5.5
19770129,-4.3
19770130,-1.2
19770131,-2.2
19770201,0.4
19770202,-0.9
19770203,0.7
19770204,-1.4
19770205,0.7
19770206,0.5
19770207,5.1
19770208,7.4
19770209,7.3
19770210,2.2
19770211,1.1
19770212,2.4
19770213,0.9
19770214,-0.7
19770215,-5.1
19770216,-1.0
19770217,4.4
19770218,4.4
19770219,8.5
19770220,3.7
19770221,2.4
19770222,10.7
19770223,17.0
19770224,17.4
19770225,15.0
19770226,11.0
19770227,14.0
19770228,9.3
19770301,11.5
19770302,6.7
19770303,4.2
19770304,5.1
19770305,5.5
19770306,16.2
19770307,13.3
19770308,11.7
19770309,11.7
19770310,11.5
19770311,15.0
19770312,8.7
19770313,13.5
19770314,15.3
19770315,17.1
19770316,18.9
19770317,14.0
19770318,15.8
19770319,15.3
19770320,13.7
19770321,16.4
19770322,15.0
19770323,5.6
19770324,8.3
19770325,10.8
19770326,15.2
19770327,16.2
19770328,16.6
19770329,18.2
19770330,20.0
19770331,24.3
19770401,20.7
19770402,23.1
19770403,15.5
19770404,17.3
19770405,18.0
19770406,15.0
19770407,13.9
19770408,18.8
19770409,19.3
19770410,22.6
19770411,26.1
19770412,20.8
19770413,20.2
19770414,25.5
19770415,23.1
19770416,19.9
19770417,13.0
19770418,21.3
19770419,27.1
19770420,28.8
19770421,21.7
19770422,26.1
19770423,21.4
19770424,19.6
19770425,20.0
19770426,16.7
19770427,19.2
19770428,22.5
19770429,22.5
19770430,23.0
19770501,21.5
19770502,22.4
19770503,25.7
19770504,23.8
19770505,20.2
19770506,24.8
19770507,28.3
19770508,27.5
19770509,27.7
19770510,26.6
19770511,26.0
19770512,27.6
19770513,24.8
19770514,21.2
19770515,23.0
19770516,23.7
19770517,23.4
19770518,26.4
19770519,27.1
19770520,23.4
19770521,22.6
19770522,19.5
19770523,26.7
19770524,28.1
19770525,25.1
19770526,24.1
19770527,20.0
19770528,22.2
19770529,21.5
19770530,22.0
19770531,27.3
19770601,28.0
19770602,25.6
19770603,27.2
19770604,29.1
19770605,29.4
19770606,31.1
19770607,33.0
19770608,29.5
19770609,24.2
19770610,26.2
19770611,29.0
19770612,29.9
19770613,29.0
19770614,27.7
19770615,31.2
19770616,30.2
19770617,32.7
19770618,31.2
19770619,30.9
19770620,32.2
19770621,33.9
19770622,30.2
19770623,25.0
19770624,21.6
19770625,20.3
19770626,21.6
19770627,21.2
19770628,26.5
19770629,28.6
19770630,28.6
19770701,31.2
19770702,29.0
19770703,31.6
19770704,32.7
19770705,29.0
19770706,22.7
19770707,30.7
19770708,34.1
19770709,33.2
19770710,31.4
19770711,32.5
19770712,32.4
19770713,29.0
19770714,30.7
19770715,32.7
19770716,33.9
19770717,33.9
19770718,32.8
19770719,32.5
19770720,28.1
19770721,26.6
19770722,27.5
19770723,25.6
19770724,32.1
19770725,31.4
19770726,27.0
19770727,29.0
19770728,31.0
19770729,31.0
19770730,29.7
19770731,28.0
19770801,30.4
19770802,27.5
19770803,27.5
19770804,29.0
19770805,26.1
19770806,28.5
19770807,31.3
19770808,31.3
19770809,27.7
19770810,30.5
19770811,27.3
19770812,27.5
19770813,27.8
19770814,26.3
19770815,27.9
19770816,27.4
19770817,27.7
19770818,29.2
19770819,29.9
19770820,30.1
19770821,29.3
19770822,30.0
19770823,30.9
19770824,29.8
19770825,29.4
19770826,30.4
19770827,30.7
19770828,31.3
19770829,31.1
19770830,30.6
19770831,29.0
19770901,30.4
19770902,31.5
19770903,31.9
19770904,30.9
19770905,29.9
19770906,28.6
19770907,30.5
19770908,29.4
19770909,26.0
19770910,27.6
19770911,25.9
19770912,24.3
19770913,21.6
19770914,22.1
19770915,23.5
19770916,19.5
19770917,25.0
19770918,26.9
19770919,19.9
19770920,21.7
19770921,23.5
19770922,26.8
19770923,27.4
19770924,27.7
19770925,28.7
19770926,25.1
19770927,25.9
19770928,29.0
19770929,21.2
19770930,26.2
19771001,22.3
19771002,19.7
19771003,24.1
19771004,18.3
19771005,17.8
19771006,17.1
19771007,20.7
19771008,24.5
19771009,16.6
19771010,16.0
19771011,17.6
19771012,20.6
19771013,22.6
19771014,22.8
19771015,19.7
19771016,17.4
19771017,18.7
19771018,20.7
19771019,21.6
19771020,25.2
19771021,23.5
19771022,21.5
19771023,23.1
19771024,15.8
19771025,14.1
19771026,13.9
19771027,12.3
19771028,10.7
19771029,11.2
19771030,16.8
19771031,13.7
19771101,12.8
19771102,12.5
19771103,10.1
19771104,11.6
19771105,12.7
19771106,13.9
19771107,11.2
19771108,6.7
19771109,11.3
19771110,11.7
19771111,10.7
19771112,8.8
19771113,12.5
19771114,13.0
19771115,13.7
19771116,9.4
19771117,10.1
19771118,8.7
19771119,9.7
19771120,13.4
19771121,9.8
19771122,7.3
19771123,7.6
19771124,10.7
19771125,9.6
19771126,6.9
19771127,2.8
19771128,8.6
19771129,5.5
19771130,7.6
19771201,4.6
19771202,7.8
19771203,10.8
19771204,12.7
19771205,8.5
19771206,4.5
19771207,4.4
19771208,5.1
19771209,5.8
19771210,4.9
19771211,3.2
19771212,6.9
19771213,0.4
19771214,1.0
19771215,5.8
19771216,5.9
19771217,6.4
19771218,3.5
19771219,2.0
19771220,2.4
19771221,2.9
19771222,1.6
19771223,2.8
19771224,0.9
19771225,-0.7
19771226,1.0
19771227,2.1
19771228,-0.8
19771229,6.4
19771230,1.2
19771231,5.5
19780101,-0.6
19780102,-1.0
19780103,1.1
19780104,1.8
19780105,8.7
19780106,7.7
19780107,3.0
19780108,2.9
19780109,-0.4
19780110,2.9
19780111,7.3
19780112,2.2
19780113,5.6
19780114,3.8
19780115,-1.0
19780116,0.0
19780117,0.7
19780118,2.7
19780119,3.2
19780120,1.8
19780121,4.5
19780122,3.7
19780123,7.1
19780124,4.7
19780125,5.4
19780126,6.6
19780127,1.7
19780128,1.4
19780129,-0.4
19780130,0.9
19780131,-1.6
19780201,1.1
19780202,1.2
19780203,2.0
19780204,2.4
19780205,-1.6
19780206,4.5
19780207,1.7
19780208,-0.6
19780209,-2.1
19780210,-3.7
19780211,-3.5
19780212,1.2
19780213,-1.9
19780214,-3.5
19780215,-2.5
19780216,1.0
19780217,2.5
19780218,5.5
19780219,3.8
19780220,11.5
19780221,14.5
19780222,11.2
19780223,13.7
19780224,11.6
19780225,9.4
19780226,16.3
19780227,10.3
19780228,4.3
19780301,8.0
19780302,6.6
19780303,10.4
19780304,11.1
19780305,14.7
19780306,12.1
19780307,9.0
19780308,8.7
19780309,5.5
19780310,2.8
19780311,4.7
19780312,8.0
19780313,11.8
19780314,9.2
19780315,3.6
19780316,12.9
19780317,15.8
19780318,12.0
19780319,11.6
19780320,13.2
19780321,12.2
19780322,13.3
19780323,15.7
19780324,16.9
19780325,21.4
19780326,21.4
19780327,18.2
19780328,13.2
19780329,9.3
19780330,4.5
19780331,11.3
19780401,11.3
19780402,14.2
19780403,20.6
19780404,24.7
19780405,19.7
19780406,20.1
19780407,24.8
19780408,23.1
19780409,18.2
19780410,20.0
19780411,17.9
19780412,25.1
19780413,22.0
19780414,19.3
19780415,17.1
19780416,17.7
19780417,21.0
19780418,21.1
19780419,15.6
19780420,18.0
19780421,21.4
19780422,20.7
19780423,23.8
19780424,22.5
19780425,21.7
19780426,27.5
19780427,26.4
19780428,24.7
19780429,25.5
19780430,23.7
19780501,22.9
19780502,22.4
19780503,24.6
19780504,27.3
19780505,22.7
19780506,24.7
19780507,25.4
19780508,22.5
19780509,21.9
19780510,24.5
19780511,26.9
19780512,29.4
19780513,30.2
19780514,28.5
19780515,22.9
19780516,14.7
19780517,17.2
19780518,27.1
19780519,25.4
19780520,28.8
19780521,30.1
19780522,25.0
19780523,28.8
19780524,20.5
19780525,24.9
19780526,30.5
19780527,25.5
19780528,21.6
19780529,20.9
19780530,23.0
19780531,24.6
19780601,25.1
19780602,29.0
19780603,27.7
19780604,26.1
19780605,26.3
19780606,28.8
19780607,29.9
19780608,30.7
19780609,27.4
19780610,30.0
19780611,32.6
19780612,32.1
19780613,30.9
19780614,32.4
19780615,30.7
19780616,31.1
19780617,33.2
19780618,35.0
19780619,32.5
19780620,33.3
19780621,32.4
19780622,35.5
19780623,37.5
19780624,34.0
19780625,30.8
19780626,33.0
19780627,32.7
19780628,34.8
19780629,29.2
19780630,32.3
19780701,31.8
19780702,29.5
19780703,33.9
19780704,31.1
19780705,32.9
19780706,33.8
19780707,35.0
19780708,31.2
19780709,32.1
19780710,29.8
19780711,29.5
19780712,28.6
19780713,25.2
19780714,28.9
19780715,29.2
19780716,32.9
19780717,33.1
19780718,33.3
19780719,31.6
19780720,31.2
19780721,32.4
19780722,30.4
19780723,26.0
19780724,28.3
19780725,27.2
19780726,30.5
19780727,27.9
19780728,27.9
19780729,29.2
19780730,29.4
19780731,27.6
19780801,30.9
19780802,32.6
19780803,32.4
19780804,33.4
19780805,33.6
19780806,28.1
19780807,23.1
19780808,22.8
19780809,31.2
19780810,29.7
19780811,30.6
19780812,28.1
19780813,27.5
19780814,27.4
19780815,25.6
19780816,30.6
19780817,27.5
19780818,26.4
19780819,29.2
19780820,32.6
19780821,31.6
19780822,31.4
19780823,31.6
19780824,30.4
19780825,31.5
19780826,28.2
19780827,25.9
19780828,22.6
19780829,26.5
19780830,25.4
19780831,21.3
19780901,20.1
19780902,25.2
19780903,23.3
19780904,19.9
19780905,23.4
19780906,19.1
19780907,23.7
19780908,23.3
19780909,23.6
19780910,26.4
19780911,25.6
19780912,26.3
19780913,27.2
19780914,27.9
19780915,25.8
19780916,27.9
19780917,23.4
19780918,21.7
19780919,26.1
19780920,27.1
19780921,26.6
19780922,27.6
19780923,28.6
19780924,28.6
19780925,29.8
19780926,24.8
19780927,26.1
19780928,26.4
19780929,26.4
19780930,27.3
19781001,28.0
19781002,21.1
19781003,20.0
19781004,24.2
19781005,22.6
19781006,22.3
19781007,22.6
19781008,16.6
19781009,18.5
19781010,20.0
19781011,17.1
19781012,20.8
19781013,20.3
19781014,21.9
19781015,17.8
19781016,18.3
19781017,19.6
19781018,17.8
19781019,18.1
19781020,15.8
19781021,12.9
19781022,14.8
19781023,16.1
19781024,17.8
19781025,18.0
19781026,13.8
19781027,8.7
19781028,11.4
19781029,15.0
19781030,17.8
19781031,14.7
19781101,15.4
19781102,14.7
19781103,14.5
19781104,15.0
19781105,13.7
19781106,14.8
19781107,11.5
19781108,15.5
19781109,9.1
19781110,14.2
19781111,12.4
19781112,12.5
19781113,12.2
19781114,11.8
19781115,10.6
19781116,7.6
19781117,10.8
19781118,7.8
19781119,7.5
19781120,8.4
19781121,10.5
19781122,11.7
19781123,8.6
19781124,9.3
19781125,12.8
19781126,7.6
19781127,1.8
19781128,6.5
19781129,9.2
19781130,8.3
19781201,5.9
19781202,6.5
19781203,2.9
19781204,8.4
19781205,5.2
19781206,4.6
19781207,6.8
19781208,9.3
19781209,10.0
19781210,6.5
19781211,6.9
19781212,5.8
19781213,6.5
19781214,2.1
19781215,2.8
19781216,8.8
19781217,3.6
19781218,-1.8
19781219,-3.9
19781220,-5.1
19781221,-5.8
19781222,0.1
19781223,2.4
19781224,2.5
19781225,2.2
19781226,-1.5
19781227,-4.0
19781228,0.3
19781229,-3.6
19781230,-3.7
19781231,-2.1
19790101,1.1
19790102,0.1
19790103,0.8
19790104,5.6
19790105,2.0
19790106,8.9
19790107,4.2
19790108,6.4
19790109,2.8
19790110,2.7
19790111,-4.0
19790112,-3.1
19790113,-2.2
19790114,-1.9
19790115,1.5
19790116,2.1
19790117,0.8
19790118,-0.8
19790119,2.1
19790120,2.5
19790121,-0.9
19790122,5.8
19790123,10.7
19790124,10.8
19790125,12.1
19790126,3.8
19790127,2.7
19790128,-0.7
19790129,-0.9
19790130,-3.3
19790131,-3.9
19790201,-4.4
19790202,-4.3
19790203,3.7
19790204,3.2
19790205,5.6
19790206,6.6
19790207,9.7
19790208,7.5
19790209,6.9
19790210,12.3
19790211,4.0
19790212,8.3
19790213,5.0
19790214,5.6
19790215,11.7
19790216,10.4
19790217,6.6
19790218,14.4
19790219,10.8
19790220,13.6
19790221,6.8
19790222,1.8
19790223,1.5
19790224,4.2
19790225,7.3
19790226,5.5
19790227,2.7
19790228,2.4
19790301,5.5
19790302,9.1
19790303,8.1
19790304,2.3
19790305,8.5
19790306,9.3
19790307,12.8
19790308,14.4
19790309,8.8
19790310,9.4
19790311,4.8
19790312,9.6
19790313,7.4
19790314,13.9
19790315,16.9
19790316,12.2
19790317,12.1
19790318,17.4
19790319,13.2
19790320,7.4
19790321,7.2
19790322,4.0
19790323,0.9
19790324,9.2
19790325,14.7
19790326,19.5
19790327,17.3
19790328,17.1
19790329,13.5
19790330,15.1
19790331,11.5
19790401,12.1
19790402,11.5
19790403,14.1
19790404,16.7
19790405,15.8
19790406,11.7
19790407,15.5
19790408,16.0
19790409,19.4
19790410,23.4
19790411,16.8
19790412,10.8
19790413,10.1
19790414,15.7
19790415,17.3
19790416,15.1
19790417,11.2
19790418,18.6
19790419,17.4
19790420,21.0
19790421,18.3
19790422,18.5
19790423,22.8
19790424,18.2
19790425,14.5
19790426,16.3
19790427,12.2
19790428,18.2
19790429,19.3
19790430,21.2
19790501,19.7
19790502,25.4
19790503,24.8
19790504,23.3
19790505,21.0
19790506,20.0
19790507,22.6
19790508,24.7
19790509,22.0
19790510,22.3
19790511,21.4
19790512,18.8
19790513,23.6
19790514,22.0
19790515,16.8
19790516,18.9
19790517,24.7
19790518,27.4
19790519,29.1
19790520,28.7
19790521,28.3
19790522,28.3
19790523,25.2
19790524,26.5
19790525,30.8
19790526,30.1
19790527,32.3
19790528,32.0
19790529,32.2
19790530,31.8
19790531,32.0
19790601,27.0
19790602,24.4
19790603,24.2
19790604,26.5
19790605,24.2
19790606,28.8
19790607,30.5
19790608,27.5
19790609,24.9
19790610,26.1
19790611,29.2
19790612,30.6
19790613,27.9
19790614,29.6
19790615,31.0
19790616,29.2
19790617,29.5
19790618,27.6
19790619,22.6
19790620,23.3
19790621,29.1
19790622,31.2
19790623,32.0
19790624,27.7
19790625,27.0
19790626,29.8
19790627,32.4
19790628,30.0
19790629,28.0
19790630,27.4
19790701,29.2
19790702,29.5
19790703,25.2
19790704,31.8
19790705,34.1
19790706,32.0
19790707,32.9
19790708,34.6
19790709,32.4
19790710,29.2
19790711,30.9
19790712,28.8
19790713,28.7
19790714,31.2
19790715,35.9
19790716,32.6
19790717,28.9
19790718,27.2
19790719,24.3
19790720,29.1
19790721,28.4
19790722,25.6
19790723,28.5
19790724,26.6
19790725,29.5
19790726,30.5
19790727,27.4
19790728,32.6
19790729,29.9
19790730,28.5
19790731,24.8
19790801,30.1
19790802,29.4
19790803,25.8
19790804,31.7
19790805,34.3
19790806,31.4
19790807,30.0
19790808,31.1
19790809,31.8
19790810,33.0
19790811,29.6
19790812,24.4
19790813,21.3
19790814,22.0
19790815,20.9
19790816,29.5
19790817,30.0
19790818,31.4
19790819,29.2
19790820,29.9
19790821,29.9
19790822,26.0
19790823,26.3
19790824,28.3
19790825,29.3
19790826,26.9
19790827,27.9
19790828,27.5
19790829,26.0
19790830,21.7
19790831,25.9
19790901,24.7
19790902,27.6
19790903,25.6
19790904,27.8
19790905,24.3
19790906,25.9
19790907,25.1
19790908,25.4
19790909,26.6
19790910,25.1
19790911,23.2
19790912,24.5
19790913,24.9
19790914,27.0
19790915,26.7
19790916,26.7
19790917,26.0
19790918,26.0
19790919,23.5
19790920,21.6
19790921,27.3
19790922,22.7
19790923,19.9
19790924,21.8
19790925,21.9
19790926,23.3
19790927,24.6
19790928,25.3
19790929,24.9
19790930,28.3
19791001,23.5
19791002,25.3
19791003,24.8
19791004,22.8
19791005,23.9
19791006,27.4
19791007,29.2
19791008,29.2
19791009,26.5
19791010,27.2
19791011,19.0
19791012,20.4
19791013,17.7
19791014,23.7
19791015,19.2
19791016,16.2
19791017,18.2
19791018,19.5
19791019,20.8
19791020,20.7
19791021,16.5
19791022,20.2
19791023,20.2
19791024,21.6
19791025,20.0
19791026,24.0
19791027,24.0
19791028,24.1
19791029,19.1
19791030,11.8
19791031,14.5
19791101,15.7
19791102,15.0
19791103,12.0
19791104,11.6
19791105,13.0
19791106,15.4
19791107,16.6
19791108,17.2
19791109,13.8
19791110,11.8
19791111,6.6
19791112,3.2
19791113,-1.3
19791114,1.9
19791115,7.6
19791116,5.2
19791117,2.5
19791118,3.5
19791119,7.7
19791120,5.4
19791121,5.6
19791122,1.4
19791123,2.6
19791124,5.4
19791125,4.5
19791126,7.5
19791127,5.2
19791128,4.5
19791129,5.2
19791130,7.8
19791201,8.8
19791202,9.5
19791203,4.2
19791204,6.4
19791205,9.1
19791206,9.3
19791207,9.3
19791208,10.3
19791209,8.0
19791210,5.5
19791211,-0.8
19791212,0.7
19791213,4.8
19791214,5.7
19791215,6.5
19791216,3.8
19791217,5.9
19791218,2.1
19791219,9.1
19791220,4.2
19791221,4.7
19791222,-0.4
19791223,-4.0
19791224,-4.0
19791225,-2.5
19791226,1.1
19791227,2.5
19791228,5.9
19791229,0.2
19791230,5.2
19791231,0.5
19800101,-1.7
19800102,0.8
19800103,0.6
19800104,-0.5
19800105,1.7
19800106,-0.8
19800107,2.7
19800108,1.9
19800109,-0.4
19800110,-3.4
19800111,-0.5
19800112,3.9
19800113,3.2
19800114,1.9
19800115,5.1
19800116,2.6
19800117,-1.3
19800118,-3.4
19800119,2.2
19800120,3.5
19800121,2.0
19800122,4.6
19800123,6.0
19800124,4.0
19800125,4.3
19800126,6.4
19800127,5.4
19800128,0.0
19800129,-3.9
19800130,-4.8
19800131,-3.0
19800201,-1.1
19800202,-1.4
19800203,-5.3
19800204,-5.9
19800205,-7.3
19800206,-4.3
19800207,-5.3
19800208,-2.3
19800209,2.6
19800210,5.6
19800211,4.4
19800212,4.8
19800213,0.3
19800214,3.6
19800215,7.3
19800216,4.0
19800217,5.5
19800218,3.4
19800219,-0.4
19800220,6.5
19800221,3.2
19800222,7.6
19800223,10.1
19800224,3.7
19800225,1.5
19800226,7.6
19800227,10.2
19800228,9.7
19800229,9.3
19800301,10.7
19800302,13.1
19800303,11.0
19800304,8.0
19800305,8.3
19800306,11.4
19800307,13.2
19800308,7.8
19800309,3.2
19800310,1.2
19800311,2.5
19800312,2.2
19800313,7.6
19800314,8.4
19800315,8.5
19800316,13.3
19800317,12.0
19800318,3.3
19800319,10.8
19800320,10.0
19800321,5.6
19800322,2.8
19800323,6.3
19800324,11.5
19800325,13.3
19800326,19.9
19800327,20.9
19800328,20.2
19800329,13.7
19800330,11.0
19800331,13.2
19800401,13.1
19800402,17.2
19800403,21.4
19800404,21.9
19800405,13.3
19800406,10.0
19800407,8.2
19800408,15.3
19800409,11.2
19800410,17.0
19800411,22.0
19800412,14.3
19800413,12.2
19800414,12.3
19800415,12.5
19800416,15.5
19800417,17.7
19800418,16.8
19800419,15.6
19800420,17.2
19800421,20.7
19800422,17.4
19800423,17.9
19800424,18.5
19800425,22.6
19800426,17.7
19800427,16.5
19800428,19.5
19800429,22.7
19800430,21.2
19800501,24.5
19800502,23.6
19800503,24.1
19800504,22.9
19800505,21.5
19800506,23.6
19800507,23.2
19800508,24.5
19800509,31.7
19800510,30.3
19800511,25.6
19800512,23.7
19800513,22.7
19800514,23.9
19800515,18.5
19800516,22.9
19800517,27.4
19800518,24.0
19800519,25.1
19800520,27.1
19800521,27.5
19800522,30.2
19800523,29.4
19800524,27.0
19800525,21.6
19800526,23.4
19800527,34.8
19800528,29.1
19800529,31.0
19800530,26.9
19800531,26.9
19800601,20.4
19800602,26.7
19800603,28.4
19800604,30.4
19800605,31.0
19800606,25.8
19800607,30.3
19800608,30.5
19800609,24.3
19800610,30.3
19800611,31.7
19800612,30.9
19800613,28.7
19800614,32.1
19800615,27.8
19800616,30.1
19800617,31.1
19800618,33.0
19800619,32.4
19800620,35.0
19800621,28.5
19800622,28.5
19800623,32.5
19800624,31.3
19800625,30.5
19800626,33.7
19800627,34.4
19800628,29.4
19800629,27.7
19800630,31.0
19800701,27.4
19800702,29.2
19800703,29.5
19800704,31.1
19800705,32.8
19800706,31.6
19800707,33.6
19800708,33.6
19800709,35.1
19800710,33.9
19800711,32.4
19800712,32.6
19800713,28.3
19800714,33.4
19800715,28.9
19800716,30.3
19800717,29.0
19800718,31.9
19800719,32.1
19800720,31.2
19800721,30.9
19800722,32.8
19800723,33.6
19800724,28.6
19800725,34.4
19800726,33.6
19800727,28.9
19800728,30.6
19800729,30.2
19800730,31.8
19800731,32.9
19800801,31.7
19800802,30.7
19800803,27.2
19800804,29.1
19800805,29.8
19800806,30.3
19800807,30.8
19800808,31.3
19800809,29.3
19800810,26.2
19800811,25.5
19800812,27.4
19800813,29.0
19800814,29.1
19800815,29.8
19800816,27.3
19800817,27.4
19800818,28.8
19800819,29.4
19800820,30.5
19800821,30.3
19800822,30.8
19800823,32.3
19800824,28.8
19800825,28.9
19800826,29.0
19800827,24.8
19800828,22.0
19800829,26.4
19800830,28.8
19800831,29.4
19800901,23.9
19800902,27.6
19800903,27.4
19800904,27.6
19800905,29.2
19800906,27.4
19800907,26.3
19800908,27.3
19800909,25.7
19800910,26.5
19800911,29.8
19800912,27.2
19800913,27.1
19800914,20.2
19800915,23.2
19800916,26.0
19800917,27.8
19800918,27.5
19800919,23.9
19800920,21.0
19800921,19.8
19800922,20.5
19800923,25.7
19800924,26.4
19800925,17.4
19800926,23.2
19800927,25.5
19800928,25.4
19800929,20.7
19800930,22.4
19801001,25.5
19801002,25.6
19801003,25.6
19801004,24.9
19801005,25.1
19801006,25.6
19801007,25.6
19801008,17.6
19801009,17.7
19801010,14.6
19801011,14.4
19801012,11.3
19801013,18.0
19801014,18.8
19801015,19.5
19801016,18.4
19801017,17.9
19801018,19.1
19801019,17.8
19801020,13.5
19801021,13.6
19801022,13.4
19801023,14.7
19801024,12.1
19801025,8.7
19801026,11.9
19801027,12.9
19801028,12.6
19801029,16.9
19801030,14.2
19801031,15.1
19801101,16.6
19801102,17.7
19801103,14.7
19801104,16.6
19801105,19.8
19801106,19.7
19801107,14.4
19801108,8.1
19801109,11.0
19801110,15.6
19801111,8.7
19801112,8.2
19801113,8.3
19801114,11.8
19801115,11.3
19801116,10.5
19801117,11.6
19801118,9.6
19801119,11.2
19801120,11.8
19801121,11.5
19801122,8.1
19801123,10.9
19801124,10.5
19801125,12.1
19801126,7.3
19801127,13.6
19801128,12.9
19801129,13.6
19801130,11.5
19801201,9.3
19801202,4.6
19801203,1.6
19801204,0.6
19801205,6.3
19801206,8.2
19801207,6.6
19801208,2.8
19801209,5.2
19801210,6.4
19801211,1.2
19801212,-2.9
19801213,-2.4
19801214,2.3
19801215,0.6
19801216,2.3
19801217,1.1
19801218,5.4
19801219,7.2
19801220,2.5
19801221,1.2
19801222,1.8
19801223,1.9
19801224,1.8
19801225,-1.0
19801226,-2.0
19801227,-3.1
19801228,-1.0
19801229,-3.8
19801230,-1.0
19801231,-1.1
19810101,-1.7
19810102,-3.1
19810103,-5.5
19810104,-0.7
19810105,1.2
19810106,4.8
19810107,4.1
19810108,7.2
19810109,2.8
19810110,1.6
19810111,8.0
19810112,2.4
19810113,1.7
19810114,-1.4
19810115,-0.2
19810116,0.5
19810117,-0.7
19810118,-0.3
19810119,-1.5
19810120,0.6
19810121,-1.6
19810122,-2.1
19810123,0.1
19810124,-2.1
19810125,-4.4
19810126,-1.3
19810127,1.5
19810128,3.0
19810129,0.2
19810130,2.4
19810131,3.2
19810201,5.7
19810202,5.0
19810203,2.4
19810204,1.6
19810205,8.7
19810206,4.2
19810207,7.4
19810208,7.5
19810209,6.8
19810210,9.5
19810211,10.4
19810212,13.6
19810213,7.3
19810214,7.7
19810215,4.3
19810216,4.3
19810217,2.3
19810218,4.9
19810219,0.6
19810220,2.1
19810221,3.0
19810222,2.3
19810223,0.7
19810224,-1.8
19810225,-5.4
19810226,-1.7
19810227,-0.9
19810228,3.7
19810301,7.4
19810302,6.2
19810303,14.6
19810304,10.4
19810305,8.5
19810306,13.0
19810307,14.6
19810308,4.7
19810309,9.4
19810310,12.9
19810311,14.7
19810312,17.1
19810313,11.5
19810314,13.5
19810315,17.1
19810316,21.0
19810317,22.2
19810318,22.1
19810319,21.1
19810320,14.1
19810321,15.1
19810322,16.5
19810323,13.4
19810324,14.4
19810325,12.5
19810326,12.0
19810327,13.3
19810328,17.2
19810329,13.9
19810330,10.9
19810331,6.7
19810401,14.0
19810402,18.4
19810403,18.0
19810404,19.6
19810405,23.7
19810406,21.8
19810407,22.2
19810408,18.5
19810409,22.7
19810410,23.1
19810411,19.7
19810412,17.5
19810413,21.9
19810414,16.5
19810415,13.0
19810416,25.1
19810417,26.7
19810418,22.3
19810419,23.4
19810420,25.5
19810421,27.2
19810422,29.5
19810423,25.0
19810424,23.4
19810425,29.1
19810426,32.2
19810427,26.2
19810428,18.4
19810429,26.4
19810430,31.5
19810501,26.0
19810502,17.3
19810503,18.8
19810504,26.8
19810505,30.1
19810506,28.7
19810507,29.4
19810508,26.1
19810509,23.4
19810510,19.8
19810511,22.8
19810512,26.0
19810513,29.9
19810514,26.5
19810515,20.8
19810516,22.4
19810517,18.7
19810518,26.4
19810519,27.8
19810520,28.1
19810521,30.9
19810522,33.4
19810523,35.0
19810524,29.8
19810525,29.2
19810526,29.7
19810527,26.2
19810528,31.0
19810529,31.0
19810530,29.1
19810531,27.5
19810601,27.5
19810602,25.3
19810603,30.1
19810604,31.7
19810605,33.9
19810606,38.1
19810607,36.3
19810608,32.6
19810609,28.2
19810610,24.1
19810611,30.8
19810612,32.9
19810613,31.0
19810614,33.1
19810615,29.6
19810616,34.2
19810617,30.8
19810618,27.0
19810619,30.7
19810620,27.1
19810621,31.5
19810622,31.2
19810623,35.1
19810624,34.3
19810625,29.5
19810626,28.1
19810627,33.5
19810628,35.1
19810629,36.0
19810630,32.6
19810701,29.9
19810702,31.9
19810703,30.2
19810704,30.3
19810705,35.2
19810706,32.4
19810707,28.9
19810708,31.3
19810709,33.9
19810710,33.7
19810711,33.0
19810712,32.4
19810713,32.6
19810714,29.7
19810715,26.0
19810716,29.2
19810717,29.1
19810718,34.1
19810719,33.3
19810720,35.0
19810721,35.1
19810722,35.0
19810723,35.0
19810724,33.9
19810725,28.9
19810726,32.7
19810727,31.5
19810728,34.6
19810729,34.7
19810730,34.2
19810731,33.0
19810801,34.4
19810802,34.5
19810803,33.0
19810804,29.2
19810805,26.7
19810806,19.1
19810807,24.1
19810808,31.2
19810809,27.1
19810810,30.1
19810811,30.5
19810812,30.7
19810813,28.8
19810814,29.5
19810815,27.1
19810816,27.2
19810817,33.5
19810818,33.5
19810819,30.9
19810820,32.0
19810821,33.3
19810822,33.5
19810823,30.8
19810824,27.0
19810825,28.7
19810826,31.9
19810827,30.9
19810828,26.8
19810829,30.0
19810830,31.8
19810831,30.3
19810901,28.8
19810902,27.2
19810903,24.7
19810904,29.2
19810905,30.0
19810906,29.7
19810907,25.0
19810908,26.7
19810909,23.6
19810910,26.7
19810911,25.4
19810912,25.8
19810913,25.8
19810914,27.0
19810915,24.9
19810916,27.8
19810917,27.9
19810918,26.8
19810919,24.7
19810920,28.3
19810921,28.3
19810922,27.2
19810923,24.0
19810924,28.6
19810925,30.7
19810926,28.4
19810927,23.7
19810928,15.4
19810929,18.3
19810930,22.1
19811001,22.8
19811002,20.5
19811003,21.5
19811004,22.2
19811005,23.3
19811006,25.4
19811007,23.6
19811008,17.4
19811009,20.4
19811010,22.0
19811011,22.3
19811012,21.0
19811013,17.6
19811014,17.9
19811015,20.8
19811016,21.5
19811017,20.1
19811018,14.9
19811019,12.9
19811020,16.3
19811021,13.8
19811022,7.4
19811023,11.5
19811024,12.2
19811025,15.5
19811026,13.0
19811027,13.8
19811028,14.0
19811029,17.2
19811030,14.7
19811031,9.2
19811101,6.6
19811102,10.0
19811103,8.4
19811104,7.0
19811105,6.2
19811106,5.0
19811107,4.0
19811108,7.8
19811109,9.1
19811110,13.1
19811111,13.0
19811112,15.5
19811113,12.2
19811114,11.4
19811115,15.0
19811116,10.4
19811117,3.4
19811118,5.9
19811119,7.6
19811120,11.6
19811121,9.5
19811122,6.0
19811123,6.7
19811124,4.8
19811125,1.1
19811126,4.4
19811127,4.5
19811128,3.2
19811129,3.9
19811130,1.7
19811201,-2.6
19811202,-0.5
19811203,-0.3
19811204,5.9
19811205,4.4
19811206,6.9
19811207,10.7
19811208,10.1
19811209,9.4
19811210,9.2
19811211,9.5
19811212,6.5
19811213,7.6
19811214,3.8
19811215,0.4
19811216,0.5
19811217,-0.5
19811218,-1.7
19811219,4.7
19811220,8.6
19811221,8.8
19811222,7.3
19811223,5.0
19811224,-1.4
19811225,4.6
19811226,2.1
19811227,6.8
19811228,0.1
19811229,-2.4
19811230,0.4
19811231,0.1
19820101,0.5
19820102,-1.6
19820103,6.2
19820104,3.4
19820105,-1.0
19820106,0.5
19820107,-4.8
19820108,2.3
19820109,6.7
19820110,4.6
19820111,2.1
19820112,-5.2
19820113,-3.2
19820114,-1.5
19820115,-2.7
19820116,-0.7
19820117,-3.6
19820118,-0.7
19820119,2.2
19820120,6.1
19820121,7.8
19820122,4.5
19820123,2.3
19820124,5.1
19820125,4.9
19820126,4.2
19820127,-0.3
19820128,0.3
19820129,-0.2
19820130,2.2
19820131,6.8
19820201,3.7
19820202,4.5
19820203,1.1
19820204,1.1
19820205,4.1
19820206,0.8
19820207,0.4
19820208,4.7
19820209,8.0
19820210,7.0
19820211,11.3
19820212,10.4
19820213,6.2
19820214,6.1
19820215,7.3
19820216,5.6
19820217,6.9
19820218,4.3
19820219,9.7
19820220,9.0
19820221,10.5
19820222,6.3
19820223,8.3
19820224,9.8
19820225,11.2
19820226,9.3
19820227,13.6
19820228,9.2
19820301,11.0
19820302,13.2
19820303,13.6
19820304,10.6
19820305,7.4
19820306,6.2
19820307,8.3
19820308,13.8
19820309,18.2
19820310,18.3
19820311,13.5
19820312,17.5
19820313,12.5
19820314,15.4
19820315,13.0
19820316,8.0
19820317,13.2
19820318,10.1
19820319,8.8
19820320,15.4
19820321,16.2
19820322,12.7
19820323,9.8
19820324,8.9
19820325,9.5
19820326,11.0
19820327,19.7
19820328,15.8
19820329,17.4
19820330,20.8
19820331,17.4
19820401,20.1
19820402,19.8
19820403,18.7
19820404,21.7
19820405,21.8
19820406,24.2
19820407,27.6
19820408,15.7
19820409,19.6
19820410,23.4
19820411,22.3
19820412,20.6
19820413,24.9
19820414,20.3
19820415,18.9
19820416,20.0
19820417,21.7
19820418,23.1
19820419,23.5
19820420,21.4
19820421,21.5
19820422,24.6
19820423,29.0
19820424,28.0
19820425,26.1
19820426,24.4
19820427,20.8
19820428,20.7
19820429,23.5
19820430,25.3
19820501,27.0
19820502,22.3
19820503,18.7
19820504,24.1
19820505,21.4
19820506,26.9
19820507,23.3
19820508,30.4
19820509,26.1
19820510,26.0
19820511,23.0
19820512,17.7
19820513,22.7
19820514,27.5
19820515,28.0
19820516,33.8
19820517,28.0
19820518,24.2
19820519,27.6
19820520,34.3
19820521,34.8
19820522,30.9
19820523,34.0
19820524,33.1
19820525,30.4
19820526,30.2
19820527,33.7
19820528,30.3
19820529,26.0
19820530,27.5
19820531,28.4
19820601,28.4
19820602,33.3
19820603,37.3
19820604,32.2
19820605,29.1
19820606,34.8
19820607,35.2
19820608,32.3
19820609,31.8
19820610,33.3
19820611,34.5
19820612,30.6
19820613,26.0
19820614,28.4
19820615,26.8
19820616,24.4
19820617,25.0
19820618,26.5
19820619,26.9
19820620,26.3
19820621,24.6
19820622,27.1
19820623,29.1
19820624,30.4
19820625,27.2
19820626,30.2
19820627,26.1
19820628,31.4
19820629,32.3
19820630,32.6
19820701,27.5
19820702,34.0
19820703,30.4
19820704,28.6
19820705,28.5
19820706,29.4
19820707,31.3
19820708,32.1
19820709,29.0
19820710,30.0
19820711,31.1
19820712,32.1
19820713,30.1
19820714,27.6
19820715,30.6
19820716,33.4
19820717,34.8
19820718,30.6
19820719,29.7
19820720,30.4
19820721,28.6
19820722,28.7
19820723,29.7
19820724,26.9
19820725,23.0
19820726,28.9
19820727,30.7
19820728,30.2
19820729,29.1
19820730,29.4
19820731,29.2
19820801,31.3
19820802,31.9
19820803,28.9
19820804,29.8
19820805,32.7
19820806,32.2
19820807,31.3
19820808,31.5
19820809,32.7
19820810,31.1
19820811,30.3
19820812,28.8
19820813,31.9
19820814,34.9
19820815,34.3
19820816,29.2
19820817,31.7
19820818,30.4
19820819,30.4
19820820,29.2
19820821,28.7
19820822,29.3
19820823,30.0
19820824,28.9
19820825,30.1
19820826,32.1
19820827,29.7
19820828,31.0
19820829,31.3
19820830,28.9
19820831,27.5
19820901,25.0
19820902,25.5
19820903,26.5
19820904,27.6
19820905,27.9
19820906,28.0
19820907,29.5
19820908,25.9
19820909,25.4
19820910,28.9
19820911,29.4
19820912,30.4
19820913,27.3
19820914,27.7
19820915,29.0
19820916,29.2
19820917,26.9
19820918,28.8
19820919,28.8
19820920,25.3
19820921,25.0
19820922,27.7
19820923,28.0
19820924,27.5
19820925,23.7
19820926,16.7
19820927,23.1
19820928,25.1
19820929,24.0
19820930,23.7
19821001,21.4
19821002,26.1
19821003,27.1
19821004,22.7
19821005,27.1
19821006,28.0
19821007,27.3
19821008,26.9
19821009,26.9
19821010,25.8
19821011,24.3
19821012,24.5
19821013,21.6
19821014,19.5
19821015,19.1
19821016,17.1
19821017,18.5
19821018,20.7
19821019,19.4
19821020,23.1
19821021,21.8
19821022,15.0
19821023,11.0
19821024,15.0
19821025,17.3
19821026,17.7
19821027,15.7
19821028,20.5
19821029,18.3
19821030,18.7
19821031,16.3
19821101,13.1
19821102,13.3
19821103,14.8
19821104,16.9
19821105,12.4
19821106,16.0
19821107,15.7
19821108,15.4
19821109,12.8
19821110,12.2
19821111,16.2
19821112,14.9
19821113,15.0
19821114,11.2
19821115,8.3
19821116,8.3
19821117,10.6
19821118,9.9
19821119,10.0
19821120,10.2
19821121,8.4
19821122,7.6
19821123,6.7
19821124,5.0
19821125,6.6
19821126,8.1
19821127,5.4
19821128,4.5
19821129,9.2
19821130,9.3
19821201,5.8
19821202,6.5
19821203,6.5
19821204,5.5
19821205,-0.7
19821206,1.5
19821207,3.4
19821208,3.5
19821209,3.0
19821210,5.1
19821211,1.3
19821212,1.6
19821213,1.0
19821214,3.7
19821215,5.1
19821216,3.9
19821217,5.1
19821218,6.1
19821219,10.1
19821220,9.0
19821221,5.5
19821222,3.2
19821223,2.5
19821224,1.2
19821225,1.3
19821226,5.6
19821227,4.7
19821228,7.3
19821229,3.8
19821230,4.1
19821231,5.2
19830101,3.2
19830102,6.2
19830103,2.6
19830104,4.8
19830105,-0.9
19830106,2.2
19830107,0.2
19830108,-3.8
19830109,-0.6
19830110,-0.5
19830111,3.0
19830112,5.5
19830113,3.7
19830114,3.0
19830115,2.3
19830116,6.4
19830117,3.1
19830118,-0.1
19830119,-1.8
19830120,0.4
19830121,1.4
19830122,4.7
19830123,7.9
19830124,8.5
19830125,11.2
19830126,6.3
19830127,8.0
19830128,7.1
19830129,9.9
19830130,4.0
19830131,1.6
19830201,1.5
19830202,3.0
19830203,6.1
19830204,7.6
19830205,7.2
19830206,4.3
19830207,3.1
19830208,2.6
19830209,1.5
19830210,0.5
19830211,2.2
19830212,0.0
19830213,-0.1
19830214,5.2
19830215,5.7
19830216,1.3
19830217,-0.9
19830218,-2.5
19830219,-4.6
19830220,-0.1
19830221,0.7
19830222,4.9
19830223,7.5
19830224,7.8
19830225,8.3
19830226,7.6
19830227,8.4
19830228,11.2
19830301,8.4
19830302,13.3
19830303,8.6
19830304,11.6
19830305,14.6
19830306,13.3
19830307,9.3
19830308,4.8
19830309,9.6
19830310,17.1
19830311,12.3
19830312,5.3
19830313,11.1
19830314,14.6
19830315,10.5
19830316,8.5
19830317,13.5
19830318,15.6
19830319,12.0
19830320,19.1
19830321,15.2
19830322,13.2
19830323,13.7
19830324,14.8
19830325,12.2
19830326,14.2
19830327,15.1
19830328,17.8
19830329,18.8
19830330,19.2
19830331,17.7
19830401,15.2
19830402,14.5
19830403,16.7
19830404,18.5
19830405,22.3
19830406,20.4
19830407,17.7
19830408,14.8
19830409,17.2
19830410,20.2
19830411,21.7
19830412,25.3
19830413,22.0
19830414,15.8
19830415,19.3
19830416,23.0
19830417,21.1
19830418,20.7
19830419,20.0
19830420,22.0
19830421,18.1
19830422,21.5
19830423,29.3
19830424,30.3
19830425,26.3
19830426,25.6
19830427,26.5
19830428,22.1
19830429,19.0
19830430,21.3
19830501,24.4
19830502,26.7
19830503,25.8
19830504,25.8
19830505,22.2
19830506,25.6
19830507,28.4
19830508,25.9
19830509,25.2
19830510,28.6
19830511,25.1
19830512,25.5
19830513,24.2
19830514,22.2
19830515,25.9
19830516,25.1
19830517,22.5
19830518,26.5
19830519,27.9
19830520,25.2
19830521,21.7
19830522,21.7
19830523,28.1
19830524,29.8
19830525,29.6
19830526,25.9
19830527,29.8
19830528,34.0
19830529,36.8
19830530,35.7
19830531,31.5
19830601,32.1
19830602,34.2
19830603,31.1
19830604,25.7
19830605,27.6
19830606,30.1
19830607,30.4
19830608,29.4
19830609,34.8
19830610,33.8
19830611,28.8
19830612,33.3
19830613,36.9
19830614,37.1
19830615,34.0
19830616,30.9
19830617,27.7
19830618,32.2
19830619,28.1
19830620,30.2
19830621,34.2
19830622,30.6
19830623,32.6
19830624,29.2
19830625,31.2
19830626,32.5
19830627,33.2
19830628,29.4
19830629,30.6
19830630,31.3
19830701,29.4
19830702,26.8
19830703,32.0
19830704,31.9
19830705,32.1
19830706,32.8
19830707,33.1
19830708,34.4
19830709,30.7
19830710,32.6
19830711,31.4
19830712,30.3
19830713,26.8
19830714,31.2
19830715,33.2
19830716,34.8
19830717,37.2
19830718,34.4
19830719,31.1
19830720,34.2
19830721,36.6
19830722,36.8
19830723,36.7
19830724,32.9
19830725,31.7
19830726,33.6
19830727,34.5
19830728,28.6
19830729,34.4
19830730,31.5
19830731,34.6
19830801,29.9
19830802,30.3
19830803,33.6
19830804,31.4
19830805,31.4
19830806,29.6
19830807,28.5
19830808,30.4
19830809,29.7
19830810,31.0
19830811,30.4
19830812,30.7
19830813,32.6
19830814,32.9
19830815,30.4
19830816,30.4
19830817,31.2
19830818,28.6
19830819,31.7
19830820,31.5
19830821,29.2
19830822,24.5
19830823,25.2
19830824,27.4
19830825,24.0
19830826,26.7
19830827,28.1
19830828,27.9
19830829,30.1
19830830,31.5
19830831,31.1
19830901,30.9
19830902,31.0
19830903,30.6
19830904,30.6
19830905,27.3
19830906,28.9
19830907,26.5
19830908,23.6
19830909,26.6
19830910,28.6
19830911,29.6
19830912,30.1
19830913,29.7
19830914,29.9
19830915,29.3
19830916,28.5
19830917,30.5
19830918,25.9
19830919,26.7
19830920,24.6
19830921,24.3
19830922,25.0
19830923,27.4
19830924,27.1
19830925,28.6
19830926,25.9
19830927,21.6
19830928,23.0
19830929,23.8
19830930,26.4
19831001,21.7
19831002,24.7
19831003,25.0
19831004,27.0
19831005,22.0
19831006,21.3
19831007,16.7
19831008,19.4
19831009,19.1
19831010,18.7
19831011,18.8
19831012,16.3
19831013,22.8
19831014,20.5
19831015,22.8
19831016,21.6
19831017,16.7
19831018,11.0
19831019,20.9
19831020,19.1
19831021,22.9
19831022,16.8
19831023,17.6
19831024,15.1
19831025,12.7
19831026,18.1
19831027,19.8
19831028,19.8
19831029,13.4
19831030,17.2
19831031,17.8
19831101,20.2
19831102,19.0
19831103,15.2
19831104,15.5
19831105,18.7
19831106,14.8
19831107,13.8
19831108,9.6
19831109,11.5
19831110,12.1
19831111,10.4
19831112,11.9
19831113,15.0
19831114,12.2
19831115,11.8
19831116,2.0
19831117,8.6
19831118,11.3
19831119,14.8
19831120,9.7
19831121,11.5
19831122,11.0
19831123,12.7
19831124,9.1
19831125,8.1
19831126,10.1
19831127,11.9
19831128,7.0
19831129,9.4
19831130,7.3
19831201,12.0
19831202,13.4
19831203,11.3
19831204,12.3
19831205,12.0
19831206,10.4
19831207,13.4
19831208,12.1
19831209,9.7
19831210,8.4
19831211,8.1
19831212,9.4
19831213,7.6
19831214,4.1
19831215,5.8
19831216,6.5
19831217,6.3
19831218,9.3
19831219,4.6
19831220,3.9
19831221,4.0
19831222,-0.4
19831223,0.7
19831224,0.2
19831225,3.3
19831226,2.4
19831227,0.8
19831228,1.5
19831229,-3.5
19831230,0.3
19831231,2.0
19840101,2.8
19840102,-0.2
19840103,1.7
19840104,1.6
19840105,-2.3
19840106,3.0
19840107,2.7
19840108,7.7
19840109,9.3
19840110,6.5
19840111,1.3
19840112,6.0
19840113,4.9
19840114,2.8
19840115,-2.2
19840116,-2.3
19840117,-1.2
19840118,0.0
19840119,0.7
19840120,1.7
19840121,-0.8
19840122,0.8
19840123,0.4
19840124,-1.3
19840125,-1.3
19840126,-3.6
19840127,-3.4
19840128,-3.3
19840129,-4.0
19840130,-0.1
19840131,0.5
19840201,-1.3
19840202,-1.3
19840203,-0.6
19840204,3.8
19840205,1.0
19840206,-0.3
19840207,1.1
19840208,2.6
19840209,3.3
19840210,-1.4
19840211,0.1
19840212,4.5
19840213,5.6
19840214,1.8
19840215,2.0
19840216,-0.3
19840217,4.7
19840218,5.8
19840219,6.7
19840220,6.0
19840221,6.2
19840222,3.0
19840223,6.3
19840224,6.0
19840225,5.3
19840226,3.0
19840227,4.6
19840228,0.7
19840229,6.7
19840301,5.6
19840302,5.0
19840303,6.7
19840304,5.7
19840305,6.3
19840306,7.6
19840307,9.7
19840308,6.3
19840309,5.3
19840310,7.9
19840311,12.8
19840312,9.2
19840313,6.2
19840314,6.2
19840315,9.7
19840316,11.3
19840317,12.5
19840318,11.8
19840319,10.8
19840320,8.4
19840321,5.9
19840322,10.3
19840323,12.7
19840324,13.5
19840325,10.0
19840326,9.7
19840327,12.7
19840328,18.0
19840329,15.5
19840330,13.2
19840331,10.5
19840401,13.4
19840402,14.3
19840403,17.0
19840404,15.5
19840405,12.3
19840406,16.9
19840407,18.0
19840408,14.7
19840409,18.0
19840410,22.6
19840411,20.3
19840412,17.5
19840413,21.6
19840414,26.4
19840415,22.9
19840416,14.4
19840417,18.6
19840418,19.9
19840419,22.6
19840420,19.6
19840421,21.4
19840422,24.3
19840423,23.6
19840424,19.3
19840425,16.3
19840426,13.2
19840427,15.8
19840428,19.3
19840429,22.5
19840430,19.2
19840501,21.5
19840502,17.9
19840503,22.3
19840504,25.2
19840505,26.9
19840506,29.2
19840507,34.9
19840508,30.3
19840509,26.2
19840510,29.8
19840511,25.1
19840512,26.4
19840513,28.4
19840514,26.1
19840515,27.9
19840516,28.8
19840517,26.9
19840518,28.5
19840519,25.7
19840520,25.7
19840521,18.8
19840522,23.4
19840523,26.1
19840524,26.5
19840525,20.9
19840526,21.9
19840527,26.2
19840528,30.9
19840529,32.4
19840530,32.2
19840531,34.0
19840601,32.4
19840602,30.0
19840603,28.8
19840604,27.2
19840605,28.0
19840606,32.1
19840607,34.9
19840608,31.2
19840609,34.6
19840610,31.4
19840611,29.9
19840612,25.4
19840613,25.1
19840614,28.9
19840615,27.0
19840616,30.8
19840617,33.3
19840618,33.1
19840619,29.1
19840620,26.5
19840621,23.4
19840622,29.6
19840623,30.4
19840624,30.8
19840625,31.8
19840626,32.4
19840627,30.6
19840628,34.4
19840629,34.7
19840630,35.2
19840701,32.6
19840702,31.1
19840703,30.9
19840704,33.4
19840705,35.1
19840706,31.4
19840707,27.9
19840708,33.6
19840709,31.6
19840710,27.9
19840711,23.7
19840712,32.5
19840713,32.6
19840714,35.6
19840715,33.4
19840716,35.4
19840717,35.5
19840718,34.0
19840719,34.1
19840720,30.8
19840721,32.3
19840722,31.3
19840723,31.3
19840724,34.2
19840725,32.1
19840726,30.3
19840727,33.8
19840728,32.1
19840729,32.4
19840730,32.5
19840731,31.7
19840801,33.9
19840802,31.1
19840803,32.9
19840804,33.1
19840805,35.6
19840806,36.1
19840807,31.2
19840808,32.7
19840809,27.1
19840810,32.3
19840811,31.7
19840812,26.4
19840813,30.8
19840814,28.5
19840815,29.7
19840816,29.2
19840817,27.9
19840818,28.1
19840819,25.2
19840820,29.1
19840821,31.5
19840822,27.1
19840823,29.4
19840824,30.3
19840825,30.6
19840826,31.3
19840827,29.2
19840828,29.9
19840829,28.5
19840830,31.4
19840831,28.9
19840901,28.4
19840902,27.9
19840903,28.8
19840904,30.4
19840905,27.9
19840906,24.6
19840907,26.6
19840908,25.4
19840909,26.6
19840910,26.3
19840911,26.8
19840912,27.4
19840913,27.7
19840914,26.7
19840915,26.2
19840916,26.6
19840917,24.1
19840918,22.0
19840919,24.6
19840920,26.3
19840921,27.5
19840922,22.2
19840923,27.7
19840924,24.6
19840925,22.1
19840926,23.6
19840927,21.2
19840928,20.3
19840929,23.3
19840930,24.9
19841001,24.5
19841002,21.3
19841003,20.4
19841004,21.1
19841005,23.7
19841006,22.1
19841007,21.8
19841008,21.9
19841009,22.8
19841010,19.9
19841011,17.1
19841012,18.9
19841013,19.1
19841014,22.4
19841015,21.5
19841016,24.1
19841017,23.8
19841018,15.1
19841019,14.7
19841020,18.4
19841021,16.2
19841022,23.7
19841023,21.6
19841024,21.7
19841025,15.2
19841026,15.6
19841027,15.3
19841028,13.4
19841029,14.1
19841030,14.8
19841031,19.2
19841101,18.1
19841102,17.0
19841103,18.8
19841104,21.4
19841105,18.2
19841106,17.4
19841107,16.9
19841108,16.1
19841109,14.9
19841110,17.3
19841111,12.5
19841112,7.8
19841113,3.6
19841114,6.0
19841115,6.1
19841116,13.6
19841117,8.9
19841118,3.2
19841119,4.9
19841120,4.7
19841121,6.9
19841122,4.6
19841123,9.6
19841124,5.2
19841125,6.2
19841126,5.7
19841127,2.8
19841128,6.0
19841129,4.4
19841130,10.0
19841201,11.1
19841202,4.5
19841203,10.4
19841204,3.8
19841205,5.3
19841206,3.4
19841207,2.2
19841208,5.3
19841209,4.3
19841210,7.5
19841211,2.4
19841212,6.9
19841213,5.1
19841214,2.2
19841215,-2.1
19841216,-2.9
19841217,-3.6
19841218,-0.1
19841219,1.6
19841220,3.1
19841221,-2.6
19841222,-6.2
19841223,-4.6
19841224,-2.0
19841225,-1.6
19841226,-1.6
19841227,-1.5
19841228,-4.7
19841229,-2.1
19841230,2.5
19841231,2.8
19850101,1.3
19850102,3.8
19850103,2.1
19850104,0.1
19850105,-1.0
19850106,-0.2
19850107,-1.8
19850108,0.0
19850109,-3.1
19850110,-1.7
19850111,0.2
19850112,-4.1
19850113,-4.1
19850114,0.4
19850115,0.9
19850116,-2.6
19850117,-2.8
19850118,-2.0
19850119,4.1
19850120,3.2
19850121,3.6
19850122,3.4
19850123,-1.0
19850124,2.0
19850125,-2.5
19850126,-1.3
19850127,-0.8
19850128,-2.3
19850129,-2.2
19850130,-0.1
19850131,8.8
19850201,11.2
19850202,9.9
19850203,11.8
19850204,5.8
19850205,10.9
19850206,7.6
19850207,2.7
19850208,2.1
19850209,5.2
19850210,6.9
19850211,1.4
19850212,4.7
19850213,1.0
19850214,-1.4
19850215,5.4
19850216,-1.9
19850217,-4.1
19850218,-5.5
19850219,-4.8
19850220,-2.3
19850221,-2.5
19850222,-0.2
19850223,-1.7
19850224,-0.4
19850225,2.4
19850226,3.7
19850227,2.8
19850228,0.3
19850301,2.8
19850302,3.4
19850303,1.9
19850304,3.1
19850305,-1.4
19850306,4.9
19850307,1.9
19850308,3.7
19850309,1.8
19850310,3.4
19850311,9.7
19850312,11.4
19850313,6.9
19850314,11.4
19850315,10.4
19850316,11.4
19850317,11.2
19850318,13.9
19850319,13.0
19850320,13.9
19850321,12.9
19850322,13.6
19850323,9.9
19850324,8.3
19850325,11.9
19850326,10.2
19850327,17.6
19850328,14.1
19850329,12.7
19850330,15.7
19850331,16.3
19850401,15.0
19850402,11.2
19850403,13.0
19850404,16.4
19850405,22.6
19850406,20.9
19850407,24.9
19850408,18.9
19850409,14.9
19850410,19.8
19850411,20.3
19850412,20.4
19850413,18.4
19850414,22.9
19850415,18.2
19850416,18.1
19850417,21.9
19850418,21.4
19850419,25.1
19850420,24.3
19850421,23.4
19850422,18.7
19850423,22.9
19850424,22.4
19850425,22.9
19850426,18.9
19850427,23.2
19850428,22.3
19850429,24.8
19850430,30.7
19850501,24.1
19850502,28.0
19850503,19.9
19850504,20.0
19850505,19.9
19850506,22.9
19850507,29.0
19850508,28.6
19850509,25.1
19850510,26.9
19850511,25.9
19850512,22.1
19850513,25.6
19850514,22.4
19850515,26.9
19850516,26.7
19850517,22.8
19850518,22.9
19850519,22.1
19850520,26.9
19850521,30.1
19850522,29.5
19850523,29.9
19850524,29.9
19850525,25.4
19850526,24.9
19850527,22.7
19850528,19.5
19850529,23.4
19850530,19.4
19850531,20.7
19850601,27.0
19850602,29.4
19850603,28.3
19850604,30.4
19850605,31.0
19850606,29.4
19850607,28.2
19850608,26.9
19850609,32.3
19850610,31.4
19850611,32.2
19850612,32.3
19850613,28.2
19850614,22.4
19850615,21.6
19850616,27.1
19850617,27.9
19850618,29.3
19850619,26.6
19850620,29.8
19850621,33.9
19850622,31.0
19850623,30.7
19850624,33.5
19850625,31.9
19850626,31.2
19850627,31.6
19850628,31.6
19850629,30.9
19850630,34.4
19850701,31.7
19850702,26.1
19850703,26.8
19850704,28.8
19850705,30.3
19850706,31.7
19850707,31.4
19850708,32.7
19850709,29.9
19850710,31.3
19850711,29.3
19850712,27.7
19850713,30.1
19850714,31.3
19850715,28.8
19850716,32.6
19850717,32.4
19850718,30.2
19850719,28.9
19850720,31.4
19850721,35.1
19850722,33.7
19850723,31.2
19850724,29.3
19850725,30.8
19850726,30.0
19850727,30.6
19850728,29.5
19850729,27.1
19850730,28.7
19850731,31.4
19850801,29.4
19850802,30.4
19850803,30.6
19850804,31.7
19850805,31.1
19850806,32.6
19850807,33.8
19850808,32.6
19850809,31.6
19850810,30.0
19850811,31.4
19850812,29.2
19850813,30.4
19850814,31.6
19850815,28.4
19850816,30.7
19850817,28.9
19850818,29.0
19850819,30.6
19850820,28.2
19850821,28.1
19850822,28.3
19850823,25.6
19850824,25.7
19850825,26.9
19850826,27.8
19850827,24.7
19850828,29.1
19850829,28.5
19850830,28.1
19850831,30.3
19850901,29.0
19850902,27.6
19850903,28.3
19850904,27.9
19850905,28.7
19850906,31.5
19850907,30.1
19850908,25.9
19850909,22.4
19850910,21.0
19850911,27.5
19850912,23.7
19850913,19.8
19850914,24.1
19850915,24.4
19850916,22.4
19850917,22.2
19850918,25.5
19850919,26.1
19850920,24.6
19850921,24.3
19850922,17.5
19850923,15.6
19850924,19.9
19850925,22.0
19850926,20.4
19850927,19.8
19850928,20.3
19850929,23.4
19850930,20.3
19851001,25.6
19851002,26.6
19851003,25.6
19851004,25.1
19851005,26.0
19851006,23.0
19851007,26.4
19851008,20.2
19851009,24.0
19851010,24.9
19851011,18.6
19851012,22.1
19851013,23.9
19851014,22.1
19851015,17.1
19851016,14.1
19851017,15.9
19851018,16.4
19851019,15.2
19851020,16.6
19851021,14.2
19851022,20.6
19851023,24.2
19851024,17.6
19851025,16.0
19851026,19.3
19851027,14.6
19851028,15.7
19851029,18.2
19851030,12.4
19851031,12.3
19851101,12.2
19851102,12.7
19851103,15.9
19851104,15.9
19851105,13.4
19851106,15.6
19851107,9.9
19851108,4.7
19851109,7.5
19851110,7.9
19851111,5.4
19851112,8.9
19851113,10.1
19851114,10.4
19851115,8.4
19851116,6.1
19851117,9.2
19851118,6.2
19851119,11.3
19851120,9.5
19851121,11.9
19851122,10.9
19851123,8.1
19851124,7.1
19851125,9.4
19851126,9.7
19851127,11.1
19851128,5.3
19851129,2.6
19851130,4.0
19851201,3.1
19851202,2.3
19851203,7.7
19851204,2.6
19851205,-0.9
19851206,-5.8
19851207,-6.4
19851208,-4.7
19851209,-4.4
19851210,-4.0
19851211,0.5
19851212,2.1
19851213,4.8
19851214,0.5
19851215,0.5
19851216,3.3
19851217,-1.3
19851218,2.3
19851219,3.7
19851220,-0.2
19851221,1.8
19851222,2.1
19851223,1.3
19851224,-1.4
19851225,4.4
19851226,3.7
19851227,2.4
19851228,1.1
19851229,6.1
19851230,4.3
19851231,0.5
19860101,-0.7
19860102,-3.3
19860103,-0.1
19860104,-6.8
19860105,0.3
19860106,2.3
19860107,-0.4
19860108,2.3
19860109,0.4
19860110,-2.4
19860111,-1.4
19860112,1.2
19860113,6.0
19860114,6.8
19860115,6.0
19860116,11.3
19860117,3.4
19860118,3.1
19860119,4.1
19860120,-1.1
19860121,0.5
19860122,4.8
19860123,4.7
19860124,6.8
19860125,0.6
19860126,2.7
19860127,4.7
19860128,6.6
19860129,5.4
19860130,2.4
19860131,0.4
19860201,-0.7
19860202,-2.8
19860203,-0.1
19860204,0.6
19860205,-1.4
19860206,1.5
19860207,3.7
19860208,5.7
19860209,2.5
19860210,5.5
19860211,7.8
19860212,6.7
19860213,13.6
19860214,7.3
19860215,4.3
19860216,3.9
19860217,0.9
19860218,0.1
19860219,6.1
19860220,8.3
19860221,8.7
19860222,9.7
19860223,4.6
19860224,4.4
19860225,3.2
19860226,-0.1
19860227,1.3
19860228,3.2
19860301,5.8
19860302,15.1
19860303,15.9
19860304,19.7
19860305,14.0
19860306,15.9
19860307,12.4
19860308,9.5
19860309,7.6
19860310,6.0
19860311,12.6
19860312,14.1
19860313,11.8
19860314,8.9
19860315,9.2
19860316,9.9
19860317,5.9
19860318,7.3
19860319,13.1
19860320,14.1
19860321,13.2
19860322,15.1
19860323,11.7
19860324,12.3
19860325,16.7
19860326,15.8
19860327,16.4
19860328,16.1
19860329,15.6
19860330,17.1
19860331,19.7
19860401,22.9
19860402,19.2
19860403,22.2
19860404,19.5
19860405,19.3
19860406,22.3
19860407,21.9
19860408,25.7
19860409,21.8
19860410,20.3
19860411,21.1
19860412,23.4
19860413,25.8
19860414,21.5
19860415,19.3
19860416,22.7
19860417,28.0
19860418,23.2
19860419,20.9
19860420,17.7
19860421,19.2
19860422,17.8
19860423,14.7
19860424,17.8
19860425,13.7
19860426,17.5
19860427,22.8
19860428,23.2
19860429,25.1
19860430,22.1
19860501,26.9
19860502,28.8
19860503,28.3
19860504,27.7
19860505,28.6
19860506,29.7
19860507,35.7
19860508,27.9
19860509,23.4
19860510,17.4
19860511,19.7
19860512,17.3
19860513,23.4
19860514,29.1
19860515,25.6
19860516,27.4
19860517,24.5
19860518,21.6
19860519,27.6
19860520,28.6
19860521,32.2
19860522,30.9
19860523,29.7
19860524,28.6
19860525,25.4
19860526,27.7
19860527,28.9
19860528,29.8
19860529,33.3
19860530,32.9
19860531,29.1
19860601,30.8
19860602,38.5
19860603,34.1
19860604,29.4
19860605,31.7
19860606,33.2
19860607,32.7
19860608,36.4
19860609,33.0
19860610,32.4
19860611,28.9
19860612,27.6
19860613,27.1
19860614,22.8
19860615,27.2
19860616,31.7
19860617,35.4
19860618,36.0
19860619,29.0
19860620,25.7
19860621,27.2
19860622,22.8
19860623,29.2
19860624,29.2
19860625,32.3
19860626,28.5
19860627,26.6
19860628,31.6
19860629,36.0
19860630,34.1
19860701,29.7
19860702,27.4
19860703,26.7
19860704,25.8
19860705,26.9
19860706,27.7
19860707,27.3
19860708,28.8
19860709,26.4
19860710,29.6
19860711,31.7
19860712,32.1
19860713,29.6
19860714,33.2
19860715,30.2
19860716,27.4
19860717,30.5
19860718,29.0
19860719,28.5
19860720,29.4
19860721,30.0
19860722,32.9
19860723,30.9
19860724,29.4
19860725,25.6
19860726,29.1
19860727,30.3
19860728,28.7
19860729,29.0
19860730,31.2
19860731,30.9
19860801,31.4
19860802,32.1
19860803,31.1
19860804,28.4
19860805,27.6
19860806,29.6
19860807,30.5
19860808,27.6
19860809,28.6
19860810,31.2
19860811,30.8
19860812,31.0
19860813,32.4
19860814,28.1
19860815,27.8
19860816,28.2
19860817,28.9
19860818,26.7
19860819,27.0
19860820,26.1
19860821,30.7
19860822,29.6
19860823,27.7
19860824,28.4
19860825,30.9
19860826,31.1
19860827,31.8
19860828,32.8
19860829,30.5
19860830,33.1
19860831,30.8
19860901,25.3
19860902,27.9
19860903,27.4
19860904,27.9
19860905,26.4
19860906,26.7
19860907,27.5
19860908,27.5
19860909,26.0
19860910,29.2
19860911,27.9
19860912,26.3
19860913,27.5
19860914,26.6
19860915,27.2
19860916,22.9
19860917,26.4
19860918,26.4
19860919,24.5
19860920,24.3
19860921,27.4
19860922,30.1
19860923,26.1
19860924,26.0
19860925,22.3
19860926,25.1
19860927,20.7
19860928,21.5
19860929,25.6
19860930,26.7
19861001,23.3
19861002,24.5
19861003,25.8
19861004,26.7
19861005,26.4
19861006,20.7
19861007,16.5
19861008,20.6
19861009,17.2
19861010,20.0
19861011,20.5
19861012,21.7
19861013,19.8
19861014,20.2
19861015,14.9
19861016,16.2
19861017,11.6
19861018,14.1
19861019,9.5
19861020,13.1
19861021,15.6
19861022,14.5
19861023,14.7
19861024,12.2
19861025,14.9
19861026,13.5
19861027,10.2
19861028,8.6
19861029,9.2
19861030,12.3
19861031,14.0
19861101,12.3
19861102,15.3
19861103,12.1
19861104,15.0
19861105,9.9
19861106,15.6
19861107,11.5
19861108,16.2
19861109,15.3
19861110,14.6
19861111,13.3
19861112,12.6
19861113,14.4
19861114,5.6
19861115,8.6
19861116,5.4
19861117,12.5
19861118,9.9
19861119,10.3
19861120,8.4
19861121,9.6
19861122,5.3
19861123,3.1
19861124,2.0
19861125,-0.1
19861126,2.3
19861127,2.9
19861128,0.6
19861129,3.1
19861130,8.9
19861201,8.6
19861202,5.3
19861203,6.7
19861204,6.6
19861205,8.9
19861206,3.9
19861207,6.1
19861208,5.8
19861209,8.6
19861210,9.6
19861211,8.5
19861212,8.1
19861213,7.8
19861214,6.3
19861215,4.7
19861216,0.2
19861217,0.9
19861218,0.5
19861219,0.3
19861220,1.1
19861221,0.6
19861222,-0.2
19861223,1.8
19861224,7.2
19861225,1.4
19861226,-4.1
19861227,-3.0
19861228,-7.2
19861229,-4.9
19861230,-3.9
19861231,-1.0
19870101,-3.6
19870102,-3.6
19870103,-4.1
19870104,-3.5
19870105,0.0
19870106,-3.6
19870107,1.4
19870108,5.4
19870109,-2.5
19870110,-4.7
19870111,-2.3
19870112,-6.9
19870113,-5.8
19870114,-0.6
19870115,-0.2
19870116,3.2
19870117,4.0
19870118,3.7
19870119,4.2
19870120,0.7
19870121,1.4
19870122,1.2
19870123,3.5
19870124,3.4
19870125,3.7
19870126,8.8
19870127,9.2
19870128,11.1
19870129,6.0
19870130,2.7
19870131,1.6
19870201,4.8
19870202,3.4
19870203,1.9
19870204,6.0
19870205,8.2
19870206,14.0
19870207,13.2
19870208,12.9
19870209,11.9
19870210,15.5
19870211,8.6
19870212,2.8
19870213,7.3
19870214,4.3
19870215,1.8
19870216,-0.4
19870217,-0.5
19870218,-0.1
19870219,0.3
19870220,4.6
19870221,5.8
19870222,10.1
19870223,8.1
19870224,-1.3
19870225,0.1
19870226,3.5
19870227,7.3
19870228,13.5
19870301,9.5
19870302,9.0
19870303,10.6
19870304,15.4
19870305,10.2
19870306,6.4
19870307,7.6
19870308,10.3
19870309,6.1
19870310,8.5
19870311,9.1
19870312,5.0
19870313,7.5
19870314,10.0
19870315,10.8
19870316,8.1
19870317,14.1
19870318,12.9
19870319,9.9
19870320,7.4
19870321,5.6
19870322,4.7
19870323,6.4
19870324,5.4
19870325,8.8
19870326,12.4
19870327,14.0
19870328,17.3
19870329,14.8
19870330,7.6
19870331,11.9
19870401,10.1
19870402,16.4
19870403,19.9
19870404,21.7
19870405,22.1
19870406,15.8
19870407,25.4
19870408,27.4
19870409,23.5
19870410,15.1
19870411,15.0
19870412,15.3
19870413,16.4
19870414,18.6
19870415,17.1
19870416,20.2
19870417,20.4
19870418,18.6
19870419,16.9
19870420,15.7
19870421,22.7
19870422,18.4
19870423,25.0
19870424,15.1
19870425,13.7
19870426,20.3
19870427,23.8
19870428,24.7
19870429,27.5
19870430,26.5
19870501,23.6
19870502,18.8
19870503,22.3
19870504,23.3
19870505,26.1
19870506,28.3
19870507,27.6
19870508,27.5
19870509,26.1
19870510,26.9
19870511,27.8
19870512,30.6
19870513,22.1
19870514,27.4
19870515,26.9
19870516,22.9
19870517,22.5
19870518,20.2
19870519,28.8
19870520,28.3
19870521,30.2
19870522,26.2
19870523,27.7
19870524,22.9
19870525,24.6
19870526,28.1
19870527,28.1
19870528,26.3
19870529,30.6
19870530,26.4
19870531,22.5
19870601,23.1
19870602,30.2
19870603,29.4
19870604,32.8
19870605,30.7
19870606,24.9
19870607,31.2
19870608,31.7
19870609,30.6
19870610,29.9
19870611,26.1
19870612,30.8
19870613,28.3
19870614,27.3
19870615,29.6
19870616,30.0
19870617,30.5
19870618,27.2
19870619,30.5
19870620,32.1
19870621,29.6
19870622,27.5
19870623,24.4
19870624,27.0
19870625,26.3
19870626,31.8
19870627,29.6
19870628,26.0
19870629,26.8
19870630,27.5
19870701,26.5
19870702,28.9
19870703,31.4
19870704,33.0
19870705,32.8
19870706,29.5
19870707,29.1
19870708,31.8
19870709,28.5
19870710,30.9
19870711,36.1
19870712,32.5
19870713,29.6
19870714,30.1
19870715,24.7
19870716,33.3
19870717,33.7
19870718,32.9
19870719,32.9
19870720,30.1
19870721,29.7
19870722,31.4
19870723,33.6
19870724,33.9
19870725,33.6
19870726,33.9
19870727,32.6
19870728,34.0
19870729,31.9
19870730,34.3
19870731,35.4
19870801,31.9
19870802,32.0
19870803,29.1
19870804,35.5
19870805,33.9
19870806,29.1
19870807,29.6
19870808,30.3
19870809,31.8
19870810,30.9
19870811,29.3
19870812,30.8
19870813,27.3
19870814,21.8
19870815,27.6
19870816,28.4
19870817,30.3
19870818,28.2
19870819,28.6
19870820,32.0
19870821,33.1
19870822,28.2
19870823,28.8
19870824,29.9
19870825,29.7
19870826,27.8
19870827,31.8
19870828,33.0
19870829,32.3
19870830,30.1
19870831,29.7
19870901,28.5
19870902,29.1
19870903,26.4
19870904,29.0
19870905,26.6
19870906,23.1
19870907,26.3
19870908,27.3
19870909,27.4
19870910,27.9
19870911,28.9
19870912,28.1
19870913,28.7
19870914,28.6
19870915,25.0
19870916,23.9
19870917,26.5
19870918,28.3
19870919,31.0
19870920,29.6
19870921,28.4
19870922,28.4
19870923,26.9
19870924,24.4
19870925,21.7
19870926,23.9
19870927,26.1
19870928,20.6
19870929,25.4
19870930,26.5
19871001,28.8
19871002,26.4
19871003,28.3
19871004,26.3
19871005,25.6
19871006,24.7
19871007,22.4
19871008,20.8
19871009,20.9
19871010,24.6
19871011,21.4
19871012,18.9
19871013,15.8
19871014,16.8
19871015,17.4
19871016,13.0
19871017,19.8
19871018,16.3
19871019,11.9
19871020,13.1
19871021,13.7
19871022,17.6
19871023,16.9
19871024,16.3
19871025,19.1
19871026,17.2
19871027,21.8
19871028,18.4
19871029,16.1
19871030,11.1
19871031,6.9
19871101,8.6
19871102,12.4
19871103,12.9
19871104,9.0
19871105,9.9
19871106,12.1
19871107,11.0
19871108,11.1
19871109,10.9
19871110,17.8
19871111,15.5
19871112,13.6
19871113,9.3
19871114,9.9
19871115,12.4
19871116,10.4
19871117,8.5
19871118,12.1
19871119,8.2
19871120,16.6
19871121,10.1
19871122,4.9
19871123,11.1
19871124,6.5
19871125,4.8
19871126,2.4
19871127,-1.7
19871128,-3.3
19871129,0.2
19871130,-0.3
19871201,-1.7
19871202,3.9
19871203,3.8
19871204,2.5
19871205,2.5
19871206,4.5
19871207,4.4
19871208,8.1
19871209,1.4
19871210,2.2
19871211,1.7
19871212,4.0
19871213,6.1
19871214,6.8
19871215,5.5
19871216,9.4
19871217,5.4
19871218,8.8
19871219,6.5
19871220,8.7
19871221,7.6
19871222,7.6
19871223,4.1
19871224,8.9
19871225,9.9
19871226,9.5
19871227,13.3
19871228,13.6
19871229,7.6
19871230,-1.7
19871231,-2.0
19880101,4.7
19880102,1.3
19880103,-1.3
19880104,3.7
19880105,2.9
19880106,-3.2
19880107,-0.7
19880108,0.8
19880109,1.4
19880110,1.6
19880111,1.4
19880112,2.7
19880113,-0.8
19880114,5.8
19880115,3.3
19880116,3.0
19880117,5.6
19880118,5.3
19880119,6.3
19880120,4.6
19880121,4.6
19880122,3.2
19880123,-6.4
19880124,-2.5
19880125,2.5
19880126,1.6
19880127,5.4
19880128,2.3
19880129,2.0
19880130,0.9
19880131,3.1
19880201,4.5
19880202,-0.3
19880203,-2.3
19880204,2.6
19880205,1.4
19880206,1.7
19880207,2.0
19880208,5.7
19880209,4.3
19880210,4.3
19880211,6.8
19880212,9.4
19880213,3.3
19880214,0.0
19880215,0.2
19880216,-0.7
19880217,2.0
19880218,6.9
19880219,9.1
19880220,5.9
19880221,4.2
19880222,7.0
19880223,4.8
19880224,6.3
19880225,4.9
19880226,7.5
19880227,4.4
19880228,1.3
19880229,4.2
19880301,1.6
19880302,1.4
19880303,3.3
19880304,5.0
19880305,3.4
19880306,-0.5
19880307,7.5
19880308,10.6
19880309,17.4
19880310,11.9
19880311,18.4
19880312,16.1
19880313,18.2
19880314,14.1
19880315,7.7
19880316,8.6
19880317,10.8
19880318,9.1
19880319,8.3
19880320,5.9
19880321,3.6
19880322,7.8
19880323,9.5
19880324,5.9
19880325,11.2
19880326,13.5
19880327,14.5
19880328,8.5
19880329,10.6
19880330,15.1
19880331,17.1
19880401,15.3
19880402,20.1
19880403,9.2
19880404,14.1
19880405,13.3
19880406,13.5
19880407,18.6
19880408,20.3
19880409,23.1
19880410,19.0
19880411,20.3
19880412,24.3
19880413,21.8
19880414,25.6
19880415,27.2
19880416,27.1
19880417,23.1
19880418,17.8
19880419,15.9
19880420,16.4
19880421,14.9
19880422,17.1
19880423,19.0
19880424,25.6
19880425,28.6
19880426,29.3
19880427,33.0
19880428,28.6
19880429,27.6
19880430,24.4
19880501,24.5
19880502,20.6
19880503,29.2
19880504,24.6
19880505,23.8
19880506,19.0
19880507,25.5
19880508,21.9
19880509,22.8
19880510,28.2
19880511,25.4
19880512,26.7
19880513,22.8
19880514,27.1
19880515,31.0
19880516,29.9
19880517,33.3
19880518,30.3
19880519,32.2
19880520,28.1
19880521,18.7
19880522,25.1
19880523,21.6
19880524,27.2
19880525,26.0
19880526,26.4
19880527,30.9
19880528,33.0
19880529,27.1
19880530,20.8
19880531,23.5
19880601,27.8
19880602,26.3
19880603,29.6
19880604,30.9
19880605,27.8
19880606,29.7
19880607,26.6
19880608,30.1
19880609,31.8
19880610,31.8
19880611,34.8
19880612,37.5
19880613,37.0
19880614,38.1
19880615,31.9
19880616,32.6
19880617,33.5
19880618,32.2
19880619,26.1
19880620,29.1
19880621,27.6
19880622,26.1
19880623,25.6
19880624,25.9
19880625,30.7
19880626,32.4
19880627,29.6
19880628,31.2
19880629,31.0
19880630,30.4
19880701,29.1
19880702,33.0
19880703,32.4
19880704,29.4
19880705,23.8
19880706,27.9
19880707,25.6
19880708,27.1
19880709,31.8
19880710,32.0
19880711,32.4
19880712,33.1
19880713,33.3
19880714,34.1
19880715,31.3
19880716,30.5
19880717,29.9
19880718,33.1
19880719,32.7
19880720,33.0
19880721,30.3
19880722,35.8
19880723,31.1
19880724,26.1
19880725,29.5
19880726,30.6
19880727,30.6
19880728,29.1
19880729,28.1
19880730,28.3
19880731,29.5
19880801,28.6
19880802,27.4
19880803,31.8
19880804,31.2
19880805,27.3
19880806,25.9
19880807,28.2
19880808,27.1
19880809,31.9
19880810,31.7
19880811,32.5
19880812,29.4
19880813,27.9
19880814,21.1
19880815,22.8
19880816,25.0
19880817,29.7
19880818,30.3
19880819,28.4
19880820,29.8
19880821,29.0
19880822,29.6
19880823,28.4
19880824,29.4
19880825,28.6
19880826,27.4
19880827,27.9
19880828,29.9
19880829,31.1
19880830,31.3
19880831,27.5
19880901,26.5
19880902,28.3
19880903,23.8
19880904,26.7
19880905,28.8
19880906,28.1
19880907,30.6
19880908,31.2
19880909,27.1
19880910,26.7
19880911,30.2
19880912,30.5
19880913,28.8
19880914,24.2
19880915,25.1
19880916,21.4
19880917,25.8
19880918,22.6
19880919,26.9
19880920,28.1
19880921,29.9
19880922,29.3
19880923,26.6
19880924,26.5
19880925,25.6
19880926,26.2
19880927,25.5
19880928,24.5
19880929,22.5
19880930,23.6
19881001,19.0
19881002,17.4
19881003,24.1
19881004,19.4
19881005,21.7
19881006,25.1
19881007,23.9
19881008,24.3
19881009,27.4
19881010,25.9
19881011,20.4
19881012,15.8
19881013,18.8
19881014,22.6
19881015,21.8
19881016,21.7
19881017,21.5
19881018,23.1
19881019,16.7
19881020,23.6
19881021,22.9
19881022,20.9
19881023,14.7
19881024,18.6
19881025,20.1
19881026,17.9
19881027,17.0
19881028,17.2
19881029,14.7
19881030,14.5
19881031,20.3
19881101,14.5
19881102,18.2
19881103,18.8
19881104,19.9
19881105,17.8
19881106,20.2
19881107,15.8
19881108,19.6
19881109,11.4
19881110,13.6
19881111,17.5
19881112,18.5
19881113,12.7
19881114,10.7
19881115,9.3
19881116,11.4
19881117,10.9
19881118,10.5
19881119,9.9
19881120,12.9
19881121,10.1
19881122,8.8
19881123,5.8
19881124,6.4
19881125,6.3
19881126,9.2
19881127,10.1
19881128,7.9
19881129,10.7
19881130,12.9
19881201,10.6
19881202,10.6
19881203,7.7
19881204,5.7
19881205,6.3
19881206,5.9
19881207,10.9
19881208,7.8
19881209,3.4
19881210,5.0
19881211,7.2
19881212,10.1
19881213,4.5
19881214,-0.3
19881215,-1.2
19881216,3.7
19881217,5.0
19881218,1.1
19881219,8.7
19881220,3.9
19881221,3.5
19881222,2.3
19881223,5.0
19881224,2.7
19881225,4.0
19881226,4.0
19881227,4.4
19881228,0.2
19881229,-0.3
19881230,0.5
19881231,3.2
19890101,-1.0
19890102,3.3
19890103,5.4
19890104,4.2
19890105,-0.4
19890106,-0.3
19890107,6.3
19890108,5.6
19890109,7.2
19890110,3.0
19890111,0.3
19890112,-0.1
19890113,1.7
19890114,-0.5
19890115,3.0
19890116,5.3
19890117,1.2
19890118,1.2
19890119,6.4
19890120,7.3
19890121,7.8
19890122,0.3
19890123,4.0
19890124,1.4
19890125,6.7
19890126,2.1
19890127,1.2
19890128,2.0
19890129,3.0
19890130,4.0
19890131,4.4
19890201,4.0
19890202,5.8
19890203,6.1
19890204,3.5
19890205,6.6
19890206,6.8
19890207,4.0
19890208,8.2
19890209,5.7
19890210,10.9
19890211,11.3
19890212,10.4
19890213,10.3
19890214,6.2
19890215,9.8
19890216,7.0
19890217,6.0
19890218,6.1
19890219,3.2
19890220,4.4
19890221,3.2
19890222,5.5
19890223,7.9
19890224,9.5
19890225,6.1
19890226,9.8
19890227,6.6
19890228,9.9
19890301,8.3
19890302,6.8
19890303,10.3
19890304,6.6
19890305,8.8
19890306,6.8
19890307,7.8
19890308,12.6
19890309,14.6
19890310,15.3
19890311,16.7
19890312,20.6
19890313,17.1
19890314,13.8
19890315,13.8
19890316,15.1
19890317,14.0
19890318,11.3
19890319,12.3
19890320,12.5
19890321,15.2
19890322,14.3
19890323,13.0
19890324,14.9
19890325,16.3
19890326,16.8
19890327,15.6
19890328,19.3
19890329,20.4
19890330,20.7
19890331,26.4
19890401,20.9
19890402,23.0
19890403,20.2
19890404,19.6
19890405,19.3
19890406,17.3
19890407,24.2
19890408,26.6
19890409,21.3
19890410,20.6
19890411,24.3
19890412,23.3
19890413,22.0
19890414,20.4
19890415,15.4
19890416,21.6
19890417,24.3
19890418,26.2
19890419,22.5
19890420,18.6
19890421,23.5
19890422,20.4
19890423,22.4
19890424,22.6
19890425,26.6
19890426,23.0
19890427,19.7
19890428,19.1
19890429,22.2
19890430,26.1
19890501,27.2
19890502,28.6
19890503,29.8
19890504,29.6
19890505,27.3
19890506,27.7
19890507,23.1
19890508,24.3
19890509,20.9
19890510,18.5
19890511,17.0
19890512,20.4
19890513,20.6
19890514,25.7
19890515,28.5
19890516,28.3
19890517,28.3
19890518,25.6
19890519,24.4
19890520,30.9
19890521,31.1
19890522,33.4
19890523,28.3
19890524,26.8
19890525,33.5
19890526,35.3
19890527,29.9
19890528,29.7
19890529,28.8
19890530,30.7
19890531,30.7
19890601,31.7
19890602,31.6
19890603,32.4
19890604,30.4
19890605,31.6
19890606,27.3
19890607,20.8
19890608,27.3
19890609,24.0
19890610,25.7
19890611,25.0
19890612,26.9
19890613,22.2
19890614,30.6
19890615,30.3
19890616,30.3
19890617,31.1
19890618,29.9
19890619,30.8
19890620,31.8
19890621,33.3
19890622,34.2
19890623,33.4
19890624,33.3
19890625,35.3
19890626,34.6
19890627,35.7
19890628,34.5
19890629,30.8
19890630,30.1
19890701,32.1
19890702,25.8
19890703,25.4
19890704,24.3
19890705,23.2
19890706,25.5
19890707,25.7
19890708,32.5
19890709,35.8
19890710,32.1
19890711,34.8
19890712,34.6
19890713,33.1
19890714,27.8
19890715,30.5
19890716,33.1
19890717,27.3
19890718,28.8
19890719,32.9
19890720,31.1
19890721,29.1
19890722,27.3
19890723,26.5
19890724,34.7
19890725,30.5
19890726,29.1
19890727,31.5
19890728,32.5
19890729,31.1
19890730,29.6
19890731,31.6
19890801,34.1
19890802,33.4
19890803,33.1
19890804,32.3
19890805,31.1
19890806,33.1
19890807,29.8
19890808,34.0
19890809,32.9
19890810,29.1
19890811,31.6
19890812,32.1
19890813,31.3
19890814,32.0
19890815,31.3
19890816,24.1
19890817,29.2
19890818,28.5
19890819,25.6
19890820,24.6
19890821,25.2
19890822,27.1
19890823,27.4
19890824,27.3
19890825,28.5
19890826,26.2
19890827,30.5
19890828,31.2
19890829,30.7
19890830,32.2
19890831,31.2
19890901,29.1
19890902,30.5
19890903,29.0
19890904,26.1
19890905,25.3
19890906,28.1
19890907,26.6
19890908,22.9
19890909,25.1
19890910,26.8
19890911,28.6
19890912,28.8
19890913,28.7
19890914,29.1
19890915,26.1
19890916,22.4
19890917,25.6
19890918,19.8
19890919,20.8
19890920,16.6
19890921,21.4
19890922,17.2
19890923,18.4
19890924,23.3
19890925,23.5
19890926,18.7
19890927,24.6
19890928,24.6
19890929,24.3
19890930,24.6
19891001,26.0
19891002,23.9
19891003,20.7
19891004,19.3
19891005,20.1
19891006,18.5
19891007,18.8
19891008,19.5
19891009,19.4
19891010,21.9
19891011,21.6
19891012,22.3
19891013,22.3
19891014,17.7
19891015,16.2
19891016,14.6
19891017,18.0
19891018,15.8
19891019,20.4
19891020,21.3
19891021,25.4
19891022,22.8
19891023,18.9
19891024,22.6
19891025,21.5
19891026,17.7
19891027,18.9
19891028,22.8
19891029,19.6
19891030,14.2
19891031,17.0
19891101,16.5
19891102,14.8
19891103,18.2
19891104,15.6
19891105,13.4
19891106,15.5
19891107,11.0
19891108,10.0
19891109,6.8
19891110,4.0
19891111,6.1
19891112,8.9
19891113,4.2
19891114,4.6
19891115,5.6
19891116,8.3
19891117,8.2
19891118,5.9
19891119,7.6
19891120,10.4
19891121,11.5
19891122,13.8
19891123,13.3
19891124,13.5
19891125,11.3
19891126,12.8
19891127,5.0
19891128,5.5
19891129,8.9
19891130,11.2
19891201,11.3
19891202,12.7
19891203,19.5
19891204,16.5
19891205,10.8
19891206,5.4
19891207,6.4
19891208,9.3
19891209,8.2
19891210,9.1
19891211,5.8
19891212,4.3
19891213,7.6
19891214,5.8
19891215,6.4
19891216,4.4
19891217,3.9
19891218,0.9
19891219,-3.2
19891220,1.1
19891221,-1.0
19891222,0.8
19891223,0.6
19891224,-3.2
19891225,1.0
19891226,-0.3
19891227,0.3
19891228,1.7
19891229,2.7
19891230,1.2
19891231,2.7
19900101,2.0
19900102,2.8
19900103,0.5
19900104,1.4
19900105,4.3
19900106,3.9
19900107,1.0
19900108,2.7
19900109,2.2
19900110,1.0
19900111,-0.7
19900112,-0.3
19900113,-0.5
19900114,0.8
19900115,1.8
19900116,2.8
19900117,6.1
19900118,2.7
19900119,-3.6
19900120,-1.0
19900121,-0.2
19900122,-1.3
19900123,-2.4
19900124,-5.3
19900125,-5.1
19900126,-4.0
19900127,-6.1
19900128,-3.1
19900129,-3.9
19900130,-2.1
19900131,-3.1
19900201,0.3
19900202,2.5
19900203,1.0
19900204,1.6
19900205,2.4
19900206,4.4
19900207,2.3
19900208,-1.5
19900209,0.7
19900210,2.9
19900211,9.8
19900212,7.9
19900213,3.7
19900214,1.1
19900215,7.9
19900216,4.0
19900217,2.1
19900218,4.8
19900219,3.9
19900220,2.8
19900221,4.0
19900222,3.5
19900223,1.7
19900224,1.9
19900225,4.2
19900226,6.6
19900227,4.2
19900228,7.6
19900301,8.8
19900302,7.9
19900303,12.6
19900304,10.1
19900305,14.9
19900306,17.2
19900307,12.8
19900308,11.5
19900309,15.3
19900310,13.5
19900311,13.4
19900312,13.3
19900313,10.8
19900314,12.4
19900315,12.7
19900316,15.1
19900317,14.7
19900318,16.0
19900319,19.2
19900320,14.6
19900321,4.6
19900322,10.6
19900323,9.1
19900324,11.7
19900325,11.8
19900326,13.1
19900327,8.8
19900328,8.9
19900329,16.3
19900330,16.9
19900331,19.5
19900401,20.7
19900402,13.7
19900403,10.3
19900404,15.4
19900405,20.7
19900406,21.3
19900407,15.5
19900408,24.6
19900409,25.9
19900410,24.9
19900411,21.3
19900412,16.1
19900413,13.4
19900414,22.8
19900415,23.3
19900416,19.9
19900417,16.9
19900418,12.8
19900419,16.8
19900420,20.8
19900421,20.7
19900422,17.3
19900423,18.0
19900424,20.4
19900425,18.9
19900426,18.1
19900427,21.5
19900428,24.1
19900429,18.6
19900430,15.3
19900501,20.6
19900502,19.6
19900503,21.0
19900504,22.6
19900505,20.1
19900506,27.3
19900507,23.8
19900508,25.8
19900509,29.2
19900510,27.9
19900511,29.3
19900512,23.4
19900513,27.7
19900514,29.4
19900515,30.1
19900516,25.1
19900517,20.8
19900518,24.1
19900519,23.8
19900520,26.7
19900521,27.0
19900522,28.8
19900523,26.0
19900524,24.1
19900525,20.6
19900526,25.9
19900527,30.2
19900528,27.3
19900529,29.1
19900530,22.6
19900531,22.8
19900601,30.1
19900602,30.8
19900603,29.4
19900604,27.6
19900605,28.8
19900606,26.4
19900607,22.1
19900608,27.1
19900609,29.1
19900610,32.1
19900611,28.8
19900612,32.7
19900613,32.9
19900614,31.3
19900615,34.7
19900616,36.5
19900617,31.7
19900618,30.8
19900619,34.3
19900620,30.1
19900621,30.3
19900622,29.1
19900623,30.5
19900624,30.6
19900625,28.1
19900626,31.1
19900627,32.0
19900628,29.4
19900629,27.8
19900630,27.6
19900701,24.5
19900702,27.3
19900703,30.3
19900704,29.7
19900705,31.3
19900706,28.8
19900707,29.9
19900708,33.4
19900709,32.7
19900710,30.4
19900711,30.9
19900712,33.2
19900713,30.7
19900714,29.6
19900715,26.8
19900716,30.5
19900717,29.1
19900718,26.3
19900719,28.5
19900720,29.7
19900721,29.8
19900722,30.2
19900723,32.3
19900724,37.5
19900725,27.8
19900726,24.9
19900727,29.0
19900728,31.4
19900729,29.1
19900730,30.8
19900731,32.5
19900801,28.8
19900802,27.1
19900803,30.3
19900804,30.6
19900805,31.1
19900806,30.8
19900807,28.1
19900808,29.1
19900809,29.6
19900810,28.9
19900811,26.9
19900812,31.1
19900813,29.5
19900814,32.6
19900815,32.3
19900816,30.2
19900817,30.4
19900818,28.8
19900819,32.2
19900820,31.4
19900821,30.1
19900822,30.6
19900823,31.8
19900824,33.2
19900825,32.6
19900826,29.1
19900827,24.5
19900828,29.1
19900829,32.4
19900830,32.1
19900831,31.3
19900901,32.6
19900902,28.4
19900903,26.6
19900904,23.7
19900905,25.3
19900906,28.1
19900907,28.2
19900908,26.8
19900909,26.6
19900910,28.4
19900911,30.8
19900912,29.3
19900913,24.8
19900914,25.7
19900915,26.6
19900916,23.6
19900917,20.8
19900918,23.9
19900919,23.1
19900920,25.5
19900921,25.8
19900922,21.6
19900923,24.4
19900924,21.8
19900925,20.2
19900926,18.6
19900927,26.5
19900928,26.7
19900929,25.4
19900930,22.4
19901001,24.1
19901002,25.4
19901003,24.3
19901004,26.1
19901005,29.1
19901006,23.1
19901007,25.1
19901008,22.4
19901009,19.6
19901010,16.8
19901011,22.1
19901012,22.0
19901013,27.6
19901014,25.1
19901015,24.7
19901016,25.5
19901017,20.8
19901018,20.8
19901019,22.3
19901020,23.5
19901021,21.1
19901022,17.8
19901023,20.8
19901024,18.1
19901025,21.6
19901026,19.3
19901027,19.9
19901028,18.8
19901029,17.6
19901030,17.6
19901031,20.1
19901101,15.1
19901102,12.4
19901103,12.2
19901104,15.8
19901105,12.9
19901106,18.3
19901107,11.1
19901108,11.1
19901109,5.4
19901110,8.8
19901111,15.4
19901112,18.5
19901113,18.5
19901114,12.6
19901115,12.8
19901116,12.5
19901117,11.3
19901118,10.7
19901119,13.8
19901120,7.6
19901121,8.9
19901122,15.0
19901123,12.7
19901124,13.0
19901125,14.1
19901126,11.5
19901127,11.4
19901128,9.3
19901129,7.6
19901130,4.8
19901201,-0.1
19901202,4.1
19901203,8.1
19901204,9.4
19901205,9.6
19901206,10.4
19901207,13.0
19901208,8.7
19901209,5.9
19901210,3.1
19901211,-0.3
19901212,4.5
19901213,8.4
19901214,4.0
19901215,4.7
19901216,3.9
19901217,7.6
19901218,6.3
19901219,1.5
19901220,8.1
19901221,7.1
19901222,6.3
19901223,4.4
19901224,2.0
19901225,1.7
19901226,-0.8
19901227,-2.3
19901228,-0.4
19901229,-3.1
19901230,0.4
19901231,6.3
19910101,3.9
19910102,1.5
19910103,-1.0
19910104,2.0
19910105,-1.2
19910106,-0.3
19910107,-1.0
19910108,-0.8
19910109,0.6
19910110,1.3
19910111,1.3
19910112,1.3
19910113,3.8
19910114,5.7
19910115,3.6
19910116,7.8
19910117,4.0
19910118,0.7
19910119,3.0
19910120,4.9
19910121,2.9
19910122,1.9
19910123,-1.4
19910124,5.8
19910125,8.1
19910126,5.6
19910127,5.0
19910128,3.2
19910129,0.9
19910130,3.6
19910131,5.8
19910201,7.1
19910202,4.0
19910203,3.9
19910204,6.1
19910205,8.8
19910206,3.2
19910207,6.3
19910208,2.2
19910209,9.4
19910210,6.6
19910211,7.6
19910212,8.4
19910213,8.9
19910214,5.0
19910215,7.1
19910216,7.6
19910217,4.6
19910218,3.1
19910219,2.3
19910220,4.3
19910221,3.5
19910222,-0.2
19910223,2.4
19910224,0.8
19910225,3.3
19910226,5.3
19910227,7.3
19910228,6.5
19910301,9.6
19910302,10.6
19910303,6.3
19910304,13.7
19910305,15.8
19910306,9.8
19910307,4.3
19910308,1.0
19910309,2.7
19910310,5.7
19910311,11.3
19910312,6.7
19910313,6.3
19910314,5.8
19910315,4.3
19910316,11.3
19910317,15.1
19910318,17.7
19910319,13.6
19910320,14.9
19910321,7.6
19910322,11.6
19910323,12.3
19910324,13.5
19910325,16.5
19910326,9.2
19910327,5.0
19910328,4.4
19910329,9.6
19910330,8.5
19910331,8.8
19910401,15.8
19910402,20.8
19910403,17.9
19910404,18.9
19910405,20.8
19910406,17.3
19910407,13.4
19910408,19.8
19910409,17.1
19910410,15.7
19910411,12.6
19910412,18.3
19910413,17.7
19910414,20.7
19910415,21.5
19910416,20.8
19910417,16.3
19910418,20.5
19910419,21.9
19910420,23.9
19910421,25.1
19910422,25.8
19910423,21.9
19910424,19.6
19910425,18.4
19910426,21.4
19910427,21.6
19910428,21.4
19910429,26.3
19910430,22.0
19910501,18.4
19910502,22.5
19910503,25.3
19910504,23.8
19910505,20.5
19910506,18.7
19910507,23.4
19910508,24.4
19910509,27.6
19910510,29.0
19910511,31.8
19910512,26.7
19910513,25.0
19910514,22.7
19910515,28.8
19910516,27.8
19910517,33.0
19910518,33.6
19910519,29.5
19910520,29.4
19910521,29.2
19910522,26.4
19910523,20.7
19910524,18.2
19910525,14.3
19910526,24.5
19910527,25.2
19910528,22.1
19910529,24.7
19910530,24.0
19910531,26.2
19910601,26.9
19910602,29.0
19910603,31.0
19910604,33.2
19910605,27.1
19910606,28.4
19910607,25.8
19910608,26.9
19910609,28.3
19910610,25.9
19910611,28.4
19910612,31.5
19910613,32.4
19910614,30.8
19910615,31.5
19910616,28.1
19910617,31.1
19910618,29.1
19910619,30.9
19910620,34.3
19910621,33.9
19910622,32.1
19910623,28.9
19910624,26.8
19910625,25.0
19910626,22.8
19910627,29.6
19910628,28.9
19910629,31.0
19910630,31.9
19910701,32.9
19910702,32.3
19910703,29.9
19910704,29.9
19910705,32.0
19910706,30.2
19910707,30.9
19910708,29.1
19910709,27.9
19910710,31.6
19910711,27.2
19910712,27.9
19910713,28.2
19910714,31.4
19910715,29.9
19910716,33.2
19910717,29.3
19910718,25.6
19910719,29.1
19910720,28.9
19910721,28.1
19910722,34.3
19910723,33.3
19910724,32.0
19910725,35.4
19910726,33.9
19910727,31.0
19910728,24.5
19910729,29.9
19910730,29.6
19910731,32.9
19910801,32.1
19910802,31.6
19910803,31.7
19910804,32.2
19910805,32.6
19910806,33.1
19910807,33.1
19910808,34.0
19910809,32.4
19910810,33.1
19910811,32.2
19910812,32.7
19910813,33.3
19910814,31.3
19910815,32.1
19910816,29.2
19910817,30.4
19910818,31.5
19910819,32.7
19910820,33.3
19910821,34.0
19910822,35.7
19910823,34.9
19910824,33.1
19910825,29.9
19910826,30.5
19910827,29.3
19910828,26.9
19910829,27.4
19910830,28.0
19910831,30.6
19910901,28.2
19910902,27.5
19910903,29.0
19910904,28.4
19910905,27.7
19910906,28.7
19910907,27.0
19910908,30.1
19910909,29.5
19910910,25.7
19910911,26.0
19910912,27.1
19910913,25.0
19910914,19.0
19910915,18.2
19910916,21.7
19910917,22.4
19910918,22.8
19910919,22.4
19910920,25.0
19910921,26.1
19910922,25.5
19910923,26.6
19910924,25.7
19910925,25.5
19910926,26.9
19910927,25.0
19910928,23.5
19910929,23.1
19910930,21.8
19911001,20.9
19911002,19.7
19911003,23.1
19911004,24.8
19911005,25.5
19911006,23.2
19911007,25.1
19911008,25.7
19911009,23.1
19911010,23.5
19911011,22.9
19911012,25.0
19911013,19.5
19911014,13.9
19911015,17.0
19911016,20.7
19911017,21.6
19911018,19.0
19911019,14.2
19911020,19.2
19911021,17.9
19911022,16.8
19911023,17.8
19911024,18.3
19911025,19.5
19911026,12.5
19911027,14.4
19911028,18.3
19911029,20.0
19911030,16.2
19911031,16.2
19911101,15.5
19911102,19.2
19911103,12.4
19911104,11.6
19911105,10.1
19911106,10.0
19911107,10.2
19911108,11.6
19911109,9.4
19911110,7.9
19911111,10.2
19911112,15.9
19911113,13.2
19911114,11.4
19911115,13.9
19911116,12.6
19911117,12.9
19911118,13.4
19911119,8.6
19911120,9.5
19911121,9.2
19911122,12.5
19911123,5.4
19911124,5.1
19911125,3.0
19911126,2.4
19911127,2.5
19911128,-0.1
19911129,9.4
19911130,5.2
19911201,6.0
19911202,6.4
19911203,3.6
19911204,7.0
19911205,11.2
19911206,6.2
19911207,4.2
19911208,-1.9
19911209,-1.7
19911210,2.1
19911211,1.4
19911212,1.0
19911213,4.2
19911214,6.8
19911215,1.0
19911216,8.1
19911217,5.3
19911218,0.7
19911219,1.7
19911220,0.4
19911221,1.8
19911222,-0.7
19911223,0.0
19911224,-1.9
19911225,-0.6
19911226,-2.7
19911227,-6.4
19911228,0.5
19911229,3.0
19911230,3.6
19911231,3.1
19920101,3.3
19920102,3.5
19920103,1.4
19920104,1.8
19920105,0.0
19920106,0.3
19920107,3.2
19920108,4.4
19920109,6.9
19920110,4.7
19920111,1.3
19920112,6.0
19920113,3.0
19920114,3.2
19920115,5.8
19920116,5.6
19920117,2.8
19920118,3.1
19920119,2.8
19920120,3.8
19920121,6.4
19920122,4.3
19920123,5.6
19920124,7.2
19920125,7.7
19920126,10.6
19920127,5.4
19920128,11.0
19920129,9.1
19920130,0.9
19920131,0.8
19920201,1.3
19920202,3.7
19920203,4.0
19920204,5.1
19920205,6.2
19920206,4.1
19920207,3.0
19920208,5.4
19920209,8.4
19920210,4.5
19920211,3.5
19920212,3.5
19920213,6.9
19920214,9.7
19920215,7.9
19920216,4.1
19920217,9.9
19920218,4.8
19920219,6.9
19920220,7.1
19920221,8.4
19920222,9.5
19920223,7.2
19920224,14.9
19920225,15.8
19920226,17.9
19920227,17.2
19920228,16.2
19920229,11.9
19920301,9.3
19920302,6.3
19920303,4.1
19920304,6.2
19920305,7.9
19920306,9.0
19920307,13.6
19920308,13.5
19920309,10.6
19920310,11.1
19920311,12.9
19920312,12.1
19920313,14.9
19920314,13.2
19920315,10.3
19920316,7.9
19920317,10.1
19920318,12.6
19920319,9.3
19920320,3.5
19920321,9.5
19920322,7.4
19920323,6.1
19920324,13.9
19920325,16.4
19920326,16.7
19920327,17.2
19920328,18.5
19920329,20.5
19920330,21.8
19920331,18.0
19920401,23.0
19920402,25.3
19920403,23.2
19920404,24.3
19920405,20.7
19920406,10.3
19920407,12.6
19920408,19.3
19920409,16.7
19920410,20.1
19920411,16.7
19920412,18.2
19920413,19.5
19920414,15.4
19920415,19.0
19920416,19.8
19920417,22.8
19920418,23.9
19920419,26.5
19920420,22.7
19920421,24.6
19920422,27.7
19920423,23.4
19920424,23.5
19920425,25.3
19920426,27.8
19920427,27.9
19920428,25.0
19920429,18.3
19920430,24.5
19920501,22.7
19920502,26.8
19920503,27.7
19920504,22.3
19920505,17.3
19920506,17.2
19920507,25.1
19920508,22.5
19920509,19.5
19920510,17.4
19920511,22.4
19920512,19.9
19920513,23.3
19920514,20.2
19920515,17.8
19920516,25.5
19920517,27.4
19920518,31.3
19920519,31.2
19920520,32.0
19920521,31.6
19920522,28.4
19920523,33.7
19920524,25.4
19920525,27.0
19920526,30.1
19920527,33.1
19920528,35.8
19920529,31.1
19920530,32.6
19920531,35.2
19920601,34.5
19920602,29.2
19920603,33.9
19920604,32.4
19920605,28.9
19920606,23.5
19920607,26.2
19920608,29.1
19920609,28.1
19920610,28.4
19920611,25.6
19920612,33.3
19920613,32.4
19920614,31.4
19920615,31.2
19920616,30.7
19920617,31.5
19920618,32.5
19920619,33.1
19920620,30.4
19920621,26.8
19920622,25.0
19920623,21.0
19920624,26.6
19920625,27.4
19920626,26.9
19920627,28.6
19920628,29.7
19920629,30.2
19920630,32.3
19920701,35.0
19920702,32.4
19920703,33.7
19920704,35.8
19920705,34.4
19920706,37.5
19920707,34.7
19920708,29.5
19920709,27.8
19920710,25.9
19920711,30.6
19920712,30.2
19920713,31.6
19920714,28.8
19920715,27.2
19920716,29.1
19920717,34.3
19920718,37.4
19920719,36.3
19920720,32.5
19920721,31.1
19920722,32.7
19920723,27.7
19920724,29.6
19920725,27.5
19920726,33.5
19920727,29.8
19920728,26.9
19920729,31.9
19920730,32.1
19920731,31.4
19920801,28.9
19920802,26.7
19920803,25.0
19920804,30.3
19920805,32.7
19920806,31.1
19920807,29.4
19920808,26.3
19920809,28.6
19920810,29.9
19920811,30.2
19920812,31.0
19920813,26.6
19920814,28.3
19920815,28.0
19920816,27.1
19920817,27.2
19920818,28.1
19920819,29.4
19920820,27.2
19920821,28.4
19920822,31.7
19920823,33.1
19920824,33.2
19920825,31.7
19920826,31.3
19920827,31.6
19920828,28.6
19920829,27.2
19920830,28.1
19920831,28.9
19920901,29.2
19920902,33.9
19920903,33.1
19920904,31.0
19920905,25.5
19920906,26.1
19920907,30.8
19920908,26.2
19920909,27.2
19920910,27.2
19920911,23.6
19920912,23.0
19920913,28.4
19920914,30.6
19920915,24.7
19920916,24.3
19920917,25.3
19920918,25.4
19920919,21.6
19920920,21.0
19920921,22.6
19920922,23.0
19920923,22.6
19920924,25.0
19920925,23.3
19920926,23.2
19920927,23.3
19920928,21.5
19920929,23.0
19920930,22.9
19921001,23.0
19921002,20.9
19921003,18.0
19921004,17.5
19921005,19.0
19921006,17.8
19921007,21.2
19921008,25.1
19921009,22.0
19921010,19.6
19921011,17.4
19921012,16.7
19921013,13.0
19921014,16.9
19921015,15.1
19921016,21.2
19921017,20.3
19921018,21.0
19921019,24.3
19921020,23.7
19921021,14.6
19921022,13.7
19921023,10.9
19921024,13.6
19921025,16.3
19921026,16.2
19921027,14.9
19921028,16.3
19921029,15.3
19921030,15.4
19921031,13.7
19921101,11.1
19921102,7.7
19921103,17.3
19921104,14.9
19921105,15.5
19921106,14.9
19921107,11.6
19921108,3.0
19921109,6.8
19921110,10.4
19921111,14.4
19921112,11.4
19921113,9.1
19921114,8.4
19921115,6.3
19921116,7.5
19921117,7.2
19921118,6.2
19921119,6.1
19921120,4.1
19921121,7.4
19921122,10.6
19921123,9.4
19921124,11.6
19921125,6.7
19921126,-1.5
19921127,0.5
19921128,5.1
19921129,7.4
19921130,12.5
19921201,8.1
19921202,4.5
19921203,8.2
19921204,3.6
19921205,3.2
19921206,5.6
19921207,7.9
19921208,3.1
19921209,1.3
19921210,2.6
19921211,5.9
19921212,8.7
19921213,4.6
19921214,5.1
19921215,6.7
19921216,6.3
19921217,5.3
19921218,0.6
19921219,2.0
19921220,3.6
19921221,1.8
19921222,-1.5
19921223,2.4
19921224,3.2
19921225,1.6
19921226,4.2
19921227,4.4
19921228,3.5
19921229,4.7
19921230,6.5
19921231,4.6
19930101,3.8
19930102,4.5
19930103,3.7
19930104,3.0
19930105,-0.1
19930106,0.3
19930107,-0.5
19930108,-1.1
19930109,-0.9
19930110,-1.0
19930111,-0.7
19930112,-1.0
19930113,0.5
19930114,-1.7
19930115,-3.0
19930116,-3.9
19930117,-4.1
19930118,-2.2
19930119,-0.6
19930120,1.1
19930121,1.5
19930122,2.8
19930123,3.1
19930124,2.3
19930125,6.6
19930126,2.7
19930127,0.6
19930128,4.2
19930129,7.1
19930130,12.6
19930131,9.3
19930201,6.4
19930202,6.1
19930203,8.9
19930204,7.3
19930205,8.0
19930206,15.8
19930207,4.5
19930208,5.3
19930209,7.1
19930210,8.2
19930211,8.3
19930212,10.7
19930213,11.3
19930214,8.1
19930215,8.7
19930216,4.6
19930217,3.5
19930218,10.3
19930219,6.7
19930220,7.1
19930221,4.1
19930222,1.1
19930223,5.4
19930224,4.6
19930225,6.2
19930226,7.6
19930227,6.2
19930228,2.3
19930301,8.8
19930302,11.9
19930303,13.5
19930304,11.5
19930305,11.7
19930306,10.1
19930307,9.5
19930308,9.2
19930309,13.9
19930310,11.9
19930311,13.5
19930312,13.1
19930313,10.9
19930314,8.8
19930315,14.1
19930316,10.9
19930317,8.3
19930318,10.9
19930319,12.6
19930320,14.2
19930321,13.5
19930322,15.4
19930323,16.0
19930324,17.3
19930325,17.8
19930326,19.0
19930327,19.4
19930328,17.8
19930329,16.3
19930330,15.6
19930331,20.0
19930401,21.0
19930402,17.4
19930403,12.6
19930404,13.9
19930405,13.6
19930406,12.5
19930407,11.3
19930408,12.2
19930409,10.6
19930410,14.6
19930411,14.9
19930412,16.9
19930413,19.8
19930414,21.3
19930415,23.9
19930416,26.4
19930417,32.1
19930418,30.9
19930419,29.3
19930420,26.2
19930421,23.7
19930422,23.3
19930423,20.4
19930424,17.0
19930425,20.7
19930426,23.7
19930427,20.2
19930428,16.6
19930429,25.0
19930430,20.3
19930501,16.8
19930502,24.5
19930503,25.6
19930504,25.1
19930505,22.3
19930506,19.0
19930507,23.5
19930508,26.9
19930509,27.4
19930510,26.7
19930511,26.2
19930512,21.4
19930513,23.4
19930514,26.9
19930515,23.0
19930516,24.1
19930517,29.8
19930518,31.0
19930519,29.6
19930520,27.1
19930521,30.1
19930522,28.5
19930523,33.9
19930524,29.8
19930525,27.9
19930526,30.7
19930527,32.7
19930528,35.8
19930529,29.6
19930530,33.1
19930531,29.3
19930601,24.4
19930602,33.2
19930603,33.4
19930604,33.9
19930605,30.3
19930606,32.0
19930607,33.3
19930608,31.4
19930609,29.2
19930610,26.1
19930611,20.6
19930612,33.8
19930613,34.4
19930614,32.3
19930615,34.3
19930616,30.9
19930617,29.9
19930618,35.3
19930619,35.1
19930620,34.7
19930621,31.2
19930622,33.8
19930623,34.9
19930624,33.3
19930625,34.5
19930626,34.7
19930627,30.8
19930628,21.7
19930629,27.9
19930630,30.4
19930701,31.3
19930702,29.8
19930703,31.9
19930704,32.4
19930705,29.3
19930706,31.6
19930707,29.0
19930708,27.5
19930709,25.2
19930710,29.6
19930711,32.4
19930712,29.5
19930713,35.5
19930714,34.6
19930715,31.2
19930716,31.0
19930717,31.6
19930718,31.6
19930719,29.3
19930720,29.8
19930721,30.3
19930722,27.9
19930723,23.9
19930724,24.0
19930725,24.5
19930726,28.8
19930727,28.6
19930728,30.7
19930729,30.3
19930730,29.6
19930731,28.9
19930801,26.7
19930802,31.3
19930803,31.7
19930804,28.7
19930805,29.4
19930806,29.7
19930807,28.6
19930808,32.9
19930809,31.5
19930810,33.2
19930811,32.0
19930812,30.6
19930813,31.9
19930814,29.6
19930815,28.2
19930816,28.1
19930817,31.3
19930818,31.5
19930819,30.2
19930820,27.3
19930821,24.7
19930822,26.5
19930823,25.0
19930824,33.4
19930825,34.2
19930826,31.3
19930827,29.7
19930828,30.9
19930829,31.9
19930830,31.4
19930831,31.9
19930901,30.1
19930902,30.1
19930903,31.1
19930904,31.7
19930905,32.4
19930906,32.3
19930907,27.7
19930908,20.8
19930909,26.5
19930910,26.2
19930911,26.4
19930912,27.6
19930913,29.4
19930914,28.5
19930915,29.5
19930916,26.4
19930917,27.6
19930918,26.7
19930919,28.0
19930920,29.3
19930921,22.5
19930922,26.5
19930923,28.8
19930924,27.6
19930925,26.1
19930926,24.0
19930927,19.3
19930928,21.2
19930929,23.3
19930930,23.5
19931001,23.2
19931002,23.0
19931003,25.9
19931004,23.0
19931005,22.7
19931006,23.4
19931007,23.7
19931008,24.0
19931009,21.8
19931010,21.4
19931011,17.7
19931012,17.1
19931013,16.3
19931014,19.6
19931015,21.0
19931016,23.5
19931017,20.1
19931018,22.5
19931019,24.4
19931020,23.6
19931021,17.8
19931022,18.4
19931023,16.5
19931024,17.9
19931025,13.3
19931026,15.7
19931027,14.6
19931028,12.9
19931029,9.8
19931030,11.2
19931031,15.6
19931101,19.4
19931102,20.2
19931103,14.4
19931104,19.6
19931105,16.2
19931106,14.5
19931107,11.3
19931108,13.5
19931109,10.1
19931110,11.8
19931111,9.9
19931112,15.7
19931113,15.5
19931114,9.5
19931115,8.5
19931116,8.1
19931117,1.5
19931118,0.5
19931119,-2.1
19931120,-2.4
19931121,-1.2
19931122,-1.0
19931123,-0.6
19931124,0.8
19931125,5.9
19931126,6.5
19931127,5.8
19931128,6.5
19931129,3.1
19931130,7.1
19931201,2.9
19931202,3.3
19931203,1.1
19931204,5.1
19931205,5.5
19931206,5.6
19931207,6.7
19931208,4.3
19931209,5.5
19931210,4.0
19931211,0.4
19931212,3.1
19931213,1.0
19931214,-1.0
19931215,0.4
19931216,1.5
19931217,3.1
19931218,6.1
19931219,5.4
19931220,4.3
19931221,1.0
19931222,5.0
19931223,8.0
19931224,8.0
19931225,7.6
19931226,6.5
19931227,7.0
19931228,2.7
19931229,2.5
19931230,2.5
19931231,3.0
19940101,5.6
19940102,4.5
19940103,8.1
19940104,6.6
19940105,3.4
19940106,5.4
19940107,4.0
19940108,6.6
19940109,5.4
19940110,5.2
19940111,-1.8
19940112,6.0
19940113,2.2
19940114,-0.9
19940115,2.0
19940116,6.1
19940117,1.0
19940118,-2.2
19940119,1.5
19940120,-0.4
19940121,5.1
19940122,7.2
19940123,0.7
19940124,4.0
19940125,1.3
19940126,4.1
19940127,-1.0
19940128,3.8
19940129,2.3
19940130,-0.2
19940131,5.6
19940201,5.1
19940202,8.5
19940203,6.6
19940204,8.1
19940205,11.2
19940206,10.8
19940207,8.8
19940208,5.9
19940209,6.4
19940210,3.0
19940211,1.8
19940212,4.3
19940213,-1.7
19940214,-0.7
19940215,3.0
19940216,9.1
19940217,5.3
19940218,4.3
19940219,4.7
19940220,9.1
19940221,5.9
19940222,6.9
19940223,3.7
19940224,5.3
19940225,6.3
19940226,5.4
19940227,4.3
19940228,5.9
19940301,10.6
19940302,9.1
19940303,6.1
19940304,5.7
19940305,6.4
19940306,8.4
19940307,10.6
19940308,8.3
19940309,4.6
19940310,6.1
19940311,6.1
19940312,4.5
19940313,6.9
19940314,11.4
19940315,12.9
19940316,11.2
19940317,14.9
19940318,17.8
19940319,13.4
19940320,11.2
19940321,16.5
19940322,12.0
19940323,11.5
19940324,8.4
19940325,7.9
19940326,11.9
19940327,18.2
19940328,16.3
19940329,14.6
19940330,20.6
19940331,23.1
19940401,20.3
19940402,23.5
19940403,22.1
19940404,27.1
19940405,25.1
19940406,25.1
19940407,21.8
19940408,17.1
19940409,15.5
19940410,14.7
19940411,13.1
19940412,17.6
19940413,23.4
19940414,24.8
19940415,27.9
19940416,27.8
19940417,23.8
19940418,25.3
19940419,23.5
19940420,25.1
19940421,23.5
19940422,24.4
19940423,23.4
19940424,29.0
19940425,26.1
19940426,28.0
19940427,26.4
19940428,28.8
19940429,24.3
19940430,25.1
19940501,21.9
19940502,19.1
19940503,13.4
19940504,21.1
19940505,25.0
19940506,30.5
19940507,29.3
19940508,25.8
19940509,26.7
19940510,28.5
19940511,28.2
19940512,24.8
19940513,27.8
19940514,23.5
19940515,34.2
19940516,27.8
19940517,31.2
19940518,25.8
19940519,25.1
19940520,26.8
19940521,33.5
19940522,31.4
19940523,29.6
19940524,26.3
19940525,25.8
19940526,24.0
19940527,28.8
19940528,32.6
19940529,30.8
19940530,26.6
19940531,33.2
19940601,30.6
19940602,30.3
19940603,32.9
19940604,30.1
19940605,29.6
19940606,30.0
19940607,33.4
19940608,33.0
19940609,32.5
19940610,34.3
19940611,31.3
19940612,28.8
19940613,33.0
19940614,33.7
19940615,35.7
19940616,35.8
19940617,35.0
19940618,36.1
19940619,32.5
19940620,34.5
19940621,32.3
19940622,30.4
19940623,29.6
19940624,35.0
19940625,29.3
19940626,32.2
19940627,32.4
19940628,34.2
19940629,30.8
19940630,29.3
19940701,37.2
19940702,36.0
19940703,30.3
19940704,32.6
19940705,35.2
19940706,32.5
19940707,29.4
19940708,28.3
19940709,33.1
19940710,34.7
19940711,29.7
19940712,27.7
19940713,31.1
19940714,34.2
19940715,32.9
19940716,32.0
19940717,32.1
19940718,30.2
19940719,33.1
19940720,33.7
19940721,34.6
19940722,33.2
19940723,33.7
19940724,30.8
19940725,34.9
19940726,32.8
19940727,33.0
19940728,33.9
19940729,35.5
19940730,34.3
19940731,33.3
19940801,33.9
19940802,32.8
19940803,31.5
19940804,31.9
19940805,29.8
19940806,30.7
19940807,33.0
19940808,29.3
19940809,28.2
19940810,31.3
19940811,31.5
19940812,30.2
19940813,26.3
19940814,30.7
19940815,32.8
19940816,35.3
19940817,33.3
19940818,33.4
19940819,32.1
19940820,30.6
19940821,28.0
19940822,28.5
19940823,29.8
19940824,29.7
19940825,33.5
19940826,33.2
19940827,32.6
19940828,32.4
19940829,30.3
19940830,30.0
19940831,29.2
19940901,30.0
19940902,30.9
19940903,32.0
19940904,30.1
19940905,29.5
19940906,30.5
19940907,29.4
19940908,25.2
19940909,27.5
19940910,26.8
19940911,26.2
19940912,26.8
19940913,27.9
19940914,27.4
19940915,26.5
19940916,25.5
19940917,29.3
19940918,28.5
19940919,25.8
19940920,26.3
19940921,23.5
19940922,26.8
19940923,27.3
19940924,25.2
19940925,24.7
19940926,26.5
19940927,27.4
19940928,24.8
19940929,22.6
19940930,25.5
19941001,26.2
19941002,21.7
19941003,17.5
19941004,22.0
19941005,26.0
19941006,25.1
19941007,24.3
19941008,20.1
19941009,21.9
19941010,19.3
19941011,18.6
19941012,23.0
19941013,25.2
19941014,20.7
19941015,17.8
19941016,17.3
19941017,18.8
19941018,16.0
19941019,18.9
19941020,17.8
19941021,22.6
19941022,23.3
19941023,19.6
19941024,17.8
19941025,18.3
19941026,17.0
19941027,13.6
19941028,15.6
19941029,16.1
19941030,19.3
19941031,20.2
19941101,15.1
19941102,20.0
19941103,18.1
19941104,12.9
19941105,16.3
19941106,18.8
19941107,14.4
19941108,13.6
19941109,17.6
19941110,13.1
19941111,15.1
19941112,12.9
19941113,8.8
19941114,3.6
19941115,2.6
19941116,2.9
19941117,4.5
19941118,16.0
19941119,4.9
19941120,9.2
19941121,9.5
19941122,6.1
19941123,5.5
19941124,11.5
19941125,8.9
19941126,8.1
19941127,6.9
19941128,12.4
19941129,9.1
19941130,7.0
19941201,7.1
19941202,2.6
19941203,3.0
19941204,6.9
19941205,5.2
19941206,9.5
19941207,6.9
19941208,8.6
19941209,11.1
19941210,5.9
19941211,6.3
19941212,3.1
19941213,1.3
19941214,-1.5
19941215,-2.3
19941216,-2.1
19941217,-0.9
19941218,0.6
19941219,-1.8
19941220,0.6
19941221,-3.1
19941222,-5.4
19941223,-3.3
19941224,5.0
19941225,1.0
19941226,4.1
19941227,4.9
19941228,2.8
19941229,3.3
19941230,4.4
19941231,2.6
19950101,4.9
19950102,2.4
19950103,3.1
19950104,5.3
19950105,9.9
19950106,11.3
19950107,9.7
19950108,9.7
19950109,4.6
19950110,3.5
19950111,3.1
19950112,1.9
19950113,1.0
19950114,3.3
19950115,5.1
19950116,5.1
19950117,4.9
19950118,2.4
19950119,0.6
19950120,1.6
19950121,4.9
19950122,5.2
19950123,2.5
19950124,4.3
19950125,2.4
19950126,3.2
19950127,5.6
19950128,6.1
19950129,5.5
19950130,3.3
19950131,2.0
19950201,3.2
19950202,1.7
19950203,0.3
19950204,3.1
19950205,9.2
19950206,12.6
19950207,14.6
19950208,10.3
19950209,10.6
19950210,5.7
19950211,12.9
19950212,8.3
19950213,7.7
19950214,10.7
19950215,7.8
19950216,8.3
19950217,10.3
19950218,10.4
19950219,7.7
19950220,7.8
19950221,6.4
19950222,11.4
19950223,11.1
19950224,11.7
19950225,9.1
19950226,9.9
19950227,6.9
19950228,7.4
19950301,6.8
19950302,11.5
19950303,7.8
19950304,14.2
19950305,16.2
19950306,18.5
19950307,18.9
19950308,14.4
19950309,12.6
19950310,15.3
19950311,10.7
19950312,12.5
19950313,12.5
19950314,15.1
19950315,11.9
19950316,6.7
19950317,8.1
19950318,12.1
19950319,15.5
19950320,20.6
19950321,14.6
19950322,12.9
19950323,9.2
19950324,13.0
19950325,13.2
19950326,19.2
19950327,15.5
19950328,11.5
19950329,15.2
19950330,19.0
19950331,16.8
19950401,13.7
19950402,15.2
19950403,19.2
19950404,18.4
19950405,23.0
19950406,18.8
19950407,21.0
19950408,19.0
19950409,17.8
19950410,13.5
19950411,16.6
19950412,21.5
19950413,18.8
19950414,17.7
19950415,15.2
19950416,23.5
19950417,24.6
19950418,18.8
19950419,21.2
19950420,21.4
19950421,20.2
19950422,18.8
19950423,23.7
19950424,25.6
19950425,21.7
19950426,23.1
19950427,23.2
19950428,27.9
19950429,25.9
19950430,26.8
19950501,24.2
19950502,17.1
19950503,20.4
19950504,23.5
19950505,31.1
19950506,25.7
19950507,25.4
19950508,28.1
19950509,23.9
19950510,22.5
19950511,22.0
19950512,20.3
19950513,14.2
19950514,22.3
19950515,27.2
19950516,26.7
19950517,28.0
19950518,26.6
19950519,26.9
19950520,26.0
19950521,27.2
19950522,27.1
19950523,28.0
19950524,31.1
19950525,28.3
19950526,27.2
19950527,25.0
19950528,28.9
19950529,28.4
19950530,29.3
19950531,29.6
19950601,26.8
19950602,28.7
19950603,29.3
19950604,34.6
19950605,34.1
19950606,29.6
19950607,28.7
19950608,28.6
19950609,28.6
19950610,31.1
19950611,30.7
19950612,31.1
19950613,31.7
19950614,28.3
19950615,29.2
19950616,25.6
19950617,22.4
19950618,24.4
19950619,32.9
19950620,29.9
19950621,28.1
19950622,29.1
19950623,30.6
19950624,30.6
19950625,32.3
19950626,28.9
19950627,33.1
19950628,32.9
19950629,30.3
19950630,26.5
19950701,24.5
19950702,30.1
19950703,32.6
19950704,34.0
19950705,33.6
19950706,33.8
19950707,33.4
19950708,32.8
19950709,34.1
19950710,35.0
19950711,32.7
19950712,33.1
19950713,30.0
19950714,23.8
19950715,31.7
19950716,29.6
19950717,27.2
19950718,23.2
19950719,26.4
19950720,30.9
19950721,32.4
19950722,31.7
19950723,29.6
19950724,31.9
19950725,26.5
19950726,30.6
19950727,28.9
19950728,27.7
19950729,26.0
19950730,33.9
19950731,29.7
19950801,29.4
19950802,26.9
19950803,27.7
19950804,29.0
19950805,29.1
19950806,25.9
19950807,30.6
19950808,31.1
19950809,33.1
19950810,32.6
19950811,27.6
19950812,29.2
19950813,30.1
19950814,26.9
19950815,29.4
19950816,26.4
19950817,25.5
19950818,29.0
19950819,31.4
19950820,31.2
19950821,30.9
19950822,30.4
19950823,32.1
19950824,33.4
19950825,32.9
19950826,30.3
19950827,30.0
19950828,30.9
19950829,28.1
19950830,31.6
19950831,27.4
19950901,23.4
19950902,28.9
19950903,25.6
19950904,28.6
19950905,23.7
19950906,21.3
19950907,19.0
19950908,17.4
19950909,26.2
19950910,23.5
19950911,26.0
19950912,25.0
19950913,26.6
19950914,20.2
19950915,29.4
19950916,28.3
19950917,26.8
19950918,26.5
19950919,24.0
19950920,25.6
19950921,25.7
19950922,25.5
19950923,22.7
19950924,19.9
19950925,17.2
19950926,20.7
19950927,21.7
19950928,25.4
19950929,24.2
19950930,21.0
19951001,20.3
19951002,20.7
19951003,22.3
19951004,18.5
19951005,16.5
19951006,18.5
19951007,21.4
19951008,22.6
19951009,18.8
19951010,18.7
19951011,20.1
19951012,21.0
19951013,18.7
19951014,20.9
19951015,21.8
19951016,18.8
19951017,22.4
19951018,20.4
19951019,19.4
19951020,16.3
19951021,21.2
19951022,20.2
19951023,19.0
19951024,20.0
19951025,22.8
19951026,21.1
19951027,15.8
19951028,18.2
19951029,17.5
19951030,15.8
19951031,9.9
19951101,10.6
19951102,19.5
19951103,22.0
19951104,20.0
19951105,20.9
19951106,21.5
19951107,11.4
19951108,13.6
19951109,17.5
19951110,18.7
19951111,20.5
19951112,19.0
19951113,17.0
19951114,16.1
19951115,12.9
19951116,17.4
19951117,12.7
19951118,11.9
19951119,11.1
19951120,10.3
19951121,12.6
19951122,8.9
19951123,5.9
19951124,13.0
19951125,14.0
19951126,11.9
19951127,9.6
19951128,10.5
19951129,10.7
19951130,9.7
19951201,7.7
19951202,7.1
19951203,6.2
19951204,3.5
19951205,2.1
19951206,4.7
19951207,5.7
19951208,3.7
19951209,1.5
19951210,2.1
19951211,9.6
19951212,6.2
19951213,3.4
19951214,4.7
19951215,2.3
19951216,2.9
19951217,4.8
19951218,6.6
19951219,6.5
19951220,7.7
19951221,6.6
19951222,4.8
19951223,3.6
19951224,-0.4
19951225,-0.1
19951226,1.9
19951227,3.3
19951228,-0.2
19951229,2.1
19951230,5.4
19951231,7.4
19960101,5.8
19960102,7.5
19960103,-0.3
19960104,0.7
19960105,4.0
19960106,-0.5
19960107,2.8
19960108,-0.4
19960109,1.5
19960110,4.3
19960111,5.3
19960112,2.2
19960113,0.4
19960114,2.5
19960115,2.1
19960116,-2.3
19960117,0.6
19960118,1.2
19960119,2.5
19960120,2.8
19960121,1.5
19960122,3.4
19960123,2.1
19960124,3.0
19960125,0.6
19960126,6.2
19960127,5.3
19960128,7.4
19960129,4.7
19960130,1.5
19960131,0.0
19960201,2.3
19960202,2.4
19960203,7.0
19960204,3.1
19960205,2.6
19960206,2.1
19960207,3.1
19960208,-0.4
19960209,1.7
19960210,4.4
19960211,9.3
19960212,13.2
19960213,19.8
19960214,14.5
19960215,3.5
19960216,0.1
19960217,-0.2
19960218,2.2
19960219,2.2
19960220,1.7
19960221,5.1
19960222,7.9
19960223,8.5
19960224,6.1
19960225,10.8
19960226,7.2
19960227,7.6
19960228,9.9
19960229,8.3
19960301,10.0
19960302,11.0
19960303,16.1
19960304,13.5
19960305,8.0
19960306,8.1
19960307,8.8
19960308,9.5
19960309,10.8
19960310,13.9
19960311,8.4
19960312,10.1
19960313,15.4
19960314,14.6
19960315,10.3
19960316,11.2
19960317,8.8
19960318,9.8
19960319,11.1
19960320,11.0
19960321,8.7
19960322,5.3
19960323,4.4
19960324,10.5
19960325,14.0
19960326,15.2
19960327,12.0
19960328,14.9
19960329,13.6
19960330,15.7
19960331,13.3
19960401,10.2
19960402,14.2
19960403,15.4
19960404,17.9
19960405,16.8
19960406,19.1
19960407,19.2
19960408,18.2
19960409,14.3
19960410,13.6
19960411,16.0
19960412,12.6
19960413,14.1
19960414,20.7
19960415,17.7
19960416,24.5
19960417,18.4
19960418,19.4
19960419,16.6
19960420,19.8
19960421,25.3
19960422,29.6
19960423,25.8
19960424,23.7
19960425,25.5
19960426,26.4
19960427,28.5
19960428,25.6
19960429,23.5
19960430,25.1
19960501,24.5
19960502,26.6
19960503,21.4
19960504,23.0
19960505,18.7
19960506,21.2
19960507,21.2
19960508,24.9
19960509,25.1
19960510,22.0
19960511,25.2
19960512,29.8
19960513,27.5
19960514,30.6
19960515,27.8
19960516,26.9
19960517,27.9
19960518,25.5
19960519,28.9
19960520,29.6
19960521,30.0
19960522,28.9
19960523,31.1
19960524,31.1
19960525,29.9
19960526,27.4
19960527,28.4
19960528,30.5
19960529,32.4
19960530,33.4
19960531,32.9
19960601,31.4
19960602,32.9
19960603,31.4
19960604,29.9
19960605,32.0
19960606,28.1
19960607,30.6
19960608,32.6
19960609,32.1
19960610,32.1
19960611,32.6
19960612,35.1
19960613,32.8
19960614,31.6
19960615,29.2
19960616,25.3
19960617,30.1
19960618,32.3
19960619,28.0
19960620,25.5
19960621,32.6
19960622,33.3
19960623,27.9
19960624,30.4
19960625,33.4
19960626,31.7
19960627,29.5
19960628,23.0
19960629,32.5
19960630,36.0
19960701,35.5
19960702,32.5
19960703,31.1
19960704,32.1
19960705,31.1
19960706,35.1
19960707,31.5
19960708,28.1
19960709,24.2
19960710,20.8
19960711,23.4
19960712,26.8
19960713,27.4
19960714,28.8
19960715,29.3
19960716,30.7
19960717,28.8
19960718,31.3
19960719,31.4
19960720,29.2
19960721,32.3
19960722,32.2
19960723,30.8
19960724,31.8
19960725,30.7
19960726,32.8
19960727,30.7
19960728,31.3
19960729,31.9
19960730,29.4
19960731,24.8
19960801,24.3
19960802,25.8
19960803,27.0
19960804,25.7
19960805,23.8
19960806,33.1
19960807,35.0
19960808,30.3
19960809,26.7
19960810,26.5
19960811,29.2
19960812,29.7
19960813,27.2
19960814,32.0
19960815,32.0
19960816,31.7
19960817,33.0
19960818,33.2
19960819,32.4
19960820,25.4
19960821,26.8
19960822,24.1
19960823,27.2
19960824,22.4
19960825,23.7
19960826,25.6
19960827,28.1
19960828,27.8
19960829,28.7
19960830,27.2
19960831,27.4
19960901,30.3
19960902,27.5
19960903,24.0
19960904,25.3
19960905,26.2
19960906,27.3
19960907,24.3
19960908,29.0
19960909,28.8
19960910,29.6
19960911,25.2
19960912,24.0
19960913,21.7
19960914,17.8
19960915,24.7
19960916,26.0
19960917,25.8
19960918,24.6
19960919,24.2
19960920,25.5
19960921,26.5
19960922,32.5
19960923,30.6
19960924,24.8
19960925,27.0
19960926,25.0
19960927,26.0
19960928,25.3
19960929,24.7
19960930,20.5
19961001,16.5
19961002,16.3
19961003,22.7
19961004,22.7
19961005,17.6
19961006,17.4
19961007,19.1
19961008,23.4
19961009,22.1
19961010,19.7
19961011,21.7
19961012,21.6
19961013,22.0
19961014,20.2
19961015,18.6
19961016,14.5
19961017,16.4
19961018,20.4
19961019,14.8
19961020,13.4
19961021,18.1
19961022,16.7
19961023,21.0
19961024,18.9
19961025,14.6
19961026,13.8
19961027,12.7
19961028,18.5
19961029,21.1
19961030,16.0
19961031,8.8
19961101,14.6
19961102,15.8
19961103,11.3
19961104,10.8
19961105,18.0
19961106,8.1
19961107,10.8
19961108,7.6
19961109,10.7
19961110,10.5
19961111,12.7
19961112,6.9
19961113,7.9
19961114,7.1
19961115,9.3
19961116,5.8
19961117,8.5
19961118,12.1
19961119,10.5
19961120,11.7
19961121,7.5
19961122,8.0
19961123,9.2
19961124,10.7
19961125,7.2
19961126,7.2
19961127,0.7
19961128,1.8
19961129,2.2
19961130,0.2
19961201,2.2
19961202,1.3
19961203,4.0
19961204,5.7
19961205,-0.1
19961206,2.0
19961207,6.6
19961208,10.2
19961209,9.1
19961210,10.0
19961211,9.1
19961212,8.9
19961213,6.9
19961214,7.3
19961215,2.2
19961216,4.4
19961217,0.6
19961218,2.4
19961219,7.5
19961220,9.7
19961221,8.6
19961222,8.2
19961223,4.2
19961224,15.6
19961225,9.7
19961226,4.4
19961227,10.1
19961228,7.2
19961229,5.0
19961230,3.2
19961231,0.7
19970101,-2.0
19970102,-1.2
19970103,0.1
19970104,-2.0
19970105,-3.7
19970106,-3.8
19970107,-2.9
19970108,-2.9
19970109,-2.6
19970110,1.2
19970111,3.0
19970112,-1.7
19970113,0.5
19970114,0.2
19970115,-0.1
19970116,0.7
19970117,1.8
19970118,2.5
19970119,5.9
19970120,0.7
19970121,-0.4
19970122,-1.7
19970123,2.3
19970124,4.6
19970125,9.7
19970126,9.7
19970127,5.3
19970128,4.7
19970129,6.5
19970130,3.2
19970131,5.8
19970201,2.4
19970202,2.4
19970203,0.7
19970204,0.7
19970205,3.2
19970206,2.7
19970207,5.7
19970208,6.7
19970209,6.6
19970210,3.2
19970211,6.6
19970212,7.3
19970213,9.7
19970214,9.4
19970215,5.4
19970216,3.7
19970217,8.7
19970218,9.5
19970219,14.5
19970220,11.5
19970221,10.7
19970222,5.3
19970223,9.2
19970224,9.4
19970225,9.3
19970226,4.7
19970227,4.4
19970228,12.7
19970301,9.2
19970302,10.2
19970303,15.5
19970304,18.8
19970305,15.9
19970306,15.6
19970307,14.2
19970308,11.6
19970309,9.6
19970310,18.7
19970311,14.2
19970312,9.0
19970313,9.3
19970314,10.8
19970315,10.3
19970316,9.5
19970317,12.4
19970318,10.2
19970319,13.4
19970320,14.5
19970321,14.2
19970322,14.6
19970323,11.5
19970324,14.0
19970325,15.9
19970326,19.4
19970327,21.9
19970328,25.4
19970329,23.6
19970330,13.4
19970331,14.6
19970401,12.3
19970402,11.7
19970403,13.0
19970404,16.3
19970405,20.3
19970406,21.2
19970407,18.7
19970408,14.9
19970409,19.3
19970410,23.5
19970411,23.2
19970412,24.5
19970413,24.7
19970414,18.8
19970415,22.0
19970416,17.8
19970417,20.1
19970418,22.2
19970419,17.7
19970420,21.0
19970421,19.7
19970422,21.0
19970423,18.7
19970424,23.0
19970425,25.7
19970426,24.5
19970427,25.7
19970428,28.0
19970429,24.2
19970430,22.7
19970501,24.6
19970502,24.3
19970503,22.0
19970504,25.6
19970505,25.2
19970506,21.5
19970507,18.3
19970508,26.5
19970509,27.9
19970510,23.0
19970511,23.8
19970512,19.5
19970513,23.4
19970514,30.6
19970515,29.9
19970516,28.0
19970517,31.6
19970518,27.5
19970519,26.7
19970520,26.7
19970521,26.5
19970522,32.0
19970523,29.2
19970524,26.7
19970525,27.5
19970526,23.8
19970527,18.8
19970528,23.2
19970529,26.0
19970530,31.2
19970531,24.9
19970601,23.6
19970602,24.2
19970603,21.0
19970604,21.5
19970605,24.4
19970606,25.0
19970607,26.2
19970608,26.7
19970609,31.9
19970610,29.7
19970611,32.2
19970612,35.2
19970613,34.8
19970614,33.2
19970615,34.8
19970616,35.7
19970617,31.9
19970618,31.6
19970619,32.1
19970620,33.4
19970621,37.2
19970622,36.7
19970623,33.7
19970624,36.2
19970625,29.8
19970626,31.3
19970627,33.7
19970628,33.6
19970629,33.7
19970630,28.2
19970701,31.7
19970702,31.8
19970703,28.8
19970704,32.9
19970705,33.8
19970706,35.0
19970707,33.2
19970708,35.7
19970709,36.8
19970710,35.2
19970711,36.5
19970712,35.7
19970713,38.2
19970714,37.2
19970715,35.1
19970716,30.5
19970717,32.0
19970718,33.2
19970719,28.7
19970720,30.3
19970721,31.2
19970722,35.5
19970723,33.0
19970724,35.2
19970725,35.1
19970726,34.8
19970727,29.8
19970728,30.6
19970729,29.8
19970730,30.2
19970731,30.1
19970801,29.0
19970802,30.5
19970803,31.8
19970804,33.5
19970805,32.6
19970806,32.0
19970807,28.0
19970808,34.0
19970809,33.2
19970810,33.8
19970811,31.4
19970812,32.9
19970813,33.0
19970814,31.6
19970815,30.0
19970816,26.6
19970817,32.1
19970818,33.6
19970819,31.5
19970820,25.9
19970821,32.7
19970822,32.5
19970823,32.8
19970824,33.2
19970825,33.3
19970826,32.0
19970827,32.0
19970828,31.2
19970829,27.4
19970830,31.5
19970831,32.7
19970901,27.9
19970902,26.0
19970903,28.8
19970904,28.3
19970905,26.8
19970906,28.1
19970907,29.0
19970908,29.8
19970909,26.7
19970910,18.5
19970911,20.2
19970912,19.5
19970913,21.7
19970914,23.8
19970915,23.8
19970916,21.0
19970917,21.8
19970918,25.0
19970919,23.4
19970920,21.8
19970921,23.9
19970922,25.2
19970923,25.3
19970924,18.7
19970925,20.4
19970926,21.8
19970927,25.0
19970928,26.5
19970929,26.0
19970930,26.4
19971001,25.3
19971002,20.5
19971003,16.8
19971004,19.4
19971005,21.9
19971006,21.7
19971007,23.2
19971008,20.3
19971009,25.7
19971010,21.8
19971011,20.7
19971012,21.3
19971013,24.4
19971014,22.0
19971015,20.7
19971016,21.3
19971017,22.1
19971018,26.0
19971019,26.6
19971020,29.3
19971021,23.9
19971022,20.3
19971023,16.1
19971024,10.9
19971025,13.3
19971026,16.0
19971027,14.7
19971028,15.5
19971029,14.6
19971030,14.4
19971031,16.0
19971101,18.4
19971102,13.2
19971103,18.3
19971104,13.7
19971105,16.2
19971106,15.1
19971107,12.7
19971108,11.5
19971109,12.8
19971110,11.8
19971111,10.7
19971112,12.4
19971113,10.6
19971114,7.0
19971115,10.3
19971116,2.4
19971117,7.6
19971118,8.0
19971119,7.8
19971120,7.2
19971121,12.0
19971122,6.9
19971123,6.6
19971124,5.0
19971125,11.6
19971126,9.3
19971127,2.6
19971128,2.3
19971129,7.7
19971130,3.7
19971201,-1.9
19971202,0.6
19971203,1.0
19971204,1.7
19971205,1.9
19971206,4.3
19971207,2.0
19971208,1.4
19971209,-0.2
19971210,2.5
19971211,1.9
19971212,5.4
19971213,2.4
19971214,8.6
19971215,9.3
19971216,3.7
19971217,0.6
19971218,0.7
19971219,8.7
19971220,3.3
19971221,1.5
19971222,2.2
19971223,0.6
19971224,0.9
19971225,1.3
19971226,7.9
19971227,5.2
19971228,4.6
19971229,2.7
19971230,5.9
19971231,1.8
19980101,6.6
19980102,8.4
19980103,2.2
19980104,0.1
19980105,3.3
19980106,6.0
19980107,3.0
19980108,2.3
19980109,2.5
19980110,2.3
19980111,0.7
19980112,-0.3
19980113,-1.3
19980114,-3.0
19980115,-5.8
19980116,-6.3
19980117,-6.1
19980118,-7.6
19980119,-3.3
19980120,-0.8
19980121,1.2
19980122,0.4
19980123,-1.4
19980124,0.5
19980125,4.4
19980126,2.3
19980127,1.3
19980128,2.8
19980129,2.7
19980130,6.7
19980131,2.7
19980201,3.9
19980202,3.1
19980203,5.2
19980204,5.6
19980205,8.6
19980206,7.8
19980207,5.0
19980208,2.8
19980209,5.7
19980210,6.7
19980211,8.3
19980212,11.2
19980213,9.3
19980214,7.4
19980215,8.2
19980216,10.0
19980217,8.4
19980218,4.6
19980219,5.4
19980220,8.1
19980221,6.9
19980222,6.5
19980223,8.7
19980224,10.7
19980225,9.2
19980226,13.5
19980227,12.7
19980228,12.7
19980301,13.3
19980302,13.8
19980303,10.3
19980304,8.0
19980305,12.8
19980306,17.5
19980307,11.5
19980308,13.0
19980309,14.6
19980310,11.6
19980311,14.0
19980312,18.7
19980313,14.2
19980314,10.8
19980315,12.6
19980316,16.7
19980317,17.5
19980318,13.1
19980319,3.2
19980320,4.9
19980321,7.5
19980322,10.6
19980323,13.7
19980324,15.7
19980325,15.1
19980326,12.3
19980327,15.7
19980328,22.4
19980329,20.3
19980330,15.8
19980331,10.7
19980401,11.6
19980402,15.3
19980403,16.7
19980404,18.2
19980405,21.2
19980406,22.4
19980407,23.7
19980408,24.3
19980409,22.3
19980410,22.6
19980411,16.4
19980412,24.4
19980413,21.2
19980414,22.8
19980415,25.2
19980416,20.3
19980417,21.7
19980418,23.3
19980419,25.4
19980420,25.7
19980421,30.2
19980422,25.2
19980423,20.2
19980424,16.7
19980425,18.0
19980426,20.1
19980427,17.5
19980428,14.6
19980429,15.3
19980430,19.2
19980501,20.1
19980502,21.7
19980503,25.2
19980504,24.9
19980505,26.8
19980506,22.4
19980507,25.5
19980508,22.2
19980509,24.0
19980510,22.8
19980511,20.7
19980512,26.6
19980513,27.8
19980514,28.3
19980515,26.8
19980516,21.2
19980517,29.0
19980518,30.3
19980519,27.8
19980520,27.5
19980521,22.9
19980522,25.0
19980523,20.4
19980524,25.1
19980525,29.6
19980526,31.1
19980527,26.2
19980528,25.3
19980529,25.6
19980530,28.1
19980531,30.2
19980601,27.1
19980602,21.0
19980603,22.3
19980604,24.7
19980605,27.0
19980606,28.6
19980607,24.7
19980608,30.2
19980609,32.4
19980610,30.0
19980611,25.8
19980612,22.0
19980613,26.9
19980614,31.6
19980615,34.9
19980616,36.2
19980617,29.2
19980618,28.7
19980619,36.3
19980620,33.7
19980621,32.6
19980622,25.3
19980623,25.1
19980624,28.4
19980625,28.2
19980626,34.3
19980627,37.2
19980628,37.2
19980629,33.6
19980630,28.0
19980701,27.6
19980702,32.2
19980703,33.0
19980704,29.6
19980705,30.5
19980706,32.9
19980707,34.7
19980708,31.7
19980709,29.5
19980710,31.0
19980711,29.3
19980712,25.8
19980713,27.2
19980714,33.6
19980715,34.1
19980716,31.2
19980717,29.4
19980718,30.2
19980719,34.7
19980720,34.0
19980721,32.7
19980722,29.7
19980723,27.4
19980724,30.1
19980725,29.5
19980726,28.4
19980727,31.8
19980728,29.3
19980729,31.4
19980730,31.5
19980731,30.0
19980801,31.6
19980802,30.4
19980803,29.3
19980804,27.3
19980805,31.6
19980806,33.3
19980807,29.4
19980808,31.0
19980809,32.1
19980810,31.5
19980811,34.7
19980812,33.3
19980813,30.6
19980814,31.3
19980815,29.3
19980816,29.9
19980817,29.9
19980818,31.2
19980819,30.3
19980820,29.0
19980821,26.1
19980822,22.4
19980823,31.0
19980824,26.6
19980825,32.6
19980826,29.8
19980827,28.8
19980828,30.3
19980829,28.9
19980830,26.4
19980831,26.1
19980901,27.0
19980902,28.1
19980903,27.3
19980904,30.1
19980905,30.3
19980906,31.5
19980907,31.0
19980908,28.2
19980909,31.4
19980910,32.5
19980911,31.7
19980912,27.0
19980913,27.0
19980914,25.0
19980915,26.0
19980916,27.3
19980917,23.0
19980918,30.7
19980919,25.2
19980920,21.8
19980921,28.6
19980922,27.5
19980923,23.9
19980924,27.3
19980925,29.2
19980926,29.5
19980927,27.3
19980928,25.5
19980929,26.1
19980930,29.5
19981001,28.8
19981002,24.1
19981003,27.1
19981004,26.0
19981005,22.1
19981006,22.5
19981007,23.6
19981008,23.2
19981009,20.2
19981010,21.7
19981011,21.3
19981012,23.2
19981013,19.8
19981014,19.8
19981015,22.6
19981016,21.5
19981017,18.4
19981018,18.5
19981019,20.8
19981020,20.4
19981021,17.3
19981022,20.5
19981023,19.0
19981024,14.1
19981025,10.8
19981026,14.2
19981027,14.6
19981028,17.2
19981029,15.2
19981030,17.5
19981031,16.5
19981101,12.0
19981102,18.6
19981103,14.7
19981104,15.9
19981105,12.3
19981106,16.0
19981107,15.1
19981108,20.2
19981109,15.6
19981110,14.1
19981111,15.9
19981112,13.0
19981113,16.7
19981114,12.1
19981115,15.6
19981116,10.4
19981117,5.0
19981118,0.6
19981119,3.3
19981120,5.2
19981121,1.0
19981122,-1.4
19981123,0.0
19981124,2.0
19981125,0.1
19981126,2.6
19981127,9.7
19981128,3.2
19981129,4.9
19981130,2.6
19981201,-0.5
19981202,-1.6
19981203,-0.7
19981204,1.5
19981205,1.4
19981206,-2.7
19981207,2.4
19981208,3.5
19981209,2.6
19981210,7.7
19981211,4.5
19981212,5.5
19981213,9.1
19981214,9.1
19981215,12.6
19981216,12.1
19981217,6.2
19981218,12.0
19981219,9.5
19981220,5.5
19981221,11.3
19981222,7.3
19981223,8.5
19981224,8.0
19981225,9.6
19981226,5.6
19981227,8.0
19981228,5.9
19981229,3.0
19981230,4.9
19981231,4.8
19990101,4.0
19990102,8.6
19990103,7.9
19990104,0.5
19990105,4.4
19990106,4.0
19990107,-1.0
19990108,-3.2
19990109,-1.0
19990110,1.6
19990111,-1.5
19990112,-0.4
19990113,0.0
19990114,-1.6
19990115,5.8
19990116,5.2
19990117,1.0
19990118,3.1
19990119,2.2
19990120,3.8
19990121,5.4
19990122,7.1
19990123,7.1
19990124,2.2
19990125,9.4
19990126,10.6
19990127,7.0
19990128,7.2
19990129,4.4
19990130,5.2
19990131,9.0
19990201,7.0
19990202,1.8
19990203,4.7
19990204,8.2
19990205,10.5
19990206,6.6
19990207,11.9
19990208,12.8
19990209,6.6
19990210,6.6
19990211,7.3
19990212,7.1
19990213,6.2
19990214,5.3
19990215,9.4
19990216,8.1
19990217,9.6
19990218,6.1
19990219,6.5
19990220,5.4
19990221,8.7
19990222,13.1
19990223,11.7
19990224,13.5
19990225,11.4
19990226,10.4
19990227,8.0
19990228,12.0
19990301,12.7
19990302,13.3
19990303,16.6
19990304,10.3
19990305,11.4
19990306,8.7
19990307,5.9
19990308,3.1
19990309,9.3
19990310,6.3
19990311,5.1
19990312,4.4
19990313,8.4
19990314,7.5
19990315,5.5
19990316,7.0
19990317,3.0
19990318,10.8
19990319,5.8
19990320,4.1
19990321,6.8
19990322,10.3
19990323,10.0
19990324,13.9
19990325,17.5
19990326,14.1
19990327,13.0
19990328,10.5
19990329,8.4
19990330,12.2
19990331,9.5
19990401,8.9
19990402,16.8
19990403,20.5
19990404,22.0
19990405,18.6
19990406,20.0
19990407,20.0
19990408,16.2
19990409,19.9
19990410,21.0
19990411,15.8
19990412,17.1
19990413,20.1
19990414,19.0
19990415,25.2
19990416,23.1
19990417,23.5
19990418,26.5
19990419,25.0
19990420,14.6
19990421,21.4
19990422,18.5
19990423,21.3
19990424,23.6
19990425,24.5
19990426,21.0
19990427,19.9
19990428,24.2
19990429,27.5
19990430,22.9
19990501,18.2
19990502,16.8
19990503,26.1
19990504,28.3
19990505,28.5
19990506,31.5
19990507,25.3
19990508,26.0
19990509,22.7
19990510,24.1
19990511,29.3
19990512,28.5
19990513,25.0
19990514,26.1
19990515,22.8
19990516,23.1
19990517,21.2
19990518,19.1
19990519,27.7
19990520,29.4
19990521,30.4
19990522,25.9
19990523,23.7
19990524,24.6
19990525,25.2
19990526,30.5
19990527,24.7
19990528,25.5
19990529,28.8
19990530,30.0
19990531,24.3
19990601,28.0
19990602,31.5
19990603,28.4
19990604,22.6
19990605,29.4
19990606,28.2
19990607,32.7
19990608,35.6
19990609,32.1
19990610,33.3
19990611,32.9
19990612,34.0
19990613,32.5
19990614,29.7
19990615,31.4
19990616,29.2
19990617,29.5
19990618,30.1
19990619,34.5
19990620,29.8
19990621,23.1
19990622,24.2
19990623,30.5
19990624,35.5
19990625,38.4
19990626,37.1
19990627,36.1
19990628,35.2
19990629,36.3
19990630,36.6
19990701,37.7
19990702,39.3
19990703,34.5
19990704,35.4
19990705,30.5
19990706,26.0
19990707,23.4
19990708,27.2
19990709,33.4
19990710,29.3
19990711,26.5
19990712,22.8
19990713,28.5
19990714,29.6
19990715,33.3
19990716,35.6
19990717,36.3
19990718,35.3
19990719,33.6
19990720,30.4
19990721,32.6
19990722,33.2
19990723,37.9
19990724,41.9
19990725,37.5
19990726,35.7
19990727,35.4
19990728,37.2
19990729,38.1
19990730,34.7
19990731,33.7
19990801,33.3
19990802,32.5
19990803,34.6
19990804,33.0
19990805,30.8
19990806,31.0
19990807,28.6
19990808,31.5
19990809,28.8
19990810,33.2
19990811,32.5
19990812,30.3
19990813,30.2
19990814,29.8
19990815,33.1
19990816,32.8
19990817,29.4
19990818,25.6
19990819,24.7
19990820,30.0
19990821,30.1
19990822,29.5
19990823,29.6
19990824,30.3
19990825,30.5
19990826,31.2
19990827,31.1
19990828,30.9
19990829,33.0
19990830,29.8
19990831,29.6
19990901,31.5
19990902,32.0
19990903,29.9
19990904,29.4
19990905,29.5
19990906,30.0
19990907,33.3
19990908,32.2
19990909,31.1
19990910,31.5
19990911,30.4
19990912,32.0
19990913,26.5
19990914,28.7
19990915,20.7
19990916,15.6
19990917,17.6
19990918,19.2
19990919,17.6
19990920,21.1
19990921,20.2
19990922,22.0
19990923,22.9
19990924,24.3
19990925,25.0
19990926,19.3
19990927,22.8
19990928,24.1
19990929,26.5
19990930,24.6
19991001,21.3
19991002,19.0
19991003,19.6
19991004,15.8
19991005,14.1
19991006,22.2
19991007,26.8
19991008,21.6
19991009,16.6
19991010,18.8
19991011,23.1
19991012,22.1
19991013,21.9
19991014,16.6
19991015,13.0
19991016,14.2
19991017,20.3
19991018,20.9
19991019,22.6
19991020,23.2
19991021,24.4
19991022,20.3
19991023,16.1
19991024,17.9
19991025,17.7
19991026,20.5
19991027,14.3
19991028,15.1
19991029,13.0
19991030,14.1
19991031,12.0
19991101,14.5
19991102,15.2
19991103,16.2
19991104,16.7
19991105,14.7
19991106,15.1
19991107,16.1
19991108,17.0
19991109,14.6
19991110,14.0
19991111,12.7
19991112,17.7
19991113,9.5
19991114,10.8
19991115,4.6
19991116,5.5
19991117,11.0
19991118,12.1
19991119,13.5
19991120,10.2
19991121,9.5
19991122,10.7
19991123,10.1
19991124,11.1
19991125,2.0
19991126,2.2
19991127,5.1
19991128,7.0
19991129,7.1
19991130,8.2
19991201,7.6
19991202,5.6
19991203,3.6
19991204,6.7
19991205,6.2
19991206,7.6
19991207,8.0
19991208,11.4
19991209,9.3
19991210,9.4
19991211,6.5
19991212,9.8
19991213,7.1
19991214,4.7
19991215,-0.5
19991216,4.1
19991217,0.5
19991218,-0.8
19991219,-4.7
19991220,-2.5
19991221,-1.4
19991222,2.6
19991223,6.4
19991224,8.0
19991225,4.7
19991226,2.0
19991227,7.7
19991228,5.3
19991229,3.0
19991230,5.4
19991231,1.3
20000101,1.3
20000102,4.6
20000103,-0.3
20000104,-1.9
20000105,-1.5
20000106,-2.0
20000107,-6.0
20000108,-3.5
20000109,-0.9
20000110,0.2
20000111,-3.4
20000112,-3.8
20000113,-3.0
20000114,-1.9
20000115,-4.6
20000116,-6.7
20000117,-4.0
20000118,0.1
20000119,-2.1
20000120,-3.5
20000121,-5.0
20000122,-3.5
20000123,-3.4
20000124,-4.4
20000125,-3.9
20000126,0.2
20000127,0.8
20000128,0.2
20000129,-1.0
20000130,-3.4
20000131,-3.2
20000201,-2.5
20000202,0.7
20000203,3.3
20000204,3.5
20000205,1.2
20000206,5.0
20000207,3.5
20000208,1.2
20000209,2.6
20000210,4.6
20000211,8.2
20000212,6.9
20000213,4.6
20000214,1.2
20000215,3.1
20000216,4.1
20000217,4.5
20000218,0.0
20000219,5.8
20000220,6.0
20000221,6.3
20000222,5.7
20000223,7.3
20000224,5.4
20000225,6.4
20000226,10.1
20000227,11.2
20000228,4.8
20000229,8.2
20000301,10.0
20000302,11.5
20000303,16.3
20000304,12.2
20000305,13.7
20000306,11.5
20000307,8.1
20000308,12.2
20000309,10.8
20000310,12.1
20000311,14.5
20000312,15.4
20000313,11.5
20000314,6.5
20000315,14.3
20000316,17.1
20000317,20.4
20000318,16.1
20000319,13.0
20000320,9.9
20000321,14.3
20000322,9.6
20000323,13.3
20000324,16.4
20000325,19.5
20000326,24.7
20000327,19.4
20000328,14.8
20000329,17.1
20000330,18.5
20000331,18.4
20000401,15.3
20000402,14.6
20000403,19.2
20000404,15.5
20000405,16.1
20000406,16.2
20000407,19.9
20000408,18.9
20000409,14.3
20000410,18.9
20000411,24.4
20000412,29.5
20000413,17.1
20000414,19.3
20000415,23.1
20000416,22.0
20000417,21.9
20000418,18.4
20000419,16.7
20000420,22.6
20000421,21.9
20000422,17.7
20000423,22.4
20000424,23.0
20000425,20.9
20000426,22.0
20000427,23.7
20000428,25.4
20000429,20.6
20000430,31.2
20000501,28.0
20000502,25.1
20000503,29.6
20000504,26.6
20000505,24.9
20000506,26.8
20000507,31.6
20000508,25.5
20000509,18.9
20000510,21.9
20000511,26.0
20000512,23.9
20000513,26.0
20000514,21.7
20000515,21.6
20000516,28.8
20000517,26.8
20000518,22.3
20000519,26.5
20000520,26.3
20000521,30.3
20000522,25.8
20000523,29.6
20000524,33.4
20000525,32.5
20000526,27.0
20000527,26.0
20000528,31.4
20000529,32.5
20000530,27.2
20000531,26.2
20000601,28.2
20000602,29.3
20000603,30.0
20000604,33.9
20000605,34.0
20000606,35.3
20000607,29.7
20000608,33.2
20000609,27.6
20000610,31.4
20000611,30.9
20000612,35.3
20000613,39.1
20000614,37.7
20000615,35.9
20000616,33.7
20000617,33.5
20000618,36.0
20000619,37.3
20000620,36.4
20000621,35.3
20000622,33.7
20000623,33.6
20000624,29.6
20000625,25.4
20000626,33.0
20000627,35.1
20000628,31.7
20000629,31.5
20000630,38.1
20000701,39.4
20000702,39.2
20000703,31.7
20000704,27.4
20000705,29.0
20000706,32.3
20000707,34.0
20000708,33.6
20000709,33.0
20000710,32.8
20000711,36.3
20000712,38.8
20000713,37.2
20000714,37.6
20000715,33.4
20000716,28.8
20000717,33.3
20000718,34.3
20000719,30.0
20000720,32.4
20000721,34.3
20000722,37.8
20000723,37.7
20000724,37.0
20000725,35.6
20000726,35.6
20000727,32.8
20000728,36.6
20000729,34.7
20000730,35.9
20000731,37.4
20000801,35.6
20000802,31.7
20000803,27.3
20000804,31.1
20000805,30.6
20000806,29.2
20000807,29.6
20000808,26.0
20000809,30.5
20000810,31.0
20000811,29.8
20000812,29.0
20000813,30.1
20000814,31.5
20000815,34.7
20000816,33.6
20000817,30.5
20000818,29.8
20000819,27.1
20000820,29.8
20000821,30.2
20000822,26.5
20000823,29.9
20000824,32.2
20000825,31.8
20000826,32.0
20000827,30.5
20000828,29.6
20000829,29.2
20000830,26.3
20000831,29.5
20000901,32.4
20000902,31.8
20000903,31.5
20000904,28.5
20000905,25.1
20000906,25.5
20000907,28.3
20000908,28.6
20000909,29.0
20000910,27.8
20000911,29.4
20000912,26.0
20000913,29.5
20000914,28.5
20000915,30.1
20000916,34.4
20000917,30.4
20000918,29.5
20000919,28.1
20000920,26.6
20000921,26.4
20000922,25.5
20000923,26.8
20000924,23.3
20000925,29.0
20000926,22.0
20000927,18.9
20000928,24.1
20000929,25.2
20000930,26.3
20001001,22.7
20001002,23.2
20001003,18.5
20001004,24.7
20001005,22.4
20001006,19.5
20001007,21.2
20001008,21.7
20001009,16.5
20001010,16.9
20001011,18.6
20001012,14.7
20001013,16.4
20001014,19.6
20001015,17.2
20001016,18.3
20001017,22.0
20001018,14.3
20001019,14.5
20001020,17.1
20001021,18.0
20001022,13.3
20001023,15.1
20001024,16.4
20001025,12.3
20001026,13.8
20001027,11.9
20001028,13.1
20001029,15.1
20001030,13.2
20001031,13.4
20001101,15.7
20001102,17.6
20001103,14.2
20001104,14.1
20001105,13.6
20001106,14.6
20001107,10.5
20001108,3.0
20001109,2.5
20001110,4.0
20001111,6.2
20001112,8.1
20001113,8.1
20001114,10.0
20001115,8.0
20001116,3.0
20001117,6.3
20001118,5.0
20001119,6.4
20001120,5.5
20001121,4.7
20001122,5.6
20001123,3.1
20001124,4.5
20001125,8.5
20001126,8.3
20001127,9.4
20001128,2.4
20001129,7.0
20001130,5.0
20001201,5.5
20001202,7.1
20001203,6.4
20001204,11.0
20001205,6.1
20001206,6.0
20001207,3.0
20001208,3.7
20001209,8.6
20001210,2.7
20001211,1.0
20001212,4.1
20001213,5.2
20001214,4.5
20001215,4.9
20001216,4.5
20001217,2.0
20001218,8.0
20001219,3.5
20001220,9.0
20001221,9.0
20001222,6.1
20001223,4.1
20001224,0.8
20001225,1.5
20001226,-1.6
20001227,3.5
20001228,0.5
20001229,0.4
20001230,6.0
20001231,3.7
20010101,4.3
20010102,1.0
20010103,-1.7
20010104,-2.0
20010105,-1.9
20010106,-2.5
20010107,0.8
20010108,1.0
20010109,-0.9
20010110,-2.0
20010111,-4.9
20010112,-6.6
20010113,-6.4
20010114,-6.6
20010115,-6.2
20010116,-5.0
20010117,-2.7
20010118,-5.8
20010119,-0.9
20010120,-5.0
20010121,-4.5
20010122,0.0
20010123,-2.5
20010124,-0.5
20010125,0.0
20010126,1.0
20010127,4.5
20010128,2.0
20010129,4.6
20010130,3.3
20010131,4.4
20010201,1.8
20010202,3.6
20010203,-0.3
20010204,-7.6
20010205,-6.4
20010206,-5.7
20010207,-2.7
20010208,0.6
20010209,3.2
20010210,0.5
20010211,-2.9
20010212,0.0
20010213,3.9
20010214,-1.1
20010215,3.4
20010216,6.1
20010217,4.4
20010218,10.0
20010219,10.8
20010220,4.7
20010221,13.0
20010222,7.3
20010223,3.3
20010224,6.5
20010225,10.3
20010226,7.9
20010227,11.3
20010228,14.1
20010301,14.4
20010302,9.5
20010303,10.7
20010304,8.8
20010305,9.0
20010306,7.5
20010307,3.8
20010308,5.3
20010309,15.2
20010310,9.4
20010311,8.0
20010312,15.9
20010313,16.6
20010314,13.7
20010315,15.5
20010316,14.3
20010317,18.8
20010318,20.8
20010319,23.5
20010320,24.4
20010321,21.6
20010322,17.5
20010323,20.6
20010324,21.5
20010325,15.9
20010326,11.6
20010327,8.1
20010328,9.5
20010329,13.3
20010330,11.8
20010331,14.8
20010401,21.6
20010402,18.8
20010403,16.6
20010404,16.8
20010405,14.7
20010406,13.7
20010407,14.6
20010408,20.4
20010409,17.2
20010410,13.8
20010411,17.0
20010412,19.6
20010413,18.3
20010414,26.4
20010415,27.0
20010416,29.2
20010417,29.0
20010418,28.0
20010419,23.7
20010420,16.4
20010421,21.9
20010422,24.4
20010423,20.1
20010424,21.4
20010425,22.6
20010426,20.1
20010427,16.6
20010428,22.2
20010429,17.0
20010430,22.5
20010501,23.3
20010502,24.9
20010503,21.7
20010504,21.6
20010505,24.7
20010506,21.6
20010507,25.2
20010508,23.4
20010509,27.6
20010510,26.5
20010511,29.0
20010512,30.5
20010513,31.9
20010514,29.0
20010515,29.8
20010516,32.2
20010517,35.8
20010518,34.8
20010519,38.1
20010520,35.0
20010521,34.3
20010522,34.2
20010523,34.1
20010524,28.8
20010525,31.2
20010526,29.4
20010527,33.6
20010528,35.1
20010529,29.4
20010530,26.5
20010531,31.6
20010601,36.6
20010602,35.9
20010603,36.0
20010604,35.1
20010605,35.0
20010606,33.2
20010607,30.9
20010608,34.0
20010609,33.2
20010610,35.8
20010611,30.3
20010612,32.5
20010613,29.0
20010614,20.7
20010615,22.7
20010616,24.0
20010617,30.3
20010618,30.0
20010619,30.4
20010620,29.4
20010621,29.4
20010622,27.6
20010623,28.0
20010624,30.8
20010625,32.4
20010626,34.6
20010627,31.8
20010628,29.0
20010629,26.5
20010630,29.8
20010701,32.0
20010702,31.3
20010703,27.5
20010704,31.4
20010705,32.1
20010706,34.3
20010707,34.6
20010708,33.5
20010709,31.2
20010710,36.6
20010711,39.6
20010712,37.9
20010713,33.0
20010714,32.1
20010715,34.6
20010716,36.0
20010717,36.3
20010718,33.8
20010719,31.0
20010720,31.0
20010721,27.9
20010722,29.3
20010723,30.0
20010724,30.8
20010725,31.1
20010726,31.5
20010727,26.5
20010728,30.3
20010729,30.2
20010730,31.2
20010731,32.3
20010801,30.1
20010802,28.4
20010803,29.3
20010804,30.0
20010805,31.7
20010806,33.2
20010807,31.2
20010808,32.1
20010809,32.2
20010810,33.1
20010811,33.4
20010812,32.6
20010813,30.5
20010814,31.6
20010815,30.8
20010816,28.3
20010817,30.1
20010818,28.6
20010819,24.8
20010820,30.1
20010821,35.1
20010822,31.9
20010823,30.4
20010824,29.5
20010825,28.5
20010826,29.9
20010827,30.7
20010828,27.5
20010829,28.9
20010830,30.6
20010831,31.7
20010901,32.8
20010902,30.3
20010903,27.6
20010904,28.9
20010905,30.2
20010906,30.5
20010907,27.0
20010908,24.3
20010909,29.5
20010910,27.6
20010911,28.5
20010912,28.5
20010913,28.8
20010914,29.2
20010915,28.2
20010916,24.5
20010917,30.8
20010918,25.9
20010919,23.7
20010920,26.5
20010921,22.5
20010922,24.2
20010923,24.1
20010924,24.9
20010925,26.5
20010926,25.8
20010927,24.2
20010928,21.6
20010929,18.6
20010930,25.4
20011001,25.6
20011002,24.7
20011003,21.6
20011004,17.9
20011005,18.9
20011006,16.2
20011007,17.0
20011008,17.8
20011009,18.6
20011010,21.8
20011011,21.9
20011012,20.4
20011013,21.7
20011014,17.8
20011015,17.7
20011016,19.8
20011017,17.3
20011018,17.2
20011019,17.6
20011020,22.4
20011021,21.0
20011022,23.3
20011023,18.6
20011024,18.6
20011025,16.5
20011026,18.2
20011027,14.0
20011028,18.1
20011029,18.2
20011030,15.9
20011031,17.3
20011101,12.0
20011102,11.5
20011103,8.5
20011104,7.1
20011105,10.5
20011106,12.0
20011107,12.0
20011108,13.4
20011109,13.6
20011110,11.5
20011111,14.1
20011112,8.9
20011113,7.0
20011114,6.6
20011115,10.3
20011116,14.5
20011117,15.4
20011118,16.0
20011119,16.7
20011120,18.0
20011121,17.6
20011122,12.9
20011123,11.2
20011124,12.5
20011125,6.4
20011126,4.4
20011127,5.5
20011128,6.1
20011129,10.1
20011130,6.0
20011201,3.9
20011202,2.6
20011203,3.4
20011204,0.9
20011205,1.1
20011206,2.5
20011207,-2.4
20011208,1.8
20011209,3.1
20011210,-0.7
20011211,0.1
20011212,1.1
20011213,-1.3
20011214,2.2
20011215,-1.4
20011216,2.5
20011217,0.4
20011218,-0.3
20011219,-0.5
20011220,0.5
20011221,2.3
20011222,2.3
20011223,1.9
20011224,-0.7
20011225,1.2
20011226,2.6
20011227,3.8
20011228,3.6
20011229,5.5
20011230,3.8
20011231,5.1
20020101,5.3
20020102,0.2
20020103,6.3
20020104,14.3
20020105,8.4
20020106,8.1
20020107,3.8
20020108,5.5
20020109,4.3
20020110,12.2
20020111,10.0
20020112,9.9
20020113,4.6
20020114,5.5
20020115,6.3
20020116,5.0
20020117,6.0
20020118,4.0
20020119,5.3
20020120,4.6
20020121,4.1
20020122,2.5
20020123,5.4
20020124,4.3
20020125,1.3
20020126,4.5
20020127,4.5
20020128,4.7
20020129,7.6
20020130,6.4
20020131,9.1
20020201,9.7
20020202,11.1
20020203,9.2
20020204,11.5
20020205,9.6
20020206,11.1
20020207,9.5
20020208,9.6
20020209,3.2
20020210,6.4
20020211,8.9
20020212,10.6
20020213,7.3
20020214,8.0
20020215,9.3
20020216,7.5
20020217,8.2
20020218,6.9
20020219,10.5
20020220,9.1
20020221,15.5
20020222,10.4
20020223,12.6
20020224,8.3
20020225,13.2
20020226,14.9
20020227,14.8
20020228,15.2
20020301,9.5
20020302,6.0
20020303,9.5
20020304,10.3
20020305,11.8
20020306,13.2
20020307,11.9
20020308,17.3
20020309,18.2
20020310,17.9
20020311,22.1
20020312,20.5
20020313,12.3
20020314,21.0
20020315,20.2
20020316,19.7
20020317,15.2
20020318,18.8
20020319,15.2
20020320,12.6
20020321,12.6
20020322,10.9
20020323,13.4
20020324,15.4
20020325,19.5
20020326,18.6
20020327,18.3
20020328,22.8
20020329,18.2
20020330,23.7
20020331,28.8
20020401,25.5
20020402,27.3
20020403,24.6
20020404,19.3
20020405,17.4
20020406,19.4
20020407,14.5
20020408,11.3
20020409,17.1
20020410,18.1
20020411,22.1
20020412,20.2
20020413,21.5
20020414,25.5
20020415,22.0
20020416,17.1
20020417,19.2
20020418,23.3
20020419,23.5
20020420,20.2
20020421,17.8
20020422,18.5
20020423,16.6
20020424,18.5
20020425,18.9
20020426,19.2
20020427,22.2
20020428,16.7
20020429,18.5
20020430,24.6
20020501,25.7
20020502,20.3
20020503,27.3
20020504,27.4
20020505,22.5
20020506,23.0
20020507,23.1
20020508,27.0
20020509,27.6
20020510,25.9
20020511,24.1
20020512,30.4
20020513,25.7
20020514,24.0
20020515,21.9
20020516,21.4
20020517,28.5
20020518,31.0
20020519,32.2
20020520,29.7
20020521,29.5
20020522,30.2
20020523,29.8
20020524,32.0
20020525,31.8
20020526,31.3
20020527,29.7
20020528,31.1
20020529,33.7
20020530,34.6
20020531,33.9
20020601,34.7
20020602,31.3
20020603,33.2
20020604,31.7
20020605,35.0
20020606,32.5
20020607,36.6
20020608,32.7
20020609,23.2
20020610,28.5
20020611,28.5
20020612,27.6
20020613,30.0
20020614,26.7
20020615,28.4
20020616,31.5
20020617,31.7
20020618,30.2
20020619,31.7
20020620,32.3
20020621,27.8
20020622,24.0
20020623,20.9
20020624,23.8
20020625,21.6
20020626,20.5
20020627,20.9
20020628,26.0
20020629,27.7
20020630,24.3
20020701,25.3
20020702,30.7
20020703,32.7
20020704,30.0
20020705,33.7
20020706,33.9
20020707,35.1
20020708,34.8
20020709,33.3
20020710,34.8
20020711,35.9
20020712,37.9
20020713,35.6
20020714,41.1
20020715,39.6
20020716,35.3
20020717,34.3
20020718,28.8
20020719,29.4
20020720,30.2
20020721,31.7
20020722,27.6
20020723,31.9
20020724,32.2
20020725,31.3
20020726,33.4
20020727,29.9
20020728,26.3
20020729,30.4
20020730,32.3
20020731,34.2
20020801,34.6
20020802,34.8
20020803,33.4
20020804,32.6
20020805,30.4
20020806,30.0
20020807,29.7
20020808,28.5
20020809,28.7
20020810,29.8
20020811,29.7
20020812,29.7
20020813,31.2
20020814,30.7
20020815,31.5
20020816,33.2
20020817,30.6
20020818,31.3
20020819,26.4
20020820,26.7
20020821,30.3
20020822,32.0
20020823,30.3
20020824,28.3
20020825,30.4
20020826,30.2
20020827,30.0
20020828,30.6
20020829,33.3
20020830,30.5
20020831,28.1
20020901,35.0
20020902,31.2
20020903,22.8
20020904,21.7
20020905,28.5
20020906,29.0
20020907,28.7
20020908,31.4
20020909,31.6
20020910,27.1
20020911,20.7
20020912,23.9
20020913,26.5
20020914,28.2
20020915,28.5
20020916,27.5
20020917,27.5
20020918,28.3
20020919,23.2
20020920,22.1
20020921,27.2
20020922,29.0
20020923,31.4
20020924,29.4
20020925,27.0
20020926,27.2
20020927,22.4
20020928,21.7
20020929,27.1
20020930,27.0
20021001,21.8
20021002,23.7
20021003,21.8
20021004,22.9
20021005,20.7
20021006,19.4
20021007,18.7
20021008,19.9
20021009,18.6
20021010,18.5
20021011,20.3
20021012,21.7
20021013,20.6
20021014,21.4
20021015,18.8
20021016,20.2
20021017,22.7
20021018,16.1
20021019,11.3
20021020,10.1
20021021,10.1
20021022,11.5
20021023,10.6
20021024,12.6
20021025,8.4
20021026,9.6
20021027,6.2
20021028,9.2
20021029,9.6
20021030,10.9
20021031,10.3
20021101,9.5
20021102,12.6
20021103,10.7
20021104,9.3
20021105,10.9
20021106,12.8
20021107,11.7
20021108,9.3
20021109,10.2
20021110,12.2
20021111,14.1
20021112,10.0
20021113,7.9
20021114,9.7
20021115,8.8
20021116,5.5
20021117,3.6
20021118,2.7
20021119,5.0
20021120,7.9
20021121,4.3
20021122,4.0
20021123,10.0
20021124,7.2
20021125,6.6
20021126,4.3
20021127,4.1
20021128,10.3
20021129,6.5
20021130,7.9
20021201,5.6
20021202,4.6
20021203,1.3
20021204,8.8
20021205,5.5
20021206,3.8
20021207,2.2
20021208,-2.6
20021209,0.2
20021210,0.2
20021211,1.2
20021212,3.8
20021213,-2.1
20021214,-1.9
20021215,-0.1
20021216,2.4
20021217,-0.4
20021218,0.9
20021219,-0.6
20021220,-0.9
20021221,-1.2
20021222,-0.7
20021223,-1.8
20021224,-3.8
20021225,-3.3
20021226,-0.8
20021227,-0.6
20021228,1.8
20021229,-0.6
20021230,-1.2
20021231,-2.8
20030101,-1.2
20030102,-1.2
20030103,-4.7
20030104,-6.5
20030105,-3.7
20030106,-0.3
20030107,-0.4
20030108,-0.5
20030109,5.2
20030110,7.0
20030111,9.5
20030112,10.8
20030113,7.8
20030114,4.0
20030115,1.2
20030116,2.0
20030117,5.8
20030118,2.2
20030119,3.7
20030120,3.9
20030121,0.7
20030122,5.7
20030123,2.7
20030124,-0.7
20030125,-0.4
20030126,1.3
20030127,-2.5
20030128,-2.1
20030129,-2.2
20030130,2.6
20030131,0.8
20030201,2.1
20030202,5.7
20030203,1.3
20030204,5.4
20030205,5.2
20030206,6.5
20030207,7.8
20030208,7.5
20030209,3.8
20030210,0.1
20030211,0.2
20030212,5.5
20030213,9.0
20030214,8.8
20030215,12.4
20030216,9.3
20030217,7.5
20030218,13.3
20030219,10.3
20030220,5.8
20030221,4.6
20030222,5.6
20030223,5.0
20030224,4.1
20030225,4.5
20030226,8.3
20030227,5.0
20030228,6.8
20030301,6.1
20030302,10.0
20030303,6.8
20030304,4.5
20030305,4.1
20030306,3.1
20030307,11.7
20030308,9.8
20030309,9.8
20030310,7.3
20030311,5.5
20030312,8.4
20030313,6.7
20030314,7.2
20030315,5.1
20030316,6.8
20030317,11.6
20030318,13.4
20030319,14.3
20030320,9.7
20030321,11.7
20030322,11.2
20030323,11.7
20030324,17.5
20030325,20.4
20030326,18.3
20030327,14.7
20030328,16.4
20030329,20.8
20030330,20.9
20030331,16.4
20030401,15.3
20030402,16.2
20030403,16.9
20030404,20.7
20030405,24.2
20030406,20.3
20030407,19.6
20030408,16.8
20030409,12.4
20030410,8.7
20030411,14.6
20030412,18.8
20030413,22.5
20030414,25.9
20030415,25.8
20030416,25.0
20030417,21.1
20030418,16.3
20030419,18.2
20030420,17.5
20030421,18.8
20030422,15.7
20030423,22.6
20030424,26.8
20030425,26.3
20030426,28.2
20030427,29.8
20030428,24.4
20030429,25.5
20030430,30.0
20030501,31.2
20030502,29.2
20030503,26.8
20030504,25.4
20030505,24.8
20030506,26.4
20030507,23.3
20030508,20.0
20030509,24.8
20030510,24.8
20030511,21.3
20030512,25.5
20030513,26.2
20030514,22.5
20030515,22.1
20030516,22.5
20030517,26.8
20030518,28.5
20030519,27.6
20030520,31.0
20030521,31.0
20030522,29.5
20030523,24.9
20030524,28.7
20030525,30.3
20030526,27.5
20030527,29.8
20030528,27.5
20030529,31.7
20030530,28.3
20030531,29.7
20030601,32.4
20030602,30.6
20030603,29.5
20030604,31.7
20030605,31.0
20030606,35.8
20030607,31.1
20030608,26.4
20030609,23.0
20030610,26.7
20030611,23.4
20030612,21.6
20030613,24.7
20030614,29.6
20030615,29.7
20030616,33.2
20030617,34.1
20030618,32.7
20030619,31.5
20030620,34.9
20030621,32.3
20030622,28.2
20030623,31.2
20030624,35.0
20030625,34.7
20030626,30.5
20030627,32.5
20030628,30.6
20030629,32.2
20030630,30.9
20030701,32.9
20030702,29.4
20030703,31.5
20030704,36.7
20030705,34.0
20030706,29.7
20030707,28.0
20030708,31.1
20030709,31.4
20030710,32.6
20030711,33.7
20030712,29.8
20030713,26.7
20030714,27.6
20030715,33.0
20030716,32.8
20030717,30.1
20030718,30.6
20030719,34.1
20030720,30.0
20030721,28.7
20030722,29.3
20030723,28.3
20030724,29.7
20030725,28.6
20030726,26.7
20030727,28.8
20030728,37.6
20030729,36.3
20030730,31.4
20030731,30.4
20030801,32.8
20030802,36.5
20030803,35.7
20030804,35.5
20030805,31.0
20030806,33.4
20030807,33.5
20030808,29.4
20030809,33.2
20030810,34.8
20030811,35.8
20030812,34.2
20030813,33.3
20030814,31.5
20030815,26.2
20030816,29.7
20030817,30.1
20030818,31.4
20030819,30.0
20030820,33.2
20030821,30.0
20030822,36.8
20030823,31.6
20030824,32.0
20030825,30.6
20030826,29.8
20030827,30.2
20030828,26.7
20030829,26.1
20030830,29.0
20030831,29.7
20030901,25.1
20030902,25.7
20030903,26.0
20030904,23.5
20030905,25.9
20030906,27.4
20030907,27.0
20030908,28.8
20030909,27.6
20030910,29.2
20030911,30.2
20030912,28.4
20030913,33.7
20030914,27.8
20030915,26.5
20030916,27.8
20030917,23.8
20030918,22.3
20030919,23.4
20030920,25.4
20030921,26.7
20030922,25.6
20030923,24.2
20030924,21.7
20030925,26.2
20030926,20.7
20030927,18.1
20030928,25.7
20030929,22.1
20030930,17.4
20031001,21.9
20031002,20.7
20031003,21.2
20031004,21.3
20031005,19.8
20031006,19.4
20031007,14.7
20031008,19.0
20031009,16.7
20031010,19.2
20031011,12.4
20031012,14.0
20031013,15.8
20031014,16.0
20031015,20.9
20031016,21.5
20031017,22.2
20031018,20.0
20031019,17.3
20031020,17.1
20031021,20.4
20031022,14.8
20031023,16.5
20031024,20.0
20031025,20.2
20031026,20.5
20031027,19.2
20031028,17.8
20031029,18.2
20031030,20.9
20031031,16.8
20031101,15.7
20031102,15.7
20031103,13.5
20031104,11.6
20031105,13.9
20031106,7.1
20031107,2.7
20031108,4.8
20031109,5.9
20031110,6.7
20031111,9.2
20031112,9.5
20031113,8.2
20031114,6.8
20031115,9.7
20031116,8.5
20031117,5.1
20031118,8.1
20031119,4.5
20031120,12.4
20031121,7.7
20031122,5.3
20031123,4.6
20031124,7.2
20031125,3.2
20031126,1.7
20031127,0.5
20031128,3.7
20031129,0.2
20031130,0.2
20031201,8.0
20031202,3.0
20031203,2.9
20031204,1.6
20031205,5.1
20031206,3.0
20031207,1.4
20031208,4.1
20031209,3.2
20031210,0.5
20031211,4.8
20031212,5.0
20031213,5.4
20031214,8.3
20031215,3.7
20031216,3.9
20031217,5.2
20031218,1.9
20031219,4.6
20031220,7.2
20031221,8.5
20031222,10.7
20031223,11.8
20031224,10.9
20031225,4.8
20031226,5.2
20031227,6.9
20031228,4.9
20031229,6.8
20031230,5.3
20031231,7.1
20040101,6.9
20040102,9.2
20040103,7.8
20040104,6.5
20040105,8.8
20040106,8.1
20040107,4.2
20040108,1.9
20040109,5.4
20040110,3.9
20040111,-1.6
20040112,0.4
20040113,1.9
20040114,2.1
20040115,2.2
20040116,-0.5
20040117,-2.6
20040118,1.0
20040119,2.4
20040120,0.4
20040121,-4.4
20040122,-2.6
20040123,-3.4
20040124,-1.9
20040125,0.4
20040126,3.3
20040127,4.8
20040128,7.5
20040129,4.7
20040130,0.7
20040131,1.6
20040201,2.0
20040202,0.6
20040203,3.5
20040204,0.6
20040205,1.5
20040206,1.1
20040207,9.3
20040208,6.7
20040209,5.5
20040210,11.6
20040211,8.4
20040212,11.1
20040213,11.7
20040214,11.4
20040215,11.6
20040216,7.9
20040217,11.2
20040218,14.0
20040219,13.0
20040220,7.0
20040221,7.9
20040222,10.1
20040223,10.0
20040224,14.2
20040225,11.6
20040226,10.5
20040227,8.5
20040228,9.5
20040229,5.5
20040301,7.6
20040302,3.5
20040303,5.7
20040304,8.3
20040305,4.7
20040306,7.3
20040307,11.2
20040308,15.4
20040309,15.4
20040310,16.9
20040311,15.0
20040312,17.7
20040313,13.6
20040314,11.3
20040315,11.7
20040316,12.9
20040317,11.6
20040318,12.0
20040319,14.3
20040320,14.3
20040321,12.8
20040322,15.5
20040323,15.4
20040324,11.9
20040325,18.3
20040326,20.0
20040327,21.0
20040328,22.7
20040329,20.7
20040330,15.0
20040331,11.7
20040401,15.4
20040402,11.8
20040403,15.7
20040404,20.4
20040405,17.4
20040406,15.7
20040407,21.9
20040408,29.1
20040409,27.5
20040410,24.6
20040411,27.7
20040412,23.3
20040413,22.4
20040414,25.9
20040415,29.5
20040416,28.8
20040417,26.4
20040418,29.4
20040419,30.2
20040420,24.1
20040421,25.9
20040422,24.8
20040423,20.0
20040424,19.3
20040425,16.9
20040426,14.2
20040427,20.7
20040428,20.8
20040429,19.5
20040430,19.8
20040501,19.8
20040502,16.5
20040503,22.1
20040504,27.6
20040505,28.7
20040506,27.9
20040507,23.4
20040508,28.2
20040509,21.5
20040510,24.9
20040511,23.2
20040512,27.0
20040513,29.9
20040514,28.4
20040515,23.0
20040516,17.9
20040517,26.7
20040518,27.6
20040519,32.6
20040520,26.4
20040521,27.8
20040522,27.8
20040523,32.1
20040524,33.2
20040525,29.8
20040526,24.6
20040527,22.5
20040528,31.9
20040529,27.6
20040530,27.6
20040531,31.6
20040601,33.7
20040602,31.0
20040603,31.2
20040604,27.5
20040605,26.4
20040606,25.6
20040607,29.4
20040608,31.9
20040609,34.4
20040610,37.6
20040611,38.9
20040612,35.0
20040613,30.9
20040614,34.5
20040615,31.5
20040616,26.2
20040617,26.2
20040618,27.2
20040619,26.3
20040620,28.4
20040621,30.3
20040622,30.8
20040623,29.8
20040624,26.0
20040625,29.3
20040626,32.6
20040627,33.9
20040628,32.0
20040629,29.3
20040630,24.4
20040701,22.0
20040702,35.0
20040703,32.4
20040704,29.6
20040705,33.7
20040706,34.9
20040707,31.6
20040708,32.9
20040709,31.2
20040710,29.7
20040711,24.1
20040712,30.2
20040713,31.9
20040714,31.3
20040715,30.3
20040716,31.2
20040717,30.4
20040718,30.7
20040719,30.8
20040720,31.7
20040721,32.3
20040722,32.8
20040723,32.7
20040724,31.4
20040725,31.7
20040726,28.8
20040727,28.8
20040728,33.5
20040729,29.8
20040730,25.0
20040731,29.9
20040801,30.3
20040802,29.4
20040803,31.0
20040804,32.5
20040805,31.3
20040806,30.4
20040807,31.9
20040808,33.4
20040809,31.4
20040810,31.3
20040811,28.7
20040812,26.6
20040813,28.4
20040814,30.1
20040815,24.1
20040816,26.5
20040817,29.2
20040818,31.5
20040819,31.5
20040820,28.7
20040821,26.1
20040822,25.9
20040823,27.9
20040824,27.7
20040825,25.6
20040826,28.2
20040827,26.7
20040828,28.7
20040829,29.5
20040830,31.5
20040831,31.8
20040901,31.5
20040902,31.5
20040903,26.6
20040904,28.2
20040905,29.4
20040906,27.4
20040907,29.6
20040908,31.3
20040909,29.0
20040910,28.1
20040911,27.6
20040912,29.9
20040913,29.2
20040914,24.3
20040915,20.4
20040916,24.3
20040917,21.9
20040918,27.7
20040919,25.8
20040920,24.5
20040921,25.5
20040922,25.3
20040923,26.7
20040924,24.3
20040925,27.3
20040926,26.5
20040927,27.0
20040928,22.6
20040929,26.0
20040930,22.6
20041001,15.4
20041002,19.4
20041003,22.3
20041004,24.0
20041005,25.6
20041006,24.4
20041007,24.0
20041008,25.1
20041009,24.2
20041010,20.5
20041011,21.4
20041012,20.4
20041013,18.2
20041014,21.6
20041015,24.6
20041016,23.9
20041017,19.7
20041018,21.4
20041019,24.0
20041020,19.1
20041021,17.1
20041022,19.7
20041023,17.8
20041024,18.0
20041025,11.9
20041026,15.7
20041027,15.9
20041028,15.6
20041029,16.6
20041030,13.9
20041031,18.9
20041101,16.2
20041102,17.0
20041103,15.8
20041104,14.5
20041105,13.1
20041106,12.1
20041107,13.7
20041108,17.8
20041109,12.0
20041110,13.2
20041111,8.0
20041112,6.1
20041113,8.3
20041114,11.9
20041115,12.7
20041116,15.5
20041117,15.4
20041118,15.5
20041119,13.9
20041120,13.9
20041121,13.0
20041122,11.0
20041123,12.9
20041124,6.9
20041125,3.9
20041126,8.6
20041127,12.5
20041128,10.2
20041129,6.1
20041130,6.0
20041201,4.0
20041202,5.0
20041203,6.5
20041204,10.4
20041205,7.5
20041206,8.2
20041207,9.8
20041208,7.0
20041209,12.0
20041210,10.7
20041211,5.7
20041212,7.4
20041213,4.8
20041214,3.4
20041215,8.0
20041216,2.8
20041217,5.2
20041218,1.7
20041219,2.1
20041220,-1.0
20041221,-1.5
20041222,-2.5
20041223,-4.4
20041224,-4.0
20041225,-4.0
20041226,0.6
20041227,-0.1
20041228,-3.0
20041229,-2.0
20041230,-3.4
20041231,-1.8
20050101,2.8
20050102,1.5
20050103,3.3
20050104,0.0
20050105,-3.7
20050106,3.8
20050107,1.2
20050108,0.8
20050109,-1.7
20050110,3.2
20050111,2.5
20050112,3.9
20050113,4.1
20050114,2.4
20050115,4.1
20050116,5.1
20050117,4.3
20050118,4.2
20050119,4.3
20050120,2.8
20050121,2.8
20050122,1.1
20050123,1.5
20050124,3.0
20050125,0.7
20050126,1.4
20050127,0.1
20050128,4.8
20050129,-0.2
20050130,2.1
20050131,-0.1
20050201,-0.6
20050202,1.4
20050203,1.3
20050204,-0.1
20050205,-2.4
20050206,-1.3
20050207,-0.8
20050208,-1.8
20050209,-1.5
20050210,0.5
20050211,1.7
20050212,3.5
20050213,3.5
20050214,5.3
20050215,2.8
20050216,4.1
20050217,0.0
20050218,-2.5
20050219,-4.2
20050220,-1.6
20050221,1.8
20050222,3.7
20050223,0.0
20050224,1.1
20050225,1.3
20050226,6.4
20050227,10.6
20050228,4.8
20050301,3.4
20050302,7.1
20050303,5.1
20050304,3.1
20050305,8.9
20050306,14.7
20050307,11.5
20050308,9.7
20050309,7.1
20050310,6.4
20050311,2.6
20050312,5.7
20050313,12.3
20050314,12.9
20050315,14.9
20050316,14.3
20050317,11.6
20050318,10.9
20050319,14.0
20050320,14.8
20050321,12.3
20050322,16.5
20050323,12.2
20050324,10.8
20050325,23.9
20050326,18.0
20050327,21.6
20050328,16.6
20050329,17.7
20050330,25.3
20050331,20.1
20050401,14.5
20050402,19.2
20050403,19.8
20050404,24.5
20050405,24.1
20050406,27.8
20050407,23.2
20050408,18.9
20050409,13.6
20050410,18.2
20050411,19.7
20050412,17.1
20050413,23.9
20050414,22.4
20050415,20.8
20050416,28.6
20050417,22.7
20050418,23.6
20050419,20.5
20050420,16.7
20050421,20.3
20050422,22.5
20050423,22.5
20050424,23.3
20050425,27.4
20050426,30.9
20050427,31.9
20050428,28.2
20050429,24.7
20050430,29.4
20050501,28.3
20050502,27.1
20050503,26.4
20050504,28.3
20050505,25.5
20050506,20.3
20050507,24.1
20050508,24.7
20050509,21.5
20050510,17.7
20050511,23.3
20050512,24.1
20050513,18.9
20050514,21.5
20050515,27.1
20050516,24.5
20050517,19.1
20050518,29.3
20050519,27.2
20050520,27.6
20050521,24.2
20050522,29.1
20050523,30.2
20050524,25.8
20050525,27.3
20050526,27.8
20050527,24.3
20050528,30.2
20050529,26.1
20050530,30.6
20050531,30.2
20050601,28.2
20050602,31.8
20050603,32.4
20050604,31.1
20050605,27.9
20050606,27.3
20050607,32.2
20050608,22.8
20050609,23.3
20050610,29.0
20050611,34.7
20050612,32.2
20050613,29.5
20050614,32.6
20050615,34.5
20050616,33.8
20050617,28.1
20050618,32.9
20050619,30.7
20050620,37.0
20050621,38.9
20050622,36.8
20050623,37.2
20050624,32.2
20050625,30.4
20050626,25.9
20050627,28.9
20050628,31.5
20050629,34.5
20050630,36.6
20050701,37.2
20050702,33.0
20050703,36.0
20050704,37.0
20050705,38.9
20050706,38.1
20050707,34.8
20050708,32.3
20050709,35.4
20050710,32.0
20050711,31.1
20050712,30.0
20050713,27.3
20050714,33.0
20050715,29.4
20050716,30.8
20050717,28.8
20050718,31.5
20050719,33.5
20050720,34.5
20050721,35.1
20050722,32.0
20050723,26.4
20050724,30.3
20050725,32.7
20050726,32.8
20050727,29.8
20050728,35.1
20050729,34.8
20050730,32.9
20050731,28.5
20050801,31.3
20050802,31.3
20050803,27.3
20050804,30.4
20050805,29.9
20050806,31.7
20050807,30.7
20050808,29.3
20050809,28.0
20050810,30.4
20050811,32.4
20050812,30.3
20050813,33.5
20050814,33.3
20050815,35.1
20050816,27.4
20050817,26.8
20050818,29.4
20050819,30.7
20050820,29.2
20050821,30.6
20050822,29.6
20050823,27.5
20050824,28.5
20050825,29.2
20050826,29.9
20050827,31.6
20050828,31.5
20050829,32.3
20050830,30.2
20050831,31.1
20050901,31.1
20050902,27.5
20050903,31.5
20050904,30.2
20050905,30.0
20050906,30.8
20050907,30.9
20050908,31.3
20050909,30.7
20050910,29.2
20050911,31.2
20050912,29.1
20050913,26.1
20050914,30.2
20050915,23.7
20050916,24.8
20050917,27.3
20050918,26.6
20050919,22.5
20050920,21.5
20050921,24.3
20050922,24.6
20050923,23.8
20050924,26.4
20050925,26.9
20050926,26.9
20050927,26.1
20050928,24.6
20050929,22.6
20050930,24.0
20051001,23.0
20051002,21.6
20051003,23.4
20051004,26.3
20051005,24.2
20051006,20.8
20051007,24.3
20051008,23.8
20051009,24.2
20051010,24.3
20051011,22.3
20051012,18.3
20051013,20.4
20051014,20.3
20051015,22.4
20051016,26.1
20051017,19.6
20051018,19.3
20051019,19.9
20051020,16.1
20051021,15.5
20051022,15.5
20051023,21.2
20051024,23.4
20051025,18.0
20051026,15.4
20051027,19.1
20051028,15.9
20051029,16.8
20051030,18.7
20051031,20.0
20051101,18.6
20051102,17.6
20051103,21.0
20051104,21.3
20051105,16.2
20051106,15.2
20051107,16.6
20051108,15.0
20051109,16.3
20051110,20.3
20051111,13.5
20051112,13.4
20051113,11.4
20051114,11.8
20051115,10.4
20051116,9.5
20051117,10.9
20051118,7.6
20051119,5.9
20051120,11.6
20051121,9.3
20051122,13.8
20051123,13.7
20051124,14.7
20051125,14.3
20051126,14.3
20051127,8.7
20051128,9.2
20051129,10.8
20051130,9.7
20051201,7.9
20051202,4.2
20051203,1.2
20051204,-3.7
20051205,0.0
20051206,-0.6
20051207,0.9
20051208,0.0
20051209,0.3
20051210,-1.0
20051211,-0.8
20051212,-1.4
20051213,-0.7
20051214,-0.8
20051215,2.4
20051216,2.8
20051217,2.1
20051218,4.6
20051219,1.5
20051220,-0.2
20051221,-1.2
20051222,7.7
20051223,8.3
20051224,4.3
20051225,4.9
20051226,1.9
20051227,0.2
20051228,-0.6
20051229,3.6
20051230,0.7
20051231,-0.1
20060101,5.6
20060102,6.2
20060103,0.6
20060104,-1.5
20060105,-2.3
20060106,1.2
20060107,3.0
20060108,3.4
20060109,4.5
20060110,2.8
20060111,-1.2
20060112,0.8
20060113,7.7
20060114,2.3
20060115,4.1
20060116,1.0
20060117,-1.6
20060118,1.0
20060119,0.0
20060120,4.2
20060121,3.6
20060122,4.8
20060123,0.0
20060124,-0.2
20060125,5.7
20060126,7.2
20060127,6.3
20060128,-0.3
20060129,5.4
20060130,2.3
20060131,2.3
20060201,1.4
20060202,-2.3
20060203,-4.5
20060204,-1.5
20060205,-1.1
20060206,-0.9
20060207,-0.2
20060208,-0.3
20060209,1.4
20060210,8.7
20060211,5.2
20060212,3.9
20060213,3.4
20060214,13.2
20060215,3.8
20060216,5.1
20060217,6.2
20060218,10.7
20060219,12.8
20060220,10.3
20060221,10.1
20060222,6.4
20060223,7.6
20060224,2.2
20060225,7.4
20060226,2.7
20060227,1.7
20060228,0.8
20060301,8.5
20060302,8.9
20060303,10.2
20060304,17.0
20060305,16.3
20060306,9.1
20060307,15.2
20060308,10.5
20060309,10.7
20060310,14.1
20060311,10.0
20060312,3.3
20060313,9.3
20060314,18.5
20060315,18.0
20060316,22.6
20060317,17.1
20060318,15.6
20060319,15.9
20060320,20.0
20060321,18.1
20060322,17.9
20060323,14.6
20060324,21.5
20060325,19.4
20060326,12.4
20060327,10.2
20060328,12.6
20060329,21.1
20060330,15.8
20060331,17.5
20060401,17.2
20060402,25.4
20060403,24.5
20060404,21.6
20060405,16.7
20060406,8.4
20060407,22.0
20060408,16.7
20060409,14.5
20060410,13.1
20060411,19.1
20060412,13.4
20060413,17.7
20060414,19.6
20060415,17.2
20060416,14.1
20060417,18.2
20060418,17.1
20060419,16.4
20060420,19.3
20060421,20.2
20060422,21.8
20060423,19.8
20060424,24.1
20060425,19.4
20060426,19.2
20060427,21.3
20060428,24.4
20060429,25.8
20060430,29.1
20060501,26.8
20060502,24.1
20060503,26.3
20060504,23.3
20060505,25.0
20060506,24.1
20060507,27.3
20060508,24.2
20060509,19.9
20060510,22.9
20060511,21.9
20060512,16.1
20060513,26.6
20060514,30.4
20060515,32.3
20060516,32.6
20060517,28.3
20060518,28.0
20060519,25.7
20060520,21.4
20060521,20.3
20060522,29.7
20060523,31.1
20060524,26.8
20060525,24.8
20060526,18.7
20060527,22.9
20060528,31.2
20060529,30.5
20060530,30.4
20060531,31.0
20060601,32.7
20060602,29.2
20060603,27.7
20060604,29.9
20060605,33.8
20060606,32.0
20060607,30.2
20060608,32.3
20060609,29.4
20060610,29.4
20060611,32.9
20060612,30.3
20060613,23.4
20060614,30.8
20060615,33.2
20060616,34.2
20060617,35.4
20060618,37.3
20060619,33.6
20060620,29.5
20060621,35.0
20060622,33.1
20060623,36.0
20060624,33.3
20060625,28.8
20060626,33.4
20060627,35.9
20060628,31.9
20060629,26.3
20060630,30.5
20060701,28.7
20060702,32.3
20060703,32.0
20060704,32.4
20060705,34.6
20060706,32.8
20060707,31.4
20060708,30.6
20060709,28.1
20060710,25.8
20060711,31.4
20060712,30.7
20060713,29.6
20060714,30.6
20060715,33.1
20060716,33.0
20060717,29.9
20060718,25.5
20060719,27.9
20060720,31.9
20060721,35.0
20060722,32.0
20060723,29.7
20060724,28.8
20060725,21.7
20060726,21.7
20060727,26.8
20060728,25.9
20060729,31.5
20060730,33.2
20060731,30.6
20060801,32.4
20060802,30.7
20060803,30.1
20060804,29.3
20060805,29.5
20060806,31.5
20060807,32.7
20060808,32.7
20060809,29.5
20060810,29.8
20060811,31.8
20060812,32.5
20060813,31.1
20060814,27.2
20060815,33.3
20060816,32.7
20060817,30.7
20060818,31.8
20060819,33.8
20060820,33.1
20060821,31.5
20060822,25.8
20060823,30.0
20060824,31.3
20060825,29.4
20060826,28.3
20060827,32.5
20060828,32.8
20060829,28.8
20060830,25.6
20060831,29.5
20060901,29.9
20060902,28.6
20060903,28.3
20060904,26.0
20060905,26.5
20060906,30.5
20060907,25.9
20060908,21.7
20060909,20.4
20060910,28.3
20060911,30.5
20060912,29.8
20060913,29.5
20060914,26.3
20060915,26.1
20060916,28.0
20060917,32.4
20060918,33.8
20060919,29.5
20060920,27.8
20060921,29.8
20060922,29.2
20060923,29.8
20060924,28.1
20060925,24.4
20060926,27.5
20060927,26.5
20060928,27.9
20060929,27.3
20060930,25.5
20061001,28.8
20061002,30.3
20061003,29.7
20061004,31.0
20061005,27.4
20061006,28.0
20061007,25.3
20061008,21.2
20061009,19.1
20061010,25.6
20061011,19.5
20061012,21.6
20061013,21.4
20061014,19.5
20061015,19.7
20061016,25.7
20061017,19.9
20061018,18.2
20061019,22.8
20061020,16.2
20061021,14.8
20061022,18.7
20061023,18.0
20061024,12.5
20061025,17.7
20061026,14.4
20061027,15.1
20061028,22.9
20061029,21.7
20061030,19.4
20061031,23.0
20061101,19.8
20061102,21.3
20061103,21.6
20061104,19.1
20061105,12.6
20061106,9.1
20061107,17.9
20061108,19.9
20061109,15.5
20061110,11.9
20061111,12.1
20061112,12.2
20061113,13.4
20061114,13.9
20061115,16.5
20061116,10.9
20061117,9.9
20061118,12.9
20061119,12.2
20061120,5.8
20061121,12.1
20061122,7.4
20061123,5.1
20061124,5.3
20061125,3.5
20061126,9.6
20061127,6.5
20061128,6.3
20061129,5.9
20061130,7.3
20061201,4.7
20061202,3.5
20061203,4.5
20061204,5.1
20061205,3.2
20061206,3.1
20061207,2.8
20061208,2.0
20061209,5.0
20061210,3.5
20061211,2.0
20061212,6.7
20061213,7.8
20061214,6.1
20061215,7.3
20061216,3.7
20061217,-1.9
20061218,0.5
20061219,3.9
20061220,5.5
20061221,7.3
20061222,7.0
20061223,7.1
20061224,4.3
20061225,2.3
20061226,5.7
20061227,1.8
20061228,0.6
20061229,-0.6
20061230,-2.2
20061231,-1.4
20070101,0.0
20070102,4.4
20070103,4.9
20070104,0.6
20070105,3.4
20070106,1.0
20070107,4.4
20070108,4.4
20070109,3.3
20070110,0.7
20070111,2.2
20070112,3.0
20070113,4.9
20070114,3.3
20070115,4.4
20070116,7.2
20070117,9.1
20070118,6.1
20070119,2.8
20070120,4.0
20070121,6.1
20070122,2.9
20070123,5.9
20070124,3.1
20070125,1.9
20070126,3.8
20070127,4.0
20070128,5.1
20070129,9.2
20070130,5.7
20070131,1.1
20070201,4.2
20070202,7.7
20070203,12.8
20070204,10.8
20070205,16.0
20070206,9.9
20070207,6.2
20070208,7.2
20070209,14.5
20070210,10.9
20070211,11.0
20070212,11.4
20070213,10.1
20070214,6.6
20070215,8.6
20070216,8.2
20070217,11.0
20070218,8.5
20070219,11.3
20070220,14.4
20070221,8.1
20070222,12.4
20070223,8.5
20070224,7.9
20070225,6.2
20070226,8.3
20070227,8.5
20070228,10.1
20070301,8.5
20070302,13.8
20070303,10.2
20070304,5.3
20070305,0.8
20070306,3.0
20070307,7.6
20070308,9.4
20070309,11.0
20070310,6.9
20070311,10.0
20070312,11.6
20070313,10.9
20070314,12.2
20070315,10.9
20070316,10.3
20070317,13.2
20070318,8.8
20070319,5.0
20070320,6.2
20070321,14.0
20070322,12.2
20070323,10.5
20070324,20.5
20070325,18.3
20070326,21.9
20070327,17.1
20070328,17.2
20070329,14.3
20070330,8.4
20070331,16.9
20070401,16.4
20070402,12.3
20070403,19.5
20070404,16.2
20070405,13.8
20070406,21.6
20070407,19.1
20070408,19.9
20070409,22.5
20070410,18.6
20070411,15.7
20070412,15.0
20070413,21.5
20070414,19.5
20070415,16.3
20070416,18.8
20070417,22.3
20070418,25.6
20070419,24.4
20070420,25.3
20070421,23.9
20070422,20.3
20070423,18.9
20070424,25.0
20070425,26.9
20070426,23.2
20070427,22.1
20070428,26.8
20070429,29.6
20070430,24.8
20070501,27.3
20070502,29.3
20070503,31.9
20070504,30.5
20070505,27.5
20070506,32.3
20070507,33.5
20070508,27.7
20070509,25.7
20070510,26.3
20070511,25.3
20070512,27.6
20070513,33.2
20070514,32.7
20070515,25.6
20070516,30.3
20070517,27.1
20070518,26.3
20070519,29.5
20070520,27.7
20070521,28.1
20070522,24.1
20070523,22.4
20070524,28.8
20070525,31.1
20070526,37.2
20070527,30.2
20070528,31.9
20070529,31.8
20070530,29.2
20070531,22.1
20070601,22.7
20070602,26.8
20070603,27.1
20070604,30.9
20070605,36.1
20070606,35.8
20070607,32.6
20070608,35.7
20070609,34.0
20070610,35.6
20070611,35.6
20070612,30.6
20070613,27.6
20070614,31.6
20070615,32.5
20070616,32.5
20070617,33.3
20070618,30.4
20070619,27.6
20070620,26.1
20070621,33.1
20070622,31.2
20070623,32.7
20070624,33.6
20070625,35.8
20070626,36.5
20070627,31.9
20070628,30.2
20070629,28.0
20070630,25.2
20070701,32.7
20070702,32.6
20070703,29.6
20070704,31.8
20070705,34.1
20070706,33.1
20070707,33.2
20070708,29.3
20070709,31.7
20070710,34.3
20070711,32.6
20070712,30.2
20070713,29.9
20070714,29.2
20070715,27.7
20070716,31.3
20070717,33.2
20070718,31.4
20070719,33.1
20070720,29.0
20070721,31.8
20070722,30.0
20070723,32.8
20070724,31.9
20070725,32.6
20070726,31.9
20070727,32.7
20070728,29.6
20070729,30.7
20070730,31.0
20070731,29.6
20070801,32.9
20070802,30.3
20070803,29.7
20070804,29.0
20070805,26.9
20070806,27.2
20070807,26.0
20070808,33.2
20070809,37.3
20070810,31.6
20070811,32.9
20070812,32.5
20070813,32.3
20070814,34.4
20070815,33.8
20070816,29.9
20070817,31.2
20070818,32.3
20070819,31.8
20070820,32.2
20070821,35.8
20070822,32.4
20070823,31.8
20070824,33.9
20070825,32.7
20070826,28.9
20070827,29.2
20070828,28.9
20070829,30.4
20070830,30.5
20070831,30.7
20070901,31.5
20070902,31.5
20070903,28.5
20070904,31.0
20070905,31.6
20070906,31.1
20070907,32.0
20070908,31.4
20070909,32.6
20070910,32.6
20070911,31.2
20070912,30.9
20070913,25.5
20070914,21.2
20070915,24.8
20070916,25.3
20070917,25.5
20070918,23.0
20070919,26.5
20070920,27.8
20070921,30.4
20070922,29.4
20070923,29.1
20070924,28.7
20070925,26.8
20070926,25.1
20070927,25.2
20070928,23.5
20070929,21.0
20070930,19.3
20071001,19.5
20071002,24.8
20071003,26.0
20071004,25.1
20071005,19.1
20071006,19.9
20071007,19.0
20071008,19.1
20071009,19.4
20071010,19.2
20071011,18.4
20071012,21.5
20071013,17.6
20071014,21.6
20071015,22.7
20071016,21.6
20071017,20.3
20071018,16.1
20071019,17.7
20071020,18.3
20071021,21.4
20071022,19.9
20071023,16.6
20071024,16.5
20071025,19.4
20071026,13.3
20071027,17.0
20071028,13.8
20071029,11.9
20071030,10.7
20071031,12.4
20071101,11.6
20071102,15.9
20071103,15.2
20071104,14.2
20071105,13.3
20071106,12.8
20071107,13.4
20071108,17.3
20071109,14.4
20071110,13.8
20071111,12.3
20071112,10.3
20071113,11.2
20071114,8.9
20071115,5.1
20071116,7.0
20071117,11.0
20071118,6.4
20071119,9.5
20071120,12.5
20071121,9.9
20071122,6.7
20071123,12.5
20071124,8.5
20071125,12.5
20071126,7.9
20071127,10.8
20071128,8.1
20071129,7.3
20071130,6.8
20071201,6.8
20071202,8.1
20071203,5.5
20071204,6.1
20071205,5.1
20071206,6.4
20071207,6.8
20071208,6.4
20071209,2.7
20071210,1.7
20071211,4.5
20071212,2.5
20071213,5.8
20071214,7.8
20071215,6.0
20071216,7.2
20071217,3.3
20071218,5.6
20071219,7.0
20071220,8.2
20071221,3.7
20071222,3.5
20071223,9.0
20071224,4.2
20071225,4.8
20071226,3.2
20071227,0.5
20071228,1.7
20071229,0.6
20071230,2.6
20071231,1.8
20080101,3.8
20080102,6.2
20080103,7.0
20080104,5.6
20080105,4.7
20080106,8.3
20080107,5.9
20080108,8.2
20080109,2.5
20080110,-1.3
20080111,4.7
20080112,1.8
20080113,-3.2
20080114,-4.8
20080115,-1.5
20080116,-0.8
20080117,-4.1
20080118,-2.2
20080119,-2.4
20080120,0.2
20080121,-1.3
20080122,-0.8
20080123,-3.5
20080124,0.0
20080125,0.1
20080126,2.7
20080127,2.3
20080128,2.2
20080129,-0.7
20080130,1.5
20080131,3.2
20080201,3.5
20080202,4.0
20080203,2.7
20080204,1.1
20080205,1.3
20080206,2.9
20080207,2.5
20080208,1.3
20080209,3.5
20080210,5.7
20080211,2.9
20080212,2.1
20080213,5.8
20080214,7.4
20080215,4.5
20080216,7.4
20080217,5.2
20080218,4.6
20080219,12.5
20080220,12.5
20080221,11.3
20080222,10.0
20080223,5.3
20080224,1.2
20080225,5.8
20080226,9.8
20080227,16.1
20080228,15.6
20080229,14.0
20080301,11.9
20080302,11.1
20080303,12.9
20080304,14.0
20080305,14.3
20080306,13.8
20080307,15.8
20080308,11.6
20080309,17.2
20080310,22.3
20080311,17.0
20080312,10.7
20080313,13.8
20080314,13.6
20080315,17.6
20080316,17.1
20080317,16.1
20080318,13.3
20080319,12.6
20080320,13.8
20080321,11.3
20080322,12.4
20080323,19.7
20080324,18.4
20080325,14.6
20080326,17.0
20080327,14.7
20080328,11.5
20080329,7.3
20080330,16.5
20080331,16.8
20080401,16.0
20080402,17.2
20080403,19.7
20080404,23.5
20080405,21.9
20080406,19.1
20080407,19.3
20080408,16.2
20080409,22.1
20080410,18.0
20080411,16.5
20080412,15.9
20080413,25.3
20080414,27.1
20080415,25.1
20080416,26.8
20080417,28.6
20080418,26.7
20080419,22.2
20080420,20.2
20080421,15.3
20080422,15.9
20080423,21.3
20080424,19.1
20080425,20.2
20080426,21.0
20080427,20.1
20080428,23.0
20080429,27.8
20080430,31.3
20080501,25.7
20080502,26.5
20080503,23.1
20080504,24.6
20080505,26.1
20080506,28.8
20080507,23.6
20080508,25.2
20080509,20.9
20080510,21.9
20080511,18.4
20080512,17.3
20080513,22.8
20080514,22.6
20080515,24.7
20080516,25.8
20080517,22.4
20080518,25.9
20080519,27.8
20080520,27.2
20080521,30.5
20080522,28.9
20080523,32.0
20080524,32.1
20080525,33.2
20080526,32.1
20080527,29.6
20080528,29.4
20080529,25.9
20080530,28.5
20080531,27.6
20080601,26.4
20080602,26.4
20080603,22.4
20080604,25.5
20080605,26.1
20080606,25.3
20080607,25.7
20080608,30.9
20080609,31.3
20080610,29.5
20080611,30.7
20080612,30.4
20080613,28.2
20080614,23.4
20080615,27.9
20080616,27.9
20080617,25.5
20080618,26.5
20080619,30.0
20080620,31.9
20080621,33.9
20080622,33.8
20080623,32.0
20080624,27.4
20080625,26.7
20080626,25.7
20080627,25.9
20080628,26.2
20080629,24.7
20080630,27.1
20080701,24.2
20080702,29.4
20080703,36.3
20080704,35.1
20080705,27.3
20080706,34.4
20080707,32.6
20080708,28.6
20080709,29.6
20080710,31.9
20080711,31.0
20080712,36.3
20080713,34.2
20080714,30.3
20080715,29.6
20080716,34.0
20080717,34.2
20080718,30.0
20080719,31.1
20080720,32.7
20080721,32.6
20080722,34.1
20080723,33.4
20080724,32.8
20080725,33.3
20080726,33.8
20080727,33.0
20080728,33.5
20080729,30.7
20080730,30.0
20080731,30.4
20080801,32.0
20080802,34.1
20080803,34.6
20080804,32.6
20080805,34.1
20080806,32.4
20080807,32.5
20080808,33.4
20080809,34.3
20080810,30.9
20080811,27.3
20080812,29.5
20080813,29.8
20080814,28.9
20080815,30.2
20080816,30.1
20080817,26.4
20080818,29.6
20080819,30.7
20080820,30.9
20080821,27.3
20080822,31.9
20080823,34.8
20080824,32.9
20080825,30.3
20080826,28.0
20080827,28.4
20080828,30.4
20080829,30.0
20080830,23.4
20080831,28.2
20080901,31.2
20080902,32.8
20080903,30.3
20080904,27.6
20080905,29.4
20080906,28.4
20080907,25.8
20080908,26.8
20080909,24.1
20080910,27.8
20080911,29.9
20080912,31.9
20080913,27.0
20080914,28.9
20080915,31.4
20080916,29.0
20080917,28.1
20080918,29.3
20080919,24.0
20080920,28.2
20080921,25.5
20080922,28.4
20080923,22.9
20080924,17.8
20080925,23.3
20080926,20.8
20080927,20.4
20080928,18.1
20080929,17.4
20080930,23.3
20081001,23.9
20081002,26.0
20081003,23.3
20081004,17.5
20081005,14.2
20081006,18.8
20081007,19.6
20081008,22.3
20081009,15.8
20081010,21.1
20081011,22.0
20081012,24.0
20081013,23.0
20081014,25.7
20081015,27.1
20081016,26.2
20081017,23.7
20081018,22.6
20081019,24.7
20081020,20.5
20081021,20.8
20081022,18.9
20081023,17.3
20081024,15.0
20081025,16.6
20081026,17.3
20081027,18.3
20081028,19.2
20081029,13.5
20081030,13.3
20081031,18.4
20081101,18.8
20081102,17.6
20081103,16.2
20081104,16.1
20081105,19.3
20081106,20.9
20081107,14.4
20081108,8.4
20081109,14.1
20081110,12.8
20081111,9.9
20081112,10.6
20081113,15.4
20081114,10.9
20081115,12.1
20081116,11.7
20081117,7.4
20081118,4.7
20081119,4.2
20081120,14.0
20081121,11.3
20081122,13.8
20081123,7.5
20081124,11.0
20081125,10.3
20081126,8.7
20081127,8.3
20081128,12.4
20081129,12.3
20081130,12.7
20081201,13.4
20081202,9.4
20081203,10.2
20081204,6.7
20081205,-2.0
20081206,1.9
20081207,4.4
20081208,7.2
20081209,7.6
20081210,4.8
20081211,2.1
20081212,3.9
20081213,3.9
20081214,6.9
20081215,10.0
20081216,5.1
20081217,8.7
20081218,3.7
20081219,6.7
20081220,1.2
20081221,-1.5
20081222,-1.0
20081223,4.6
20081224,5.2
20081225,3.4
20081226,3.1
20081227,2.8
20081228,0.2
20081229,1.5
20081230,1.5
20081231,0.8
20090101,0.8
20090102,2.4
20090103,2.4
20090104,1.0
20090105,2.4
20090106,4.2
20090107,3.4
20090108,0.2
20090109,0.5
20090110,2.6
20090111,0.2
20090112,1.2
20090113,6.1
20090114,0.5
20090115,1.7
20090116,2.0
20090117,-0.3
20090118,7.5
20090119,5.9
20090120,8.9
20090121,2.9
20090122,2.0
20090123,-6.9
20090124,0.1
20090125,2.1
20090126,5.2
20090127,3.5
20090128,6.8
20090129,8.0
20090130,5.2
20090131,4.6
20090201,4.1
20090202,9.7
20090203,3.7
20090204,3.4
20090205,9.2
20090206,6.1
20090207,12.9
20090208,7.7
20090209,13.0
20090210,16.1
20090211,14.4
20090212,6.5
20090213,9.6
20090214,7.5
20090215,4.0
20090216,2.2
20090217,-0.2
20090218,-1.1
20090219,1.2
20090220,1.9
20090221,3.3
20090222,5.1
20090223,2.3
20090224,6.7
20090225,5.5
20090226,7.5
20090227,11.5
20090228,7.5
20090301,8.4
20090302,3.6
20090303,7.8
20090304,4.6
20090305,10.5
20090306,9.6
20090307,12.8
20090308,17.7
20090309,13.4
20090310,9.9
20090311,10.6
20090312,12.8
20090313,6.7
20090314,13.6
20090315,19.9
20090316,20.4
20090317,22.4
20090318,29.5
20090319,24.1
20090320,15.6
20090321,15.5
20090322,15.3
20090323,11.4
20090324,9.5
20090325,16.6
20090326,14.8
20090327,12.6
20090328,13.4
20090329,6.7
20090330,9.5
20090331,10.8
20090401,15.1
20090402,16.5
20090403,15.3
20090404,20.0
20090405,23.3
20090406,27.5
20090407,27.2
20090408,26.9
20090409,26.3
20090410,24.3
20090411,21.1
20090412,25.0
20090413,27.5
20090414,22.5
20090415,19.5
20090416,18.4
20090417,21.9
20090418,20.0
20090419,17.9
20090420,21.5
20090421,22.6
20090422,21.5
20090423,13.9
20090424,20.0
20090425,19.0
20090426,23.0
20090427,25.2
20090428,22.7
20090429,22.3
20090430,27.2
20090501,24.4
20090502,28.1
20090503,31.6
20090504,29.2
20090505,28.0
20090506,28.6
20090507,29.5
20090508,30.9
20090509,28.5
20090510,20.5
20090511,25.4
20090512,30.3
20090513,29.7
20090514,25.1
20090515,20.6
20090516,25.2
20090517,29.3
20090518,35.6
20090519,35.7
20090520,32.7
20090521,27.6
20090522,28.7
20090523,33.7
20090524,30.4
20090525,30.3
20090526,31.3
20090527,30.2
20090528,26.7
20090529,26.9
20090530,29.5
20090531,32.7
20090601,38.1
20090602,31.9
20090603,31.5
20090604,35.9
20090605,31.6
20090606,24.5
20090607,27.6
20090608,25.4
20090609,30.0
20090610,33.2
20090611,32.3
20090612,31.1
20090613,30.7
20090614,31.6
20090615,30.6
20090616,26.6
20090617,26.5
20090618,24.7
20090619,31.3
20090620,35.9
20090621,32.7
20090622,34.2
20090623,35.1
20090624,39.6
20090625,36.2
20090626,34.6
20090627,32.4
20090628,35.3
20090629,36.5
20090630,34.8
20090701,32.7
20090702,35.3
20090703,36.6
20090704,34.8
20090705,33.8
20090706,28.7
20090707,32.5
20090708,30.5
20090709,32.0
20090710,33.6
20090711,32.1
20090712,32.0
20090713,29.4
20090714,33.5
20090715,34.8
20090716,31.7
20090717,24.9
20090718,31.8
20090719,31.2
20090720,35.2
20090721,33.2
20090722,32.1
20090723,28.5
20090724,28.6
20090725,29.6
20090726,30.6
20090727,29.2
20090728,30.0
20090729,30.6
20090730,31.2
20090731,28.9
20090801,30.9
20090802,31.6
20090803,31.6
20090804,29.9
20090805,26.8
20090806,28.0
20090807,29.4
20090808,30.3
20090809,30.3
20090810,32.9
20090811,36.4
20090812,35.9
20090813,35.2
20090814,34.8
20090815,33.1
20090816,31.3
20090817,26.5
20090818,28.7
20090819,27.8
20090820,33.4
20090821,30.9
20090822,28.3
20090823,31.1
20090824,26.7
20090825,25.4
20090826,30.6
20090827,31.3
20090828,27.6
20090829,25.5
20090830,25.9
20090831,27.2
20090901,27.8
20090902,26.3
20090903,28.3
20090904,25.3
20090905,26.6
20090906,25.0
20090907,21.0
20090908,23.6
20090909,28.7
20090910,26.9
20090911,28.6
20090912,29.3
20090913,28.7
20090914,28.2
20090915,30.1
20090916,27.1
20090917,27.7
20090918,23.7
20090919,23.0
20090920,21.8
20090921,26.1
20090922,27.3
20090923,26.7
20090924,25.8
20090925,26.5
20090926,22.8
20090927,23.9
20090928,27.2
20090929,22.5
20090930,22.2
20091001,28.5
20091002,27.1
20091003,23.9
20091004,23.4
20091005,26.1
20091006,21.9
20091007,19.7
20091008,19.4
20091009,20.4
20091010,20.7
20091011,18.8
20091012,22.5
20091013,23.3
20091014,24.9
20091015,25.7
20091016,20.6
20091017,22.3
20091018,19.6
20091019,15.5
20091020,21.4
20091021,20.2
20091022,24.0
20091023,20.9
20091024,20.8
20091025,20.6
20091026,20.7
20091027,18.1
20091028,18.2
20091029,23.3
20091030,14.3
20091031,13.9
20091101,8.1
20091102,2.3
20091103,7.1
20091104,13.9
20091105,17.0
20091106,14.5
20091107,15.4
20091108,11.2
20091109,9.8
20091110,3.0
20091111,4.0
20091112,3.7
20091113,4.6
20091114,3.6
20091115,0.6
20091116,0.3
20091117,3.8
20091118,5.7
20091119,3.2
20091120,4.9
20091121,5.6
20091122,7.5
20091123,9.2
20091124,11.4
20091125,9.6
20091126,5.2
20091127,6.7
20091128,4.2
20091129,7.6
20091130,10.3
20091201,9.0
20091202,8.4
20091203,5.2
20091204,5.7
20091205,3.8
20091206,4.1
20091207,2.0
20091208,9.5
20091209,3.9
20091210,2.8
20091211,4.6
20091212,2.9
20091213,4.5
20091214,3.3
20091215,1.9
20091216,0.8
20091217,-1.8
20091218,-2.2
20091219,-1.0
20091220,3.4
20091221,4.3
20091222,7.6
20091223,2.8
20091224,1.8
20091225,2.9
20091226,-5.1
20091227,-2.1
20091228,-2.9
20091229,1.2
20091230,-1.4
20091231,-3.3
20100101,-1.6
20100102,-2.1
20100103,-4.4
20100104,-8.5
20100105,-7.5
20100106,-5.9
20100107,-4.4
20100108,-7.4
20100109,-2.8
20100110,-2.8
20100111,-2.4
20100112,-5.2
20100113,-5.4
20100114,0.1
20100115,-0.5
20100116,-2.3
20100117,0.3
20100118,3.2
20100119,2.5
20100120,5.5
20100121,-1.2
20100122,-0.3
20100123,4.6
20100124,6.6
20100125,1.7
20100126,2.0
20100127,8.8
20100128,4.9
20100129,6.9
20100130,8.3
20100131,6.8
20100201,1.2
20100202,0.8
20100203,1.5
20100204,2.3
20100205,-0.2
20100206,-1.6
20100207,-1.5
20100208,5.2
20100209,4.5
20100210,1.5
20100211,-1.0
20100212,0.7
20100213,3.5
20100214,-0.5
20100215,1.9
20100216,2.3
20100217,1.6
20100218,5.1
20100219,10.7
20100220,9.6
20100221,14.3
20100222,7.6
20100223,8.1
20100224,11.3
20100225,7.3
20100226,4.6
20100227,2.9
20100228,5.2
20100301,-0.2
20100302,9.1
20100303,6.0
20100304,7.1
20100305,6.6
20100306,1.6
20100307,0.5
20100308,-0.4
20100309,1.3
20100310,8.8
20100311,9.5
20100312,10.0
20100313,8.5
20100314,3.9
20100315,5.5
20100316,7.9
20100317,7.4
20100318,7.3
20100319,8.4
20100320,10.0
20100321,14.3
20100322,13.8
20100323,13.1
20100324,11.7
20100325,8.9
20100326,15.1
20100327,12.1
20100328,16.3
20100329,11.6
20100330,11.1
20100331,16.2
20100401,13.7
20100402,12.0
20100403,15.5
20100404,22.0
20100405,17.0
20100406,16.4
20100407,20.3
20100408,21.8
20100409,19.5
20100410,15.4
20100411,10.7
20100412,10.3
20100413,11.2
20100414,13.6
20100415,9.8
20100416,15.8
20100417,12.1
20100418,19.3
20100419,17.2
20100420,19.2
20100421,15.5
20100422,12.2
20100423,21.3
20100424,23.1
20100425,20.9
20100426,12.1
20100427,14.6
20100428,14.6
20100429,19.4
20100430,25.2
20100501,32.2
20100502,32.6
20100503,26.9
20100504,24.1
20100505,25.2
20100506,28.3
20100507,28.6
20100508,25.9
20100509,22.2
20100510,24.0
20100511,24.2
20100512,23.6
20100513,25.6
20100514,23.3
20100515,28.0
20100516,24.9
20100517,19.8
20100518,24.1
20100519,32.1
20100520,34.8
20100521,29.1
20100522,29.6
20100523,35.0
20100524,29.8
20100525,31.9
20100526,31.0
20100527,25.6
20100528,25.8
20100529,33.2
20100530,29.6
20100531,27.8
20100601,26.8
20100602,24.0
20100603,27.6
20100604,28.1
20100605,29.2
20100606,30.3
20100607,30.8
20100608,31.4
20100609,30.6
20100610,26.7
20100611,24.6
20100612,29.4
20100613,30.2
20100614,30.0
20100615,33.6
20100616,31.1
20100617,24.6
20100618,26.3
20100619,31.1
20100620,33.7
20100621,30.6
20100622,30.4
20100623,30.2
20100624,31.9
20100625,31.6
20100626,31.1
20100627,31.6
20100628,31.0
20100629,31.0
20100630,29.6
20100701,27.6
20100702,36.7
20100703,37.8
20100704,36.9
20100705,40.6
20100706,39.2
20100707,34.3
20100708,36.5
20100709,31.9
20100710,24.8
20100711,26.5
20100712,26.0
20100713,26.4
20100714,27.9
20100715,26.5
20100716,32.6
20100717,33.0
20100718,34.2
20100719,30.8
20100720,32.2
20100721,33.3
20100722,34.5
20100723,35.5
20100724,35.6
20100725,35.7
20100726,34.9
20100727,34.9
20100728,35.6
20100729,35.8
20100730,34.7
20100731,33.7
20100801,31.8
20100802,33.2
20100803,32.4
20100804,29.5
20100805,32.6
20100806,31.1
20100807,30.4
20100808,30.7
20100809,30.8
20100810,33.0
20100811,28.2
20100812,32.1
20100813,29.5
20100814,35.8
20100815,35.4
20100816,35.1
20100817,32.8
20100818,29.7
20100819,27.8
20100820,31.2
20100821,26.5
20100822,29.1
20100823,30.7
20100824,28.9
20100825,30.2
20100826,31.4
20100827,30.3
20100828,31.6
20100829,31.6
20100830,32.3
20100831,29.3
20100901,27.8
20100902,29.8
20100903,26.6
20100904,28.6
20100905,29.6
20100906,31.3
20100907,27.7
20100908,27.3
20100909,26.6
20100910,31.1
20100911,32.6
20100912,32.4
20100913,32.4
20100914,32.2
20100915,29.6
20100916,27.4
20100917,23.0
20100918,18.4
20100919,23.9
20100920,21.4
20100921,17.9
20100922,22.3
20100923,25.8
20100924,24.2
20100925,21.8
20100926,24.9
20100927,22.7
20100928,19.7
20100929,20.7
20100930,24.5
20101001,23.5
20101002,22.4
20101003,23.7
20101004,23.9
20101005,26.4
20101006,25.6
20101007,23.7
20101008,24.3
20101009,22.7
20101010,19.0
20101011,20.4
20101012,19.0
20101013,22.5
20101014,21.1
20101015,20.7
20101016,19.2
20101017,13.1
20101018,9.2
20101019,11.5
20101020,12.0
20101021,13.0
20101022,14.3
20101023,15.8
20101024,14.8
20101025,14.0
20101026,9.1
20101027,11.3
20101028,17.8
20101029,19.8
20101030,20.2
20101031,20.3
20101101,15.8
20101102,13.9
20101103,19.5
20101104,19.8
20101105,20.3
20101106,17.5
20101107,14.7
20101108,11.8
20101109,10.5
20101110,12.1
20101111,12.1
20101112,12.7
20101113,9.9
20101114,7.8
20101115,6.4
20101116,12.6
20101117,10.9
20101118,9.9
20101119,13.8
20101120,13.6
20101121,11.4
20101122,10.7
20101123,8.5
20101124,7.9
20101125,7.1
20101126,4.2
20101127,8.0
20101128,6.7
20101129,4.3
20101130,3.2
20101201,2.2
20101202,8.1
20101203,6.0
20101204,7.7
20101205,13.4
20101206,5.6
20101207,6.8
20101208,8.5
20101209,5.9
20101210,8.7
20101211,2.5
20101212,2.7
20101213,1.4
20101214,-2.4
20101215,-3.5
20101216,2.0
20101217,6.8
20101218,6.4
20101219,11.8
20101220,12.0
20101221,7.4
20101222,7.5
20101223,3.3
20101224,-3.3
20101225,-2.1
20101226,1.9
20101227,6.9
20101228,2.5
20101229,1.6
20101230,-3.9
20101231,-2.9
20110101,0.1
20110102,-1.1
20110103,0.1
20110104,2.9
20110105,-0.3
20110106,0.0
20110107,1.0
20110108,0.0
20110109,-1.9
20110110,-0.3
20110111,-0.4
20110112,1.3
20110113,3.7
20110114,0.4
20110115,-2.7
20110116,-1.6
20110117,-0.9
20110118,-1.2
20110119,0.8
20110120,-0.1
20110121,1.8
20110122,0.9
20110123,-0.8
20110124,0.3
20110125,-0.3
20110126,1.0
20110127,-1.9
20110128,0.0
20110129,-0.8
20110130,3.8
20110131,8.5
20110201,9.3
20110202,6.8
20110203,6.9
20110204,7.9
20110205,2.6
20110206,11.0
20110207,4.7
20110208,8.2
20110209,3.0
20110210,-0.5
20110211,0.7
20110212,-2.6
20110213,-2.2
20110214,0.8
20110215,2.7
20110216,3.0
20110217,8.2
20110218,7.7
20110219,11.3
20110220,8.8
20110221,8.2
20110222,8.4
20110223,8.7
20110224,11.8
20110225,6.7
20110226,3.7
20110227,1.8
20110228,5.9
20110301,7.5
20110302,7.2
20110303,9.8
20110304,12.4
20110305,13.2
20110306,11.3
20110307,11.0
20110308,11.1
20110309,12.6
20110310,16.6
20110311,13.8
20110312,17.3
20110313,18.9
20110314,10.5
20110315,10.3
20110316,11.4
20110317,17.3
20110318,15.1
20110319,14.2
20110320,12.0
20110321,9.3
20110322,11.2
20110323,12.6
20110324,12.4
20110325,15.1
20110326,15.1
20110327,18.8
20110328,15.0
20110329,21.2
20110330,22.6
20110331,21.9
20110401,17.1
20110402,13.8
20110403,18.9
20110404,20.5
20110405,18.1
20110406,17.4
20110407,19.8
20110408,19.6
20110409,25.8
20110410,22.5
20110411,21.0
20110412,25.1
20110413,23.9
20110414,30.3
20110415,24.6
20110416,23.1
20110417,20.6
20110418,20.8
20110419,21.9
20110420,23.2
20110421,20.6
20110422,17.6
20110423,18.6
20110424,21.6
20110425,18.2
20110426,21.2
20110427,21.0
20110428,22.2
20110429,20.4
20110430,21.0
20110501,27.3
20110502,27.0
20110503,25.0
20110504,21.0
20110505,24.0
20110506,26.4
20110507,27.3
20110508,22.6
20110509,25.6
20110510,25.4
20110511,27.5
20110512,24.2
20110513,26.9
20110514,29.9
20110515,27.4
20110516,28.7
20110517,26.6
20110518,28.4
20110519,25.1
20110520,20.8
20110521,26.1
20110522,30.2
20110523,28.1
20110524,27.1
20110525,28.0
20110526,28.0
20110527,28.6
20110528,32.0
20110529,28.8
20110530,30.3
20110531,29.3
20110601,32.2
20110602,35.3
20110603,32.4
20110604,30.8
20110605,32.9
20110606,29.9
20110607,35.3
20110608,33.0
20110609,32.5
20110610,33.9
20110611,29.2
20110612,34.7
20110613,34.8
20110614,33.9
20110615,31.3
20110616,24.3
20110617,30.3
20110618,34.7
20110619,33.1
20110620,35.5
20110621,35.5
20110622,32.3
20110623,28.0
20110624,27.2
20110625,30.6
20110626,32.6
20110627,31.2
20110628,33.1
20110629,30.7
20110630,31.2
20110701,29.2
20110702,27.9
20110703,35.0
20110704,34.8
20110705,32.4
20110706,32.4
20110707,31.3
20110708,34.0
20110709,35.0
20110710,33.8
20110711,32.9
20110712,30.6
20110713,32.1
20110714,33.0
20110715,29.1
20110716,31.4
20110717,29.6
20110718,29.2
20110719,29.8
20110720,27.8
20110721,29.6
20110722,30.4
20110723,33.7
20110724,34.3
20110725,31.3
20110726,34.0
20110727,31.6
20110728,32.5
20110729,30.3
20110730,32.4
20110731,35.9
20110801,34.2
20110802,32.1
20110803,31.0
20110804,31.5
20110805,31.3
20110806,29.8
20110807,30.9
20110808,33.7
20110809,33.7
20110810,33.7
20110811,33.9
20110812,32.7
20110813,30.7
20110814,29.4
20110815,27.0
20110816,32.7
20110817,30.1
20110818,29.9
20110819,29.4
20110820,30.9
20110821,30.9
20110822,30.6
20110823,30.1
20110824,30.0
20110825,26.6
20110826,27.1
20110827,27.2
20110828,29.0
20110829,29.8
20110830,30.4
20110831,31.6
20110901,29.0
20110902,28.5
20110903,26.8
20110904,29.6
20110905,29.0
20110906,29.1
20110907,29.4
20110908,23.8
20110909,25.0
20110910,20.9
20110911,22.6
20110912,20.9
20110913,21.5
20110914,25.5
20110915,27.4
20110916,24.8
20110917,21.3
20110918,20.7
20110919,23.2
20110920,26.1
20110921,27.2
20110922,28.7
20110923,26.3
20110924,27.9
20110925,26.0
20110926,27.3
20110927,25.8
20110928,22.8
20110929,24.2
20110930,20.2
20111001,22.5
20111002,20.3
20111003,21.6
20111004,20.6
20111005,24.8
20111006,23.4
20111007,22.2
20111008,21.2
20111009,23.7
20111010,20.5
20111011,21.5
20111012,22.7
20111013,21.4
20111014,19.7
20111015,20.4
20111016,22.2
20111017,19.2
20111018,20.5
20111019,18.1
20111020,17.2
20111021,20.4
20111022,18.3
20111023,15.1
20111024,16.6
20111025,15.5
20111026,12.6
20111027,17.5
20111028,17.8
20111029,16.7
20111030,14.7
20111031,16.0
20111101,16.0
20111102,14.4
20111103,15.8
20111104,16.4
20111105,15.8
20111106,14.5
20111107,13.9
20111108,16.4
20111109,16.2
20111110,15.8
20111111,14.5
20111112,17.0
20111113,12.5
20111114,11.6
20111115,10.9
20111116,11.1
20111117,10.3
20111118,15.8
20111119,9.2
20111120,7.1
20111121,8.2
20111122,11.0
20111123,5.7
20111124,2.3
20111125,5.0
20111126,6.7
20111127,10.8
20111128,11.4
20111129,4.9
20111130,6.2
20111201,4.1
20111202,0.2
20111203,5.2
20111204,1.8
20111205,0.7
20111206,4.2
20111207,5.1
20111208,1.0
20111209,1.6
20111210,4.9
20111211,10.2
20111212,7.6
20111213,2.8
20111214,3.8
20111215,0.8
20111216,-0.5
20111217,2.0
20111218,3.8
20111219,3.6
20111220,4.2
20111221,3.6
20111222,3.6
20111223,5.1
20111224,4.3
20111225,4.8
20111226,2.0
20111227,2.3
20111228,5.6
20111229,-0.8
20111230,-1.3
20111231,4.8
20120101,3.2
20120102,2.4
20120103,-0.5
20120104,0.9
20120105,3.1
20120106,-1.9
20120107,-1.3
20120108,2.1
20120109,2.2
20120110,4.0
20120111,-0.4
20120112,4.0
20120113,4.9
20120114,5.9
20120115,3.2
20120116,-0.5
20120117,1.8
20120118,0.4
20120119,1.7
20120120,-0.5
20120121,-2.8
20120122,-2.8
20120123,-0.5
20120124,-0.2
20120125,2.6
20120126,3.9
20120127,1.3
20120128,-0.6
20120129,0.2
20120130,-1.9
20120131,0.3
20120201,-2.7
20120202,-0.9
20120203,3.2
20120204,1.6
20120205,4.0
20120206,0.2
20120207,-1.3
20120208,3.0
20120209,2.5
20120210,4.0
20120211,6.0
20120212,1.7
20120213,4.8
20120214,4.7
20120215,3.5
20120216,3.0
20120217,0.5
20120218,3.4
20120219,7.7
20120220,8.6
20120221,5.0
20120222,5.8
20120223,6.7
20120224,4.8
20120225,4.5
20120226,6.5
20120227,6.7
20120228,8.5
20120229,9.6
20120301,5.3
20120302,2.5
20120303,3.2
20120304,5.8
20120305,5.0
20120306,10.7
20120307,11.1
20120308,6.0
20120309,6.9
20120310,6.6
20120311,5.2
20120312,9.3
20120313,14.6
20120314,12.8
20120315,10.4
20120316,13.5
20120317,8.5
20120318,5.5
20120319,6.5
20120320,11.0
20120321,13.6
20120322,11.4
20120323,12.9
20120324,15.0
20120325,15.2
20120326,18.9
20120327,23.9
20120328,20.4
20120329,23.6
20120330,17.3
20120331,14.0
20120401,12.2
20120402,10.5
20120403,20.1
20120404,19.8
20120405,19.4
20120406,23.6
20120407,21.1
20120408,25.4
20120409,26.9
20120410,23.3
20120411,19.4
20120412,26.3
20120413,27.4
20120414,29.8
20120415,26.5
20120416,21.6
20120417,25.8
20120418,22.7
20120419,20.3
20120420,16.1
20120421,16.5
20120422,21.8
20120423,24.5
20120424,20.6
20120425,19.8
20120426,24.3
20120427,23.6
20120428,20.2
20120429,21.2
20120430,23.7
20120501,22.5
20120502,30.3
20120503,33.0
20120504,33.0
20120505,30.6
20120506,28.9
20120507,27.2
20120508,31.5
20120509,27.8
20120510,30.5
20120511,26.4
20120512,23.5
20120513,25.3
20120514,25.9
20120515,26.6
20120516,27.2
20120517,29.4
20120518,31.5
20120519,30.7
20120520,28.7
20120521,25.9
20120522,28.1
20120523,27.7
20120524,28.6
20120525,27.6
20120526,33.2
20120527,31.8
20120528,33.4
20120529,29.2
20120530,27.8
20120531,27.8
20120601,23.2
20120602,28.7
20120603,25.1
20120604,32.6
20120605,33.7
20120606,31.1
20120607,31.6
20120608,33.1
20120609,33.3
20120610,28.9
20120611,32.4
20120612,30.6
20120613,27.1
20120614,29.2
20120615,29.8
20120616,35.5
20120617,38.0
20120618,34.4
20120619,30.0
20120620,30.5
20120621,32.1
20120622,29.7
20120623,26.7
20120624,26.3
20120625,27.2
20120626,27.8
20120627,28.6
20120628,25.4
20120629,25.0
20120630,34.0
20120701,35.3
20120702,36.2
20120703,36.5
20120704,33.1
20120705,27.4
20120706,26.3
20120707,32.3
20120708,30.8
20120709,27.5
20120710,32.7
20120711,32.3
20120712,32.4
20120713,30.3
20120714,31.8
20120715,33.2
20120716,33.9
20120717,32.1
20120718,30.5
20120719,31.0
20120720,32.8
20120721,30.9
20120722,35.4
20120723,32.4
20120724,32.3
20120725,30.5
20120726,27.0
20120727,29.9
20120728,31.8
20120729,35.8
20120730,30.9
20120731,26.5
20120801,23.5
20120802,30.7
20120803,30.6
20120804,32.4
20120805,31.3
20120806,32.4
20120807,32.0
20120808,32.8
20120809,33.4
20120810,32.6
20120811,29.2
20120812,28.7
20120813,29.7
20120814,25.4
20120815,31.6
20120816,31.1
20120817,29.3
20120818,26.6
20120819,31.1
20120820,32.1
20120821,28.5
20120822,28.2
20120823,29.0
20120824,29.3
20120825,29.0
20120826,29.7
20120827,29.2
20120828,32.9
20120829,35.1
20120830,32.7
20120831,31.9
20120901,29.9
20120902,26.1
20120903,25.6
20120904,27.2
20120905,27.3
20120906,23.7
20120907,25.5
20120908,26.7
20120909,27.7
20120910,27.4
20120911,25.0
20120912,24.4
20120913,25.6
20120914,25.7
20120915,27.1
20120916,26.8
20120917,27.8
20120918,29.3
20120919,28.9
20120920,27.9
20120921,26.3
20120922,26.5
20120923,27.8
20120924,25.3
20120925,23.9
20120926,27.9
20120927,23.2
20120928,23.7
20120929,25.0
20120930,26.4
20121001,26.1
20121002,25.9
20121003,25.6
20121004,25.1
20121005,24.4
20121006,24.9
20121007,24.7
20121008,24.0
20121009,23.1
20121010,21.5
20121011,21.8
20121012,23.6
20121013,20.4
20121014,18.8
20121015,17.1
20121016,17.1
20121017,18.2
20121018,20.4
20121019,19.4
20121020,22.0
20121021,15.2
20121022,17.8
20121023,20.4
20121024,23.1
20121025,20.2
20121026,16.0
20121027,22.3
20121028,17.7
20121029,17.3
20121030,12.9
20121031,15.6
20121101,16.4
20121102,13.8
20121103,11.1
20121104,5.2
20121105,10.7
20121106,12.1
20121107,16.1
20121108,13.8
20121109,13.1
20121110,9.9
20121111,7.8
20121112,9.6
20121113,7.2
20121114,8.7
20121115,8.3
20121116,7.5
20121117,10.6
20121118,9.6
20121119,9.2
20121120,10.9
20121121,9.9
20121122,8.0
20121123,5.7
20121124,6.9
20121125,7.9
20121126,7.2
20121127,4.8
20121128,7.4
20121129,4.6
20121130,0.1
20121201,-0.6
20121202,-2.3
20121203,3.3
20121204,2.8
20121205,1.9
20121206,-2.0
20121207,0.0
20121208,-1.5
20121209,1.8
20121210,-0.4
20121211,0.0
20121212,-0.5
20121213,-0.4
20121214,1.4
20121215,2.4
20121216,1.2
20121217,-0.3
20121218,-0.5
20121219,-2.5
20121220,-1.4
20121221,1.6
20121222,-1.0
20121223,-5.8
20121224,-3.8
20121225,-5.4
20121226,-4.4
20121227,-4.3
20121228,-3.8
20121229,-1.9
20121230,-0.1
20121231,0.2
20130101,-2.3
20130102,-6.3
20130103,-3.7
20130105,0.1
20130107,1.2
20130110,-2.2
20130114,0.1
20130115,-0.7
20130118,2.5
20130119,3.0
20130120,-0.9
20130121,4.0
20130122,-0.7
20130123,0.3
20130125,-0.8
20130127,0.7
20130129,-0.8
20130130,-1.3
20130201,3.1
20130203,-0.9
20130204,1.9
20130207,-2.7
20130208,-2.6
20130211,-1.0
20130215,3.0
20130220,7.2
20130221,3.3
20130222,7.4
20130223,10.7
20130224,4.3
20130225,2.1
20130301,6.2
20130302,4.3
20130305,15.4
20130306,14.3
20130307,19.6
20130308,22.2
20130312,7.5
20130313,8.4
20130315,12.0
20130319,6.4
20130320,6.1
20130321,8.8
20130322,10.3
20130325,11.3
20130326,13.7
20130329,11.4
20130331,8.7
20130401,16.3
20130402,18.5
20130404,12.7
20130405,14.6
20130406,15.0
20130407,16.9
20130408,13.2
20130412,23.9
20130416,21.6
20130417,17.1
20130426,24.6
20130427,24.1
20130429,29.0
20130611,26.0
20131012,22.0
20131114,14.8
20131117,10.3
20131119,8.1
20131125,7.6
20131128,6.1
20131205,10.9
20131207,6.2
20131210,7.0
20131212,2.7
20131214,5.3
20131215,5.4
20131216,2.7
20131219,1.5
20131220,2.8
20131222,2.0
20131224,2.3
20131227,1.8
20131228,2.8
20131230,8.3
20131231,10.0
20140101,12.8
20140102,7.4
20140104,3.1
20140106,0.2
20140113,3.2
20140115,5.2
20140122,6.2
20140125,7.8
20140126,3.5
20140127,12.3
20140128,5.5
20140130,9.2
20140205,1.1
20140207,-1.7
20140213,0.6
20140214,3.2
20140218,2.3
20140219,6.1
20140225,8.6
20140226,9.5
20140228,6.8
20140307,8.6
20140308,10.3
20140309,10.0
20140310,9.2
20140313,13.0
20140316,17.1
20140318,15.0
20140321,22.0
20140323,19.6
20140324,21.2
20140325,23.0
20140331,23.0
20140404,26.5
20140405,20.0
20140406,25.0
20140411,18.1
20140412,21.1
20140416,21.8
20140418,20.6
20140420,22.1
20140421,25.0
20140422,27.1
20140424,25.2
20140427,24.7
20140506,21.2
20140508,23.1
20140510,20.7
20140511,14.4
20140515,29.0
20140517,28.3
20140518,30.6
20140519,29.1
20140520,32.3
20140521,31.8
20140524,26.1
20140525,28.8
20140527,32.5
20140601,31.7
20140602,26.1
20140607,30.4
20140608,31.0
20140609,31.2
20140610,26.6
20140611,30.2
20140613,32.0
20140614,32.4
20140615,32.7
20140616,30.3
20140617,27.5
20140623,31.2
20140624,31.6
20140630,35.1
20140701,32.0
20140702,26.9
20140705,31.1
20140706,31.9
20140707,31.7
20140709,32.7
20140711,36.3
20140716,31.3
20140718,34.2
20140722,30.3
20140730,28.5
20140731,31.1
20140801,32.3
20140809,31.2
20140815,32.1
20140817,30.1
20140818,30.2
20140830,27.4
20140831,27.0
20140901,26.9
20140905,30.0
20140906,29.0
20140908,29.3
20140909,29.5
20140910,29.2
20140911,26.9
20140916,22.1
20140919,25.1
20140920,27.1
20140922,22.4
20140923,18.9
20140925,22.4
20140926,24.1
20140927,25.5
20140930,16.0
20141001,15.4
20141003,18.9
20141004,16.9
20141006,21.5
20141007,21.5
20141008,20.6
20141009,22.2
20141010,23.0
20141011,21.0
20141013,18.1
20141018,24.4
20141021,15.2
20141022,14.7
20141023,16.4
20141024,18.3
20141027,15.4
20141028,15.0
20141030,15.2
20141031,15.4
20141101,16.1
20141104,15.4
20141105,20.2
20141112,8.1
20141113,12.2
20141115,9.2
20141116,12.3
20141117,13.5
20141118,14.1
20141122,12.1
20141126,8.3
20141202,0.3
20141203,1.0
20141207,5.2
20141208,4.2
20141209,0.5
20141210,5.3
20141211,4.0
20141212,3.4
20141217,5.4
20141218,2.1
20141219,5.1
20141220,2.2
20141221,2.3
20141222,9.4
20141224,5.4
20141225,7.4
20141226,3.2
20141229,12.3
20150101,2.5
20150103,3.6
20150104,8.6
20150105,11.0
20150107,3.3
20150109,7.5
20150111,6.5
20150112,4.2
20150113,3.1
20150114,1.0
20150115,0.0
20150117,3.0
20150118,7.0
20150119,6.7
20150122,5.8
20150123,6.8
20150126,5.2
20150127,1.3
20150128,1.1
20150130,3.2
20150202,4.2
20150203,8.6
20150207,5.3
20150208,1.8
20150209,6.1
20150210,13.3
20150211,10.2
20150212,7.9
20150213,9.6
20150222,4.2
20150224,6.7
20150226,6.2
20150227,2.4
20150228,4.8
20150301,12.4
20150303,5.8
20150305,8.3
20150306,10.1
20150307,12.5
20150314,11.9
20150324,16.7
20150331,15.2
20150415,25.4
20150501,26.5
20150502,24.2
20150510,12.4
20150512,27.7
20150513,32.4
20150517,28.2
20150604,24.0
20150605,32.3
20150610,24.3
20150612,29.0
20150619,24.8
20150703,31.4
20150710,33.2
20150722,31.3
20150728,31.8
20150808,31.2
20150814,32.6
20150922,26.0
20151007,25.4
20151012,25.7
20151020,14.4
20151028,16.0
20151105,12.3
20151122,0.5
20151125,-0.9
20151126,-1.3
20151130,2.7
20151201,3.5
20151202,5.6
20151203,2.5
20151229,3.4
20160102,8.0
20160103,3.2
20171126,4.8
20180217,2.3
20180225,6.3
20180227,5.1
20180702,31.9
20180705,35.8
20180916,27.2
20181010,17.0
20191023,21.8
20191026,16.2
20191029,18.4
20191102,14.5
20191106,14.0
20191113,13.9
20191121,5.6
20191122,9.7
20191124,10.4
20191128,3.0
20191203,9.8
20191204,10.1
20191205,10.1
20191207,5.1
20191208,5.1
20191211,9.7
20191214,9.7
20191215,5.3
20191216,4.0
20191217,4.0
20191218,3.7
20191219,1.4
20191220,1.4
20191221,3.5
20191222,4.7
20191223,4.7
20191224,0.7
20191226,5.8
20191227,4.8
20191228,4.8
20191229,5.6
20191230,5.6
20191231,-3.0
20200101,0.6
20200102,4.2
20200103,7.7
20200105,9.6
20200106,3.5
20200107,3.5
20200108,5.8
20200109,5.8
20200110,6.6
20200111,6.6
20200112,2.4
20200113,2.4
20200114,1.1
20200116,2.3
20200118,3.2
20200120,6.2
20200121,6.2
20200122,6.1
20200124,8.7
20200126,5.0
20200130,8.4
20200201,8.9
20200202,4.8
20200203,3.6
20200204,3.6
20200205,2.7
20200206,-3.6
20200208,7.5
20200210,12.7
20200211,12.7
20200213,11.8
20200214,8.7
20200215,0.4
20200219,10.2
20200220,8.0
20200223,10.3
20200224,10.3
20200226,9.9
20200227,8.5
20200229,8.3
20200302,10.6
20200303,9.5
20200304,8.1
20200305,9.3
20200307,15.6
20200308,15.6
20200310,11.7
20200311,16.5
20200312,16.5
20200313,14.3
20200314,16.2
20200315,18.3
20200316,18.3
20200317,23.3
20200318,26.2
20200319,26.2
20200321,24.1
20200323,22.3
20200324,22.3
20200326,21.3
20200328,14.2
20200330,18.0
20200331,19.2
20200401,19.2
20200402,21.2
20200404,25.5
20200405,18.6
20200407,23.6
20200408,18.6
20200409,15.4
20200413,27.1
20200414,27.1
20200415,26.5
20200416,24.5
20200419,22.3
20200420,21.4
20200421,15.7
20200422,16.0
20200424,30.0
20200425,30.0
20200429,29.1
20200501,34.1
20200502,34.1
20200503,32.1
20200504,25.5
20200506,25.4
20200507,25.4
20200508,19.1
20200515,30.3
20200516,22.5
20200517,22.8
20200521,29.7
20200522,29.4
20200523,29.4
20200525,29.2
20200527,30.1
20200529,32.9
20200530,32.0
20200531,32.0
20200602,33.3
20200604,36.3
20200605,32.3
20200606,31.5
20200609,37.3
20200611,33.6
20200613,34.0
20200616,37.1
20200617,36.3
20200618,32.3
20200620,33.1
20200622,34.9
20200623,33.5
20200624,31.8
20200625,29.9
20200626,29.3
20200628,32.3
20200629,30.6
20200702,34.4
20200703,29.1
20200706,33.4
20200708,34.1
20200709,32.3
20200710,25.4
20200711,26.9
20200712,28.1
20200717,33.0
20200718,29.6
20200721,34.8
20200722,34.1
20200723,33.2
20200725,37.3
20200726,33.4
20200727,24.6
20200729,31.8
20200730,34.4
20200731,34.4
20200801,34.4
20200802,34.0
20200803,37.5
20200804,37.8
20200805,37.8
20200807,33.2
20200808,33.2
20200810,33.6
20200812,34.5
20200815,34.5
20200816,31.3
20200817,27.3
20200818,27.3
20200819,26.5
20200822,28.6
20200826,34.1
20200827,32.2
20200828,32.2
20200829,30.8
20200830,30.5
20200831,30.5
20200902,33.5
20200904,30.1
20200905,31.0
20200906,31.0
20200908,31.4
20200909,31.3
20200910,31.3
20200911,26.5
20200914,27.5
20200915,25.7
20200916,26.4
20200918,28.2
20200919,29.1
20200920,29.1
20200921,26.9
20200923,26.8
20200924,24.2
20200928,26.0
20200929,25.2
20201001,20.7
20201004,22.7
20201006,21.0
20201007,22.2
20201008,22.2
20201010,23.2
20201011,23.2
20201012,19.0
20201014,21.3
20201018,22.9
20201020,22.0
20201021,17.0
20201023,18.0
20201024,20.1
20201025,20.1
20201027,21.9
20201029,19.0
20201030,19.0
20201031,19.5
20201101,19.5
20201102,17.7
20201103,14.0
20201104,15.0
20201107,19.3
20201108,19.3
20201109,16.3
20201110,18.0
20201111,18.0
20201113,20.5
20201114,16.4
20201115,16.0
20201116,16.0
20201117,13.1
20201118,11.2
20201119,11.2
20201120,10.1
20201121,8.1
20201125,7.7
20201126,6.6
20201128,5.4
20201130,5.9
20201201,4.8
20201202,3.4
20201203,4.3
20201204,4.3
20201206,6.2
20201207,6.2
20201208,2.5
20201209,3.3
20201211,7.3
20201212,6.6
20201213,2.3
20201214,-0.2
20201215,0.1
20201217,3.1
20201218,3.1
20201219,3.2
20201220,5.0
20201222,6.6
20201223,7.2
20201224,7.2
20201226,7.7
20201227,7.5
20201228,7.5
20201229,2.1
20201230,-5.6
20210101,1.5
20210102,1.5
20210103,0.5
20210104,-0.1
20210105,-0.1
20210106,-2.3
20210108,-2.7
20210109,1.9
20210111,2.1
20210113,8.6
20210114,8.6
20210115,3.5
20210116,3.5
20210117,3.1
20210119,5.5
20210120,1.7
20210122,5.5
20210123,5.2
20210124,5.0
20210125,5.0
20210127,6.9
20210128,3.4
20210129,0.7
20210130,7.5
20210131,7.5
20210201,4.5
20210202,2.9
20210203,7.7
20210204,10.3
20210205,15.3
20210206,16.4
20210208,7.8
20210209,10.1
20210213,7.8
20210214,7.8
20210215,6.1
20210216,6.1
20210217,3.6
20210218,7.5
20210221,25.6
20210223,12.9
20210224,5.5
20210226,11.2
20210227,11.9
20210228,11.9
20210302,5.0
20210304,11.1
20210305,11.1
20210306,9.6
20210307,8.1
20210308,10.4
20210309,15.0
20210310,16.7
20210311,17.5
20210312,17.5
20210314,14.7
20210315,13.2
20210316,15.3
20210317,15.3
20210318,13.0
20210319,10.0
20210321,13.4
20210323,23.3
20210324,23.3
20210326,21.7
20210327,18.2
20210330,21.3
20210401,24.8
20210402,18.0
20210407,21.1
20210408,20.0
20210409,19.5
20210410,20.8
20210411,20.8
20210412,20.4
20210413,16.9
20210415,22.5
20210416,21.7
20210417,21.0
20210418,25.2
20210421,26.9
20210422,21.4
20210425,21.5
20210426,22.2
20210429,22.8
20210430,21.4
20210503,24.0
20210505,28.1
20210506,28.1
20210509,26.6
20210510,26.6
20210511,25.0
20210513,26.7
20210514,23.2
20210515,23.2
20210519,32.8
20210520,30.7
20210523,32.9
20210524,26.5
20210525,28.6
20210526,28.6
20210527,28.1
20210529,29.5
20210530,28.0
20210531,28.0
20210601,28.8
20210604,31.0
20210606,34.9
20210607,33.6
20210609,29.7
20210613,36.4
20210614,34.5
20210615,31.2
20210616,31.2
20210617,33.6
20210619,37.0
20210621,37.2
20210622,35.9
20210623,32.9
20210624,27.3
20210625,28.1
20210626,28.2
20210628,33.3
20210629,32.2
20210701,30.9
20210702,30.9
20210703,30.0
20210704,34.2
20210705,34.2
20210706,32.6
20210707,32.8
20210709,33.9
20210710,32.9
20210711,31.9
20210712,30.7
20210713,31.0
20210714,32.4
20210715,32.4
20210716,32.2
20210717,30.7
20210718,29.7
20210719,30.2
20210720,31.8
20210721,31.8
20210723,32.0
20210725,33.7
20210726,33.7
20210727,32.6
20210728,29.3
20210729,29.3
20210730,30.2
20210802,33.0
20210803,33.0
20210804,31.4
20210806,33.8
20210807,33.8
20210808,33.1
20210809,31.7
20210811,33.4
20210812,31.0
20210813,29.7
20210814,29.6
20210815,28.8
20210816,28.9
20210817,31.0
20210818,31.0
20210819,28.7
20210822,31.8
20210824,30.4
20210825,28.7
20210828,30.5
20210830,28.6
20210831,28.0
20210904,30.8
20210909,28.6
20210910,29.1
20210911,31.1
20210912,31.1
20210913,29.4
20210914,29.4
20210915,25.9
20210916,25.7
20210918,27.2
20210919,24.0
20210920,22.3
20210921,27.5
20210923,29.2
20210924,27.9
20210926,24.0
20210927,28.0
20210928,28.0
20210929,28.6
20210930,28.6
20211002,23.9
20211003,22.1
20211004,22.1
20211005,18.6
20211006,15.6
20211009,20.8
20211014,20.5
20211016,20.1
20211019,17.1
20211022,19.6
20211023,18.3
20211024,18.2
20211027,22.5
20211028,21.3
20211029,19.6
20211031,20.1
20211101,17.6
20211102,13.1
20211104,14.5
20211105,14.5
20211107,12.7
20211108,7.4
20211109,11.3
20211110,14.7
20211111,14.7
20211113,18.4
20211114,18.4
20211115,16.9
20211117,13.2
20211118,13.2
20211119,10.0
20211120,10.0
20211121,8.9
20211122,7.6
20211123,8.9
20211125,13.7
20211126,13.7
20211127,13.7
20211128,10.2
20211129,9.2
20211130,7.5
20211202,13.4
20211203,13.4
20211204,13.9
20211205,13.9
20211206,12.3
20211207,12.3
20211208,10.3
20211209,7.6
20211210,9.8
20211211,11.6
20211212,11.6
20211213,4.3
20211215,6.9
20211216,5.2
20211217,4.3
20211218,5.9
20211219,9.2
20211221,13.2
20211222,8.1
20211223,5.9
20211224,-1.2
20211225,-4.1
20211228,6.2
20211229,6.2
20211231,6.8
20220101,8.3
20220102,8.3
20220103,6.5
20220104,6.5
20220105,3.9
20220106,6.5
20220107,6.5
20220108,9.6
20220109,9.6
20220110,2.4
20220111,2.4
20220112,2.8
20220114,3.9
20220116,3.6
20220117,6.0
20220118,6.0
20220119,2.7
20220120,-1.3
20220121,-1.7
20220123,0.1
20220125,6.1
20220126,6.1
20220127,3.6
20220128,3.6
20220129,4.9
20220130,4.9
20220131,3.3
20220201,2.5
20220203,4.6
20220204,3.2
20220206,6.1
20220207,6.6
20220208,8.6
20220209,8.6
20220210,10.3
20220211,10.3
20220212,8.9
20220213,1.0
20220214,-1.6
20220215,-1.6
20220216,0.0
20220217,0.0
20220218,4.1
20220219,4.1
20220221,4.9
20220222,4.9
20220223,7.2
20220224,11.2
20220225,14.0
20220226,14.0
20220227,16.2
20220228,16.2
20220301,13.9
20220302,16.6
20220303,16.6
20220304,11.7
20220305,11.6
20220306,11.9
20220308,18.1
20220309,17.4
20220310,19.3
20220311,19.3
20220312,13.2
20220313,13.2
20220315,20.8
20220316,15.7
20220317,12.7
20220318,3.5
20220322,12.9
20220323,12.5
20220324,12.5
20220326,20.6
20220327,20.6
20220328,18.0
20220329,18.0
20220330,12.7
20220331,15.0
20220401,15.6
20220402,19.8
20220403,22.0
20220404,22.0
20220405,25.1
20220407,23.5
20220408,24.0
20220410,26.0
20220412,27.5
20220413,21.2
20220414,20.1
20220415,21.1
20220417,23.4
20220418,23.1
20220421,28.8
20220422,26.5
20220423,27.4
20220424,27.4
20220425,26.2
20220426,26.2
20220427,23.2
20220502,26.3
20220503,32.0
20220505,32.9
20220508,18.8
20220510,19.1
20220512,20.7
20220522,34.6
20220523,34.0
20220525,31.9
20220529,35.3
20220531,31.9
20220603,35.8
20220604,35.4
20220606,34.6
20220607,28.4
20220608,26.6
20220609,25.1
20220611,28.4
20220612,27.1
20220613,27.1
20220614,27.0
20220615,27.6
20220616,30.1
20220618,32.2
20220619,32.2
20220621,34.9
20220622,33.8
20220623,36.4
20220625,39.2
20220626,39.2
20220627,32.0
20220628,31.1
20220629,27.8
20220630,31.7
20220701,31.7
20220702,31.5
20220703,31.5
20220704,29.8
20220706,32.9
20220707,36.3
20220708,36.3
20220709,35.1
20220710,35.1
20220712,27.5
20220716,36.3
20220717,37.2
20220718,37.2
20220719,35.7
20220722,33.3
20220725,33.5
20220726,33.3
20220727,33.3
20220731,33.0
20220801,34.1
20220806,36.7
20220808,32.7
20220809,27.8
20220813,32.4
20220814,32.4
20220816,35.1
20220817,31.0
20220818,30.7
20220820,31.7
20220821,31.4
20220823,33.3
20220824,28.7
20220825,32.3
20220826,32.3
20220827,27.7
20220828,27.5
20220831,32.0
20220901,32.0
20220903,28.4
20220909,32.0
20220910,31.9
20220911,31.6
20220912,30.1
20220913,30.3
20220915,31.3
20220918,30.5
20220919,30.5
20220920,26.2
20220923,27.2
20220925,26.4
20220926,28.5
20220928,29.1
20220930,29.8
20221001,29.4
20221002,24.8
20221003,20.5
20221004,20.5
20221005,16.7
20221008,19.9
20221012,20.7
20221013,20.5
20221014,22.0
20221015,24.4
20221016,24.4
20221017,19.4
20221018,19.4
20221019,21.1
20221020,21.1
20221021,22.1
20221022,22.1
20221023,22.4
20221024,22.4
20221025,19.9
20221026,19.3
20221027,18.4
20221028,13.1
20221029,14.4
20221030,15.8
20221031,17.3
20221101,17.3
20221103,16.2
20221106,16.5
20221108,16.8
20221109,16.5
20221111,16.9
20221112,13.2
20221113,11.3
20221115,17.1
20221118,15.4
20221120,14.3
20221121,13.0
20221122,13.0
20221123,13.1
20221124,13.1
20221125,13.4
20221126,13.4
20221128,13.3
20221130,-1.0
20221202,0.6
20221203,2.6
20221205,5.5
20221207,8.2
20221209,9.5
20221210,7.8
20221211,4.9
20221212,4.9
20221213,3.1
20221214,-0.1
20221215,-0.1
20221216,-1.0
20221217,-1.0
20221218,-0.3
20221220,2.8
20221221,2.6
20221222,0.4
20221223,0.5
20221224,4.1
20221225,4.1
20221227,3.8
20221228,3.2
20221229,3.4
20221230,4.2
20221231,7.7
20230101,7.7
20230102,4.6
20230103,3.6
20230104,5.4
20230105,5.4
20230106,9.2
20230107,9.2
20230108,12.2
20230109,12.2
20230110,8.8
20230111,7.5
20230112,4.2
20230113,7.3
20230114,7.3
20230115,0.2
20230116,1.4
20230117,3.4
20230119,4.6
20230120,4.6
20230121,1.3
20230122,4.8
20230123,4.8
20230124,-3.9
20230125,-4.4
20230126,1.3
20230127,2.0
20230128,6.0
20230129,10.0
20230130,10.0
20230131,14.0
20230201,14.0
20230202,4.3
20230203,5.8
20230204,9.2
20230205,9.2
20230207,8.4
20230209,7.5
20230210,3.4
20230211,3.4
20230212,3.4
20230213,6.2
20230214,6.2
20230216,7.2
20230217,7.2
20230219,11.4
20230220,11.4
20230221,7.3
20230222,9.3
20230224,10.9
20230226,11.5
20230227,12.0
20230301,14.8
20230304,20.4
20230305,16.5
20230306,23.0
20230307,23.0
20230308,21.3
20230309,20.2
20230312,14.7
20230313,15.5
20230314,21.3
20230315,21.3
20230316,12.0
20230317,11.4
20230319,17.3
20230321,18.3
20230322,18.3
20230323,15.1
20230324,13.0
20230325,15.0
20230326,16.0
20230327,20.5
20230328,21.2
20230331,25.1
20230401,23.2
20230402,22.3
20230403,20.1
20230405,17.7
20230406,18.2
20230407,18.2
20230410,28.5
20230411,28.5
20230413,23.4
20230414,23.4
20230415,22.8
20230419,27.5
20230420,26.6
20230421,18.4
20230422,14.9
20230426,20.4
20230427,20.1
20230429,25.0
20230430,25.0
20230501,26.6
20230503,28.5
20230504,27.9
20230505,20.2
20230509,28.1
20230512,27.3
20230514,30.2
20230515,34.5
20230516,34.9
20230517,34.9
20230518,28.2
20230519,28.2
20230522,30.5
20230524,30.6
20230525,28.0
20230527,29.7
20230530,31.9
20230602,32.1
20230608,37.6
20230610,33.5
20230611,30.7
20230622,41.1
20230623,41.1
20230625,40.0
20230626,34.7
20230627,37.2
20230628,37.2
20230702,39.7
20230703,38.2
20230704,33.2
20230705,40.9
20230707,41.0
20230708,38.0
20230710,39.6
20230711,39.6
20230712,34.9
20230714,35.9
20230715,35.9
20230716,36.5
20230717,36.5
20230719,37.1
20230720,37.1
20230721,36.6
20230722,27.2
20230723,34.5
20230724,34.5
20230725,34.2
20230726,34.2
20230727,34.2
20230728,33.6
20230729,30.3
20230730,29.3
20230731,26.9
20230801,28.7
20230802,31.0
20230803,32.0
20230805,36.0
20230806,36.0
20230807,28.3
20230808,31.3
20230809,33.2
20230810,33.2
20230811,32.2
20230813,34.6
20230815,35.1
20230817,35.5
20230818,37.0
20230819,37.0
20230820,35.1
20230821,33.4
20230822,31.7
20230824,31.8
20230827,28.0
20230829,29.7
20230830,31.0
20230831,31.0
20230902,30.6
20230903,30.1
20230905,32.0
20230908,31.5
20230909,28.0
20230912,29.1
20230917,29.5
20230918,30.0
20230919,30.0
20230927,28.4
20230928,28.4
20230930,27.9
20231001,26.0
20231002,26.0
20231004,25.5
20231005,24.0
20231012,23.4
20231013,22.9
20231014,24.1
20231015,24.1
20231016,23.4
20231019,22.8
20231020,20.1
20231023,23.2
20231026,27.5
20231028,22.7
20231029,21.5
20231031,22.5
20231102,22.6
20231103,22.0
20231104,17.2
20231105,16.8
20231106,11.2
20231107,12.1
20231109,14.4
20231110,8.1
20231111,7.2
20231115,11.6
20231116,11.6
20231117,11.6
20231119,17.3
20231120,17.3
20231121,15.0
20231122,16.3
20231124,1.8
20231125,1.5
20231126,2.3
20231127,10.9
20231128,10.9
20231129,4.1
20231130,3.1
20231202,10.5
20231203,10.5
20231204,10.5
20231205,10.9
20231206,11.0
20231207,11.0
20231209,12.2
20231210,8.3
20231211,0.9
20231212,-1.8
20231213,-1.6
20231214,-1.6
20231215,-3.9
20231216,-4.8
20231218,-4.8
20231219,-4.8
20231220,-6.4
20231221,-5.7
20231223,-0.5
20231227,3.7
20231229,4.6
20231231,4.3
20240101,4.3
20240105,8.4
20240106,5.6
20240107,2.8
20240108,1.5
20240110,5.2
20240112,7.3
20240113,6.4
20240116,3.8
20240117,3.1
20240119,3.4
20240121,1.1
20240123,0.4
20240124,4.4
20240125,5.7
20240126,5.7
20240127,5.6
20240129,6.6
20240130,3.1
20240131,1.5
20240201,1.5
20240204,4.1
20240206,4.9
20240207,6.6
20240209,9.2
20240210,9.2
20240211,12.4
20240212,12.4
20240213,15.7
20240214,12.1
20240215,12.1
20240216,9.4
20240217,11.7
20240218,11.7
20240219,9.4
20240220,3.5
20240225,10.3
20240226,10.3
20240227,5.8
20240229,6.5
20240303,11.8
20240304,9.9
20240305,6.5
20240306,9.9
20240309,14.4
20240310,14.4
20240317,21.1
20240318,16.0
20240320,16.1
20240321,15.4
20240323,23.5
20240324,21.1
20240325,16.0
20240326,16.0
20240401,14.4
20240404,20.4
20240408,26.8
20240409,21.2
20240410,16.0
20240412,27.1
20240413,27.1
20240414,26.3
20240419,29.3
20240422,24.8
20240423,24.3
20240425,27.7
20240426,27.7
20240427,27.6
20240428,22.8
20240429,16.3
20240503,27.2
20240504,26.6
20240509,29.5
20240510,28.8
20240511,27.7
20240515,32.9
20240518,31.8
20240519,31.1
20240521,28.5
20240523,30.6
20240524,29.6
20240531,32.7
20240605,33.0
20240606,30.0
20240607,30.0
20240610,35.4
20240611,36.9
20240612,36.9
20240613,36.3
20240614,33.8
20240615,33.2
20240619,37.1
20240620,36.0
20240621,32.9
20240623,34.1
20240625,35.3
20240627,36.2
20240629,35.9
20240701,32.8
20240702,28.4
20240704,30.0
20240707,33.3
20240708,33.1
20240709,33.1
20240712,34.2
20240713,32.0
20240715,29.9
20240716,30.2
20240718,38.0
20240719,38.0
20240720,35.6
20240721,34.5
20240722,34.3
20240723,35.9
20240724,36.3
20240725,36.3
20240726,32.5
20240727,33.6
20240729,35.3
20240730,35.3
20240802,34.7
20240803,34.0
20240806,34.1
20240807,34.1
20240809,33.6
20240810,33.0
20240811,33.0
20240813,30.9
20240815,32.1
20240816,31.9
20240818,31.9
20240819,30.8
20240823,35.4
20240824,33.3
20240825,32.7
20240826,29.8
20240831,34.1
20240902,32.6
20240903,28.4
20240904,27.3
20240906,29.9
20240907,29.9
20240908,23.4
20240909,25.0
20240910,25.0
20240912,29.3
20240913,29.3
20240914,28.9
20240917,29.0
20240918,29.4
20240919,30.5
20240920,30.5
20240926,25.0
20240927,24.5
20240928,24.5
20240930,25.4
20241004,22.7
20241005,23.1
20241006,23.1
20241007,22.2
20241009,23.5
20241010,22.1
20241011,23.3
20241012,24.3
20241013,24.3
20241015,21.9
20241016,21.9
20241017,18.1
20241019,18.9
20241020,13.2
20241022,17.3
20241023,19.0
20241024,21.5
20241025,21.5
20241026,19.7
20241030,19.9
20241031,18.2
20241102,20.0
20241104,20.9
20241106,16.7
20241107,16.2
20241108,16.1
20241109,16.5
20241111,19.3
20241123,14.2
20241124,10.9
20241125,9.5
20241126,7.4
20241127,5.1
20241129,15.1
20241202,15.0
20241203,9.7
20241204,9.7
20241205,9.1
20241206,9.1
20241207,7.3
20241208,6.4
20241211,6.4
20241212,5.8
20241214,5.6
20241215,8.3
20241216,9.1
20241217,9.1
20241218,5.5
20241219,4.5
20241220,3.4
20241221,3.4
20241224,7.2
20241225,6.8
20241226,6.8
20241227,2.6
20241228,6.4
20241229,6.4
20241231,7.3
20250101,7.0
20250102,5.3
20250105,8.3
20250106,8.3
20250107,6.5
20250108,6.1
20250109,2.1
20250111,4.3
20250113,8.4
20250114,8.4
20250116,8.5
20250117,8.5
20250120,9.1
20250122,9.5
20250123,6.2
20250125,6.3
20250126,3.2
20250127,1.0
20250130,1.2
20250201,0.5
20250203,5.0
20250205,1.7
20250207,0.9
20250208,0.0
20250209,1.5
20250210,5.3
20250211,5.3
20250215,14.5
20250216,14.5
20250217,8.4
20250218,7.3
20250219,7.3
20250220,6.9
20250221,6.0
20250222,4.3
20250223,5.1
20250226,12.4
20250227,14.3
20250228,19.0
20250301,19.0
20250302,15.5
20250303,9.1
20250305,13.0
20250306,13.1
20250307,13.1
20250310,16.3
20250311,15.8
20250313,19.6
20250314,18.9
20250315,11.0
20250319,22.0
20250321,27.1
20250322,29.1
20250323,29.1
20250324,26.3
20250325,22.0
20250326,21.0
20250327,18.3
20250328,13.4
20250329,11.5
20250330,15.3
20250402,21.9
20250408,25.8
20250411,26.0
20250412,26.0
20250416,31.5
20250420,25.0
20250421,25.0
20250424,27.5
20250427,24.5
20250428,26.0
20250430,29.8
20250501,27.3
20250502,25.9
20250503,24.0
20250504,25.2
20250505,25.2
20250509,24.9
20250512,28.5
20250513,32.3
20250514,32.3
20250517,28.3
20250518,24.7
20250520,31.4
20250521,31.4
20250522,29.2
20250524,29.3
20250525,29.3
20250530,31.9
20250531,29.5
20250607,35.6
20250609,34.6
20250610,34.6
20250613,35.5
20250614,32.9
20250615,28.0
20250619,34.9
20250620,33.8
20250621,34.6
20250622,38.3
20250623,38.3
20250624,38.2
20250625,38.2
20250626,35.6
20250627,30.9
20250629,31.4
20250701,31.6
20250703,32.9
20250706,35.5
20250707,34.4
20250708,34.4
20250710,33.6
20250713,36.2
20250714,36.2
20250715,34.3
20250716,31.1
20250717,35.5
20250719,35.8
20250720,31.8
20250722,34.2
20250723,34.2
20250724,33.7
20250725,32.5
20250727,33.7
20250728,33.1
20250730,33.2
20250731,33.2
20250801,32.3
20250803,34.7
20250804,34.7
20250805,32.5
20250807,36.0
20250808,35.3
20250809,33.3
20250811,33.2
20250812,31.9
20250813,30.5
20250815,31.4
20250816,31.0
20250817,32.1
20250818,32.1
20250819,31.9
20250820,31.0
20250821,31.0
20250823,32.2
20250824,28.3
