19510101,-14.0
19510102,-10.0
19510103,-11.4
19510104,-10.1
19510105,-10.4
19510106,-9.8
19510107,-10.3
19510108,-13.0
19510109,-17.5
19510110,-20.1
19510111,-20.2
19510112,-20.3
19510113,-22.8
19510114,-21.2
19510115,-19.1
19510116,-17.5
19510117,-13.9
19510118,-11.6
19510119,-9.2
19510120,-10.0
19510121,-14.9
19510122,-15.5
19510123,-13.1
19510124,-10.3
19510125,-5.8
19510126,-7.3
19510127,-9.9
19510128,-8.6
19510129,-6.4
19510130,-6.2
19510131,-9.1
19510201,-8.7
19510202,-7.9
19510203,-7.6
19510204,-10.6
19510205,-9.4
19510206,-10.6
19510207,-11.0
19510208,-8.3
19510209,-5.8
19510210,-10.4
19510211,-12.1
19510212,-7.1
19510213,-4.6
19510214,-7.0
19510215,-5.2
19510216,-8.0
19510217,-9.5
19510218,-5.4
19510219,-9.4
19510220,-1.9
19510221,-0.8
19510222,-3.2
19510223,-4.2
19510224,-3.2
19510225,-3.6
19510226,-3.1
19510227,-3.2
19510228,-8.8
19510301,-10.6
19510302,-9.4
19510303,-12.5
19510304,-8.6
19510305,-2.8
19510306,-3.2
19510307,-5.3
19510308,-2.7
19510309,-1.0
19510310,-1.5
19510311,-3.3
19510312,-7.3
19510313,-2.8
19510314,-3.2
19510315,1.1
19510316,3.4
19510317,2.0
19510318,-1.2
19510319,-2.4
19510320,-1.4
19510321,-3.4
19510322,-2.0
19510323,-3.9
19510324,1.1
19510325,0.9
19510326,5.3
19510327,3.5
19510328,2.4
19510329,2.0
19510330,-0.5
19510331,4.5
19510401,5.2
19510402,4.2
19510403,0.8
19510404,2.2
19510405,4.8
19510406,8.7
19510407,1.1
19510408,3.5
19510409,0.4
19510410,5.2
19510411,2.8
19510412,2.7
19510413,6.5
19510414,3.1
19510415,5.3
19510416,6.2
19510417,5.3
19510418,5.5
19510419,7.2
19510420,4.8
19510421,1.3
19510422,6.3
19510423,1.7
19510424,4.9
19510425,8.0
19510426,8.3
19510427,8.0
19510428,14.0
19510429,13.2
19510430,7.5
19510501,10.0
19510502,10.3
19510503,16.0
19510504,12.6
19510505,9.4
19510506,10.9
19510507,10.6
19510508,11.2
19510509,15.3
19510510,11.7
19510511,16.2
19510512,18.1
19510513,14.6
19510514,12.8
19510515,11.8
19510516,14.0
19510517,9.0
19510518,11.2
19510519,10.5
19510520,11.6
19510521,11.1
19510522,13.2
19510523,16.1
19510524,17.3
19510525,15.9
19510526,17.8
19510527,16.8
19510528,20.0
19510529,16.3
19510530,16.2
19510531,16.6
19510601,16.6
19510602,17.7
19510603,15.3
19510604,12.9
19510605,16.7
19510606,17.2
19510607,16.4
19510608,16.0
19510609,14.9
19510610,14.5
19510611,15.3
19510612,16.9
19510613,21.3
19510614,18.0
19510615,19.6
19510616,17.9
19510617,18.9
19510618,20.8
19510619,20.1
19510620,20.3
19510621,22.0
19510622,17.9
19510623,19.4
19510624,19.5
19510625,16.0
19510626,19.5
19510627,19.9
19510628,21.6
19510629,20.8
19510630,18.7
19510701,19.4
19510702,20.2
19510703,20.4
19510704,18.9
19510705,16.1
19510706,16.8
19510707,18.4
19510708,19.1
19510709,21.8
19510710,21.7
19510711,20.3
19510712,18.2
19510713,18.5
19510714,18.4
19510715,20.4
19510716,19.7
19510717,19.9
19510718,22.3
19510719,22.2
19510720,21.2
19510721,20.7
19510722,20.4
19510723,22.6
19510724,22.6
19510725,21.0
19510726,24.7
19510727,23.3
19510728,19.4
19510729,20.1
19510730,18.4
19510731,19.4
19510801,22.0
19510802,20.8
19510803,21.7
19510804,23.8
19510805,23.3
19510806,23.5
19510807,25.1
19510808,23.1
19510809,22.0
19510810,21.3
19510811,20.8
19510812,24.3
19510813,24.2
19510814,22.9
19510815,20.4
19510816,20.0
19510817,17.7
19510818,17.6
19510819,18.5
19510820,17.8
19510821,17.1
19510822,19.5
19510823,17.3
19510824,16.2
19510825,12.3
19510826,14.3
19510827,18.6
19510828,17.4
19510829,17.2
19510830,21.4
19510831,16.7
19510901,17.3
19510902,17.2
19510903,14.9
19510904,15.1
19510905,14.8
19510906,15.1
19510907,12.1
19510908,9.3
19510909,12.9
19510910,14.6
19510911,9.9
19510912,11.7
19510913,12.4
19510914,12.0
19510915,8.8
19510916,11.1
19510917,12.1
19510918,11.8
19510919,8.9
19510920,8.3
19510921,10.1
19510922,12.9
19510923,15.1
19510924,12.4
19510925,8.6
19510926,6.3
19510927,10.2
19510928,8.4
19510929,8.2
19510930,5.9
19511001,7.9
19511002,7.8
19511003,10.5
19511004,11.2
19511005,16.1
19511006,15.4
19511007,11.5
19511008,12.7
19511009,13.7
19511010,14.7
19511011,13.7
19511012,12.6
19511013,10.5
19511014,8.5
19511015,8.7
19511016,10.7
19511017,10.7
19511018,10.4
19511019,8.5
19511020,7.3
19511021,4.4
19511022,5.2
19511023,2.9
19511024,4.4
19511025,0.6
19511026,0.8
19511027,0.6
19511028,3.9
19511029,1.4
19511030,4.6
19511031,3.5
19511101,-0.5
19511102,0.3
19511103,2.7
19511104,6.1
19511105,1.8
19511106,0.9
19511107,0.9
19511108,-2.1
19511109,-1.6
19511110,-1.3
19511111,3.5
19511112,5.0
19511113,9.3
19511114,7.9
19511115,2.0
19511116,2.4
19511117,-1.2
19511118,0.0
19511119,5.8
19511120,6.3
19511121,-3.8
19511122,-6.4
19511123,-8.7
19511124,-7.2
19511125,-5.4
19511126,-8.4
19511127,-7.0
19511128,-5.7
19511129,-4.9
19511130,-5.2
19511201,-4.2
19511202,-0.2
19511203,-1.0
19511204,-1.0
19511205,-2.8
19511206,-5.6
19511207,-1.7
19511208,-6.5
19511209,-5.9
19511210,-4.3
19511211,-3.0
19511212,2.2
19511213,-3.3
19511214,-4.8
19511215,-6.1
19511216,-1.4
19511217,-4.0
19511218,-3.6
19511219,-5.4
19511220,-4.2
19511221,-5.7
19511222,-2.2
19511223,-6.6
19511224,-6.0
19511225,-2.0
19511226,-8.7
19511227,-6.5
19511228,-9.8
19511229,-12.4
19511230,-6.8
19511231,-8.6
19520101,-7.0
19520102,-6.7
19520103,-9.8
19520104,-7.8
19520105,-11.1
19520106,-8.4
19520107,-11.3
19520108,-9.8
19520109,-7.8
19520110,-8.4
19520111,-10.6
19520112,-9.8
19520113,-11.8
19520114,-9.8
19520115,-9.7
19520116,-4.4
19520117,-7.7
19520118,-9.8
19520119,-5.1
19520120,-6.9
19520121,-5.4
19520122,-4.0
19520123,-9.4
19520124,-8.9
19520125,-12.6
19520126,-12.0
19520127,-8.7
19520128,-5.6
19520129,-6.8
19520130,-8.5
19520131,-11.6
19520201,-12.5
19520202,-15.7
19520203,-15.7
19520204,-13.4
19520205,-13.8
19520206,-9.6
19520207,-14.5
19520208,-12.1
19520209,-4.4
19520210,-8.7
19520211,-6.7
19520212,-6.1
19520213,-5.7
19520214,-5.8
19520215,-11.7
19520216,-14.9
19520217,-14.4
19520218,-11.5
19520219,-7.4
19520220,-11.3
19520221,-9.6
19520222,-11.9
19520223,-12.9
19520224,-8.6
19520225,-5.5
19520226,-9.1
19520227,-8.7
19520228,-8.0
19520229,-3.5
19520301,-6.7
19520302,-7.7
19520303,-7.7
19520304,-6.6
19520305,-8.9
19520306,-5.6
19520307,0.0
19520308,-3.3
19520309,-3.0
19520310,-4.4
19520311,-6.4
19520312,-3.8
19520313,-3.0
19520314,0.1
19520315,2.4
19520316,-0.4
19520317,4.4
19520318,2.0
19520319,-0.6
19520320,-0.7
19520321,-1.2
19520322,0.6
19520323,0.4
19520324,-1.3
19520325,-1.4
19520326,2.3
19520327,-0.2
19520328,2.7
19520329,6.3
19520330,2.1
19520331,2.9
19520401,2.5
19520402,2.6
19520403,6.4
19520404,6.0
19520405,8.5
19520406,12.2
19520407,10.3
19520408,10.6
19520409,11.8
19520410,9.9
19520411,9.8
19520412,9.0
19520413,6.9
19520414,6.8
19520415,1.6
19520416,6.8
19520417,8.1
19520418,5.2
19520419,10.9
19520420,7.3
19520421,5.4
19520422,5.1
19520423,4.6
19520424,7.4
19520425,7.3
19520426,9.4
19520427,8.8
19520428,8.6
19520429,9.2
19520430,12.3
19520501,14.3
19520502,13.3
19520503,13.4
19520504,12.4
19520505,12.9
19520506,12.6
19520507,16.0
19520508,12.7
19520509,14.2
19520510,12.8
19520511,16.8
19520512,12.6
19520513,13.9
19520514,16.5
19520515,16.2
19520516,18.2
19520517,17.3
19520518,16.6
19520519,11.5
19520520,14.9
19520521,12.4
19520522,14.6
19520523,10.5
19520524,9.0
19520525,14.1
19520526,14.7
19520527,13.4
19520528,14.8
19520529,11.6
19520530,13.0
19520531,15.9
19520601,16.5
19520602,15.7
19520603,16.2
19520604,14.7
19520605,16.2
19520606,15.7
19520607,17.9
19520608,15.6
19520609,15.8
19520610,13.3
19520611,12.9
19520612,16.6
19520613,21.0
19520614,17.9
19520615,18.2
19520616,21.4
19520617,19.9
19520618,19.9
19520619,20.3
19520620,17.5
19520621,20.4
19520622,24.0
19520623,22.7
19520624,19.5
19520625,21.0
19520626,20.6
19520627,21.9
19520628,19.8
19520629,20.8
19520630,17.7
19520701,21.2
19520702,21.7
19520703,24.7
19520704,23.2
19520705,20.9
19520706,18.9
19520707,19.5
19520708,19.5
19520709,19.4
19520710,20.8
19520711,21.9
19520712,23.4
19520713,24.1
19520714,23.3
19520715,21.4
19520716,23.0
19520717,23.8
19520718,24.4
19520719,25.0
19520720,24.4
19520721,22.9
19520722,24.2
19520723,23.6
19520724,24.5
19520725,23.3
19520726,21.8
19520727,22.9
19520728,20.9
19520729,22.8
19520730,22.9
19520731,20.4
19520801,18.4
19520802,16.4
19520803,19.4
19520804,20.2
19520805,20.8
19520806,21.0
19520807,20.9
19520808,21.5
19520809,21.4
19520810,22.2
19520811,21.6
19520812,23.3
19520813,21.9
19520814,20.0
19520815,17.5
19520816,17.4
19520817,19.8
19520818,19.5
19520819,16.8
19520820,19.8
19520821,19.7
19520822,20.3
19520823,18.8
19520824,17.3
19520825,15.3
19520826,16.3
19520827,15.9
19520828,18.1
19520829,19.3
19520830,20.8
19520831,18.2
19520901,15.1
19520902,17.5
19520903,17.7
19520904,19.8
19520905,17.5
19520906,18.5
19520907,17.2
19520908,18.8
19520909,15.6
19520910,19.6
19520911,13.7
19520912,12.2
19520913,14.2
19520914,12.1
19520915,12.1
19520916,13.5
19520917,13.0
19520918,17.0
19520919,16.6
19520920,14.8
19520921,13.9
19520922,15.3
19520923,16.7
19520924,11.4
19520925,9.7
19520926,6.7
19520927,8.8
19520928,10.9
19520929,7.2
19520930,13.3
19521001,12.8
19521002,8.8
19521003,10.6
19521004,10.6
19521005,11.2
19521006,11.0
19521007,10.5
19521008,10.2
19521009,7.8
19521010,4.3
19521011,1.0
19521012,1.4
19521013,3.8
19521014,9.8
19521015,6.2
19521016,0.9
19521017,3.0
19521018,4.9
19521019,7.6
19521020,12.0
19521021,7.2
19521022,0.7
19521023,0.8
19521024,0.9
19521025,0.2
19521026,-1.4
19521027,1.5
19521028,3.2
19521029,2.2
19521030,6.8
19521031,6.9
19521101,1.7
19521102,2.9
19521103,6.4
19521104,2.3
19521105,-0.4
19521106,-4.0
19521107,-1.7
19521108,-1.4
19521109,2.4
19521110,-0.6
19521111,3.3
19521112,1.2
19521113,-1.6
19521114,-4.0
19521115,-1.7
19521116,0.0
19521117,-1.4
19521118,-2.6
19521119,-4.8
19521120,-7.2
19521121,-5.5
19521122,-4.8
19521123,-3.0
19521124,-1.6
19521125,-4.7
19521126,2.5
19521127,0.3
19521128,-0.9
19521129,-1.2
19521130,-4.7
19521201,-11.6
19521202,-13.0
19521203,-11.6
19521204,-10.6
19521205,-13.6
19521206,-10.6
19521207,-6.7
19521208,-7.6
19521209,-11.9
19521210,-6.1
19521211,-9.8
19521212,-6.5
19521213,-8.2
19521214,-6.5
19521215,-10.7
19521216,-14.3
19521217,-11.1
19521218,-15.2
19521219,-18.0
19521220,-17.7
19521221,-11.8
19521222,-12.6
19521223,-11.0
19521224,-11.9
19521225,-13.0
19521226,-6.1
19521227,-9.8
19521228,-14.2
19521229,-12.1
19521230,-6.4
19521231,-13.8
19530101,-16.2
19530102,-15.4
19530103,-15.2
19530104,-10.2
19530105,-7.6
19530106,-8.2
19530107,-10.6
19530108,-13.3
19530109,-11.4
19530110,-6.7
19530111,-9.9
19530112,-14.8
19530113,-13.7
19530114,-15.2
19530115,-17.6
19530116,-14.3
19530117,-19.4
19530118,-16.3
19530119,-15.6
19530120,-11.7
19530121,-11.6
19530122,-5.6
19530123,-7.2
19530124,-9.6
19530125,-5.3
19530126,-8.6
19530127,-9.3
19530128,-11.1
19530129,-11.8
19530130,-11.2
19530131,-13.4
19530201,-9.9
19530202,-10.6
19530203,-7.9
19530204,-6.8
19530205,-12.4
19530206,-17.6
19530207,-11.4
19530208,-15.0
19530209,-13.1
19530210,-6.3
19530211,-6.8
19530212,-8.8
19530213,-7.1
19530214,-9.4
19530215,-14.9
19530216,-15.2
19530217,-11.8
19530218,-13.4
19530219,-11.4
19530220,-8.9
19530221,-9.8
19530222,-10.8
19530223,-8.2
19530224,-6.6
19530225,-4.5
19530226,-1.2
19530227,-2.1
19530228,0.7
19530301,-1.2
19530302,-3.5
19530303,-3.5
19530304,-2.1
19530305,-4.0
19530306,1.0
19530307,0.7
19530308,-2.1
19530309,-0.8
19530310,2.1
19530311,2.0
19530312,-2.1
19530313,-4.2
19530314,-5.2
19530315,-2.3
19530316,-2.5
19530317,0.2
19530318,4.3
19530319,6.4
19530320,4.0
19530321,2.8
19530322,5.0
19530323,4.0
19530324,5.1
19530325,-0.8
19530326,0.0
19530327,-1.2
19530328,4.8
19530329,2.2
19530330,0.0
19530331,2.6
19530401,8.3
19530402,5.2
19530403,3.4
19530404,2.4
19530405,1.1
19530406,2.7
19530407,7.0
19530408,11.7
19530409,7.1
19530410,3.1
19530411,1.5
19530412,2.2
19530413,0.4
19530414,4.1
19530415,1.5
19530416,3.2
19530417,6.3
19530418,4.2
19530419,8.0
19530420,4.3
19530421,4.6
19530422,7.2
19530423,9.8
19530424,7.8
19530425,9.7
19530426,13.2
19530427,11.6
19530428,13.6
19530429,12.7
19530430,7.4
19530501,9.5
19530502,8.2
19530503,9.8
19530504,10.7
19530505,13.8
19530506,12.6
19530507,10.5
19530508,13.2
19530509,14.1
19530510,13.9
19530511,10.0
19530512,11.9
19530513,12.6
19530514,8.3
19530515,11.0
19530516,11.8
19530517,9.2
19530518,13.0
19530519,14.4
19530520,14.9
19530521,15.9
19530522,14.4
19530523,10.9
19530524,13.2
19530525,15.2
19530526,16.3
19530527,14.8
19530528,13.8
19530529,14.3
19530530,15.2
19530531,15.1
19530601,14.9
19530602,13.7
19530603,13.2
19530604,19.3
19530605,14.6
19530606,17.4
19530607,14.1
19530608,16.0
19530609,15.9
19530610,17.8
19530611,15.5
19530612,14.5
19530613,15.9
19530614,17.8
19530615,19.3
19530616,22.9
19530617,21.1
19530618,22.1
19530619,19.6
19530620,18.6
19530621,20.6
19530622,20.8
19530623,19.5
19530624,19.7
19530625,18.8
19530626,19.7
19530627,20.7
19530628,20.9
19530629,21.6
19530630,21.1
19530701,19.3
19530702,21.5
19530703,21.0
19530704,21.2
19530705,21.6
19530706,20.1
19530707,20.5
19530708,22.9
19530709,23.8
19530710,22.3
19530711,23.4
19530712,21.3
19530713,21.4
19530714,22.7
19530715,22.6
19530716,22.0
19530717,24.4
19530718,24.3
19530719,24.4
19530720,20.8
19530721,20.2
19530722,21.9
19530723,21.7
19530724,21.7
19530725,22.4
19530726,21.6
19530727,21.2
19530728,24.0
19530729,23.0
19530730,22.0
19530731,20.8
19530801,21.5
19530802,22.0
19530803,21.1
19530804,21.8
19530805,22.2
19530806,22.5
19530807,22.9
19530808,23.0
19530809,21.1
19530810,20.5
19530811,20.1
19530812,20.1
19530813,21.6
19530814,22.8
19530815,19.9
19530816,23.9
19530817,22.5
19530818,22.0
19530819,23.0
19530820,21.8
19530821,19.6
19530822,18.6
19530823,20.2
19530824,18.3
19530825,16.7
19530826,15.7
19530827,17.0
19530828,16.9
19530829,17.2
19530830,18.3
19530831,17.2
19530901,17.2
19530902,16.6
19530903,14.6
19530904,15.5
19530905,14.7
19530906,15.2
19530907,18.0
19530908,17.1
19530909,19.7
19530910,18.1
19530911,11.4
19530912,10.5
19530913,10.3
19530914,11.4
19530915,12.5
19530916,14.6
19530917,14.2
19530918,15.2
19530919,17.1
19530920,14.5
19530921,16.3
19530922,14.7
19530923,14.8
19530924,13.7
19530925,10.4
19530926,11.1
19530927,14.4
19530928,9.8
19530929,7.0
19530930,7.3
19531001,9.8
19531002,10.3
19531003,13.1
19531004,12.4
19531005,12.2
19531006,16.1
19531007,12.2
19531008,12.5
19531009,8.3
19531010,6.6
19531011,10.8
19531012,8.4
19531013,4.0
19531014,6.3
19531015,10.9
19531016,13.7
19531017,13.7
19531018,13.6
19531019,7.7
19531020,6.0
19531021,3.7
19531022,6.1
19531023,5.6
19531024,5.8
19531025,8.5
19531026,4.7
19531027,4.5
19531028,3.9
19531029,8.3
19531030,5.1
19531031,3.1
19531101,0.8
19531102,1.7
19531103,4.4
19531104,8.1
19531105,6.0
19531106,6.7
19531107,2.1
19531108,3.2
19531109,0.0
19531110,-0.7
19531111,-3.4
19531112,-3.9
19531113,-2.3
19531114,0.0
19531115,3.1
19531116,0.0
19531117,-2.2
19531118,-3.9
19531119,-5.5
19531120,-5.1
19531121,-2.9
19531122,-4.7
19531123,-5.6
19531124,-3.9
19531125,-1.1
19531126,-1.8
19531127,-2.5
19531128,-1.8
19531129,-3.0
19531130,4.0
19531201,-0.5
19531202,-8.5
19531203,-10.3
19531204,-8.2
19531205,-7.3
19531206,-9.4
19531207,-9.4
19531208,-4.4
19531209,-7.3
19531210,-10.8
19531211,-10.9
19531212,-8.0
19531213,-6.5
19531214,-4.1
19531215,-7.2
19531216,-4.6
19531217,-7.6
19531218,-7.1
19531219,-5.1
19531220,-7.8
19531221,-11.1
19531222,-8.6
19531223,-6.7
19531224,-9.9
19531225,-3.5
19531226,-9.2
19531227,-6.3
19531228,-9.2
19531229,-6.0
19531230,-8.2
19531231,-10.4
19540101,-10.9
19540102,-4.5
19540103,-4.0
19540104,-9.6
19540105,-9.5
19540106,-10.6
19540107,-10.2
19540108,-6.3
19540109,-7.5
19540110,-5.9
19540111,-10.7
19540112,-5.2
19540113,-8.4
19540114,-5.5
19540115,-4.3
19540116,-3.4
19540117,-5.2
19540118,-3.6
19540119,-3.3
19540120,-5.7
19540121,-5.6
19540122,-9.6
19540123,-11.5
19540124,-10.1
19540125,-7.9
19540126,-13.4
19540127,-5.2
19540128,-4.4
19540129,-10.2
19540130,-10.3
19540131,-10.9
19540201,-5.0
19540202,-8.0
19540203,-10.9
19540204,-8.6
19540205,-8.4
19540206,-6.4
19540207,-9.0
19540208,-7.7
19540209,-4.4
19540210,-3.9
19540211,-2.6
19540212,-7.5
19540213,-7.9
19540214,-9.1
19540215,-2.3
19540216,-3.6
19540217,-6.7
19540218,-11.6
19540219,-10.4
19540220,-6.8
19540221,-8.8
19540222,-7.9
19540223,-5.7
19540224,0.0
19540225,2.5
19540226,-0.5
19540227,-3.0
19540228,0.0
19540301,-0.3
19540302,-5.9
19540303,-10.3
19540304,-7.3
19540305,-8.4
19540306,-8.4
19540307,-6.9
19540308,-4.5
19540309,-5.2
19540310,-2.4
19540311,-2.6
19540312,-7.9
19540313,-5.7
19540314,-2.8
19540315,-4.0
19540316,-2.8
19540317,-0.1
19540318,2.8
19540319,-2.9
19540320,-2.5
19540321,-1.0
19540322,-2.1
19540323,3.9
19540324,-1.6
19540325,4.7
19540326,9.2
19540327,0.7
19540328,1.6
19540329,-0.1
19540330,9.7
19540331,1.8
19540401,4.6
19540402,9.9
19540403,5.7
19540404,5.4
19540405,6.4
19540406,3.9
19540407,0.9
19540408,1.7
19540409,4.6
19540410,9.6
19540411,5.0
19540412,7.9
19540413,12.8
19540414,8.2
19540415,7.9
19540416,8.2
19540417,9.7
19540418,7.4
19540419,6.0
19540420,3.0
19540421,4.8
19540422,5.5
19540423,13.3
19540424,3.7
19540425,7.3
19540426,6.5
19540427,6.0
19540428,14.5
19540429,10.1
19540430,8.0
19540501,7.0
19540502,10.5
19540503,11.4
19540504,10.2
19540505,14.1
19540506,12.5
19540507,13.3
19540508,14.9
19540509,12.9
19540510,11.8
19540511,15.1
19540512,17.3
19540513,16.0
19540514,12.1
19540515,12.6
19540516,11.9
19540517,10.6
19540518,15.6
19540519,12.6
19540520,11.8
19540521,12.1
19540522,10.5
19540523,10.3
19540524,10.1
19540525,11.9
19540526,15.8
19540527,13.5
19540528,14.9
19540529,15.1
19540530,15.3
19540531,15.6
19540601,13.9
19540602,12.0
19540603,14.4
19540604,19.7
19540605,16.0
19540606,16.2
19540607,17.9
19540608,16.4
19540609,15.0
19540610,13.1
19540611,15.1
19540612,16.2
19540613,18.6
19540614,17.1
19540615,17.5
19540616,19.1
19540617,17.3
19540618,17.0
19540619,18.2
19540620,18.4
19540621,21.1
19540622,17.3
19540623,19.3
19540624,18.2
19540625,18.3
19540626,18.5
19540627,19.1
19540628,19.1
19540629,19.6
19540630,19.5
19540701,20.6
19540702,20.0
19540703,19.9
19540704,20.2
19540705,20.8
19540706,19.4
19540707,20.0
19540708,20.5
19540709,22.3
19540710,21.1
19540711,20.5
19540712,21.3
19540713,19.3
19540714,18.9
19540715,18.0
19540716,21.5
19540717,21.3
19540718,22.2
19540719,21.8
19540720,19.9
19540721,19.6
19540722,20.4
19540723,21.0
19540724,20.7
19540725,22.2
19540726,20.8
19540727,20.8
19540728,19.0
19540729,21.2
19540730,17.5
19540731,16.2
19540801,17.2
19540802,18.6
19540803,20.5
19540804,18.8
19540805,19.8
19540806,23.3
19540807,23.0
19540808,22.5
19540809,21.3
19540810,20.9
19540811,22.8
19540812,20.5
19540813,21.0
19540814,21.8
19540815,18.4
19540816,19.3
19540817,20.3
19540818,20.0
19540819,20.6
19540820,19.9
19540821,20.0
19540822,21.3
19540823,22.8
19540824,21.8
19540825,21.4
19540826,21.5
19540827,19.8
19540828,20.8
19540829,21.5
19540830,17.8
19540831,19.6
19540901,17.7
19540902,19.8
19540903,18.8
19540904,20.1
19540905,17.7
19540906,17.5
19540907,13.4
19540908,13.2
19540909,15.5
19540910,16.5
19540911,15.7
19540912,14.4
19540913,15.5
19540914,14.8
19540915,13.8
19540916,18.6
19540917,8.9
19540918,9.4
19540919,15.5
19540920,11.9
19540921,13.6
19540922,15.5
19540923,13.5
19540924,10.2
19540925,10.9
19540926,11.5
19540927,10.7
19540928,6.4
19540929,13.3
19540930,12.6
19541001,13.6
19541002,12.4
19541003,4.4
19541004,2.4
19541005,8.8
19541006,8.8
19541007,8.6
19541008,6.5
19541009,6.1
19541010,3.7
19541011,7.9
19541012,5.5
19541013,6.5
19541014,9.4
19541015,8.7
19541016,6.9
19541017,4.8
19541018,9.8
19541019,7.5
19541020,7.5
19541021,5.2
19541022,7.1
19541023,10.5
19541024,10.3
19541025,9.9
19541026,12.2
19541027,7.5
19541028,0.3
19541029,2.3
19541030,3.6
19541031,1.4
19541101,4.6
19541102,-0.5
19541103,1.2
19541104,5.1
19541105,5.1
19541106,6.5
19541107,3.3
19541108,4.8
19541109,2.9
19541110,9.4
19541111,1.3
19541112,3.6
19541113,5.8
19541114,4.5
19541115,4.8
19541116,0.0
19541117,-5.8
19541118,-2.9
19541119,-4.2
19541120,-1.7
19541121,-0.7
19541122,-0.2
19541123,2.1
19541124,-2.5
19541125,-7.2
19541126,-5.1
19541127,-5.0
19541128,-2.6
19541129,-3.3
19541130,-6.1
19541201,-7.7
19541202,-9.5
19541203,-8.4
19541204,-10.2
19541205,-10.3
19541206,-7.4
19541207,-3.9
19541208,-8.8
19541209,-10.0
19541210,-9.1
19541211,-8.5
19541212,-9.0
19541213,-7.4
19541214,-11.8
19541215,-11.9
19541216,-8.0
19541217,-10.4
19541218,-8.1
19541219,-5.9
19541220,-5.8
19541221,-7.5
19541222,-4.7
19541223,-6.0
19541224,-10.5
19541225,-9.1
19541226,-12.4
19541227,-12.7
19541228,-12.9
19541229,-14.5
19541230,-12.2
19541231,-11.9
19550101,-13.1
19550102,-11.0
19550103,-14.1
19550104,-13.4
19550105,-10.7
19550106,-15.7
19550107,-14.8
19550108,-11.0
19550109,-13.1
19550110,-13.9
19550111,-12.5
19550112,-10.0
19550113,-13.9
19550114,-10.4
19550115,-13.9
19550116,-12.4
19550117,-6.4
19550118,-11.3
19550119,-2.3
19550120,-7.3
19550121,-8.4
19550122,-3.0
19550123,-3.5
19550124,-3.3
19550125,-6.0
19550126,-5.6
19550127,-7.9
19550128,-6.1
19550129,-8.3
19550130,-5.7
19550131,-9.0
19550201,-7.1
19550202,-0.8
19550203,-6.9
19550204,-5.3
19550205,-5.4
19550206,-6.0
19550207,-8.0
19550208,-2.5
19550209,-5.0
19550210,-9.3
19550211,-13.1
19550212,-11.4
19550213,-9.8
19550214,-6.5
19550215,-4.9
19550216,-5.1
19550217,-4.2
19550218,-3.1
19550219,-7.4
19550220,-7.9
19550221,-9.4
19550222,-5.4
19550223,-3.1
19550224,-2.3
19550225,-4.9
19550226,-2.2
19550227,-4.9
19550228,-6.7
19550301,-5.4
19550302,-6.0
19550303,-2.9
19550304,-3.6
19550305,-4.4
19550306,-3.0
19550307,-3.1
19550308,-4.0
19550309,-5.2
19550310,-2.0
19550311,-1.5
19550312,-3.5
19550313,-8.4
19550314,-3.3
19550315,-1.9
19550316,-2.1
19550317,4.5
19550318,-3.0
19550319,-2.3
19550320,0.0
19550321,0.4
19550322,-1.4
19550323,-5.3
19550324,0.5
19550325,-3.5
19550326,-1.5
19550327,3.6
19550328,-0.6
19550329,4.2
19550330,-0.5
19550331,-0.8
19550401,1.0
19550402,1.6
19550403,5.0
19550404,-0.3
19550405,5.5
19550406,7.7
19550407,16.6
19550408,11.5
19550409,6.8
19550410,6.7
19550411,9.7
19550412,11.8
19550413,8.9
19550414,9.3
19550415,10.2
19550416,8.8
19550417,2.8
19550418,3.9
19550419,1.8
19550420,5.4
19550421,5.3
19550422,8.8
19550423,10.5
19550424,9.2
19550425,4.9
19550426,6.1
19550427,10.6
19550428,5.5
19550429,7.8
19550430,10.8
19550501,12.0
19550502,14.7
19550503,14.9
19550504,11.5
19550505,8.0
19550506,12.5
19550507,12.7
19550508,14.1
19550509,17.4
19550510,12.9
19550511,9.5
19550512,11.5
19550513,13.5
19550514,16.8
19550515,15.6
19550516,17.1
19550517,13.5
19550518,16.0
19550519,11.4
19550520,11.5
19550521,12.4
19550522,9.0
19550523,13.9
19550524,14.5
19550525,16.2
19550526,14.9
19550527,13.8
19550528,11.0
19550529,14.8
19550530,13.1
19550531,12.3
19550601,13.9
19550602,11.2
19550603,13.1
19550604,16.3
19550605,22.1
19550606,16.6
19550607,18.7
19550608,19.5
19550609,20.3
19550610,17.8
19550611,19.7
19550612,21.5
19550613,21.0
19550614,19.5
19550615,18.9
19550616,18.1
19550617,16.6
19550618,15.8
19550619,17.9
19550620,19.0
19550621,20.0
19550622,20.6
19550623,22.3
19550624,21.2
19550625,19.1
19550626,19.9
19550627,20.1
19550628,18.1
19550629,20.4
19550630,20.6
19550701,20.0
19550702,20.6
19550703,17.2
19550704,21.7
19550705,17.0
19550706,18.0
19550707,22.6
19550708,24.0
19550709,20.8
19550710,20.6
19550711,19.8
19550712,19.1
19550713,19.7
19550714,20.5
19550715,20.5
19550716,20.0
19550717,19.2
19550718,23.4
19550719,23.4
19550720,23.2
19550721,23.9
19550722,23.4
19550723,24.7
19550724,26.1
19550725,24.8
19550726,25.2
19550727,23.4
19550728,23.7
19550729,21.8
19550730,24.3
19550731,24.6
19550801,19.9
19550802,23.0
19550803,23.8
19550804,22.2
19550805,23.1
19550806,23.4
19550807,24.7
19550808,24.4
19550809,23.2
19550810,23.6
19550811,23.0
19550812,23.2
19550813,22.0
19550814,22.3
19550815,24.2
19550816,23.4
19550817,22.7
19550818,23.1
19550819,22.4
19550820,24.2
19550821,21.5
19550822,20.1
19550823,19.7
19550824,20.8
19550825,23.9
19550826,23.3
19550827,18.3
19550828,16.0
19550829,14.0
19550830,15.8
19550831,15.7
19550901,18.3
19550902,19.7
19550903,19.6
19550904,21.0
19550905,18.4
19550906,21.4
19550907,17.5
19550908,16.7
19550909,18.3
19550910,16.1
19550911,16.2
19550912,14.6
19550913,11.2
19550914,14.3
19550915,16.5
19550916,13.9
19550917,12.6
19550918,12.0
19550919,12.4
19550920,15.0
19550921,15.8
19550922,15.0
19550923,10.4
19550924,8.3
19550925,15.4
19550926,14.6
19550927,12.9
19550928,14.2
19550929,13.9
19550930,14.6
19551001,14.6
19551002,13.6
19551003,12.4
19551004,12.0
19551005,10.1
19551006,7.0
19551007,4.5
19551008,1.3
19551009,4.8
19551010,1.7
19551011,5.8
19551012,8.9
19551013,9.3
19551014,10.9
19551015,2.8
19551016,7.0
19551017,9.9
19551018,3.4
19551019,5.4
19551020,6.9
19551021,3.9
19551022,3.9
19551023,7.1
19551024,9.9
19551025,7.5
19551026,7.9
19551027,10.0
19551028,4.2
19551029,7.3
19551030,0.5
19551031,-0.3
19551101,4.9
19551102,2.9
19551103,6.1
19551104,5.0
19551105,2.5
19551106,-0.4
19551107,-1.9
19551108,-3.2
19551109,-0.1
19551110,2.7
19551111,-2.1
19551112,-0.3
19551113,1.4
19551114,6.6
19551115,-1.0
19551116,-5.4
19551117,-5.3
19551118,-3.9
19551119,-2.0
19551120,-0.1
19551121,0.5
19551122,0.5
19551123,-2.5
19551124,-1.9
19551125,2.1
19551126,4.6
19551127,1.0
19551128,-4.7
19551129,-7.0
19551130,-2.6
19551201,-2.9
19551202,-2.0
19551203,-2.7
19551204,-1.5
19551205,0.6
19551206,-5.5
19551207,-3.2
19551208,-7.1
19551209,-4.3
19551210,-5.8
19551211,0.4
19551212,-4.1
19551213,-3.8
19551214,-5.1
19551215,-4.2
19551216,-5.3
19551217,-5.9
19551218,-4.2
19551219,-2.6
19551220,-4.9
19551221,-6.1
19551222,-10.2
19551223,-9.4
19551224,-8.6
19551225,-5.8
19551226,-5.3
19551227,-4.9
19551228,-8.7
19551229,-9.7
19551230,-8.0
19551231,-8.5
19560101,-8.3
19560102,-10.5
19560103,-6.9
19560104,-4.0
19560105,-6.5
19560106,-11.8
19560107,-12.4
19560108,-11.3
19560109,-11.5
19560110,-6.1
19560111,-6.2
19560112,-5.3
19560113,-5.6
19560114,-7.9
19560115,-5.1
19560116,-10.7
19560117,-4.4
19560118,-9.0
19560119,-9.9
19560120,-10.1
19560121,-10.7
19560122,-11.5
19560123,-8.9
19560124,-6.6
19560125,-9.6
19560126,-7.7
19560127,-7.9
19560128,-1.5
19560129,-6.6
19560130,-4.6
19560131,-5.1
19560201,-10.2
19560202,-6.9
19560203,-5.6
19560204,-0.6
19560205,-6.3
19560206,-6.5
19560207,-7.0
19560208,-6.6
19560209,-7.4
19560210,-9.0
19560211,-8.4
19560212,-10.4
19560213,-10.7
19560214,-7.3
19560215,-9.4
19560216,-11.4
19560217,-11.1
19560218,-10.1
19560219,-12.8
19560220,-8.3
19560221,-9.4
19560222,-7.2
19560223,-7.9
19560224,-4.2
19560225,-3.3
19560226,-1.1
19560227,-5.2
19560228,-7.5
19560229,-9.6
19560301,-10.0
19560302,-6.8
19560303,-11.8
19560304,-3.8
19560305,-3.7
19560306,-4.8
19560307,-5.5
19560308,-5.6
19560309,-4.5
19560310,-5.3
19560311,-8.2
19560312,-6.8
19560313,-3.3
19560314,-1.7
19560315,1.8
19560316,1.2
19560317,4.7
19560318,1.2
19560319,0.2
19560320,1.0
19560321,5.6
19560322,3.1
19560323,0.3
19560324,5.1
19560325,3.2
19560326,0.7
19560327,0.3
19560328,2.5
19560329,3.7
19560330,2.1
19560331,1.4
19560401,0.2
19560402,-1.8
19560403,3.0
19560404,3.2
19560405,4.1
19560406,6.1
19560407,5.2
19560408,4.1
19560409,4.1
19560410,3.2
19560411,8.6
19560412,4.7
19560413,10.5
19560414,16.7
19560415,10.2
19560416,7.2
19560417,3.7
19560418,8.4
19560419,6.4
19560420,6.0
19560421,9.0
19560422,11.3
19560423,9.2
19560424,6.4
19560425,10.9
19560426,9.2
19560427,4.8
19560428,5.1
19560429,4.2
19560430,8.7
19560501,5.1
19560502,10.4
19560503,3.7
19560504,11.2
19560505,9.5
19560506,9.1
19560507,9.2
19560508,13.4
19560509,13.3
19560510,11.2
19560511,9.7
19560512,5.9
19560513,7.9
19560514,10.5
19560515,11.2
19560516,11.9
19560517,17.1
19560518,15.2
19560519,12.2
19560520,16.6
19560521,17.3
19560522,16.8
19560523,12.9
19560524,11.2
19560525,8.5
19560526,13.0
19560527,14.5
19560528,15.9
19560529,16.5
19560530,14.1
19560531,18.5
19560601,16.6
19560602,17.0
19560603,16.8
19560604,16.0
19560605,16.2
19560606,18.3
19560607,18.5
19560608,19.6
19560609,21.2
19560610,21.1
19560611,18.1
19560612,18.4
19560613,16.1
19560614,17.4
19560615,18.6
19560616,17.8
19560617,16.5
19560618,18.0
19560619,18.3
19560620,17.5
19560621,17.1
19560622,17.1
19560623,17.7
19560624,20.5
19560625,16.3
19560626,16.7
19560627,16.3
19560628,19.3
19560629,19.2
19560630,18.4
19560701,21.1
19560702,22.1
19560703,21.8
19560704,19.8
19560705,18.3
19560706,21.6
19560707,19.4
19560708,21.0
19560709,19.6
19560710,17.3
19560711,18.2
19560712,19.6
19560713,19.9
19560714,19.1
19560715,19.9
19560716,21.7
19560717,21.6
19560718,21.4
19560719,20.8
19560720,23.5
19560721,24.6
19560722,23.5
19560723,25.9
19560724,23.4
19560725,18.3
19560726,20.7
19560727,21.1
19560728,24.0
19560729,25.4
19560730,22.6
19560731,25.0
19560801,22.9
19560802,24.4
19560803,22.9
19560804,23.0
19560805,24.0
19560806,25.3
19560807,27.3
19560808,23.4
19560809,23.3
19560810,22.0
19560811,19.8
19560812,20.5
19560813,19.6
19560814,21.2
19560815,17.8
19560816,18.4
19560817,19.8
19560818,18.2
19560819,19.2
19560820,18.9
19560821,19.0
19560822,21.7
19560823,16.5
19560824,17.6
19560825,16.2
19560826,19.2
19560827,18.7
19560828,19.9
19560829,20.4
19560830,19.3
19560831,15.6
19560901,17.0
19560902,19.1
19560903,20.4
19560904,18.7
19560905,15.7
19560906,14.3
19560907,12.4
19560908,12.5
19560909,15.5
19560910,15.3
19560911,12.4
19560912,12.8
19560913,16.0
19560914,17.6
19560915,16.6
19560916,16.6
19560917,18.5
19560918,17.7
19560919,14.2
19560920,14.5
19560921,17.5
19560922,19.3
19560923,19.0
19560924,16.4
19560925,8.4
19560926,4.9
19560927,9.3
19560928,11.3
19560929,15.1
19560930,15.1
19561001,15.9
19561002,9.2
19561003,4.0
19561004,8.3
19561005,9.6
19561006,13.0
19561007,14.0
19561008,9.2
19561009,11.6
19561010,8.2
19561011,3.5
19561012,2.8
19561013,4.3
19561014,5.7
19561015,5.5
19561016,9.8
19561017,9.7
19561018,6.9
19561019,1.5
19561020,2.8
19561021,4.8
19561022,8.3
19561023,7.9
19561024,4.6
19561025,-1.3
19561026,2.4
19561027,2.1
19561028,5.0
19561029,8.5
19561030,4.7
19561031,2.2
19561101,2.3
19561102,3.3
19561103,2.1
19561104,-0.2
19561105,-3.4
19561106,-3.2
19561107,-2.8
19561108,0.6
19561109,3.1
19561110,0.5
19561111,-1.6
19561112,-3.9
19561113,-0.8
19561114,3.6
19561115,-2.6
19561116,-4.8
19561117,-2.6
19561118,-3.8
19561119,-1.6
19561120,-0.3
19561121,-3.8
19561122,-7.1
19561123,-7.7
19561124,-7.9
19561125,-8.9
19561126,-3.6
19561127,-6.5
19561128,-6.2
19561129,-6.4
19561130,-8.1
19561201,-8.8
19561202,-7.9
19561203,-5.5
19561204,-4.1
19561205,-9.3
19561206,-4.4
19561207,-9.4
19561208,-10.4
19561209,-12.7
19561210,-13.1
19561211,-11.4
19561212,-10.6
19561213,-11.4
19561214,-13.9
19561215,-12.3
19561216,-9.8
19561217,-8.3
19561218,-9.8
19561219,-8.4
19561220,-12.6
19561221,-11.5
19561222,-13.8
19561223,-12.9
19561224,-13.3
19561225,-13.2
19561226,-10.4
19561227,-9.2
19561228,-11.3
19561229,-9.6
19561230,-6.3
19561231,-8.8
19570101,-4.5
19570102,-4.7
19570103,-4.9
19570104,-13.1
19570105,-14.6
19570106,-10.4
19570107,-14.1
19570108,-11.5
19570109,-10.0
19570110,-10.6
19570111,-7.6
19570112,-14.0
19570113,-15.6
19570114,-11.3
19570115,-16.2
19570116,-9.6
19570117,-8.3
19570118,-10.6
19570119,-11.3
19570120,-12.0
19570121,-10.7
19570122,-11.9
19570123,-12.4
19570124,-10.3
19570125,-7.6
19570126,-9.6
19570127,-6.9
19570128,-3.2
19570129,-5.1
19570130,-14.4
19570131,-14.3
19570201,-11.4
19570202,-7.2
19570203,-12.9
19570204,-12.5
19570205,-10.2
19570206,-10.1
19570207,-12.4
19570208,-15.2
19570209,-15.7
19570210,-12.9
19570211,-12.7
19570212,-13.8
19570213,-11.3
19570214,-9.8
19570215,-13.7
19570216,-11.4
19570217,-8.0
19570218,-10.7
19570219,-13.5
19570220,-11.0
19570221,-9.1
19570222,-4.4
19570223,-6.7
19570224,-7.8
19570225,-12.9
19570226,-10.2
19570227,-6.5
19570228,-6.4
19570301,-5.0
19570302,-3.5
19570303,-1.1
19570304,-4.3
19570305,-6.6
19570306,-3.8
19570307,-1.5
19570308,-2.7
19570309,-4.7
19570310,-7.5
19570311,-7.3
19570312,-9.6
19570313,-8.0
19570314,-5.6
19570315,-3.1
19570316,-1.5
19570317,-1.6
19570318,-3.1
19570319,-1.0
19570320,-2.5
19570321,1.1
19570322,-1.7
19570323,-2.9
19570324,-1.5
19570325,-3.0
19570326,-3.2
19570327,0.1
19570328,-0.1
19570329,2.3
19570330,-1.4
19570331,-1.5
19570401,1.0
19570402,-2.4
19570403,-1.2
19570404,5.2
19570405,7.3
19570406,5.8
19570407,8.3
19570408,10.2
19570409,-0.2
19570410,-0.3
19570411,0.1
19570412,6.6
19570413,5.9
19570414,1.5
19570415,9.9
19570416,6.6
19570417,10.8
19570418,11.2
19570419,10.2
19570420,8.1
19570421,9.5
19570422,13.0
19570423,12.8
19570424,11.0
19570425,4.1
19570426,12.2
19570427,7.2
19570428,13.4
19570429,14.6
19570430,6.3
19570501,12.1
19570502,10.3
19570503,9.7
19570504,9.7
19570505,10.4
19570506,9.6
19570507,8.8
19570508,10.3
19570509,15.8
19570510,15.6
19570511,9.6
19570512,5.4
19570513,11.9
19570514,16.2
19570515,15.4
19570516,19.1
19570517,13.8
19570518,15.3
19570519,11.7
19570520,14.6
19570521,16.0
19570522,18.6
19570523,15.7
19570524,12.3
19570525,14.8
19570526,21.8
19570527,16.6
19570528,15.6
19570529,14.4
19570530,11.5
19570531,13.1
19570601,12.5
19570602,13.4
19570603,11.7
19570604,14.5
19570605,15.5
19570606,16.0
19570607,15.7
19570608,14.3
19570609,17.3
19570610,15.9
19570611,11.9
19570612,17.3
19570613,17.7
19570614,16.7
19570615,18.3
19570616,17.9
19570617,18.4
19570618,19.1
19570619,19.6
19570620,20.4
19570621,21.6
19570622,19.6
19570623,15.4
19570624,19.2
19570625,20.0
19570626,22.7
19570627,20.2
19570628,21.6
19570629,20.6
19570630,21.5
19570701,22.2
19570702,18.0
19570703,18.3
19570704,20.4
19570705,22.0
19570706,22.0
19570707,20.5
19570708,21.4
19570709,20.5
19570710,21.8
19570711,19.9
19570712,22.6
19570713,19.5
19570714,19.4
19570715,20.3
19570716,23.1
19570717,21.8
19570718,20.7
19570719,19.2
19570720,17.7
19570721,18.5
19570722,21.4
19570723,24.9
19570724,23.4
19570725,22.1
19570726,21.4
19570727,18.4
19570728,22.3
19570729,21.3
19570730,20.7
19570731,20.4
19570801,19.4
19570802,19.8
19570803,20.3
19570804,19.8
19570805,21.4
19570806,19.1
19570807,21.1
19570808,23.3
19570809,22.7
19570810,20.4
19570811,21.1
19570812,19.7
19570813,21.5
19570814,21.2
19570815,19.7
19570816,22.3
19570817,19.7
19570818,17.9
19570819,18.3
19570820,21.0
19570821,20.2
19570822,21.5
19570823,23.3
19570824,21.3
19570825,18.7
19570826,19.6
19570827,19.0
19570828,21.0
19570829,18.0
19570830,17.7
19570831,15.7
19570901,14.2
19570902,11.0
19570903,14.5
19570904,14.6
19570905,13.4
19570906,10.5
19570907,16.7
19570908,10.1
19570909,10.7
19570910,10.9
19570911,15.5
19570912,9.5
19570913,10.6
19570914,14.9
19570915,14.0
19570916,15.6
19570917,11.7
19570918,9.1
19570919,14.9
19570920,11.0
19570921,13.4
19570922,14.2
19570923,11.9
19570924,5.6
19570925,4.9
19570926,5.3
19570927,10.2
19570928,10.1
19570929,10.3
19570930,8.9
19571001,7.2
19571002,10.7
19571003,14.8
19571004,11.7
19571005,11.8
19571006,4.9
19571007,4.4
19571008,11.0
19571009,6.9
19571010,8.7
19571011,9.4
19571012,6.1
19571013,8.7
19571014,9.2
19571015,12.2
19571016,8.6
19571017,-0.7
19571018,1.5
19571019,5.3
19571020,6.4
19571021,0.9
19571022,7.6
19571023,0.9
19571024,1.0
19571025,4.1
19571026,4.4
19571027,8.5
19571028,4.6
19571029,-0.8
19571030,-0.3
19571031,-0.3
19571101,3.2
19571102,6.0
19571103,-0.1
19571104,-2.0
19571105,5.4
19571106,3.0
19571107,-1.5
19571108,1.5
19571109,4.2
19571110,5.1
19571111,2.1
19571112,1.3
19571113,1.5
19571114,0.3
19571115,2.4
19571116,1.9
19571117,2.7
19571118,3.0
19571119,0.4
19571120,-5.4
19571121,-3.2
19571122,4.3
19571123,-0.3
19571124,-1.4
19571125,-0.3
19571126,1.6
19571127,-1.5
19571128,-5.1
19571129,-6.1
19571130,-6.7
19571201,-4.9
19571202,-8.0
19571203,-6.9
19571204,-4.8
19571205,-8.2
19571206,-5.9
19571207,-5.2
19571208,-3.5
19571209,-7.2
19571210,-6.2
19571211,-5.9
19571212,-2.0
19571213,0.8
19571214,-7.1
19571215,-6.5
19571216,-5.4
19571217,-7.4
19571218,-10.6
19571219,-9.5
19571220,-9.9
19571221,-9.0
19571222,-5.7
19571223,-8.2
19571224,-3.8
19571225,-7.1
19571226,-8.3
19571227,-5.3
19571228,-4.8
19571229,-9.8
19571230,-12.5
19571231,-12.3
19580101,-6.3
19580102,-7.6
19580103,-12.8
19580104,-4.4
19580105,-9.1
19580106,-5.6
19580107,-6.5
19580108,-8.0
19580109,-6.7
19580110,-7.7
19580111,-3.2
19580112,-5.2
19580113,-6.8
19580114,-13.2
19580115,-17.5
19580116,-17.1
19580117,-17.7
19580118,-17.2
19580119,-12.5
19580120,-7.5
19580121,-11.0
19580122,-12.2
19580123,-13.5
19580124,-8.7
19580125,-8.6
19580126,-7.9
19580127,-13.1
19580128,-10.5
19580129,-11.3
19580130,-10.3
19580131,-12.4
19580201,-12.8
19580202,-9.5
19580203,-7.7
19580204,-8.3
19580205,-7.5
19580206,-3.2
19580207,-4.9
19580208,-6.3
19580209,-3.5
19580210,-5.8
19580211,-8.2
19580212,-9.3
19580213,-10.9
19580214,-9.8
19580215,-5.8
19580216,-7.0
19580217,-9.5
19580218,-4.2
19580219,-9.3
19580220,-8.6
19580221,-4.2
19580222,-1.6
19580223,-1.6
19580224,-5.2
19580225,-2.3
19580226,-9.7
19580227,-8.5
19580228,-7.4
19580301,-7.3
19580302,-10.6
19580303,-8.2
19580304,-6.2
19580305,-5.3
19580306,-2.7
19580307,-2.8
19580308,-2.8
19580309,-3.0
19580310,2.5
19580311,-0.2
19580312,3.2
19580313,4.8
19580314,0.4
19580315,-2.6
19580316,1.9
19580317,-0.3
19580318,-3.1
19580319,0.5
19580320,0.1
19580321,4.1
19580322,1.2
19580323,7.3
19580324,4.1
19580325,1.4
19580326,-1.5
19580327,-5.2
19580328,-6.2
19580329,-5.3
19580330,-2.7
19580331,2.6
19580401,2.1
19580402,2.4
19580403,4.5
19580404,7.8
19580405,8.2
19580406,4.1
19580407,0.9
19580408,-1.0
19580409,9.8
19580410,4.4
19580411,1.0
19580412,3.3
19580413,1.4
19580414,4.4
19580415,6.6
19580416,9.7
19580417,10.8
19580418,5.3
19580419,10.6
19580420,10.2
19580421,13.0
19580422,10.4
19580423,15.2
19580424,8.8
19580425,9.0
19580426,10.9
19580427,4.4
19580428,8.7
19580429,12.0
19580430,9.9
19580501,12.5
19580502,10.8
19580503,6.3
19580504,7.2
19580505,12.0
19580506,14.7
19580507,11.3
19580508,14.7
19580509,14.3
19580510,9.5
19580511,9.1
19580512,6.4
19580513,10.8
19580514,8.9
19580515,10.4
19580516,10.4
19580517,14.2
19580518,14.9
19580519,14.3
19580520,17.4
19580521,19.2
19580522,11.6
19580523,14.5
19580524,13.5
19580525,15.1
19580526,18.5
19580527,18.1
19580528,19.2
19580529,22.0
19580530,21.7
19580531,19.7
19580601,20.0
19580602,18.2
19580603,13.0
19580604,14.3
19580605,16.2
19580606,17.8
19580607,15.0
19580608,19.6
19580609,18.0
19580610,17.6
19580611,18.3
19580612,17.9
19580613,16.7
19580614,15.6
19580615,15.8
19580616,14.7
19580617,18.0
19580618,17.6
19580619,20.7
19580620,19.7
19580621,20.9
19580622,18.5
19580623,19.6
19580624,20.9
19580625,25.5
19580626,22.7
19580627,19.3
19580628,22.9
19580629,20.8
19580630,21.7
19580701,21.1
19580702,22.7
19580703,23.9
19580704,24.9
19580705,23.1
19580706,21.5
19580707,20.2
19580708,17.0
19580709,22.2
19580710,22.9
19580711,20.5
19580712,18.9
19580713,18.6
19580714,21.6
19580715,24.1
19580716,24.0
19580717,23.5
19580718,23.5
19580719,23.9
19580720,24.9
19580721,26.4
19580722,22.9
19580723,23.8
19580724,20.6
19580725,18.7
19580726,21.8
19580727,21.8
19580728,23.6
19580729,22.8
19580730,21.9
19580731,17.7
19580801,20.0
19580802,20.8
19580803,17.4
19580804,19.3
19580805,21.1
19580806,22.6
19580807,22.8
19580808,24.7
19580809,23.3
19580810,18.1
19580811,17.8
19580812,19.2
19580813,17.6
19580814,16.2
19580815,18.6
19580816,19.5
19580817,22.8
19580818,21.9
19580819,20.2
19580820,19.8
19580821,18.2
19580822,19.2
19580823,18.1
19580824,18.3
19580825,18.5
19580826,20.1
19580827,19.1
19580828,18.3
19580829,18.1
19580830,16.9
19580831,16.1
19580901,17.6
19580902,19.4
19580903,18.1
19580904,19.4
19580905,16.5
19580906,16.9
19580907,18.1
19580908,17.0
19580909,17.7
19580910,18.2
19580911,17.1
19580912,17.3
19580913,20.7
19580914,17.8
19580915,17.2
19580916,13.3
19580917,12.7
19580918,10.3
19580919,14.6
19580920,15.7
19580921,16.0
19580922,16.8
19580923,16.2
19580924,15.2
19580925,15.8
19580926,17.1
19580927,11.1
19580928,7.2
19580929,5.0
19580930,10.8
19581001,6.8
19581002,4.9
19581003,6.5
19581004,9.7
19581005,8.9
19581006,12.0
19581007,10.8
19581008,12.2
19581009,11.9
19581010,15.2
19581011,12.2
19581012,13.3
19581013,9.0
19581014,7.0
19581015,2.3
19581016,1.3
19581017,1.9
19581018,5.8
19581019,7.0
19581020,10.1
19581021,5.9
19581022,2.5
19581023,0.7
19581024,2.2
19581025,5.5
19581026,-1.0
19581027,-0.9
19581028,2.7
19581029,5.3
19581030,0.3
19581031,2.3
19581101,2.3
19581102,2.4
19581103,4.2
19581104,5.7
19581105,0.9
19581106,2.8
19581107,-1.8
19581108,0.0
19581109,6.8
19581110,2.3
19581111,-0.2
19581112,0.8
19581113,1.1
19581114,-0.1
19581115,-2.7
19581116,-2.7
19581117,1.1
19581118,0.3
19581119,-1.3
19581120,-0.6
19581121,-3.2
19581122,1.6
19581123,-3.8
19581124,-3.0
19581125,-0.6
19581126,-2.8
19581127,-3.9
19581128,-3.5
19581129,0.1
19581130,-3.3
19581201,-4.2
19581202,-3.7
19581203,-0.3
19581204,-2.0
19581205,-3.7
19581206,-3.2
19581207,1.4
19581208,-1.3
19581209,0.4
19581210,-4.6
19581211,-2.1
19581212,0.1
19581213,-2.8
19581214,-1.3
19581215,-3.8
19581216,-4.0
19581217,-2.3
19581218,-2.3
19581219,-4.4
19581220,-5.4
19581221,-4.8
19581222,-4.0
19581223,-4.7
19581224,-3.6
19581225,-3.1
19581226,-2.7
19581227,-4.5
19581228,-7.7
19581229,-5.5
19581230,-4.3
19581231,-11.6
19590101,-10.9
19590102,-8.2
19590103,-11.7
19590104,-15.7
19590105,-13.8
19590106,-15.2
19590107,-7.7
19590108,-10.4
19590109,-7.3
19590110,-8.2
19590111,-6.3
19590112,-5.1
19590113,-7.7
19590114,-11.1
19590115,-8.9
19590116,-13.5
19590117,-16.8
19590118,-10.7
19590119,-11.9
19590120,-9.4
19590121,-4.9
19590122,-8.8
19590123,-9.1
19590124,-3.7
19590125,-6.4
19590126,-6.3
19590127,-4.0
19590128,-7.7
19590129,-4.1
19590130,-11.2
19590131,-9.2
19590201,-3.6
19590202,-5.1
19590203,-4.7
19590204,-2.5
19590205,-3.3
19590206,-1.1
19590207,-7.0
19590208,-5.5
19590209,-5.1
19590210,-7.7
19590211,-4.1
19590212,-4.2
19590213,-0.3
19590214,-0.6
19590215,0.4
19590216,-0.9
19590217,-2.0
19590218,-5.0
19590219,-2.1
19590220,-0.1
19590221,-3.0
19590222,-5.1
19590223,-3.7
19590224,-4.5
19590225,-1.1
19590226,-6.2
19590227,-9.6
19590228,-5.9
19590301,-5.7
19590302,-4.2
19590303,-3.7
19590304,-1.7
19590305,3.3
19590306,4.8
19590307,0.5
19590308,2.0
19590309,-0.1
19590310,0.7
19590311,0.0
19590312,-2.3
19590313,-1.3
19590314,0.8
19590315,1.3
19590316,2.2
19590317,4.0
19590318,6.2
19590319,7.8
19590320,5.9
19590321,4.2
19590322,5.8
19590323,4.7
19590324,4.1
19590325,9.6
19590326,3.7
19590327,5.7
19590328,12.7
19590329,7.0
19590330,7.2
19590331,3.1
19590401,3.7
19590402,5.3
19590403,9.0
19590404,7.8
19590405,4.6
19590406,7.5
19590407,5.4
19590408,10.0
19590409,9.7
19590410,8.0
19590411,4.2
19590412,10.5
19590413,1.8
19590414,4.7
19590415,8.6
19590416,9.5
19590417,1.7
19590418,5.3
19590419,11.2
19590420,14.5
19590421,6.2
19590422,0.8
19590423,5.1
19590424,8.3
19590425,8.2
19590426,7.3
19590427,4.5
19590428,7.5
19590429,9.5
19590430,12.4
19590501,13.1
19590502,15.2
19590503,12.2
19590504,15.7
19590505,10.8
19590506,8.2
19590507,9.3
19590508,10.3
19590509,11.8
19590510,15.0
19590511,5.6
19590512,12.8
19590513,10.2
19590514,12.8
19590515,13.3
19590516,16.2
19590517,17.9
19590518,12.8
19590519,15.8
19590520,10.3
19590521,10.9
19590522,9.5
19590523,13.5
19590524,15.2
19590525,17.4
19590526,19.7
19590527,13.6
19590528,15.9
19590529,16.8
19590530,19.4
19590531,11.9
19590601,14.6
19590602,19.6
19590603,19.9
19590604,15.6
19590605,16.8
19590606,15.2
19590607,14.0
19590608,17.0
19590609,18.0
19590610,16.5
19590611,15.8
19590612,14.4
19590613,18.7
19590614,15.2
19590615,20.4
19590616,19.8
19590617,20.4
19590618,17.2
19590619,16.8
19590620,17.5
19590621,15.0
19590622,17.5
19590623,18.5
19590624,19.1
19590625,21.5
19590626,21.6
19590627,20.0
19590628,19.6
19590629,21.0
19590630,21.1
19590701,21.6
19590702,20.7
19590703,19.5
19590704,19.4
19590705,22.4
19590706,19.4
19590707,21.3
19590708,21.5
19590709,19.7
19590710,22.5
19590711,23.6
19590712,22.2
19590713,21.6
19590714,21.6
19590715,23.7
19590716,20.4
19590717,19.8
19590718,18.4
19590719,23.3
19590720,23.2
19590721,22.7
19590722,23.0
19590723,21.0
19590724,24.2
19590725,21.2
19590726,22.8
19590727,25.0
19590728,24.4
19590729,23.8
19590730,22.8
19590731,22.8
19590801,23.3
19590802,22.6
19590803,21.0
19590804,23.4
19590805,22.8
19590806,22.0
19590807,19.7
19590808,20.4
19590809,19.9
19590810,20.5
19590811,22.6
19590812,21.8
19590813,20.5
19590814,19.4
19590815,18.8
19590816,21.0
19590817,18.4
19590818,21.5
19590819,20.0
19590820,19.4
19590821,19.2
19590822,21.4
19590823,20.0
19590824,20.7
19590825,20.1
19590826,19.8
19590827,17.3
19590828,17.4
19590829,20.3
19590830,20.9
19590831,16.8
19590901,19.1
19590902,17.4
19590903,19.9
19590904,17.1
19590905,16.8
19590906,17.9
19590907,15.7
19590908,14.2
19590909,10.7
19590910,14.1
19590911,13.6
19590912,15.3
19590913,16.3
19590914,17.2
19590915,15.2
19590916,10.2
19590917,13.6
19590918,12.4
19590919,9.0
19590920,11.0
19590921,14.9
19590922,16.7
19590923,10.3
19590924,11.2
19590925,14.6
19590926,12.3
19590927,13.7
19590928,11.1
19590929,10.5
19590930,14.1
19591001,9.3
19591002,13.1
19591003,8.1
19591004,9.0
19591005,11.4
19591006,14.4
19591007,13.3
19591008,15.7
19591009,13.9
19591010,12.3
19591011,5.8
19591012,7.2
19591013,3.4
19591014,5.3
19591015,6.3
19591016,12.0
19591017,10.3
19591018,10.0
19591019,10.4
19591020,11.4
19591021,10.3
19591022,12.0
19591023,7.6
19591024,3.8
19591025,2.4
19591026,3.3
19591027,4.9
19591028,6.7
19591029,0.2
19591030,1.8
19591031,6.6
19591101,6.3
19591102,5.8
19591103,1.4
19591104,3.7
19591105,4.0
19591106,0.0
19591107,1.6
19591108,-3.3
19591109,-4.7
19591110,-6.5
19591111,-1.9
19591112,-2.1
19591113,-6.0
19591114,-2.3
19591115,-1.7
19591116,0.7
19591117,1.4
19591118,3.5
19591119,-1.6
19591120,1.6
19591121,-3.9
19591122,-1.6
19591123,-2.1
19591124,-6.4
19591125,-9.4
19591126,-8.0
19591127,-6.1
19591128,-3.7
19591129,-4.8
19591130,0.6
19591201,0.5
19591202,-4.9
19591203,-2.0
19591204,-0.7
19591205,-4.8
19591206,-4.6
19591207,-5.7
19591208,-4.6
19591209,-4.2
19591210,-0.7
19591211,-2.0
19591212,-0.7
19591213,-3.1
19591214,-1.8
19591215,-5.0
19591216,-7.4
19591217,-12.4
19591218,-8.6
19591219,-5.5
19591220,-5.5
19591221,-8.4
19591222,-7.2
19591223,-5.6
19591224,-9.3
19591225,-10.0
19591226,-6.6
19591227,-6.4
19591228,-6.2
19591229,-7.9
19591230,-5.4
19591231,-4.4
19600101,-8.7
19600102,-8.8
19600103,-6.5
19600104,-2.8
19600105,-6.6
19600106,-12.7
19600107,-9.6
19600108,-9.8
19600109,-8.9
19600110,-5.3
19600111,-9.2
19600112,-9.2
19600113,-6.7
19600114,-7.3
19600115,-7.8
19600116,-11.8
19600117,-11.5
19600118,-7.7
19600119,-7.2
19600120,-10.0
19600121,-12.7
19600122,-12.9
19600123,-12.1
19600124,-17.2
19600125,-12.0
19600126,-11.0
19600127,-17.7
19600128,-16.4
19600129,-15.3
19600130,-11.7
19600131,-5.7
19600201,-8.2
19600202,-6.6
19600203,-2.9
19600204,-4.3
19600205,-5.4
19600206,-3.5
19600207,-1.1
19600208,-4.0
19600209,-1.2
19600210,-6.8
19600211,-4.3
19600212,-8.2
19600213,-3.9
19600214,-3.5
19600215,-4.5
19600216,-3.6
19600217,-2.1
19600218,-4.2
19600219,-2.7
19600220,1.9
19600221,-4.6
19600222,-4.2
19600223,-1.6
19600224,-1.1
19600225,-2.0
19600226,-3.3
19600227,-4.4
19600228,-3.0
19600229,1.6
19600301,-1.3
19600302,-1.0
19600303,-1.8
19600304,-2.6
19600305,0.2
19600306,0.1
19600307,2.0
19600308,1.9
19600309,2.9
19600310,0.5
19600311,3.7
19600312,-2.9
19600313,-5.2
19600314,-2.6
19600315,-0.3
19600316,1.6
19600317,-1.1
19600318,-0.9
19600319,5.5
19600320,4.1
19600321,3.0
19600322,1.0
19600323,3.8
19600324,0.5
19600325,-0.1
19600326,0.8
19600327,-0.5
19600328,4.3
19600329,10.1
19600330,5.5
19600331,1.2
19600401,0.0
19600402,0.4
19600403,3.6
19600404,4.8
19600405,1.3
19600406,7.8
19600407,2.5
19600408,0.2
19600409,7.0
19600410,5.9
19600411,2.7
19600412,4.6
19600413,5.2
19600414,5.6
19600415,9.9
19600416,1.8
19600417,1.9
19600418,5.2
19600419,12.7
19600420,5.8
19600421,8.2
19600422,7.6
19600423,12.5
19600424,13.6
19600425,12.8
19600426,12.7
19600427,7.1
19600428,5.2
19600429,9.1
19600430,12.4
19600501,9.1
19600502,10.4
19600503,16.9
19600504,12.1
19600505,6.2
19600506,8.4
19600507,5.7
19600508,7.3
19600509,9.6
19600510,11.1
19600511,14.1
19600512,15.7
19600513,10.7
19600514,12.1
19600515,9.9
19600516,9.0
19600517,10.0
19600518,10.4
19600519,9.4
19600520,11.8
19600521,9.7
19600522,13.4
19600523,16.0
19600524,15.8
19600525,15.8
19600526,18.8
19600527,16.0
19600528,13.5
19600529,15.1
19600530,12.9
19600531,13.6
19600601,12.4
19600602,18.4
19600603,15.8
19600604,14.7
19600605,16.9
19600606,18.7
19600607,17.1
19600608,18.5
19600609,21.7
19600610,17.7
19600611,17.0
19600612,17.0
19600613,17.3
19600614,17.7
19600615,18.8
19600616,20.3
19600617,20.2
19600618,22.2
19600619,21.8
19600620,25.2
19600621,22.3
19600622,16.4
19600623,19.8
19600624,25.0
19600625,20.4
19600626,19.4
19600627,22.4
19600628,17.2
19600629,20.1
19600630,23.0
19600701,22.9
19600702,23.5
19600703,21.2
19600704,25.2
19600705,23.3
19600706,22.2
19600707,21.2
19600708,21.0
19600709,18.6
19600710,23.0
19600711,20.7
19600712,21.0
19600713,22.8
19600714,24.2
19600715,24.3
19600716,22.4
19600717,22.7
19600718,25.6
19600719,24.6
19600720,24.7
19600721,24.3
19600722,25.5
19600723,20.8
19600724,20.9
19600725,21.2
19600726,22.2
19600727,22.7
19600728,21.5
19600729,21.5
19600730,22.3
19600731,21.6
19600801,23.7
19600802,22.0
19600803,21.9
19600804,23.7
19600805,24.6
19600806,25.3
19600807,25.2
19600808,24.2
19600809,22.0
19600810,21.0
19600811,21.7
19600812,19.2
19600813,19.9
19600814,21.3
19600815,17.6
19600816,20.6
19600817,22.4
19600818,22.5
19600819,21.2
19600820,20.5
19600821,20.3
19600822,14.9
19600823,17.1
19600824,15.9
19600825,15.9
19600826,19.1
19600827,19.5
19600828,18.0
19600829,17.9
19600830,17.1
19600831,20.0
19600901,21.9
19600902,20.7
19600903,19.0
19600904,16.2
19600905,17.7
19600906,18.6
19600907,12.9
19600908,12.9
19600909,12.9
19600910,17.0
19600911,14.2
19600912,14.1
19600913,15.6
19600914,14.1
19600915,10.6
19600916,12.0
19600917,13.8
19600918,12.1
19600919,13.3
19600920,14.7
19600921,15.3
19600922,17.6
19600923,18.0
19600924,13.3
19600925,14.4
19600926,14.1
19600927,14.8
19600928,7.9
19600929,8.0
19600930,13.0
19601001,11.8
19601002,8.2
19601003,6.8
19601004,8.6
19601005,8.5
19601006,10.1
19601007,7.9
19601008,9.0
19601009,10.2
19601010,10.5
19601011,10.5
19601012,15.1
19601013,7.6
19601014,7.1
19601015,8.7
19601016,-0.9
19601017,1.1
19601018,2.6
19601019,6.4
19601020,7.7
19601021,7.4
19601022,9.3
19601023,11.5
19601024,6.1
19601025,1.8
19601026,2.2
19601027,1.5
19601028,2.1
19601029,2.7
19601030,4.7
19601031,4.7
19601101,-1.3
19601102,-1.5
19601103,0.7
19601104,2.6
19601105,0.5
19601106,1.9
19601107,4.5
19601108,3.3
19601109,-0.3
19601110,-2.8
19601111,1.6
19601112,-0.8
19601113,2.3
19601114,-3.8
19601115,-1.2
19601116,-1.4
19601117,-0.9
19601118,5.0
19601119,0.3
19601120,0.8
19601121,3.4
19601122,-3.7
19601123,-5.4
19601124,-5.3
19601125,-6.8
19601126,-8.8
19601127,-11.6
19601128,-7.7
19601129,-7.3
19601130,-4.0
19601201,-8.3
19601202,-7.7
19601203,-2.7
19601204,-4.6
19601205,-6.1
19601206,-9.2
19601207,-4.1
19601208,-7.7
19601209,-3.9
19601210,-3.1
19601211,-3.4
19601212,-2.8
19601213,-4.8
19601214,-9.3
19601215,-10.8
19601216,-11.6
19601217,-13.1
19601218,-12.2
19601219,-11.3
19601220,-7.3
19601221,-12.3
19601222,-10.2
19601223,-7.5
19601224,-7.4
19601225,-10.9
19601226,-11.9
19601227,-10.8
19601228,-11.3
19601229,-12.2
19601230,-7.3
19601231,-9.2
19610101,-10.3
19610102,-10.7
19610103,-5.2
19610104,-9.4
19610105,-9.2
19610106,-12.4
19610107,-13.4
19610108,-10.5
19610109,-8.3
19610110,-9.5
19610111,-11.1
19610112,-12.0
19610113,-7.8
19610114,-10.6
19610115,-8.3
19610116,-11.9
19610117,-13.1
19610118,-10.2
19610119,-9.9
19610120,-10.9
19610121,-4.2
19610122,-9.1
19610123,-9.1
19610124,-3.5
19610125,-5.7
19610126,-5.4
19610127,-4.5
19610128,-3.2
19610129,-5.3
19610130,-8.1
19610131,-11.1
19610201,-4.8
19610202,-3.2
19610203,-6.4
19610204,-5.7
19610205,-1.2
19610206,-4.7
19610207,-4.0
19610208,-4.7
19610209,-4.0
19610210,-5.4
19610211,-6.0
19610212,-7.9
19610213,-4.3
19610214,-8.7
19610215,-8.3
19610216,-8.6
19610217,-4.0
19610218,-7.2
19610219,-4.7
19610220,0.3
19610221,-4.7
19610222,-4.9
19610223,-3.6
19610224,-0.6
19610225,-4.5
19610226,-4.9
19610227,-1.3
19610228,0.8
19610301,3.1
19610302,0.9
19610303,-1.3
19610304,-4.3
19610305,-3.8
19610306,1.3
19610307,-5.3
19610308,-2.0
19610309,-1.1
19610310,-2.0
19610311,0.2
19610312,5.9
19610313,2.3
19610314,2.5
19610315,0.2
19610316,1.9
19610317,4.7
19610318,3.8
19610319,2.8
19610320,-0.8
19610321,2.2
19610322,4.4
19610323,0.9
19610324,4.1
19610325,2.8
19610326,1.3
19610327,-0.9
19610328,1.8
19610329,7.7
19610330,4.2
19610331,6.6
19610401,7.4
19610402,3.3
19610403,8.0
19610404,10.3
19610405,9.0
19610406,3.4
19610407,4.3
19610408,0.9
19610409,2.6
19610410,3.7
19610411,6.2
19610412,8.7
19610413,12.2
19610414,5.5
19610415,2.1
19610416,5.1
19610417,5.3
19610418,7.9
19610419,10.8
19610420,12.1
19610421,13.5
19610422,9.5
19610423,10.8
19610424,10.4
19610425,7.6
19610426,7.0
19610427,9.9
19610428,12.9
19610429,12.7
19610430,6.7
19610501,9.9
19610502,13.0
19610503,7.6
19610504,5.3
19610505,10.2
19610506,11.8
19610507,11.7
19610508,12.6
19610509,18.7
19610510,15.7
19610511,11.2
19610512,9.6
19610513,15.7
19610514,19.3
19610515,11.9
19610516,11.5
19610517,12.3
19610518,15.5
19610519,16.0
19610520,13.2
19610521,11.8
19610522,10.6
19610523,13.2
19610524,14.7
19610525,17.0
19610526,19.0
19610527,16.7
19610528,11.1
19610529,14.8
19610530,15.7
19610531,15.4
19610601,21.0
19610602,21.0
19610603,12.5
19610604,12.2
19610605,16.1
19610606,21.6
19610607,19.4
19610608,18.7
19610609,19.1
19610610,21.3
19610611,24.6
19610612,18.6
19610613,19.2
19610614,13.4
19610615,18.4
19610616,16.1
19610617,19.4
19610618,17.8
19610619,17.2
19610620,21.3
19610621,15.3
19610622,21.2
19610623,20.5
19610624,19.8
19610625,20.2
19610626,18.8
19610627,21.7
19610628,20.8
19610629,21.2
19610630,20.5
19610701,25.0
19610702,20.3
19610703,25.3
19610704,22.1
19610705,24.1
19610706,21.2
19610707,22.5
19610708,18.7
19610709,21.7
19610710,22.9
19610711,21.7
19610712,21.8
19610713,24.0
19610714,24.3
19610715,23.8
19610716,23.1
19610717,22.9
19610718,25.4
19610719,22.2
19610720,22.7
19610721,24.3
19610722,22.1
19610723,21.0
19610724,26.5
19610725,22.1
19610726,22.8
19610727,19.8
19610728,20.8
19610729,23.0
19610730,23.0
19610731,23.7
19610801,24.2
19610802,23.4
19610803,24.3
19610804,24.6
19610805,24.8
19610806,25.7
19610807,22.7
19610808,21.3
19610809,20.9
19610810,20.2
19610811,19.7
19610812,19.3
19610813,20.6
19610814,18.3
19610815,18.1
19610816,21.5
19610817,20.6
19610818,22.3
19610819,21.1
19610820,18.2
19610821,22.9
19610822,20.9
19610823,21.7
19610824,16.8
19610825,16.3
19610826,17.7
19610827,18.0
19610828,20.2
19610829,19.5
19610830,19.0
19610831,20.2
19610901,17.5
19610902,20.8
19610903,17.8
19610904,16.0
19610905,17.8
19610906,17.7
19610907,17.4
19610908,12.5
19610909,12.6
19610910,13.6
19610911,15.6
19610912,17.8
19610913,15.7
19610914,10.8
19610915,8.8
19610916,10.2
19610917,9.0
19610918,9.3
19610919,13.4
19610920,15.2
19610921,15.7
19610922,13.7
19610923,11.2
19610924,10.6
19610925,12.9
19610926,14.6
19610927,17.7
19610928,13.6
19610929,11.7
19610930,7.1
19611001,11.2
19611002,10.1
19611003,13.7
19611004,12.3
19611005,10.9
19611006,6.2
19611007,5.8
19611008,10.5
19611009,10.0
19611010,8.5
19611011,10.4
19611012,2.3
19611013,5.3
19611014,11.0
19611015,6.6
19611016,9.8
19611017,11.9
19611018,10.6
19611019,8.7
19611020,5.7
19611021,6.3
19611022,4.8
19611023,1.1
19611024,2.6
19611025,9.1
19611026,5.5
19611027,5.1
19611028,2.2
19611029,-3.2
19611030,-0.2
19611031,0.6
19611101,4.2
19611102,7.2
19611103,2.3
19611104,4.9
19611105,-1.3
19611106,1.9
19611107,4.1
19611108,2.2
19611109,-2.7
19611110,-2.5
19611111,0.1
19611112,1.3
19611113,5.7
19611114,5.7
19611115,6.7
19611116,2.1
19611117,9.2
19611118,9.6
19611119,1.3
19611120,4.1
19611121,2.4
19611122,-2.7
19611123,-3.3
19611124,-4.7
19611125,-3.1
19611126,-3.5
19611127,3.6
19611128,3.3
19611129,2.3
19611130,-3.9
19611201,-2.4
19611202,-1.0
19611203,-2.2
19611204,-5.8
19611205,-5.0
19611206,-5.8
19611207,-7.2
19611208,-4.2
19611209,-5.5
19611210,-5.0
19611211,-4.6
19611212,-7.6
19611213,-11.0
19611214,-14.2
19611215,-10.9
19611216,-6.8
19611217,-11.5
19611218,-5.7
19611219,-11.7
19611220,-8.7
19611221,-10.5
19611222,-10.6
19611223,-6.7
19611224,-8.0
19611225,-10.3
19611226,-9.1
19611227,-8.8
19611228,-7.9
19611229,-10.3
19611230,-9.2
19611231,-7.6
19620101,-10.0
19620102,-9.3
19620103,-9.7
19620104,-6.9
19620105,-12.9
19620106,-12.3
19620107,-10.3
19620108,-6.2
19620109,-11.5
19620110,-10.0
19620111,-11.7
19620112,-8.3
19620113,-6.5
19620114,-5.8
19620115,-6.9
19620116,-7.8
19620117,-5.5
19620118,-6.9
19620119,-6.6
19620120,-3.5
19620121,-5.8
19620122,-3.7
19620123,-7.7
19620124,-5.4
19620125,-7.5
19620126,-4.8
19620127,-6.7
19620128,-6.2
19620129,-5.5
19620130,-8.2
19620131,-11.6
19620201,-7.8
19620202,-10.6
19620203,-7.7
19620204,-7.3
19620205,-4.7
19620206,-8.3
19620207,-4.0
19620208,-7.3
19620209,-1.6
19620210,-1.0
19620211,-2.7
19620212,-5.3
19620213,-11.6
19620214,-4.0
19620215,-5.9
19620216,-5.9
19620217,-4.9
19620218,-3.5
19620219,-4.7
19620220,-4.2
19620221,-3.9
19620222,-2.8
19620223,-3.5
19620224,-3.0
19620225,-5.9
19620226,-9.2
19620227,-7.8
19620228,-4.0
19620301,-4.5
19620302,-5.9
19620303,-4.5
19620304,-1.7
19620305,-2.3
19620306,3.4
19620307,-4.7
19620308,-2.3
19620309,-1.4
19620310,0.4
19620311,-1.6
19620312,0.8
19620313,1.7
19620314,3.0
19620315,-1.5
19620316,-4.9
19620317,-3.9
19620318,-3.1
19620319,-0.3
19620320,0.7
19620321,-1.4
19620322,-1.6
19620323,-4.4
19620324,-0.2
19620325,-0.7
19620326,-4.2
19620327,2.6
19620328,-0.5
19620329,-4.4
19620330,-1.6
19620331,4.3
19620401,2.1
19620402,-0.9
19620403,-1.3
19620404,-2.3
19620405,2.1
19620406,4.7
19620407,6.8
19620408,9.2
19620409,2.8
19620410,2.0
19620411,3.3
19620412,7.2
19620413,3.8
19620414,1.8
19620415,6.1
19620416,9.5
19620417,2.6
19620418,5.2
19620419,5.3
19620420,8.7
19620421,8.6
19620422,13.7
19620423,11.7
19620424,6.6
19620425,3.0
19620426,7.3
19620427,3.6
19620428,4.8
19620429,8.7
19620430,14.8
19620501,10.0
19620502,11.8
19620503,6.5
19620504,6.6
19620505,7.8
19620506,9.7
19620507,14.8
19620508,14.5
19620509,11.6
19620510,13.0
19620511,16.8
19620512,6.7
19620513,11.3
19620514,16.3
19620515,11.0
19620516,5.3
19620517,12.6
19620518,9.5
19620519,11.8
19620520,18.9
19620521,15.3
19620522,19.5
19620523,18.8
19620524,14.6
19620525,16.5
19620526,19.2
19620527,12.0
19620528,11.6
19620529,11.6
19620530,15.5
19620531,21.2
19620601,20.3
19620602,20.9
19620603,17.2
19620604,14.3
19620605,10.6
19620606,16.2
19620607,12.2
19620608,16.0
19620609,12.3
19620610,13.6
19620611,15.5
19620612,21.8
19620613,16.8
19620614,15.1
19620615,16.0
19620616,18.3
19620617,19.7
19620618,20.5
19620619,19.9
19620620,17.0
19620621,17.7
19620622,17.2
19620623,20.5
19620624,17.6
19620625,17.2
19620626,17.6
19620627,17.9
19620628,17.8
19620629,18.4
19620630,19.3
19620701,19.1
19620702,20.9
19620703,20.9
19620704,20.3
19620705,18.5
19620706,21.8
19620707,23.3
19620708,21.2
19620709,20.8
19620710,20.1
19620711,23.6
19620712,21.1
19620713,21.2
19620714,23.0
19620715,24.1
19620716,22.3
19620717,21.9
19620718,22.7
19620719,20.7
19620720,20.8
19620721,24.2
19620722,22.3
19620723,21.8
19620724,21.2
19620725,20.8
19620726,21.3
19620727,24.7
19620728,22.0
19620729,24.3
19620730,21.5
19620731,21.4
19620801,22.8
19620802,21.5
19620803,21.5
19620804,21.7
19620805,20.7
19620806,24.1
19620807,23.6
19620808,23.2
19620809,19.2
19620810,21.8
19620811,20.8
19620812,22.7
19620813,24.1
19620814,23.6
19620815,23.1
19620816,20.1
19620817,22.0
19620818,21.0
19620819,15.4
19620820,17.3
19620821,19.5
19620822,21.5
19620823,23.3
19620824,20.5
19620825,20.4
19620826,20.8
19620827,17.4
19620828,12.9
19620829,14.9
19620830,18.3
19620831,15.6
19620901,15.6
19620902,17.5
19620903,18.1
19620904,16.2
19620905,14.9
19620906,16.3
19620907,14.1
19620908,12.3
19620909,11.1
19620910,15.6
19620911,15.7
19620912,17.5
19620913,16.1
19620914,16.4
19620915,18.5
19620916,16.3
19620917,14.7
19620918,15.4
19620919,17.0
19620920,9.4
19620921,17.9
19620922,16.7
19620923,12.8
19620924,9.6
19620925,10.0
19620926,10.5
19620927,11.1
19620928,11.6
19620929,7.3
19620930,13.5
19621001,12.5
19621002,12.9
19621003,11.2
19621004,5.0
19621005,6.5
19621006,8.0
19621007,10.6
19621008,11.3
19621009,11.6
19621010,12.6
19621011,11.9
19621012,11.3
19621013,3.0
19621014,2.1
19621015,-2.1
19621016,1.0
19621017,3.1
19621018,5.1
19621019,4.3
19621020,8.8
19621021,8.5
19621022,4.7
19621023,6.2
19621024,2.9
19621025,2.0
19621026,7.3
19621027,1.3
19621028,2.6
19621029,2.9
19621030,3.6
19621031,9.0
19621101,4.4
19621102,4.9
19621103,3.3
19621104,0.8
19621105,-3.3
19621106,-3.1
19621107,-2.2
19621108,0.2
19621109,-4.4
19621110,-1.5
19621111,4.7
19621112,4.3
19621113,5.7
19621114,4.3
19621115,4.6
19621116,0.7
19621117,-3.9
19621118,-2.2
19621119,-2.0
19621120,-3.1
19621121,-1.7
19621122,-6.9
19621123,-7.3
19621124,-4.5
19621125,-3.5
19621126,-6.2
19621127,-7.8
19621128,-5.5
19621129,-5.5
19621130,-6.9
19621201,-4.0
19621202,0.3
19621203,-4.9
19621204,-1.0
19621205,-6.3
19621206,-6.1
19621207,-7.4
19621208,-6.5
19621209,-4.2
19621210,-4.4
19621211,-3.1
19621212,-3.9
19621213,-3.7
19621214,-2.5
19621215,-10.4
19621216,-10.0
19621217,-7.9
19621218,-7.2
19621219,-0.7
19621220,-5.5
19621221,-6.2
19621222,-7.6
19621223,-2.1
19621224,-3.8
19621225,-5.1
19621226,-5.4
19621227,-7.8
19621228,-1.5
19621229,-5.3
19621230,-11.5
19621231,-9.8
19630101,-6.0
19630102,1.8
19630103,0.4
19630104,-3.8
19630105,-9.3
19630106,-8.8
19630107,-6.5
19630108,-8.3
19630109,-12.9
19630110,-9.0
19630111,-10.5
19630112,-10.3
19630113,-9.7
19630114,-9.5
19630115,-11.5
19630116,-14.0
19630117,-9.0
19630118,-9.0
19630119,-15.2
19630120,-14.3
19630121,-12.7
19630122,-11.6
19630123,-13.4
19630124,-9.9
19630125,-8.9
19630126,-4.4
19630127,-7.2
19630128,-6.7
19630129,-7.1
19630130,-10.3
19630131,-9.9
19630201,-12.3
19630202,-8.0
19630203,-11.9
19630204,-14.7
19630205,-10.6
19630206,-9.9
19630207,-7.5
19630208,-11.3
19630209,-11.9
19630210,-8.5
19630211,-7.3
19630212,-8.0
19630213,-10.4
19630214,-7.7
19630215,-6.3
19630216,-4.0
19630217,-10.4
19630218,-8.2
19630219,-1.7
19630220,-7.4
19630221,-7.6
19630222,-6.4
19630223,1.7
19630224,-7.1
19630225,-3.7
19630226,-4.3
19630227,-1.1
19630228,-3.6
19630301,-0.1
19630302,-0.9
19630303,-4.7
19630304,-4.5
19630305,-5.7
19630306,-5.3
19630307,-1.2
19630308,-1.2
19630309,-0.7
19630310,-2.8
19630311,0.8
19630312,2.1
19630313,-3.2
19630314,0.3
19630315,4.7
19630316,0.1
19630317,2.1
19630318,9.3
19630319,6.6
19630320,1.9
19630321,0.8
19630322,1.2
19630323,-3.7
19630324,-2.9
19630325,-0.9
19630326,6.4
19630327,9.4
19630328,3.3
19630329,1.4
19630330,6.7
19630331,5.8
19630401,0.4
19630402,4.4
19630403,4.5
19630404,8.3
19630405,4.6
19630406,0.9
19630407,0.6
19630408,-0.7
19630409,0.0
19630410,4.0
19630411,6.0
19630412,8.0
19630413,7.5
19630414,8.5
19630415,8.6
19630416,9.5
19630417,6.2
19630418,8.5
19630419,7.1
19630420,10.0
19630421,6.1
19630422,10.5
19630423,6.6
19630424,7.9
19630425,4.8
19630426,14.5
19630427,10.9
19630428,10.8
19630429,5.7
19630430,10.1
19630501,9.7
19630502,8.7
19630503,12.8
19630504,11.3
19630505,9.2
19630506,6.4
19630507,12.6
19630508,9.6
19630509,10.2
19630510,12.8
19630511,13.7
19630512,16.3
19630513,16.5
19630514,10.4
19630515,11.3
19630516,11.3
19630517,14.2
19630518,17.5
19630519,17.4
19630520,15.3
19630521,19.4
19630522,16.3
19630523,11.6
19630524,10.1
19630525,15.3
19630526,14.3
19630527,13.7
19630528,18.3
19630529,18.5
19630530,16.1
19630531,15.8
19630601,13.9
19630602,15.6
19630603,17.5
19630604,17.5
19630605,18.4
19630606,21.0
19630607,18.9
19630608,18.6
19630609,11.6
19630610,15.7
19630611,16.8
19630612,19.9
19630613,22.8
19630614,17.9
19630615,18.3
19630616,18.6
19630617,18.7
19630618,19.1
19630619,19.7
19630620,18.2
19630621,22.5
19630622,18.5
19630623,17.8
19630624,24.7
19630625,17.5
19630626,19.3
19630627,24.6
19630628,21.9
19630629,20.8
19630630,22.8
19630701,22.9
19630702,22.3
19630703,23.7
19630704,22.8
19630705,21.4
19630706,23.3
19630707,18.3
19630708,20.1
19630709,24.2
19630710,22.5
19630711,22.6
19630712,20.2
19630713,20.5
19630714,24.3
19630715,22.5
19630716,21.4
19630717,22.3
19630718,22.5
19630719,21.3
19630720,21.1
19630721,24.1
19630722,21.1
19630723,20.8
19630724,22.4
19630725,21.3
19630726,21.8
19630727,23.8
19630728,22.7
19630729,20.1
19630730,21.5
19630731,23.6
19630801,24.1
19630802,23.9
19630803,23.8
19630804,22.3
19630805,22.4
19630806,22.7
19630807,23.3
19630808,22.3
19630809,21.6
19630810,22.0
19630811,20.9
19630812,20.6
19630813,22.3
19630814,21.5
19630815,20.5
19630816,20.3
19630817,22.0
19630818,19.3
19630819,21.7
19630820,18.7
19630821,17.4
19630822,22.3
19630823,20.0
19630824,20.1
19630825,21.3
19630826,21.1
19630827,21.8
19630828,22.9
19630829,22.8
19630830,22.9
19630831,22.9
19630901,18.3
19630902,20.2
19630903,14.5
19630904,16.5
19630905,16.7
19630906,11.5
19630907,17.9
19630908,15.7
19630909,19.4
19630910,21.5
19630911,19.3
19630912,19.6
19630913,16.5
19630914,19.3
19630915,12.9
19630916,14.8
19630917,12.4
19630918,12.7
19630919,9.0
19630920,11.9
19630921,12.5
19630922,9.7
19630923,13.7
19630924,9.2
19630925,7.7
19630926,9.0
19630927,7.0
19630928,11.7
19630929,16.2
19630930,10.8
19631001,10.3
19631002,10.2
19631003,12.7
19631004,4.4
19631005,4.0
19631006,5.0
19631007,4.0
19631008,11.0
19631009,10.7
19631010,12.2
19631011,10.6
19631012,11.6
19631013,7.1
19631014,7.1
19631015,9.2
19631016,3.2
19631017,-0.1
19631018,2.2
19631019,1.7
19631020,5.6
19631021,0.4
19631022,0.3
19631023,4.6
19631024,7.4
19631025,-0.6
19631026,0.9
19631027,4.1
19631028,7.9
19631029,1.4
19631030,0.9
19631031,4.5
19631101,4.7
19631102,6.7
19631103,3.9
19631104,9.1
19631105,4.6
19631106,7.4
19631107,1.7
19631108,-1.8
19631109,-3.8
19631110,1.2
19631111,0.9
19631112,1.1
19631113,0.5
19631114,3.7
19631115,-0.7
19631116,5.2
19631117,1.2
19631118,1.6
19631119,1.3
19631120,-0.1
19631121,0.4
19631122,-0.7
19631123,-3.6
19631124,-2.6
19631125,-2.8
19631126,-5.1
19631127,-6.7
19631128,-4.9
19631129,-4.9
19631130,-8.5
19631201,-5.0
19631202,-6.8
19631203,-7.9
19631204,-6.6
19631205,-4.8
19631206,-7.0
19631207,-3.5
19631208,-8.1
19631209,-4.5
19631210,-7.7
19631211,-8.5
19631212,-8.3
19631213,-5.6
19631214,-6.5
19631215,-4.5
19631216,-7.3
19631217,-3.1
19631218,-10.0
19631219,-9.1
19631220,-3.2
19631221,-7.9
19631222,-3.8
19631223,-3.8
19631224,-11.9
19631225,-13.8
19631226,-11.6
19631227,-14.2
19631228,-8.3
19631229,-5.9
19631230,-9.7
19631231,-5.5
19640101,-11.8
19640102,-11.5
19640103,-11.9
19640104,-3.8
19640105,-10.3
19640106,-8.5
19640107,-3.1
19640108,-9.2
19640109,-8.5
19640110,-7.1
19640111,-2.2
19640112,-5.6
19640113,-2.7
19640114,-9.6
19640115,-5.7
19640116,-7.2
19640117,-5.2
19640118,-5.5
19640119,-11.5
19640120,-11.3
19640121,-5.8
19640122,-10.8
19640123,-6.9
19640124,-7.3
19640125,-7.1
19640126,-8.8
19640127,-6.5
19640128,-3.2
19640129,-5.6
19640130,-8.8
19640131,-10.9
19640201,-11.2
19640202,-14.1
19640203,-13.5
19640204,-9.9
19640205,-8.0
19640206,-4.9
19640207,-4.5
19640208,-5.1
19640209,-11.6
19640210,-9.2
19640211,-13.2
19640212,-13.9
19640213,-12.5
19640214,-7.8
19640215,-5.8
19640216,-10.5
19640217,-10.6
19640218,-10.0
19640219,-8.2
19640220,-9.3
19640221,-9.4
19640222,-10.3
19640223,-11.7
19640224,-11.1
19640225,-7.3
19640226,-8.3
19640227,-7.8
19640228,-7.2
19640229,-1.0
19640301,-2.9
19640302,-4.5
19640303,-0.5
19640304,0.6
19640305,-4.6
19640306,1.4
19640307,-2.4
19640308,-5.0
19640309,-2.8
19640310,-0.7
19640311,-0.7
19640312,-4.2
19640313,1.7
19640314,-0.5
19640315,-3.4
19640316,-1.8
19640317,-2.9
19640318,-2.9
19640319,-0.4
19640320,1.0
19640321,-0.1
19640322,0.3
19640323,-1.7
19640324,0.7
19640325,-4.4
19640326,6.7
19640327,0.9
19640328,-1.5
19640329,4.9
19640330,3.2
19640331,4.0
19640401,5.1
19640402,4.5
19640403,4.6
19640404,7.4
19640405,0.6
19640406,0.6
19640407,1.5
19640408,1.9
19640409,6.5
19640410,5.6
19640411,9.9
19640412,8.2
19640413,11.2
19640414,11.9
19640415,10.4
19640416,11.0
19640417,11.0
19640418,14.9
19640419,14.2
19640420,13.9
19640421,12.6
19640422,13.7
19640423,10.3
19640424,9.6
19640425,9.9
19640426,9.8
19640427,10.0
19640428,7.8
19640429,12.2
19640430,9.2
19640501,11.0
19640502,10.4
19640503,16.1
19640504,8.3
19640505,13.3
19640506,13.2
19640507,15.2
19640508,17.3
19640509,17.6
19640510,9.4
19640511,10.2
19640512,12.4
19640513,16.8
19640514,18.1
19640515,12.3
19640516,16.2
19640517,15.5
19640518,14.4
19640519,11.8
19640520,15.2
19640521,17.8
19640522,17.2
19640523,19.2
19640524,17.0
19640525,13.7
19640526,15.1
19640527,19.0
19640528,16.5
19640529,17.1
19640530,17.3
19640531,18.1
19640601,17.3
19640602,11.4
19640603,12.5
19640604,13.6
19640605,13.4
19640606,18.0
19640607,20.0
19640608,17.1
19640609,18.6
19640610,15.0
19640611,15.0
19640612,15.9
19640613,14.0
19640614,13.5
19640615,15.7
19640616,18.2
19640617,20.0
19640618,18.4
19640619,14.7
19640620,14.3
19640621,15.9
19640622,18.5
19640623,21.8
19640624,22.0
19640625,19.2
19640626,20.8
19640627,21.0
19640628,22.6
19640629,22.7
19640630,23.2
19640701,21.2
19640702,21.8
19640703,22.4
19640704,21.5
19640705,21.5
19640706,22.9
19640707,22.8
19640708,23.3
19640709,24.5
19640710,20.3
19640711,22.7
19640712,22.6
19640713,18.9
19640714,19.1
19640715,21.9
19640716,20.1
19640717,23.0
19640718,21.1
19640719,22.2
19640720,23.0
19640721,22.0
19640722,22.0
19640723,19.7
19640724,21.0
19640725,21.8
19640726,19.0
19640727,22.2
19640728,20.9
19640729,20.1
19640730,19.7
19640731,21.5
19640801,19.9
19640802,21.6
19640803,21.2
19640804,21.7
19640805,22.6
19640806,22.4
19640807,21.8
19640808,23.0
19640809,22.1
19640810,21.8
19640811,20.2
19640812,24.5
19640813,22.8
19640814,22.6
19640815,22.6
19640816,19.5
19640817,20.9
19640818,20.4
19640819,19.1
19640820,21.4
19640821,19.9
19640822,18.7
19640823,17.1
19640824,18.9
19640825,18.1
19640826,20.7
19640827,19.1
19640828,16.3
19640829,17.2
19640830,20.7
19640831,19.2
19640901,20.2
19640902,20.8
19640903,19.3
19640904,17.2
19640905,17.4
19640906,19.0
19640907,17.9
19640908,14.4
19640909,16.9
19640910,19.1
19640911,20.1
19640912,17.8
19640913,17.2
19640914,13.5
19640915,10.4
19640916,13.7
19640917,13.9
19640918,12.6
19640919,13.9
19640920,12.4
19640921,9.9
19640922,10.7
19640923,12.2
19640924,12.7
19640925,12.4
19640926,15.7
19640927,8.8
19640928,8.5
19640929,9.6
19640930,10.8
19641001,11.8
19641002,13.1
19641003,8.7
19641004,13.3
19641005,4.8
19641006,5.3
19641007,7.4
19641008,8.2
19641009,9.9
19641010,11.4
19641011,13.9
19641012,14.8
19641013,15.1
19641014,12.3
19641015,16.5
19641016,10.0
19641017,4.2
19641018,1.2
19641019,3.8
19641020,9.4
19641021,0.7
19641022,4.1
19641023,0.6
19641024,2.9
19641025,8.7
19641026,5.4
19641027,8.6
19641028,7.3
19641029,3.7
19641030,2.4
19641031,5.1
19641101,1.8
19641102,-1.9
19641103,5.6
19641104,2.4
19641105,4.9
19641106,-0.9
19641107,0.2
19641108,-0.6
19641109,0.9
19641110,0.3
19641111,3.9
19641112,0.1
19641113,1.0
19641114,-3.7
19641115,-2.4
19641116,-1.8
19641117,0.5
19641118,2.5
19641119,-1.9
19641120,0.5
19641121,4.5
19641122,-1.8
19641123,6.5
19641124,1.3
19641125,-1.5
19641126,-1.4
19641127,3.2
19641128,-0.5
19641129,0.5
19641130,-4.4
19641201,-4.8
19641202,-5.7
19641203,-1.9
19641204,-6.0
19641205,-2.6
19641206,-5.8
19641207,-7.8
19641208,-6.0
19641209,-2.5
19641210,-5.2
19641211,-9.0
19641212,-11.1
19641213,-6.9
19641214,-7.3
19641215,-6.3
19641216,-5.4
19641217,-7.0
19641218,-5.8
19641219,-6.0
19641220,-7.3
19641221,-3.7
19641222,-6.5
19641223,-2.5
19641224,-6.9
19641225,-7.5
19641226,-6.7
19641227,-2.1
19641228,-4.1
19641229,-4.2
19641230,-7.7
19641231,-6.6
19650101,-5.5
19650102,-7.5
19650103,-10.9
19650104,-11.6
19650105,-12.6
19650106,-10.3
19650107,-7.6
19650108,-11.6
19650109,-11.6
19650110,-7.3
19650111,-13.5
19650112,-15.0
19650113,-16.0
19650114,-14.9
19650115,-12.4
19650116,-12.1
19650117,-4.3
19650118,-10.7
19650119,-10.9
19650120,-6.7
19650121,-11.1
19650122,-12.1
19650123,-8.0
19650124,-9.8
19650125,-12.1
19650126,-11.8
19650127,-11.6
19650128,-7.8
19650129,-7.2
19650130,-8.2
19650131,-8.1
19650201,-15.8
19650202,-7.8
19650203,-14.0
19650204,-8.0
19650205,-12.6
19650206,-12.6
19650207,-10.3
19650208,-3.5
19650209,-1.4
19650210,-6.6
19650211,-6.9
19650212,-1.5
19650213,-8.0
19650214,-8.5
19650215,-7.5
19650216,-6.4
19650217,-4.2
19650218,-1.6
19650219,-0.2
19650220,-2.8
19650221,-4.6
19650222,-7.2
19650223,-5.4
19650224,-7.7
19650225,-6.1
19650226,-10.5
19650227,-8.8
19650228,-6.4
19650301,-6.4
19650302,-4.5
19650303,-2.5
19650304,-5.6
19650305,-9.1
19650306,-9.0
19650307,-8.2
19650308,-3.2
19650309,-3.1
19650310,-5.7
19650311,-3.5
19650312,-2.0
19650313,-2.1
19650314,0.3
19650315,-2.2
19650316,-4.4
19650317,-2.2
19650318,-1.2
19650319,-1.3
19650320,-2.8
19650321,-1.5
19650322,-1.8
19650323,6.4
19650324,4.8
19650325,-3.2
19650326,-2.5
19650327,-3.7
19650328,-2.2
19650329,-2.0
19650330,4.6
19650331,6.7
19650401,-1.0
19650402,-0.3
19650403,0.4
19650404,-1.4
19650405,0.1
19650406,-1.1
19650407,2.2
19650408,4.3
19650409,7.8
19650410,-2.9
19650411,2.9
19650412,4.0
19650413,3.2
19650414,4.3
19650415,12.1
19650416,13.0
19650417,5.9
19650418,4.4
19650419,1.5
19650420,8.2
19650421,2.6
19650422,8.3
19650423,5.5
19650424,10.8
19650425,7.3
19650426,7.5
19650427,4.2
19650428,3.8
19650429,7.4
19650430,8.7
19650501,5.9
19650502,2.5
19650503,9.8
19650504,13.2
19650505,11.1
19650506,7.8
19650507,9.1
19650508,16.6
19650509,15.1
19650510,11.8
19650511,11.8
19650512,14.8
19650513,13.6
19650514,8.4
19650515,13.8
19650516,11.9
19650517,11.9
19650518,15.0
19650519,14.1
19650520,13.3
19650521,11.4
19650522,13.2
19650523,15.0
19650524,7.4
19650525,10.1
19650526,13.3
19650527,14.7
19650528,13.7
19650529,14.3
19650530,16.5
19650531,17.4
19650601,18.0
19650602,16.8
19650603,11.3
19650604,13.0
19650605,13.6
19650606,15.6
19650607,14.7
19650608,14.4
19650609,16.2
19650610,17.1
19650611,17.3
19650612,16.5
19650613,18.3
19650614,15.9
19650615,13.8
19650616,17.9
19650617,16.1
19650618,15.7
19650619,19.2
19650620,20.1
19650621,18.8
19650622,20.2
19650623,23.0
19650624,20.0
19650625,21.5
19650626,21.0
19650627,19.2
19650628,23.0
19650629,19.2
19650630,20.8
19650701,18.8
19650702,23.5
19650703,21.2
19650704,19.3
19650705,18.0
19650706,21.1
19650707,20.9
19650708,20.8
19650709,21.0
19650710,21.4
19650711,21.8
19650712,18.6
19650713,22.2
19650714,17.3
19650715,21.2
19650716,22.0
19650717,21.7
19650718,24.1
19650719,24.2
19650720,21.9
19650721,23.9
19650722,20.8
19650723,19.4
19650724,19.5
19650725,21.3
19650726,19.2
19650727,19.4
19650728,21.0
19650729,22.2
19650730,23.4
19650731,24.6
19650801,23.2
19650802,20.3
19650803,21.4
19650804,21.2
19650805,20.4
19650806,17.7
19650807,19.8
19650808,21.9
19650809,20.2
19650810,19.8
19650811,18.6
19650812,19.9
19650813,20.0
19650814,21.8
19650815,20.6
19650816,19.8
19650817,19.9
19650818,17.7
19650819,16.2
19650820,18.5
19650821,18.4
19650822,17.9
19650823,20.9
19650824,20.9
19650825,20.4
19650826,19.5
19650827,21.1
19650828,20.9
19650829,17.9
19650830,17.4
19650831,15.5
19650901,17.7
19650902,17.4
19650903,15.9
19650904,13.0
19650905,15.2
19650906,13.7
19650907,10.9
19650908,12.6
19650909,13.4
19650910,10.9
19650911,13.9
19650912,16.0
19650913,13.8
19650914,13.4
19650915,13.7
19650916,11.3
19650917,11.1
19650918,10.2
19650919,15.0
19650920,15.9
19650921,13.6
19650922,16.7
19650923,18.3
19650924,16.2
19650925,16.4
19650926,14.4
19650927,5.7
19650928,5.0
19650929,9.1
19650930,8.2
19651001,12.0
19651002,12.4
19651003,12.1
19651004,11.7
19651005,8.6
19651006,5.4
19651007,9.8
19651008,7.9
19651009,7.4
19651010,12.6
19651011,7.7
19651012,9.5
19651013,7.0
19651014,5.1
19651015,6.3
19651016,2.0
19651017,2.1
19651018,2.8
19651019,5.4
19651020,6.7
19651021,6.2
19651022,3.8
19651023,1.6
19651024,4.4
19651025,8.0
19651026,7.4
19651027,6.6
19651028,7.6
19651029,12.0
19651030,5.9
19651031,6.6
19651101,5.9
19651102,1.2
19651103,0.0
19651104,5.0
19651105,2.1
19651106,7.9
19651107,5.6
19651108,2.9
19651109,-0.8
19651110,-1.8
19651111,1.8
19651112,4.4
19651113,4.0
19651114,-2.0
19651115,5.2
19651116,-0.9
19651117,-5.0
19651118,-2.4
19651119,-4.2
19651120,0.6
19651121,-0.2
19651122,3.0
19651123,0.6
19651124,-2.4
19651125,-7.6
19651126,-6.5
19651127,-7.3
19651128,-3.7
19651129,-3.3
19651130,-10.1
19651201,-9.3
19651202,-6.6
19651203,-3.5
19651204,-6.4
19651205,-7.9
19651206,-12.7
19651207,-11.6
19651208,-4.8
19651209,-4.7
19651210,-7.3
19651211,-3.5
19651212,-6.0
19651213,-6.7
19651214,-4.4
19651215,-12.0
19651216,-11.7
19651217,-14.3
19651218,-14.0
19651219,-14.2
19651220,-10.8
19651221,-8.9
19651222,-8.4
19651223,-9.3
19651224,-12.1
19651225,-15.1
19651226,-7.3
19651227,-12.5
19651228,-10.4
19651229,-11.1
19651230,-14.2
19651231,-17.6
19660101,-16.6
19660102,-11.4
19660103,-9.1
19660104,-11.3
19660105,-10.8
19660106,-9.6
19660107,-9.5
19660108,-9.9
19660109,-11.7
19660110,-9.3
19660111,-13.5
19660112,-14.6
19660113,-7.9
19660114,-12.2
19660115,-12.3
19660116,-6.9
19660117,-11.2
19660118,-16.2
19660119,-14.4
19660120,-15.6
19660121,-13.8
19660122,-15.4
19660123,-11.9
19660124,-10.6
19660125,-16.3
19660126,-9.2
19660127,-16.3
19660128,-15.2
19660129,-8.3
19660130,-13.1
19660131,-7.9
19660201,-9.3
19660202,-7.7
19660203,-6.1
19660204,-7.0
19660205,-13.9
19660206,-14.3
19660207,-10.1
19660208,-8.3
19660209,-6.7
19660210,-0.1
19660211,-7.5
19660212,-10.5
19660213,-4.5
19660214,-4.2
19660215,-2.1
19660216,-6.6
19660217,-2.4
19660218,-9.8
19660219,-4.8
19660220,-5.6
19660221,-11.7
19660222,-27.4
19660223,-23.2
19660224,-19.2
19660225,-8.5
19660226,-7.6
19660227,-2.8
19660228,0.6
19660301,0.0
19660302,0.8
19660303,-1.0
19660304,-1.0
19660305,-7.0
19660306,-7.6
19660307,-7.4
19660308,-9.0
19660309,-6.0
19660310,-1.9
19660311,-1.1
19660312,0.4
19660313,0.1
19660314,-0.8
19660315,1.4
19660316,1.2
19660317,-1.5
19660318,1.5
19660319,-4.0
19660320,-2.6
19660321,-1.9
19660322,1.6
19660323,-2.8
19660324,-1.7
19660325,-3.1
19660326,-1.9
19660327,-1.0
19660328,-2.2
19660329,-0.6
19660330,4.1
19660331,4.7
19660401,-0.8
19660402,9.9
19660403,3.4
19660404,-0.4
19660405,2.0
19660406,6.1
19660407,1.1
19660408,1.1
19660409,2.5
19660410,3.4
19660411,-0.5
19660412,3.4
19660413,6.4
19660414,9.7
19660415,4.5
19660416,1.1
19660417,2.3
19660418,4.7
19660419,4.4
19660420,9.0
19660421,10.1
19660422,10.4
19660423,7.8
19660424,9.2
19660425,13.6
19660426,11.9
19660427,11.4
19660428,9.5
19660429,8.8
19660430,6.8
19660501,6.7
19660502,11.3
19660503,5.6
19660504,8.8
19660505,9.1
19660506,14.7
19660507,5.7
19660508,12.8
19660509,12.7
19660510,13.1
19660511,11.5
19660512,11.4
19660513,13.7
19660514,14.6
19660515,10.8
19660516,10.1
19660517,17.1
19660518,12.7
19660519,15.1
19660520,15.9
19660521,13.1
19660522,10.4
19660523,9.2
19660524,15.2
19660525,13.0
19660526,13.8
19660527,13.2
19660528,14.8
19660529,14.7
19660530,15.6
19660531,9.8
19660601,13.4
19660602,15.6
19660603,14.2
19660604,11.2
19660605,12.1
19660606,13.3
19660607,19.7
19660608,13.9
19660609,13.9
19660610,15.1
19660611,20.4
19660612,17.5
19660613,20.6
19660614,17.1
19660615,19.1
19660616,19.5
19660617,18.7
19660618,16.9
19660619,18.2
19660620,20.3
19660621,20.9
19660622,20.4
19660623,20.7
19660624,20.6
19660625,18.8
19660626,17.6
19660627,19.2
19660628,19.9
19660629,16.9
19660630,18.7
19660701,15.3
19660702,18.6
19660703,19.6
19660704,21.4
19660705,19.8
19660706,18.7
19660707,18.4
19660708,18.5
19660709,19.7
19660710,22.5
19660711,20.7
19660712,21.1
19660713,19.6
19660714,22.9
19660715,23.6
19660716,21.6
19660717,24.7
19660718,23.9
19660719,24.4
19660720,22.1
19660721,21.8
19660722,21.0
19660723,21.4
19660724,21.7
19660725,21.5
19660726,20.8
19660727,21.3
19660728,23.6
19660729,24.4
19660730,24.7
19660731,23.1
19660801,22.9
19660802,20.1
19660803,23.9
19660804,24.1
19660805,22.0
19660806,24.2
19660807,22.6
19660808,21.9
19660809,19.9
19660810,20.7
19660811,20.4
19660812,21.3
19660813,23.9
19660814,22.3
19660815,21.9
19660816,20.7
19660817,15.0
19660818,16.9
19660819,16.7
19660820,18.5
19660821,16.8
19660822,18.1
19660823,18.1
19660824,21.4
19660825,21.7
19660826,22.1
19660827,20.9
19660828,23.5
19660829,21.7
19660830,23.6
19660831,16.5
19660901,14.5
19660902,14.2
19660903,13.6
19660904,11.8
19660905,13.8
19660906,12.7
19660907,15.6
19660908,12.5
19660909,10.7
19660910,11.5
19660911,15.5
19660912,10.7
19660913,13.1
19660914,14.2
19660915,8.7
19660916,10.3
19660917,12.8
19660918,13.6
19660919,14.5
19660920,16.6
19660921,11.8
19660922,8.3
19660923,10.4
19660924,9.0
19660925,11.6
19660926,11.3
19660927,11.5
19660928,10.9
19660929,13.2
19660930,11.0
19661001,12.1
19661002,13.6
19661003,8.0
19661004,5.0
19661005,10.8
19661006,11.6
19661007,12.5
19661008,10.9
19661009,7.7
19661010,8.8
19661011,13.0
19661012,8.4
19661013,10.3
19661014,7.2
19661015,7.2
19661016,5.7
19661017,5.3
19661018,4.5
19661019,4.8
19661020,5.2
19661021,2.4
19661022,4.7
19661023,8.7
19661024,11.1
19661025,5.1
19661026,5.9
19661027,1.4
19661028,-1.9
19661029,-0.2
19661030,0.0
19661031,4.6
19661101,2.9
19661102,2.0
19661103,3.8
19661104,0.3
19661105,4.2
19661106,-2.0
19661107,0.7
19661108,1.1
19661109,5.6
19661110,1.5
19661111,0.9
19661112,3.0
19661113,4.6
19661114,-0.9
19661115,-3.3
19661116,-2.1
19661117,0.0
19661118,-3.2
19661119,-5.5
19661120,-3.2
19661121,-8.3
19661122,-6.2
19661123,-5.6
19661124,-2.5
19661125,-5.1
19661126,-7.5
19661127,-5.5
19661128,-3.8
19661129,-5.8
19661130,-11.6
19661201,-13.3
19661202,-11.0
19661203,-11.4
19661204,-7.0
19661205,-6.9
19661206,-8.8
19661207,-9.7
19661208,-7.1
19661209,-9.8
19661210,-9.6
19661211,-5.9
19661212,-6.5
19661213,-11.3
19661214,-5.4
19661215,-6.1
19661216,-8.0
19661217,-2.4
19661218,-2.7
19661219,-2.4
19661220,-7.9
19661221,-7.9
19661222,-13.8
19661223,-13.3
19661224,-12.7
19661225,-11.1
19661226,-14.1
19661227,-18.3
19661228,-16.9
19661229,-15.1
19661230,-8.8
19661231,-8.3
19670101,-9.7
19670102,-11.3
19670103,-13.7
19670104,-14.8
19670105,-9.4
19670106,-14.0
19670107,-8.5
19670108,-13.6
19670109,-16.9
19670110,-11.4
19670111,-10.0
19670112,-10.0
19670113,-13.6
19670114,-14.3
19670115,-16.7
19670116,-17.8
19670117,-14.7
19670118,-12.9
19670119,-7.5
19670120,-11.1
19670121,-11.6
19670122,-4.7
19670123,-12.2
19670124,-11.1
19670125,-9.7
19670126,-10.7
19670127,-0.9
19670128,-3.7
19670129,-7.0
19670130,-9.3
19670131,-8.0
19670201,-13.0
19670202,-14.6
19670203,-9.8
19670204,-12.6
19670205,-5.1
19670206,-5.0
19670207,-6.3
19670208,-11.4
19670209,-8.8
19670210,-13.8
19670211,-14.4
19670212,-14.4
19670213,-10.0
19670214,-10.9
19670215,-13.9
19670216,-7.1
19670217,-11.9
19670218,-12.5
19670219,-10.3
19670220,-2.2
19670221,-0.5
19670222,-1.4
19670223,-9.3
19670224,-8.8
19670225,-5.4
19670226,-11.4
19670227,-6.0
19670228,-10.8
19670301,-6.5
19670302,-2.7
19670303,1.0
19670304,-5.6
19670305,-8.6
19670306,-4.4
19670307,-7.7
19670308,-5.4
19670309,-4.6
19670310,-2.7
19670311,-3.2
19670312,-2.2
19670313,0.3
19670314,-0.6
19670315,0.5
19670316,-3.1
19670317,0.9
19670318,-2.0
19670319,-3.0
19670320,0.7
19670321,-0.4
19670322,-1.9
19670323,-0.9
19670324,-0.7
19670325,-0.7
19670326,4.5
19670327,3.2
19670328,-1.8
19670329,-1.1
19670330,6.0
19670331,1.8
19670401,6.2
19670402,5.5
19670403,7.1
19670404,0.1
19670405,3.4
19670406,2.8
19670407,0.0
19670408,4.6
19670409,8.7
19670410,7.2
19670411,0.3
19670412,2.1
19670413,3.0
19670414,9.1
19670415,6.2
19670416,2.1
19670417,7.8
19670418,7.5
19670419,4.8
19670420,9.9
19670421,8.2
19670422,8.7
19670423,9.7
19670424,7.3
19670425,13.2
19670426,8.8
19670427,5.8
19670428,10.6
19670429,14.7
19670430,13.8
19670501,9.6
19670502,12.5
19670503,7.4
19670504,13.1
19670505,14.9
19670506,12.2
19670507,14.8
19670508,10.9
19670509,9.4
19670510,12.8
19670511,17.5
19670512,16.9
19670513,12.7
19670514,12.5
19670515,12.7
19670516,18.3
19670517,14.4
19670518,15.6
19670519,17.0
19670520,13.4
19670521,17.1
19670522,15.8
19670523,16.1
19670524,16.2
19670525,17.8
19670526,12.3
19670527,14.6
19670528,15.1
19670529,18.1
19670530,16.2
19670531,17.6
19670601,13.6
19670602,16.7
19670603,14.0
19670604,18.5
19670605,17.5
19670606,20.7
19670607,13.3
19670608,12.9
19670609,10.8
19670610,13.8
19670611,14.9
19670612,14.6
19670613,18.0
19670614,18.8
19670615,18.1
19670616,19.6
19670617,17.4
19670618,19.4
19670619,17.7
19670620,18.4
19670621,20.3
19670622,20.4
19670623,18.3
19670624,18.3
19670625,17.5
19670626,20.0
19670627,21.2
19670628,19.7
19670629,21.5
19670630,21.0
19670701,17.2
19670702,18.8
19670703,18.4
19670704,21.7
19670705,18.2
19670706,18.9
19670707,20.0
19670708,20.1
19670709,21.2
19670710,21.8
19670711,22.6
19670712,19.9
19670713,23.3
19670714,21.7
19670715,21.5
19670716,19.3
19670717,24.4
19670718,20.2
19670719,21.8
19670720,21.0
19670721,20.8
19670722,20.9
19670723,21.0
19670724,22.0
19670725,23.7
19670726,22.7
19670727,23.9
19670728,23.9
19670729,23.0
19670730,22.7
19670731,24.4
19670801,25.3
19670802,25.4
19670803,23.3
19670804,23.3
19670805,23.0
19670806,22.3
19670807,24.1
19670808,25.1
19670809,25.7
19670810,16.9
19670811,16.8
19670812,20.1
19670813,19.7
19670814,21.8
19670815,16.4
19670816,15.7
19670817,15.7
19670818,22.0
19670819,22.0
19670820,21.6
19670821,23.2
19670822,23.3
19670823,22.9
19670824,17.0
19670825,20.6
19670826,21.8
19670827,23.1
19670828,24.8
19670829,21.7
19670830,20.6
19670831,20.3
19670901,19.9
19670902,18.8
19670903,16.2
19670904,14.1
19670905,18.6
19670906,18.3
19670907,18.4
19670908,17.4
19670909,11.8
19670910,7.7
19670911,6.6
19670912,10.3
19670913,8.3
19670914,12.9
19670915,13.2
19670916,11.4
19670917,10.4
19670918,11.9
19670919,14.7
19670920,11.5
19670921,10.2
19670922,10.0
19670923,9.7
19670924,10.3
19670925,13.0
19670926,12.9
19670927,12.3
19670928,10.9
19670929,10.8
19670930,6.2
19671001,4.8
19671002,3.9
19671003,4.6
19671004,5.6
19671005,6.1
19671006,9.5
19671007,6.4
19671008,6.5
19671009,9.0
19671010,8.8
19671011,12.9
19671012,9.8
19671013,10.2
19671014,3.4
19671015,2.8
19671016,6.9
19671017,5.1
19671018,3.3
19671019,4.1
19671020,5.9
19671021,5.6
19671022,6.8
19671023,7.4
19671024,9.5
19671025,9.5
19671026,9.8
19671027,7.2
19671028,4.8
19671029,6.2
19671030,4.2
19671031,1.2
19671101,3.2
19671102,2.3
19671103,-2.4
19671104,-2.6
19671105,-1.6
19671106,-1.6
19671107,2.9
19671108,2.1
19671109,-2.4
19671110,-5.9
19671111,-0.9
19671112,-7.4
19671113,-5.8
19671114,-4.1
19671115,-5.8
19671116,-3.2
19671117,-1.8
19671118,3.3
19671119,1.0
19671120,-3.8
19671121,-6.3
19671122,-3.8
19671123,-1.0
19671124,0.3
19671125,0.2
19671126,-2.4
19671127,-0.9
19671128,0.1
19671129,-5.0
19671130,-8.8
19671201,-9.6
19671202,-8.5
19671203,-9.7
19671204,-6.9
19671205,-9.3
19671206,-6.8
19671207,-10.3
19671208,-16.0
19671209,-12.8
19671210,-10.4
19671211,-13.5
19671212,-8.0
19671213,-13.2
19671214,-7.9
19671215,-14.1
19671216,-9.8
19671217,-10.0
19671218,-9.3
19671219,-7.8
19671220,-9.9
19671221,-11.1
19671222,-9.7
19671223,-16.1
19671224,-15.1
19671225,-9.7
19671226,-11.3
19671227,-12.6
19671228,-18.2
19671229,-15.0
19671230,-15.9
19671231,-12.3
19680101,-12.8
19680102,-10.7
19680103,-12.9
19680104,-11.5
19680105,-10.2
19680106,-11.3
19680107,-8.6
19680108,-16.7
19680109,-14.8
19680110,-12.5
19680111,-12.4
19680112,-10.4
19680113,-8.7
19680114,-12.8
19680115,-16.1
19680116,-14.8
19680117,-8.6
19680118,-12.1
19680119,-8.6
19680120,-10.1
19680121,-11.6
19680122,-11.8
19680123,-8.9
19680124,-13.2
19680125,-12.6
19680126,-12.7
19680127,-12.8
19680128,-11.5
19680129,-11.1
19680130,-14.3
19680131,-13.0
19680201,-15.1
19680202,-15.9
19680203,-10.6
19680204,-12.4
19680205,-10.8
19680206,-14.0
19680207,-15.7
19680208,-10.9
19680209,-13.9
19680210,-9.5
19680211,-14.9
19680212,-12.7
19680213,-9.3
19680214,-10.7
19680215,-9.1
19680216,-7.8
19680217,-7.9
19680218,-9.2
19680219,-12.7
19680220,-13.0
19680221,-13.9
19680222,-10.0
19680223,-7.5
19680224,-7.5
19680225,-8.5
19680226,-8.6
19680227,-2.0
19680228,-5.1
19680229,-7.8
19680301,-7.2
19680302,-7.7
19680303,-5.0
19680304,-2.4
19680305,-6.3
19680306,-4.6
19680307,1.7
19680308,-2.7
19680309,-5.0
19680310,-2.9
19680311,1.6
19680312,-4.7
19680313,2.0
19680314,-2.4
19680315,3.7
19680316,-4.6
19680317,-1.9
19680318,-0.8
19680319,1.7
19680320,6.9
19680321,-1.0
19680322,1.4
19680323,0.0
19680324,-1.9
19680325,-4.1
19680326,-1.5
19680327,-2.3
19680328,3.5
19680329,3.3
19680330,2.8
19680331,5.5
19680401,2.0
19680402,4.3
19680403,6.6
19680404,7.6
19680405,1.3
19680406,8.9
19680407,9.3
19680408,9.4
19680409,5.2
19680410,3.4
19680411,5.7
19680412,0.5
19680413,3.6
19680414,9.2
19680415,8.6
19680416,3.5
19680417,5.9
19680418,6.8
19680419,6.7
19680420,5.9
19680421,10.9
19680422,10.1
19680423,8.4
19680424,8.4
19680425,6.7
19680426,4.6
19680427,6.0
19680428,9.1
19680429,11.0
19680430,17.6
19680501,8.7
19680502,6.5
19680503,10.4
19680504,10.9
19680505,10.6
19680506,5.1
19680507,6.1
19680508,7.7
19680509,8.3
19680510,12.1
19680511,12.8
19680512,15.1
19680513,10.5
19680514,13.0
19680515,18.2
19680516,14.7
19680517,15.5
19680518,14.4
19680519,11.7
19680520,15.4
19680521,19.9
19680522,13.9
19680523,14.0
19680524,14.1
19680525,15.6
19680526,11.8
19680527,10.8
19680528,13.8
19680529,11.7
19680530,12.8
19680531,15.6
19680601,14.1
19680602,14.9
19680603,18.3
19680604,18.1
19680605,18.1
19680606,22.5
19680607,18.1
19680608,17.3
19680609,15.8
19680610,14.9
19680611,14.1
19680612,18.1
19680613,15.8
19680614,17.6
19680615,15.7
19680616,17.6
19680617,18.4
19680618,18.2
19680619,17.5
19680620,17.0
19680621,19.3
19680622,18.4
19680623,20.2
19680624,23.6
19680625,22.9
19680626,22.8
19680627,19.7
19680628,17.0
19680629,23.1
19680630,22.3
19680701,22.0
19680702,20.4
19680703,21.2
19680704,21.6
19680705,20.7
19680706,19.7
19680707,19.5
19680708,19.9
19680709,20.2
19680710,21.4
19680711,21.7
19680712,22.2
19680713,20.4
19680714,21.6
19680715,20.5
19680716,20.5
19680717,21.4
19680718,22.9
19680719,22.4
19680720,22.2
19680721,22.6
19680722,21.4
19680723,23.7
19680724,26.2
19680725,27.0
19680726,23.1
19680727,24.9
19680728,21.7
19680729,21.3
19680730,19.6
19680731,20.9
19680801,21.3
19680802,20.9
19680803,21.5
19680804,21.5
19680805,19.8
19680806,18.4
19680807,18.3
19680808,17.7
19680809,16.8
19680810,19.7
19680811,19.9
19680812,20.4
19680813,17.9
19680814,20.4
19680815,17.8
19680816,18.5
19680817,20.5
19680818,20.0
19680819,17.0
19680820,17.1
19680821,20.0
19680822,19.9
19680823,19.6
19680824,18.9
19680825,20.5
19680826,16.3
19680827,21.3
19680828,18.5
19680829,13.5
19680830,16.2
19680831,12.2
19680901,13.7
19680902,14.2
19680903,16.7
19680904,17.7
19680905,17.1
19680906,18.6
19680907,17.7
19680908,15.9
19680909,16.3
19680910,16.4
19680911,18.2
19680912,18.0
19680913,17.7
19680914,19.6
19680915,16.9
19680916,17.7
19680917,18.1
19680918,15.3
19680919,16.4
19680920,11.1
19680921,6.4
19680922,8.9
19680923,10.3
19680924,12.4
19680925,14.7
19680926,16.9
19680927,10.5
19680928,3.7
19680929,4.6
19680930,6.4
19681001,7.6
19681002,13.2
19681003,10.1
19681004,12.4
19681005,15.4
19681006,7.8
19681007,7.6
19681008,8.1
19681009,7.4
19681010,7.6
19681011,2.1
19681012,3.2
19681013,2.4
19681014,3.9
19681015,3.1
19681016,3.5
19681017,0.3
19681018,-0.4
19681019,1.8
19681020,8.2
19681021,5.9
19681022,7.1
19681023,6.6
19681024,6.7
19681025,4.7
19681026,2.6
19681027,4.2
19681028,1.6
19681029,0.5
19681030,0.3
19681031,4.0
19681101,3.7
19681102,6.4
19681103,6.3
19681104,-1.2
19681105,0.8
19681106,2.7
19681107,4.8
19681108,-6.0
19681109,-7.8
19681110,-7.8
19681111,-5.1
19681112,-3.5
19681113,-1.6
19681114,-3.2
19681115,-3.5
19681116,-2.0
19681117,-1.9
19681118,-2.9
19681119,-3.6
19681120,0.2
19681121,-2.2
19681122,2.1
19681123,4.1
19681124,2.3
19681125,0.2
19681126,5.1
19681127,-2.9
19681128,-6.3
19681129,-5.1
19681130,-3.5
19681201,-1.6
19681202,-1.4
19681203,-1.7
19681204,-1.3
19681205,-3.8
19681206,-0.6
19681207,0.4
19681208,3.4
19681209,2.4
19681210,-0.4
19681211,-0.8
19681212,-4.4
19681213,-5.8
19681214,-11.8
19681215,-14.0
19681216,-12.3
19681217,-8.3
19681218,-7.2
19681219,-4.7
19681220,-4.3
19681221,-8.8
19681222,-9.8
19681223,-8.3
19681224,-8.2
19681225,-7.9
19681226,-6.7
19681227,-9.2
19681228,-6.9
19681229,-5.9
19681230,-9.8
19681231,-12.1
19690101,-12.4
19690102,-14.8
19690103,-15.3
19690104,-15.0
19690105,-9.3
19690106,-8.1
19690107,-11.0
19690108,-15.1
19690109,-12.9
19690110,-14.2
19690111,-8.4
19690112,-16.5
19690113,-13.8
19690114,-12.3
19690115,-14.6
19690116,-12.3
19690117,-12.2
19690118,-9.8
19690119,-6.6
19690120,-6.9
19690121,-13.2
19690122,-6.7
19690123,-8.5
19690124,-6.1
19690125,-10.8
19690126,-7.2
19690127,-8.9
19690128,-10.2
19690129,-10.7
19690130,-11.2
19690131,-15.1
19690201,-11.8
19690202,-13.5
19690203,-8.0
19690204,-14.7
19690205,-16.6
19690206,-13.2
19690207,-3.1
19690208,-4.5
19690209,-6.2
19690210,-6.6
19690211,-4.7
19690212,-2.4
19690213,-3.8
19690214,-9.7
19690215,-10.8
19690216,-12.5
19690217,-10.7
19690218,-6.7
19690219,-10.0
19690220,-10.4
19690221,-11.2
19690222,-11.2
19690223,-11.6
19690224,-19.3
19690225,-16.1
19690226,-9.1
19690227,-13.7
19690228,-13.2
19690301,-7.8
19690302,-7.2
19690303,-6.3
19690304,-12.3
19690305,-9.8
19690306,-7.2
19690307,-5.1
19690308,-2.3
19690309,-5.1
19690310,-6.8
19690311,-8.8
19690312,-11.5
19690313,-6.0
19690314,-1.6
19690315,-3.9
19690316,-4.0
19690317,-1.6
19690318,3.1
19690319,2.2
19690320,1.8
19690321,-0.4
19690322,-2.1
19690323,-0.7
19690324,1.3
19690325,3.0
19690326,4.3
19690327,6.2
19690328,-0.7
19690329,-0.6
19690330,-0.1
19690331,2.7
19690401,4.2
19690402,3.9
19690403,0.8
19690404,-1.0
19690405,7.6
19690406,1.5
19690407,6.0
19690408,3.1
19690409,5.6
19690410,6.1
19690411,7.5
19690412,11.9
19690413,14.0
19690414,11.2
19690415,9.9
19690416,1.7
19690417,5.4
19690418,9.9
19690419,8.8
19690420,7.0
19690421,9.6
19690422,11.0
19690423,10.8
19690424,6.6
19690425,8.4
19690426,8.4
19690427,14.0
19690428,7.0
19690429,12.9
19690430,8.2
19690501,8.6
19690502,14.1
19690503,13.8
19690504,16.8
19690505,10.0
19690506,9.2
19690507,12.7
19690508,16.9
19690509,12.8
19690510,15.2
19690511,10.7
19690512,8.9
19690513,10.2
19690514,11.0
19690515,16.2
19690516,16.7
19690517,12.1
19690518,11.4
19690519,8.4
19690520,12.8
19690521,15.5
19690522,18.8
19690523,14.7
19690524,14.6
19690525,15.7
19690526,13.0
19690527,10.3
19690528,12.0
19690529,12.8
19690530,15.7
19690531,14.3
19690601,17.3
19690602,14.3
19690603,12.6
19690604,13.1
19690605,10.0
19690606,15.4
19690607,16.1
19690608,15.6
19690609,16.4
19690610,16.9
19690611,15.2
19690612,13.8
19690613,14.1
19690614,17.5
19690615,17.2
19690616,16.5
19690617,16.2
19690618,14.4
19690619,14.9
19690620,14.9
19690621,16.7
19690622,18.3
19690623,21.0
19690624,20.6
19690625,21.1
19690626,16.5
19690627,19.9
19690628,23.9
19690629,18.7
19690630,22.4
19690701,15.9
19690702,16.0
19690703,19.8
19690704,20.1
19690705,17.4
19690706,19.8
19690707,19.7
19690708,20.7
19690709,17.5
19690710,19.0
19690711,18.7
19690712,20.7
19690713,18.0
19690714,18.0
19690715,17.5
19690716,16.6
19690717,18.4
19690718,18.4
19690719,22.0
19690720,20.0
19690721,20.8
19690722,22.7
19690723,19.8
19690724,24.3
19690725,23.5
19690726,25.2
19690727,23.1
19690728,23.5
19690729,22.2
19690730,22.7
19690731,22.4
19690801,18.9
19690802,19.8
19690803,19.4
19690804,20.6
19690805,21.3
19690806,21.0
19690807,21.4
19690808,19.6
19690809,21.4
19690810,22.5
19690811,20.8
19690812,19.2
19690813,18.4
19690814,20.0
19690815,19.0
19690816,23.1
19690817,20.6
19690818,17.7
19690819,17.4
19690820,20.5
19690821,20.1
19690822,19.2
19690823,18.2
19690824,20.7
19690825,17.8
19690826,17.0
19690827,18.0
19690828,20.2
19690829,15.3
19690830,14.3
19690831,15.4
19690901,18.8
19690902,18.4
19690903,14.4
19690904,18.3
19690905,16.9
19690906,14.2
19690907,18.6
19690908,14.0
19690909,14.3
19690910,15.1
19690911,15.9
19690912,15.9
19690913,15.6
19690914,15.5
19690915,17.4
19690916,17.5
19690917,18.0
19690918,17.6
19690919,14.4
19690920,13.7
19690921,14.2
19690922,12.2
19690923,14.9
19690924,14.1
19690925,15.4
19690926,11.1
19690927,10.8
19690928,11.6
19690929,10.6
19690930,7.3
19691001,8.8
19691002,2.5
19691003,3.8
19691004,4.5
19691005,10.5
19691006,11.5
19691007,10.1
19691008,9.7
19691009,4.8
19691010,6.0
19691011,7.0
19691012,10.3
19691013,9.8
19691014,12.0
19691015,13.4
19691016,9.4
19691017,8.1
19691018,6.4
19691019,11.6
19691020,11.9
19691021,9.6
19691022,10.2
19691023,8.2
19691024,8.2
19691025,8.0
19691026,1.2
19691027,2.0
19691028,2.6
19691029,4.9
19691030,6.4
19691031,2.5
19691101,-2.1
19691102,-3.6
19691103,-2.8
19691104,-2.4
19691105,-3.2
19691106,-3.1
19691107,-2.8
19691108,1.1
19691109,2.8
19691110,-1.1
19691111,-3.7
19691112,-2.2
19691113,1.0
19691114,4.5
19691115,-1.2
19691116,-2.9
19691117,-3.5
19691118,-6.5
19691119,-2.7
19691120,-1.1
19691121,-6.0
19691122,-3.6
19691123,-4.7
19691124,-4.2
19691125,-4.5
19691126,-2.8
19691127,0.7
19691128,-4.4
19691129,-6.2
19691130,-6.6
19691201,-4.1
19691202,-7.2
19691203,-1.6
19691204,-6.5
19691205,-5.6
19691206,-1.5
19691207,-7.4
19691208,-9.5
19691209,-5.0
19691210,-2.4
19691211,-3.5
19691212,-7.5
19691213,-10.4
19691214,-9.6
19691215,-6.6
19691216,-7.3
19691217,-11.4
19691218,-8.2
19691219,-13.1
19691220,-11.6
19691221,-9.8
19691222,-8.2
19691223,-11.5
19691224,-11.2
19691225,-9.4
19691226,-13.3
19691227,-13.6
19691228,-15.8
19691229,-10.3
19691230,-13.8
19691231,-12.2
19700101,-7.1
19700102,-8.0
19700103,-10.4
19700104,-15.1
19700105,-17.1
19700106,-11.3
19700107,-8.4
19700108,-6.9
19700109,-8.3
19700110,-7.9
19700111,-9.8
19700112,-7.1
19700113,-14.2
19700114,-13.1
19700115,-15.4
19700116,-16.1
19700117,-14.7
19700118,-16.0
19700119,-14.5
19700120,-13.4
19700121,-9.8
19700122,-13.1
19700123,-12.6
19700124,-13.7
19700125,-12.7
19700126,-11.4
19700127,-9.7
19700128,-8.7
19700129,-2.1
19700130,-10.2
19700131,-11.3
19700201,-7.4
19700202,-10.2
19700203,-11.4
19700204,-11.7
19700205,-9.0
19700206,-9.0
19700207,-8.7
19700208,-5.5
19700209,-13.0
19700210,-9.9
19700211,-9.5
19700212,-8.8
19700213,-4.1
19700214,-1.0
19700215,-9.9
19700216,-7.7
19700217,-6.1
19700218,1.9
19700219,-2.8
19700220,-5.0
19700221,-4.6
19700222,-9.2
19700223,-5.9
19700224,-5.4
19700225,-6.7
19700226,-10.4
19700227,-13.0
19700228,-9.1
19700301,-6.9
19700302,-6.3
19700303,-5.1
19700304,-8.6
19700305,-6.7
19700306,-6.7
19700307,-2.8
19700308,-2.3
19700309,-9.1
19700310,-4.6
19700311,-5.1
19700312,-3.2
19700313,-3.9
19700314,-1.5
19700315,-2.0
19700316,-3.8
19700317,-1.9
19700318,-3.7
19700319,-5.1
19700320,-4.5
19700321,-4.2
19700322,-5.5
19700323,-7.5
19700324,-1.7
19700325,-3.3
19700326,-0.6
19700327,2.4
19700328,6.1
19700329,5.0
19700330,0.4
19700331,0.1
19700401,2.4
19700402,4.7
19700403,2.5
19700404,-1.0
19700405,1.6
19700406,6.8
19700407,0.0
19700408,5.0
19700409,8.9
19700410,7.6
19700411,7.4
19700412,7.8
19700413,4.5
19700414,6.5
19700415,9.0
19700416,9.5
19700417,10.8
19700418,7.0
19700419,10.2
19700420,10.8
19700421,9.2
19700422,6.7
19700423,11.2
19700424,8.4
19700425,10.9
19700426,4.3
19700427,9.0
19700428,11.4
19700429,13.0
19700430,15.8
19700501,15.7
19700502,10.0
19700503,10.3
19700504,13.4
19700505,15.1
19700506,14.9
19700507,14.3
19700508,16.1
19700509,15.9
19700510,13.9
19700511,12.4
19700512,9.4
19700513,9.4
19700514,9.8
19700515,11.3
19700516,13.9
19700517,14.9
19700518,15.8
19700519,10.6
19700520,8.7
19700521,11.8
19700522,13.8
19700523,17.3
19700524,13.3
19700525,13.3
19700526,12.1
19700527,17.9
19700528,16.0
19700529,14.4
19700530,16.7
19700531,14.4
19700601,14.8
19700602,15.6
19700603,14.6
19700604,15.8
19700605,16.7
19700606,18.9
19700607,17.4
19700608,16.7
19700609,16.5
19700610,17.4
19700611,14.0
19700612,14.5
19700613,16.2
19700614,15.9
19700615,16.3
19700616,16.2
19700617,15.1
19700618,14.1
19700619,14.1
19700620,14.0
19700621,17.2
19700622,18.6
19700623,17.5
19700624,16.9
19700625,19.2
19700626,20.3
19700627,21.3
19700628,20.6
19700629,20.2
19700630,20.2
19700701,17.4
19700702,21.0
19700703,17.8
19700704,18.5
19700705,21.7
19700706,22.7
19700707,21.0
19700708,18.7
19700709,18.9
19700710,17.6
19700711,18.4
19700712,18.5
19700713,18.8
19700714,20.2
19700715,23.8
19700716,20.9
19700717,22.7
19700718,23.0
19700719,22.1
19700720,19.1
19700721,20.5
19700722,19.7
19700723,19.5
19700724,21.1
19700725,22.5
19700726,21.6
19700727,23.5
19700728,21.9
19700729,22.7
19700730,22.7
19700731,20.6
19700801,17.7
19700802,16.4
19700803,20.0
19700804,21.2
19700805,20.0
19700806,22.1
19700807,22.7
19700808,22.9
19700809,24.0
19700810,25.7
19700811,22.7
19700812,18.0
19700813,14.4
19700814,17.2
19700815,16.9
19700816,17.9
19700817,17.7
19700818,16.9
19700819,20.9
19700820,18.5
19700821,19.2
19700822,20.3
19700823,19.5
19700824,20.5
19700825,21.9
19700826,21.2
19700827,21.1
19700828,18.4
19700829,15.5
19700830,20.9
19700831,20.3
19700901,18.1
19700902,15.4
19700903,19.8
19700904,17.2
19700905,11.9
19700906,15.0
19700907,16.3
19700908,15.5
19700909,13.5
19700910,14.5
19700911,16.5
19700912,11.4
19700913,14.7
19700914,12.6
19700915,18.5
19700916,15.7
19700917,11.7
19700918,11.3
19700919,11.2
19700920,13.8
19700921,17.5
19700922,10.2
19700923,11.6
19700924,16.2
19700925,8.3
19700926,7.2
19700927,7.1
19700928,12.9
19700929,4.9
19700930,7.4
19701001,7.2
19701002,4.9
19701003,6.7
19701004,7.0
19701005,9.3
19701006,8.0
19701007,8.6
19701008,10.3
19701009,4.7
19701010,6.7
19701011,8.6
19701012,12.3
19701013,11.0
19701014,12.3
19701015,11.1
19701016,11.5
19701017,8.5
19701018,12.1
19701019,12.8
19701020,11.4
19701021,7.6
19701022,12.8
19701023,15.4
19701024,12.0
19701025,5.2
19701026,-0.7
19701027,-0.4
19701028,0.7
19701029,-0.8
19701030,-0.5
19701031,1.5
19701101,0.4
19701102,2.5
19701103,5.9
19701104,0.7
19701105,2.9
19701106,3.3
19701107,0.4
19701108,2.9
19701109,2.4
19701110,4.7
19701111,-0.3
19701112,0.6
19701113,1.9
19701114,-2.3
19701115,-5.5
19701116,-5.3
19701117,-4.7
19701118,-2.6
19701119,-0.5
19701120,0.7
19701121,-6.4
19701122,-7.0
19701123,-8.3
19701124,-6.3
19701125,-4.2
19701126,-5.9
19701127,-3.3
19701128,-7.3
19701129,-10.3
19701130,-12.3
19701201,-8.8
19701202,-4.8
19701203,-7.6
19701204,-5.8
19701205,-7.3
19701206,-6.5
19701207,-9.9
19701208,-8.5
19701209,-8.4
19701210,-6.5
19701211,-2.6
19701212,-5.5
19701213,-9.4
19701214,-10.8
19701215,-8.5
19701216,-6.9
19701217,-1.3
19701218,-5.5
19701219,-7.0
19701220,-9.7
19701221,-6.6
19701222,-8.1
19701223,-8.9
19701224,-9.7
19701225,-15.6
19701226,-12.3
19701227,-13.4
19701228,-12.1
19701229,-11.3
19701230,-12.3
19701231,-11.5
19710101,-9.5
19710102,-13.4
19710103,-9.7
19710104,-16.7
19710105,-15.0
19710106,-13.5
19710107,-7.9
19710108,-10.9
19710109,-11.3
19710110,-10.5
19710111,-6.0
19710112,-11.4
19710113,-7.0
19710114,-12.2
19710115,-9.8
19710116,-9.5
19710117,-3.8
19710118,-4.4
19710119,-1.8
19710120,-5.6
19710121,-11.9
19710122,-6.7
19710123,-10.4
19710124,-6.7
19710125,-9.7
19710126,-9.3
19710127,-10.2
19710128,-12.1
19710129,-8.8
19710130,-12.7
19710131,-9.1
19710201,-11.6
19710202,-9.3
19710203,-10.8
19710204,-9.7
19710205,-12.4
19710206,-11.1
19710207,-12.9
19710208,-9.7
19710209,-11.5
19710210,-13.3
19710211,-8.6
19710212,-3.5
19710213,-8.7
19710214,-6.9
19710215,-7.8
19710216,-5.1
19710217,-8.9
19710218,-10.2
19710219,-8.8
19710220,-6.4
19710221,-0.6
19710222,-3.7
19710223,-5.3
19710224,-7.4
19710225,-1.4
19710226,-2.8
19710227,-6.2
19710228,-6.8
19710301,-4.2
19710302,-8.6
19710303,-15.0
19710304,-11.4
19710305,-8.5
19710306,-8.5
19710307,-7.2
19710308,-6.2
19710309,-8.5
19710310,-6.7
19710311,-6.5
19710312,-6.2
19710313,-7.9
19710314,-5.5
19710315,-3.3
19710316,-4.9
19710317,-1.8
19710318,0.4
19710319,-1.1
19710320,0.9
19710321,3.3
19710322,-0.3
19710323,-0.8
19710324,1.9
19710325,1.9
19710326,1.9
19710327,2.5
19710328,7.8
19710329,1.7
19710330,0.4
19710331,5.6
19710401,-1.1
19710402,-0.3
19710403,1.5
19710404,3.8
19710405,5.6
19710406,7.2
19710407,6.8
19710408,8.0
19710409,-1.1
19710410,1.6
19710411,2.4
19710412,10.8
19710413,10.1
19710414,2.8
19710415,2.6
19710416,9.4
19710417,5.5
19710418,3.7
19710419,4.7
19710420,8.7
19710421,10.1
19710422,12.5
19710423,5.0
19710424,9.9
19710425,7.5
19710426,6.8
19710427,7.0
19710428,7.0
19710429,8.7
19710430,10.2
19710501,11.3
19710502,9.0
19710503,8.0
19710504,7.6
19710505,8.2
19710506,5.9
19710507,7.2
19710508,10.3
19710509,11.4
19710510,13.5
19710511,16.9
19710512,16.9
19710513,13.6
19710514,16.6
19710515,18.6
19710516,9.2
19710517,9.4
19710518,11.5
19710519,12.5
19710520,11.2
19710521,16.6
19710522,14.3
19710523,15.3
19710524,15.8
19710525,11.7
19710526,18.6
19710527,9.2
19710528,10.3
19710529,11.3
19710530,16.2
19710531,15.6
19710601,16.9
19710602,16.3
19710603,13.3
19710604,14.5
19710605,16.9
19710606,14.1
19710607,19.8
19710608,15.9
19710609,12.6
19710610,15.4
19710611,18.0
19710612,17.7
19710613,20.8
19710614,17.9
19710615,17.4
19710616,17.8
19710617,19.4
19710618,21.5
19710619,19.1
19710620,18.7
19710621,16.6
19710622,18.9
19710623,20.6
19710624,20.5
19710625,21.0
19710626,18.4
19710627,18.5
19710628,20.6
19710629,20.5
19710630,19.3
19710701,20.5
19710702,21.1
19710703,21.6
19710704,22.4
19710705,22.7
19710706,22.2
19710707,23.3
19710708,18.6
19710709,19.8
19710710,17.8
19710711,19.7
19710712,22.5
19710713,21.9
19710714,22.9
19710715,22.1
19710716,24.7
19710717,26.4
19710718,24.8
19710719,19.5
19710720,21.0
19710721,20.9
19710722,20.5
19710723,19.4
19710724,20.0
19710725,21.5
19710726,22.3
19710727,24.2
19710728,26.0
19710729,24.3
19710730,25.5
19710731,21.8
19710801,21.6
19710802,18.3
19710803,17.9
19710804,15.9
19710805,17.1
19710806,20.1
19710807,19.4
19710808,20.9
19710809,18.8
19710810,20.2
19710811,19.2
19710812,19.0
19710813,20.2
19710814,24.0
19710815,24.0
19710816,19.1
19710817,19.0
19710818,17.5
19710819,19.6
19710820,18.1
19710821,20.4
19710822,19.8
19710823,18.4
19710824,15.8
19710825,18.2
19710826,17.4
19710827,18.2
19710828,20.2
19710829,16.6
19710830,17.5
19710831,18.6
19710901,21.8
19710902,19.0
19710903,17.2
19710904,14.9
19710905,13.8
19710906,13.5
19710907,12.7
19710908,19.2
19710909,16.4
19710910,12.4
19710911,12.7
19710912,13.1
19710913,13.2
19710914,12.5
19710915,16.1
19710916,17.2
19710917,14.4
19710918,9.6
19710919,7.2
19710920,8.9
19710921,11.1
19710922,15.4
19710923,13.6
19710924,16.4
19710925,15.6
19710926,11.4
19710927,8.1
19710928,7.7
19710929,11.3
19710930,13.7
19711001,10.4
19711002,6.3
19711003,7.5
19711004,9.5
19711005,3.3
19711006,6.5
19711007,9.6
19711008,10.7
19711009,11.3
19711010,10.7
19711011,1.4
19711012,4.9
19711013,5.7
19711014,5.3
19711015,10.2
19711016,13.0
19711017,7.0
19711018,2.9
19711019,5.8
19711020,10.4
19711021,6.6
19711022,2.4
19711023,3.0
19711024,1.4
19711025,3.7
19711026,0.8
19711027,3.6
19711028,1.9
19711029,2.3
19711030,4.3
19711031,4.1
19711101,5.1
19711102,5.1
19711103,11.3
19711104,8.2
19711105,8.0
19711106,3.1
19711107,2.2
19711108,4.9
19711109,0.1
19711110,1.4
19711111,3.2
19711112,1.6
19711113,4.7
19711114,-0.8
19711115,0.9
19711116,0.2
19711117,0.2
19711118,-0.9
19711119,-0.2
19711120,2.5
19711121,0.0
19711122,2.1
19711123,-2.5
19711124,0.0
19711125,-2.1
19711126,1.7
19711127,0.2
19711128,-8.5
19711129,-8.4
19711130,-9.2
19711201,-7.3
19711202,-2.9
19711203,-5.1
19711204,-1.5
19711205,-6.4
19711206,-7.9
19711207,-6.7
19711208,-6.8
19711209,-10.2
19711210,-5.2
19711211,-8.4
19711212,-9.2
19711213,-6.2
19711214,-6.9
19711215,-10.1
19711216,-10.5
19711217,-7.1
19711218,-8.1
19711219,-13.3
19711220,-14.8
19711221,-15.6
19711222,-11.0
19711223,-12.4
19711224,-11.1
19711225,-5.4
19711226,-9.0
19711227,-9.6
19711228,-13.7
19711229,-8.7
19711230,-10.0
19711231,-7.7
19720101,-6.1
19720102,-11.4
19720103,-9.2
19720104,-11.1
19720105,-10.2
19720106,-13.3
19720107,-12.6
19720108,-9.4
19720109,-11.2
19720110,-5.0
19720111,-9.6
19720112,-9.3
19720113,-8.7
19720114,-6.6
19720115,-13.8
19720116,-12.3
19720117,-11.0
19720118,-9.6
19720119,-3.2
19720120,-1.5
19720121,-10.4
19720122,-7.5
19720123,-7.6
19720124,-5.9
19720125,-14.8
19720126,-13.3
19720127,-18.3
19720128,-16.1
19720129,-13.4
19720130,-10.8
19720131,-10.1
19720201,-11.3
19720202,-16.0
19720203,-14.1
19720204,-13.7
19720205,-12.0
19720206,-13.8
19720207,-12.4
19720208,-11.1
19720209,-10.2
19720210,-9.3
19720211,-8.4
19720212,-9.0
19720213,-10.5
19720214,-10.4
19720215,-6.9
19720216,-3.4
19720217,-2.3
19720218,-3.4
19720219,-9.9
19720220,-9.8
19720221,-5.4
19720222,-7.2
19720223,-8.5
19720224,-4.4
19720225,-3.3
19720226,-5.5
19720227,-9.7
19720228,-10.0
19720229,-5.7
19720301,-3.6
19720302,-4.9
19720303,-3.2
19720304,-5.4
19720305,-4.6
19720306,-3.5
19720307,-1.0
19720308,-3.0
19720309,-3.5
19720310,-3.0
19720311,-1.4
19720312,-4.3
19720313,1.3
19720314,-0.2
19720315,-0.1
19720316,-0.5
19720317,0.2
19720318,1.7
19720319,4.1
19720320,0.9
19720321,-1.8
19720322,-0.8
19720323,3.6
19720324,0.4
19720325,-0.1
19720326,3.6
19720327,-0.8
19720328,0.1
19720329,3.3
19720330,0.3
19720331,-2.6
19720401,-3.2
19720402,-0.7
19720403,4.7
19720404,0.3
19720405,4.5
19720406,3.6
19720407,-0.3
19720408,-1.8
19720409,-0.2
19720410,3.2
19720411,1.4
19720412,2.9
19720413,7.1
19720414,12.7
19720415,7.8
19720416,9.5
19720417,9.4
19720418,9.3
19720419,9.0
19720420,4.6
19720421,9.2
19720422,9.3
19720423,9.1
19720424,10.5
19720425,7.0
19720426,11.9
19720427,8.3
19720428,15.0
19720429,10.3
19720430,15.4
19720501,7.9
19720502,7.2
19720503,9.7
19720504,11.3
19720505,12.8
19720506,18.3
19720507,13.9
19720508,10.8
19720509,12.3
19720510,11.3
19720511,15.6
19720512,11.8
19720513,12.2
19720514,10.3
19720515,11.3
19720516,7.1
19720517,10.3
19720518,10.8
19720519,14.8
19720520,8.6
19720521,11.9
19720522,9.1
19720523,12.4
19720524,13.9
19720525,11.4
19720526,13.7
19720527,12.9
19720528,14.1
19720529,11.9
19720530,11.2
19720531,10.7
19720601,15.3
19720602,18.1
19720603,18.0
19720604,18.4
19720605,20.4
19720606,19.6
19720607,18.7
19720608,14.7
19720609,16.3
19720610,20.2
19720611,20.7
19720612,16.4
19720613,18.3
19720614,20.5
19720615,16.0
19720616,16.2
19720617,19.9
19720618,16.9
19720619,15.1
19720620,14.7
19720621,20.7
19720622,20.0
19720623,17.2
19720624,19.0
19720625,23.5
19720626,18.5
19720627,18.5
19720628,19.5
19720629,22.6
19720630,19.2
19720701,22.7
19720702,22.5
19720703,21.1
19720704,22.1
19720705,27.3
19720706,22.6
19720707,21.6
19720708,20.7
19720709,20.2
19720710,19.2
19720711,17.9
19720712,20.0
19720713,19.7
19720714,22.8
19720715,23.3
19720716,20.3
19720717,24.4
19720718,24.9
19720719,21.4
19720720,23.0
19720721,20.1
19720722,21.8
19720723,22.5
19720724,19.3
19720725,20.7
19720726,20.8
19720727,19.1
19720728,21.0
19720729,21.9
19720730,22.8
19720731,21.2
19720801,23.1
19720802,23.7
19720803,23.9
19720804,23.6
19720805,19.2
19720806,19.3
19720807,19.9
19720808,20.0
19720809,19.6
19720810,21.2
19720811,20.2
19720812,23.9
19720813,20.6
19720814,20.6
19720815,20.4
19720816,21.7
19720817,21.2
19720818,19.5
19720819,14.8
19720820,16.4
19720821,17.9
19720822,15.7
19720823,21.8
19720824,22.8
19720825,17.9
19720826,14.9
19720827,18.9
19720828,11.9
19720829,18.7
19720830,15.3
19720831,11.4
19720901,16.2
19720902,15.1
19720903,14.1
19720904,12.9
19720905,15.2
19720906,14.1
19720907,13.2
19720908,16.2
19720909,13.8
19720910,13.5
19720911,18.7
19720912,16.3
19720913,16.7
19720914,18.6
19720915,17.1
19720916,17.1
19720917,16.9
19720918,13.7
19720919,15.3
19720920,15.6
19720921,12.5
19720922,8.8
19720923,8.5
19720924,8.6
19720925,7.6
19720926,8.3
19720927,11.8
19720928,8.5
19720929,5.2
19720930,12.0
19721001,6.9
19721002,10.8
19721003,8.0
19721004,8.8
19721005,6.6
19721006,10.4
19721007,10.6
19721008,11.5
19721009,13.8
19721010,7.1
19721011,4.7
19721012,6.8
19721013,5.4
19721014,10.8
19721015,6.5
19721016,5.1
19721017,7.1
19721018,7.0
19721019,7.8
19721020,6.0
19721021,3.1
19721022,-1.9
19721023,0.9
19721024,0.9
19721025,1.6
19721026,5.0
19721027,-0.3
19721028,1.5
19721029,6.6
19721030,1.8
19721031,4.5
19721101,3.1
19721102,4.5
19721103,3.5
19721104,7.5
19721105,2.2
19721106,1.2
19721107,1.9
19721108,2.3
19721109,3.8
19721110,2.9
19721111,5.5
19721112,6.5
19721113,3.2
19721114,1.8
19721115,3.9
19721116,1.1
19721117,-2.8
19721118,-5.4
19721119,-1.1
19721120,-2.7
19721121,-7.6
19721122,-6.1
19721123,-6.3
19721124,-4.5
19721125,-7.2
19721126,-3.6
19721127,-9.3
19721128,-6.3
19721129,-4.2
19721130,-5.9
19721201,-5.9
19721202,-6.2
19721203,-4.9
19721204,-4.9
19721205,0.1
19721206,-4.1
19721207,-4.2
19721208,-8.4
19721209,-5.9
19721210,-6.6
19721211,-9.1
19721212,-12.3
19721213,-9.3
19721214,-10.3
19721215,-10.0
19721216,-4.5
19721217,-6.7
19721218,-11.5
19721219,-12.3
19721220,-9.7
19721221,-7.8
19721222,-6.9
19721223,-2.0
19721224,-1.1
19721225,-1.8
19721226,-3.3
19721227,-3.0
19721228,-3.6
19721229,-8.4
19721230,-11.3
19721231,-9.2
19730101,-5.5
19730102,-9.8
19730103,-11.1
19730104,-11.5
19730105,-10.3
19730106,-7.9
19730107,-10.9
19730108,-10.4
19730109,-10.6
19730110,-9.0
19730111,-11.4
19730112,-7.5
19730113,-4.9
19730114,-7.6
19730115,-11.1
19730116,-7.7
19730117,-4.4
19730118,-4.0
19730119,-9.7
19730120,-2.2
19730121,-2.9
19730122,-6.1
19730123,-1.5
19730124,-7.0
19730125,-14.7
19730126,-10.5
19730127,-13.0
19730128,-10.7
19730129,-11.6
19730130,-18.1
19730131,-15.2
19730201,-8.5
19730202,-9.0
19730203,-12.5
19730204,-12.1
19730205,-7.1
19730206,-9.2
19730207,-13.0
19730208,-12.6
19730209,-11.0
19730210,-9.8
19730211,-8.3
19730212,-4.5
19730213,-3.1
19730214,-3.6
19730215,-1.5
19730216,0.5
19730217,-3.0
19730218,-4.9
19730219,-2.2
19730220,-5.2
19730221,-3.1
19730222,-4.2
19730223,-3.2
19730224,-9.8
19730225,-7.1
19730226,-6.5
19730227,-2.4
19730228,-0.5
19730301,-3.5
19730302,-2.0
19730303,-2.2
19730304,-2.7
19730305,-2.5
19730306,-0.5
19730307,-0.5
19730308,-2.0
19730309,-0.5
19730310,0.2
19730311,1.6
19730312,1.2
19730313,-0.5
19730314,0.8
19730315,-0.1
19730316,-1.3
19730317,-2.0
19730318,-0.1
19730319,-0.5
19730320,5.2
19730321,-1.8
19730322,-0.3
19730323,2.7
19730324,-1.0
19730325,-2.6
19730326,3.6
19730327,7.1
19730328,7.7
19730329,3.0
19730330,5.8
19730331,9.1
19730401,3.4
19730402,2.9
19730403,7.1
19730404,2.4
19730405,-0.6
19730406,7.5
19730407,4.4
19730408,11.7
19730409,5.0
19730410,9.6
19730411,8.2
19730412,3.0
19730413,7.3
19730414,8.2
19730415,9.1
19730416,10.0
19730417,1.2
19730418,11.9
19730419,8.6
19730420,9.8
19730421,8.5
19730422,13.9
19730423,13.1
19730424,13.7
19730425,15.7
19730426,7.7
19730427,8.5
19730428,12.3
19730429,13.5
19730430,13.3
19730501,15.2
19730502,15.4
19730503,6.5
19730504,7.6
19730505,11.3
19730506,13.5
19730507,7.7
19730508,7.7
19730509,7.4
19730510,8.3
19730511,8.5
19730512,13.5
19730513,13.6
19730514,15.7
19730515,12.5
19730516,12.4
19730517,11.4
19730518,9.9
19730519,8.2
19730520,9.0
19730521,11.8
19730522,10.7
19730523,11.0
19730524,17.4
19730525,12.5
19730526,17.5
19730527,10.6
19730528,12.8
19730529,9.9
19730530,13.7
19730531,14.4
19730601,10.8
19730602,11.9
19730603,14.4
19730604,12.0
19730605,10.5
19730606,14.5
19730607,14.9
19730608,19.1
19730609,19.9
19730610,17.2
19730611,14.2
19730612,15.0
19730613,15.2
19730614,16.3
19730615,17.6
19730616,16.7
19730617,18.8
19730618,20.4
19730619,19.4
19730620,18.2
19730621,19.0
19730622,20.9
19730623,20.2
19730624,20.0
19730625,22.7
19730626,19.9
19730627,18.6
19730628,19.5
19730629,20.9
19730630,21.0
19730701,20.5
19730702,18.1
19730703,18.6
19730704,21.6
19730705,23.0
19730706,23.6
19730707,23.0
19730708,23.1
19730709,24.2
19730710,19.7
19730711,19.9
19730712,21.4
19730713,20.3
19730714,21.1
19730715,20.3
19730716,19.5
19730717,21.0
19730718,21.0
19730719,22.4
19730720,20.2
19730721,19.8
19730722,19.8
19730723,19.4
19730724,21.5
19730725,21.2
19730726,18.9
19730727,22.6
19730728,25.1
19730729,23.3
19730730,20.9
19730731,22.7
19730801,20.2
19730802,21.3
19730803,22.9
19730804,21.5
19730805,21.3
19730806,21.8
19730807,23.1
19730808,23.2
19730809,22.7
19730810,25.9
19730811,25.1
19730812,23.1
19730813,22.5
19730814,20.6
19730815,19.7
19730816,21.0
19730817,21.2
19730818,22.8
19730819,19.7
19730820,19.7
19730821,20.2
19730822,20.6
19730823,19.0
19730824,20.1
19730825,20.0
19730826,18.8
19730827,17.9
19730828,14.8
19730829,17.5
19730830,18.5
19730831,17.7
19730901,16.4
19730902,17.3
19730903,19.3
19730904,19.4
19730905,17.9
19730906,15.0
19730907,13.6
19730908,15.9
19730909,15.2
19730910,15.4
19730911,13.0
19730912,14.5
19730913,16.6
19730914,14.8
19730915,14.4
19730916,17.5
19730917,16.9
19730918,14.3
19730919,13.5
19730920,15.6
19730921,12.9
19730922,13.9
19730923,16.2
19730924,17.6
19730925,14.1
19730926,6.8
19730927,6.7
19730928,13.2
19730929,10.2
19730930,9.8
19731001,14.6
19731002,11.5
19731003,11.1
19731004,9.9
19731005,11.3
19731006,11.7
19731007,8.4
19731008,7.5
19731009,6.3
19731010,10.3
19731011,9.9
19731012,10.0
19731013,3.1
19731014,1.8
19731015,2.7
19731016,4.2
19731017,0.7
19731018,3.3
19731019,5.7
19731020,6.2
19731021,7.3
19731022,6.2
19731023,5.2
19731024,2.7
19731025,-1.3
19731026,6.9
19731027,3.2
19731028,1.0
19731029,0.1
19731030,5.8
19731031,6.8
19731101,2.2
19731102,-1.3
19731103,4.4
19731104,3.7
19731105,0.7
19731106,-1.2
19731107,-0.4
19731108,5.1
19731109,1.8
19731110,0.3
19731111,-1.2
19731112,-0.8
19731113,-0.8
19731114,1.7
19731115,4.5
19731116,3.0
19731117,-2.2
19731118,-4.0
19731119,-3.3
19731120,-1.7
19731121,-3.2
19731122,-1.7
19731123,-0.5
19731124,0.6
19731125,-4.3
19731126,-6.7
19731127,-1.3
19731128,-5.4
19731129,-1.7
19731130,-0.3
19731201,-4.2
19731202,-1.3
19731203,-3.9
19731204,-8.8
19731205,-9.7
19731206,-6.4
19731207,-8.1
19731208,-6.4
19731209,-6.6
19731210,-6.4
19731211,-8.6
19731212,-2.6
19731213,-8.2
19731214,-4.9
19731215,-0.6
19731216,-5.9
19731217,-5.9
19731218,-4.0
19731219,-9.8
19731220,-8.7
19731221,-7.5
19731222,-10.3
19731223,-10.4
19731224,-10.3
19731225,-12.9
19731226,-12.5
19731227,-9.1
19731228,-7.8
19731229,-9.8
19731230,-10.3
19731231,-4.3
19740101,-7.7
19740102,-5.1
19740103,-8.0
19740104,-4.3
19740105,-6.6
19740106,-8.2
19740107,-7.6
19740108,-4.9
19740109,-5.5
19740110,-10.6
19740111,-9.9
19740112,-11.7
19740113,-11.0
19740114,-5.5
19740115,-10.5
19740116,-13.4
19740117,-11.2
19740118,-13.5
19740119,-9.3
19740120,-7.4
19740121,-6.6
19740122,-7.7
19740123,-11.4
19740124,-14.9
19740125,-13.2
19740126,-12.7
19740127,-12.4
19740128,-12.4
19740129,-10.9
19740130,-10.1
19740131,-9.9
19740201,-9.7
19740202,-8.1
19740203,-8.0
19740204,-5.9
19740205,-13.0
19740206,-6.4
19740207,-11.6
19740208,-12.5
19740209,-11.2
19740210,-9.6
19740211,-10.2
19740212,-10.4
19740213,-8.0
19740214,-5.4
19740215,-7.3
19740216,-1.0
19740217,-2.0
19740218,-2.5
19740219,-0.5
19740220,-6.4
19740221,-4.1
19740222,-5.5
19740223,-8.9
19740224,-9.6
19740225,-10.9
19740226,-6.9
19740227,-10.7
19740228,-7.5
19740301,-5.3
19740302,-3.5
19740303,0.7
19740304,0.1
19740305,-0.6
19740306,-0.3
19740307,-2.5
19740308,-0.9
19740309,2.4
19740310,-4.9
19740311,-8.6
19740312,-8.6
19740313,-6.6
19740314,-3.8
19740315,0.9
19740316,-3.3
19740317,-0.1
19740318,-3.5
19740319,0.4
19740320,-3.3
19740321,-4.1
19740322,-5.5
19740323,-3.4
19740324,0.2
19740325,0.0
19740326,1.0
19740327,0.0
19740328,1.8
19740329,2.2
19740330,6.6
19740331,1.0
19740401,1.6
19740402,-0.5
19740403,2.8
19740404,4.7
19740405,4.0
19740406,8.5
19740407,5.6
19740408,8.6
19740409,6.3
19740410,4.3
19740411,6.6
19740412,9.2
19740413,8.3
19740414,8.3
19740415,10.7
19740416,9.5
19740417,7.9
19740418,6.0
19740419,7.3
19740420,7.4
19740421,5.4
19740422,3.6
19740423,10.6
19740424,8.0
19740425,6.9
19740426,3.8
19740427,10.6
19740428,4.9
19740429,9.8
19740430,5.4
19740501,6.4
19740502,11.2
19740503,11.6
19740504,14.0
19740505,6.2
19740506,12.6
19740507,13.0
19740508,12.1
19740509,8.5
19740510,9.8
19740511,13.3
19740512,16.0
19740513,12.2
19740514,11.6
19740515,11.4
19740516,12.7
19740517,14.9
19740518,16.8
19740519,16.2
19740520,17.5
19740521,15.6
19740522,10.3
19740523,8.3
19740524,9.0
19740525,17.5
19740526,15.0
19740527,13.8
19740528,16.9
19740529,13.8
19740530,11.6
19740531,13.3
19740601,14.5
19740602,15.2
19740603,13.5
19740604,11.6
19740605,12.6
19740606,16.3
19740607,13.3
19740608,14.2
19740609,17.4
19740610,11.3
19740611,14.4
19740612,17.3
19740613,18.7
19740614,19.4
19740615,21.6
19740616,19.3
19740617,20.6
19740618,12.3
19740619,18.0
19740620,16.4
19740621,14.3
19740622,14.2
19740623,14.3
19740624,17.9
19740625,21.1
19740626,19.7
19740627,17.3
19740628,18.3
19740629,17.3
19740630,17.4
19740701,20.1
19740702,18.8
19740703,20.3
19740704,20.6
19740705,20.6
19740706,21.0
19740707,21.1
19740708,20.6
19740709,23.4
19740710,23.4
19740711,21.4
19740712,20.5
19740713,20.1
19740714,21.0
19740715,19.1
19740716,21.2
19740717,19.9
19740718,21.8
19740719,22.3
19740720,23.0
19740721,22.3
19740722,23.8
19740723,22.5
19740724,22.5
19740725,20.9
19740726,21.1
19740727,21.9
19740728,22.9
19740729,21.3
19740730,23.0
19740731,23.9
19740801,21.9
19740802,23.2
19740803,23.2
19740804,21.7
19740805,20.9
19740806,22.8
19740807,23.3
19740808,20.4
19740809,22.0
19740810,22.6
19740811,20.6
19740812,21.0
19740813,20.0
19740814,21.4
19740815,20.7
19740816,18.8
19740817,19.8
19740818,22.9
19740819,21.3
19740820,22.2
19740821,21.4
19740822,20.1
19740823,14.5
19740824,17.0
19740825,17.7
19740826,19.0
19740827,18.0
19740828,17.3
19740829,17.3
19740830,18.2
19740831,17.2
19740901,18.2
19740902,16.8
19740903,17.3
19740904,17.7
19740905,18.9
19740906,17.6
19740907,15.9
19740908,13.9
19740909,17.3
19740910,16.8
19740911,17.4
19740912,16.9
19740913,17.2
19740914,12.8
19740915,7.6
19740916,7.3
19740917,5.5
19740918,5.7
19740919,5.9
19740920,8.9
19740921,11.3
19740922,13.5
19740923,6.2
19740924,8.1
19740925,10.1
19740926,14.6
19740927,10.5
19740928,8.6
19740929,7.4
19740930,12.3
19741001,9.9
19741002,11.8
19741003,12.5
19741004,9.0
19741005,8.3
19741006,7.9
19741007,11.6
19741008,7.5
19741009,4.3
19741010,1.8
19741011,4.9
19741012,2.8
19741013,4.3
19741014,4.6
19741015,0.3
19741016,0.7
19741017,12.0
19741018,9.9
19741019,7.5
19741020,2.2
19741021,4.1
19741022,0.5
19741023,-2.5
19741024,5.2
19741025,3.7
19741026,6.8
19741027,3.2
19741028,-2.1
19741029,5.7
19741030,1.4
19741031,0.1
19741101,-3.8
19741102,0.2
19741103,2.0
19741104,3.2
19741105,7.2
19741106,1.8
19741107,3.7
19741108,3.7
19741109,0.2
19741110,-3.7
19741111,-0.8
19741112,-3.1
19741113,-3.8
19741114,-4.8
19741115,-1.1
19741116,1.5
19741117,0.8
19741118,-3.9
19741119,-2.7
19741120,3.1
19741121,-3.2
19741122,-3.8
19741123,1.6
19741124,-3.9
19741125,0.2
19741126,-4.9
19741127,-4.2
19741128,-1.5
19741129,-2.5
19741130,-2.7
19741201,0.1
19741202,-1.6
19741203,-6.2
19741204,-6.6
19741205,-5.4
19741206,-6.9
19741207,-8.0
19741208,-5.4
19741209,-4.0
19741210,-11.1
19741211,-12.4
19741212,-9.3
19741213,-7.2
19741214,-10.9
19741215,-12.3
19741216,-9.2
19741217,-5.7
19741218,-6.6
19741219,-8.0
19741220,-8.4
19741221,-7.3
19741222,-10.3
19741223,-10.5
19741224,-10.9
19741225,-10.3
19741226,-11.1
19741227,-9.1
19741228,-5.0
19741229,-3.9
19741230,-11.9
19741231,-8.7
19750101,-7.4
19750102,-10.1
19750103,-9.1
19750104,-5.1
19750105,-10.6
19750106,-6.6
19750107,-9.5
19750108,-9.1
19750109,-8.6
19750110,-8.2
19750111,-10.6
19750112,-7.6
19750113,-4.8
19750114,-7.7
19750115,-7.5
19750116,-10.3
19750117,-7.5
19750118,-7.7
19750119,-9.8
19750120,-9.7
19750121,-6.6
19750122,-5.8
19750123,-8.5
19750124,-3.8
19750125,-9.9
19750126,-10.4
19750127,-6.7
19750128,-11.0
19750129,-12.9
19750130,-12.4
19750131,-11.0
19750201,-6.0
19750202,-10.6
19750203,-5.5
19750204,-5.7
19750205,-7.1
19750206,-8.6
19750207,-10.1
19750208,-12.7
19750209,-7.6
19750210,-13.5
19750211,-11.4
19750212,-5.2
19750213,-9.9
19750214,-4.9
19750215,-9.3
19750216,-7.4
19750217,-4.7
19750218,-8.0
19750219,-8.0
19750220,-7.8
19750221,-7.1
19750222,-12.0
19750223,-8.9
19750224,-5.4
19750225,-4.9
19750226,-7.6
19750227,-8.2
19750228,-0.2
19750301,-7.6
19750302,-4.2
19750303,-2.2
19750304,-2.9
19750305,-0.6
19750306,-0.3
19750307,-3.8
19750308,1.4
19750309,1.2
19750310,0.3
19750311,1.7
19750312,-0.8
19750313,-1.8
19750314,2.2
19750315,-2.2
19750316,-2.7
19750317,0.1
19750318,4.4
19750319,6.6
19750320,-2.8
19750321,-0.9
19750322,3.8
19750323,-1.9
19750324,-1.7
19750325,-2.0
19750326,-1.4
19750327,2.3
19750328,5.2
19750329,9.2
19750330,2.2
19750331,2.3
19750401,2.2
19750402,1.2
19750403,0.3
19750404,8.0
19750405,6.6
19750406,3.1
19750407,8.4
19750408,4.4
19750409,7.3
19750410,2.4
19750411,3.9
19750412,10.4
19750413,12.1
19750414,5.8
19750415,9.6
19750416,9.9
19750417,7.6
19750418,10.9
19750419,7.5
19750420,11.1
19750421,9.3
19750422,12.2
19750423,10.4
19750424,10.9
19750425,11.7
19750426,8.1
19750427,11.6
19750428,13.1
19750429,9.3
19750430,8.9
19750501,13.7
19750502,10.9
19750503,12.5
19750504,10.1
19750505,7.0
19750506,9.4
19750507,9.2
19750508,7.9
19750509,11.5
19750510,9.9
19750511,10.9
19750512,13.0
19750513,12.5
19750514,12.4
19750515,13.8
19750516,11.9
19750517,13.9
19750518,10.2
19750519,7.8
19750520,11.4
19750521,11.0
19750522,16.4
19750523,15.9
19750524,12.4
19750525,13.5
19750526,14.2
19750527,15.9
19750528,9.6
19750529,13.5
19750530,13.3
19750531,12.4
19750601,15.0
19750602,12.7
19750603,18.6
19750604,17.5
19750605,17.3
19750606,13.3
19750607,13.4
19750608,13.8
19750609,15.6
19750610,18.2
19750611,18.6
19750612,16.0
19750613,18.6
19750614,21.5
19750615,20.4
19750616,16.3
19750617,16.2
19750618,16.7
19750619,20.0
19750620,22.0
19750621,21.0
19750622,21.8
19750623,20.7
19750624,20.7
19750625,19.8
19750626,19.9
19750627,21.5
19750628,20.2
19750629,21.1
19750630,19.0
19750701,22.2
19750702,22.7
19750703,21.1
19750704,21.5
19750705,21.4
19750706,19.4
19750707,21.4
19750708,21.6
19750709,22.4
19750710,19.0
19750711,20.3
19750712,20.7
19750713,20.4
19750714,19.6
19750715,20.4
19750716,23.8
19750717,25.4
19750718,24.6
19750719,24.7
19750720,25.2
19750721,23.1
19750722,21.4
19750723,19.8
19750724,21.4
19750725,21.1
19750726,17.1
19750727,20.5
19750728,21.8
19750729,21.2
19750730,19.8
19750731,19.2
19750801,16.9
19750802,20.2
19750803,20.4
19750804,20.9
19750805,24.0
19750806,23.7
19750807,24.2
19750808,22.8
19750809,20.2
19750810,25.0
19750811,24.9
19750812,20.1
19750813,19.1
19750814,20.4
19750815,22.9
19750816,23.0
19750817,22.1
19750818,20.8
19750819,21.1
19750820,21.0
19750821,21.3
19750822,16.1
19750823,17.0
19750824,17.3
19750825,19.5
19750826,22.0
19750827,19.0
19750828,17.3
19750829,17.5
19750830,21.2
19750831,22.6
19750901,21.9
19750902,17.1
19750903,15.8
19750904,13.7
19750905,14.8
19750906,19.7
19750907,15.4
19750908,17.3
19750909,19.5
19750910,19.0
19750911,17.4
19750912,15.7
19750913,14.2
19750914,10.4
19750915,12.4
19750916,12.0
19750917,15.0
19750918,15.9
19750919,16.4
19750920,14.1
19750921,12.3
19750922,10.2
19750923,12.1
19750924,12.3
19750925,15.0
19750926,13.3
19750927,14.8
19750928,15.3
19750929,14.2
19750930,13.7
19751001,14.3
19751002,12.4
19751003,14.1
19751004,6.7
19751005,8.9
19751006,13.1
19751007,6.9
19751008,6.1
19751009,7.5
19751010,9.5
19751011,9.7
19751012,13.2
19751013,10.2
19751014,10.4
19751015,9.1
19751016,7.4
19751017,6.8
19751018,7.3
19751019,7.7
19751020,8.6
19751021,7.4
19751022,10.2
19751023,7.4
19751024,4.7
19751025,2.5
19751026,5.8
19751027,9.7
19751028,8.8
19751029,3.2
19751030,-0.2
19751031,-0.2
19751101,2.7
19751102,6.4
19751103,3.2
19751104,8.1
19751105,9.2
19751106,2.9
19751107,3.9
19751108,5.7
19751109,0.8
19751110,0.1
19751111,6.0
19751112,4.5
19751113,-0.5
19751114,0.0
19751115,-1.5
19751116,-0.5
19751117,3.2
19751118,1.5
19751119,-4.3
19751120,-5.0
19751121,1.1
19751122,-3.8
19751123,-7.4
19751124,-4.3
19751125,-0.8
19751126,-4.6
19751127,-5.0
19751128,0.6
19751129,-3.8
19751130,-4.0
19751201,-2.3
19751202,-0.5
19751203,0.0
19751204,-4.0
19751205,-3.2
19751206,-3.9
19751207,-6.8
19751208,-7.9
19751209,-7.7
19751210,-6.1
19751211,-8.3
19751212,-7.5
19751213,-8.5
19751214,-8.5
19751215,-6.5
19751216,-8.0
19751217,-10.8
19751218,-9.5
19751219,-3.8
19751220,-6.4
19751221,-4.6
19751222,-8.4
19751223,-11.1
19751224,-11.8
19751225,-10.1
19751226,-8.3
19751227,-9.8
19751228,-10.8
19751229,-3.9
19751230,-8.5
19751231,-8.2
19760101,-7.5
19760102,-6.0
19760103,-5.2
19760104,-1.4
19760105,-3.8
19760106,-8.6
19760107,-4.4
19760108,-6.4
19760109,-8.7
19760110,-9.1
19760111,-7.7
19760112,-11.2
19760113,-7.9
19760114,-13.1
19760115,-13.5
19760116,-10.5
19760117,-7.2
19760118,-9.4
19760119,-12.3
19760120,-13.2
19760121,-14.3
19760122,-10.3
19760123,-13.8
19760124,-14.8
19760125,-11.2
19760126,-14.8
19760127,-12.6
19760128,-10.4
19760129,-7.5
19760130,-9.1
19760131,-10.6
19760201,-3.4
19760202,-4.2
19760203,-9.7
19760204,-11.3
19760205,-10.9
19760206,-9.8
19760207,-4.0
19760208,-11.0
19760209,-3.3
19760210,-2.5
19760211,-6.3
19760212,-1.5
19760213,-0.1
19760214,-0.4
19760215,-2.3
19760216,-5.6
19760217,-4.0
19760218,-5.9
19760219,-4.3
19760220,-3.1
19760221,-1.4
19760222,-2.3
19760223,-4.3
19760224,-4.3
19760225,-3.6
19760226,0.1
19760227,-0.4
19760228,-1.0
19760229,-2.0
19760301,-4.2
19760302,-1.2
19760303,-2.0
19760304,-3.4
19760305,-2.1
19760306,0.1
19760307,-1.8
19760308,-0.7
19760309,-2.0
19760310,-0.8
19760311,1.3
19760312,-4.9
19760313,-1.4
19760314,-1.6
19760315,-1.9
19760316,1.6
19760317,1.7
19760318,-4.0
19760319,-5.2
19760320,-4.7
19760321,-4.1
19760322,-2.9
19760323,-4.2
19760324,-3.0
19760325,0.9
19760326,-0.1
19760327,-0.5
19760328,-1.6
19760329,-0.3
19760330,1.6
19760331,-0.2
19760401,-2.9
19760402,1.0
19760403,1.6
19760404,-2.7
19760405,3.4
19760406,4.5
19760407,5.5
19760408,1.4
19760409,3.8
19760410,6.3
19760411,4.9
19760412,8.2
19760413,6.4
19760414,8.4
19760415,9.5
19760416,5.8
19760417,4.1
19760418,6.4
19760419,3.8
19760420,7.5
19760421,11.9
19760422,7.7
19760423,5.9
19760424,8.3
19760425,7.5
19760426,9.3
19760427,8.3
19760428,10.5
19760429,11.8
19760430,5.8
19760501,9.5
19760502,7.3
19760503,7.1
19760504,2.6
19760505,4.2
19760506,4.4
19760507,6.9
19760508,7.9
19760509,13.4
19760510,14.9
19760511,12.5
19760512,8.7
19760513,5.2
19760514,10.5
19760515,14.3
19760516,7.0
19760517,11.2
19760518,16.6
19760519,10.9
19760520,13.9
19760521,5.7
19760522,11.5
19760523,14.7
19760524,19.8
19760525,12.2
19760526,12.9
19760527,16.2
19760528,16.4
19760529,12.3
19760530,15.8
19760531,21.7
19760601,18.7
19760602,14.1
19760603,16.0
19760604,13.2
19760605,17.6
19760606,16.8
19760607,15.6
19760608,15.4
19760609,12.2
19760610,12.9
19760611,14.4
19760612,16.1
19760613,12.7
19760614,15.2
19760615,17.2
19760616,17.7
19760617,14.6
19760618,18.0
19760619,18.2
19760620,19.9
19760621,20.1
19760622,19.0
19760623,18.7
19760624,18.5
19760625,15.4
19760626,17.6
19760627,23.2
19760628,18.3
19760629,18.2
19760630,18.2
19760701,16.8
19760702,17.5
19760703,16.9
19760704,17.4
19760705,17.7
19760706,17.2
19760707,19.7
19760708,19.3
19760709,18.4
19760710,20.7
19760711,16.8
19760712,19.2
19760713,20.2
19760714,21.5
19760715,19.9
19760716,19.9
19760717,20.6
19760718,23.4
19760719,21.9
19760720,20.2
19760721,20.7
19760722,21.9
19760723,25.3
19760724,22.4
19760725,22.4
19760726,23.2
19760727,20.8
19760728,22.5
19760729,23.9
19760730,24.9
19760731,25.6
19760801,23.8
19760802,19.7
19760803,20.7
19760804,20.2
19760805,16.7
19760806,19.0
19760807,21.7
19760808,19.7
19760809,19.7
19760810,19.7
19760811,21.9
19760812,23.3
19760813,20.4
19760814,17.6
19760815,17.8
19760816,21.0
19760817,20.7
19760818,21.2
19760819,22.3
19760820,19.5
19760821,17.0
19760822,17.8
19760823,17.1
19760824,16.6
19760825,15.8
19760826,15.0
19760827,15.0
19760828,16.1
19760829,17.8
19760830,16.6
19760831,18.1
19760901,20.4
19760902,17.7
19760903,18.6
19760904,19.0
19760905,20.0
19760906,16.7
19760907,10.7
19760908,11.7
19760909,14.9
19760910,16.9
19760911,15.4
19760912,16.4
19760913,12.6
19760914,14.7
19760915,15.9
19760916,14.6
19760917,13.9
19760918,15.2
19760919,8.5
19760920,14.8
19760921,11.1
19760922,8.4
19760923,8.1
19760924,11.6
19760925,11.7
19760926,12.1
19760927,10.9
19760928,12.9
19760929,12.2
19760930,11.1
19761001,11.4
19761002,9.7
19761003,11.3
19761004,5.5
19761005,9.5
19761006,11.2
19761007,8.6
19761008,9.8
19761009,10.0
19761010,7.3
19761011,7.4
19761012,5.6
19761013,5.4
19761014,6.3
19761015,6.6
19761016,6.4
19761017,8.4
19761018,10.6
19761019,9.5
19761020,10.6
19761021,5.6
19761022,7.9
19761023,7.9
19761024,1.0
19761025,-0.6
19761026,1.1
19761027,6.7
19761028,4.8
19761029,0.4
19761030,0.8
19761031,-0.1
19761101,0.2
19761102,3.1
19761103,8.5
19761104,-0.6
19761105,-0.5
19761106,0.8
19761107,1.8
19761108,-0.4
19761109,6.3
19761110,-1.8
19761111,-5.1
19761112,-3.7
19761113,-3.8
19761114,-4.6
19761115,-6.5
19761116,-5.3
19761117,-3.3
19761118,-3.7
19761119,-2.6
19761120,-2.2
19761121,-5.8
19761122,-2.0
19761123,-5.4
19761124,-4.9
19761125,-2.9
19761126,-5.4
19761127,-4.3
19761128,-2.9
19761129,-3.8
19761130,-3.6
19761201,-2.4
19761202,-3.0
19761203,-1.5
19761204,-1.3
19761205,-4.6
19761206,-3.9
19761207,-8.7
19761208,-8.7
19761209,-5.8
19761210,-5.9
19761211,-2.4
19761212,-3.1
19761213,-5.9
19761214,-7.8
19761215,-4.9
19761216,-5.7
19761217,-8.7
19761218,-2.6
19761219,-6.8
19761220,-4.9
19761221,-3.2
19761222,-7.3
19761223,-5.2
19761224,-5.5
19761225,-11.9
19761226,-12.8
19761227,-13.1
19761228,-11.2
19761229,-14.9
19761230,-9.9
19761231,-13.8
19770101,-12.9
19770102,-16.1
19770103,-14.8
19770104,-15.8
19770105,-12.7
19770106,-15.5
19770107,-9.1
19770108,-12.0
19770109,-9.2
19770110,-12.5
19770111,-13.1
19770112,-15.1
19770113,-13.1
19770114,-12.3
19770115,-8.5
19770116,-11.1
19770117,-10.2
19770118,-11.5
19770119,-15.7
19770120,-13.6
19770121,-13.8
19770122,-12.5
19770123,-10.7
19770124,-5.2
19770125,-6.6
19770126,-9.1
19770127,-12.7
19770128,-15.4
19770129,-13.4
19770130,-15.3
19770131,-15.2
19770201,-15.7
19770202,-11.6
19770203,-12.4
19770204,-11.3
19770205,-14.3
19770206,-11.0
19770207,-9.3
19770208,-9.3
19770209,-7.3
19770210,-9.0
19770211,-10.0
19770212,-6.1
19770213,-6.1
19770214,-11.7
19770215,-13.1
19770216,-10.5
19770217,-11.9
19770218,-11.2
19770219,-5.9
19770220,-7.0
19770221,-11.9
19770222,-6.7
19770223,-3.1
19770224,-3.5
19770225,-0.9
19770226,-2.3
19770227,-1.6
19770228,-1.1
19770301,3.2
19770302,-2.1
19770303,-3.2
19770304,-6.4
19770305,-5.3
19770306,-4.2
19770307,-2.0
19770308,0.8
19770309,-1.4
19770310,-4.4
19770311,-1.7
19770312,-0.5
19770313,0.4
19770314,5.7
19770315,-1.7
19770316,3.4
19770317,7.7
19770318,5.0
19770319,-0.5
19770320,0.4
19770321,2.8
19770322,3.1
19770323,-1.8
19770324,-1.2
19770325,-3.4
19770326,0.8
19770327,-0.4
19770328,1.4
19770329,4.7
19770330,2.6
19770331,1.3
19770401,7.4
19770402,0.3
19770403,3.4
19770404,4.9
19770405,9.5
19770406,7.3
19770407,2.8
19770408,1.5
19770409,2.8
19770410,4.5
19770411,10.0
19770412,11.9
19770413,9.2
19770414,9.2
19770415,9.7
19770416,12.3
19770417,5.9
19770418,7.5
19770419,8.7
19770420,8.3
19770421,10.2
19770422,8.4
19770423,13.8
19770424,12.7
19770425,12.1
19770426,12.4
19770427,8.7
19770428,5.4
19770429,7.2
19770430,8.2
19770501,12.7
19770502,11.2
19770503,7.9
19770504,13.4
19770505,13.0
19770506,9.6
19770507,8.1
19770508,11.7
19770509,13.7
19770510,12.7
19770511,12.9
19770512,13.7
19770513,5.3
19770514,4.1
19770515,6.0
19770516,10.4
19770517,15.4
19770518,10.6
19770519,14.8
19770520,16.3
19770521,12.5
19770522,14.5
19770523,12.4
19770524,15.3
19770525,17.1
19770526,14.6
19770527,13.3
19770528,16.2
19770529,15.7
19770530,15.3
19770531,12.2
19770601,14.4
19770602,17.1
19770603,15.8
19770604,15.0
19770605,15.1
19770606,13.8
19770607,15.6
19770608,20.5
19770609,18.2
19770610,17.1
19770611,12.2
19770612,15.7
19770613,16.4
19770614,15.4
19770615,17.0
19770616,17.7
19770617,18.5
19770618,18.4
19770619,19.6
19770620,18.2
19770621,17.9
19770622,20.2
19770623,18.5
19770624,18.2
19770625,17.9
19770626,17.8
19770627,19.3
19770628,19.4
19770629,22.4
19770630,17.3
19770701,22.5
19770702,21.7
19770703,18.5
19770704,20.6
19770705,21.5
19770706,20.8
19770707,21.2
19770708,23.8
19770709,23.6
19770710,22.7
19770711,20.4
19770712,21.6
19770713,20.4
19770714,19.9
19770715,22.0
19770716,23.4
19770717,24.9
19770718,22.5
19770719,23.6
19770720,22.6
19770721,21.7
19770722,21.3
19770723,23.0
19770724,21.0
19770725,22.0
19770726,21.2
19770727,21.5
19770728,24.7
19770729,24.9
19770730,24.2
19770731,20.3
19770801,22.7
19770802,21.9
19770803,20.3
19770804,20.8
19770805,23.4
19770806,21.5
19770807,23.7
19770808,23.1
19770809,22.6
19770810,21.6
19770811,16.8
19770812,18.7
19770813,17.5
19770814,17.7
19770815,16.1
19770816,16.6
19770817,18.2
19770818,20.2
19770819,18.3
19770820,19.8
19770821,20.7
19770822,19.3
19770823,19.4
19770824,19.5
19770825,18.1
19770826,17.0
19770827,19.8
19770828,20.6
19770829,21.2
19770830,20.5
19770831,18.0
19770901,19.1
19770902,18.6
19770903,18.8
19770904,20.4
19770905,20.7
19770906,18.1
19770907,14.5
19770908,14.7
19770909,18.9
19770910,19.7
19770911,15.6
19770912,10.4
19770913,17.3
19770914,15.5
19770915,16.7
19770916,15.2
19770917,12.0
19770918,15.2
19770919,10.0
19770920,6.4
19770921,5.4
19770922,6.9
19770923,9.5
19770924,8.4
19770925,11.5
19770926,11.9
19770927,8.7
19770928,10.9
19770929,15.7
19770930,11.9
19771001,13.0
19771002,14.7
19771003,13.9
19771004,14.9
19771005,12.2
19771006,6.8
19771007,3.9
19771008,6.5
19771009,6.9
19771010,3.5
19771011,1.7
19771012,5.0
19771013,9.7
19771014,12.3
19771015,8.0
19771016,1.8
19771017,4.6
19771018,7.8
19771019,11.8
19771020,9.1
19771021,9.8
19771022,10.7
19771023,10.4
19771024,8.6
19771025,11.8
19771026,10.4
19771027,8.6
19771028,9.0
19771029,8.5
19771030,6.8
19771031,8.2
19771101,3.9
19771102,1.3
19771103,7.2
19771104,6.0
19771105,8.7
19771106,1.4
19771107,4.4
19771108,2.5
19771109,-1.2
19771110,0.0
19771111,-2.9
19771112,-2.0
19771113,0.8
19771114,1.9
19771115,-0.7
19771116,3.9
19771117,6.1
19771118,1.3
19771119,-1.5
19771120,-2.9
19771121,1.7
19771122,-2.2
19771123,-3.6
19771124,-2.1
19771125,-0.1
19771126,1.5
19771127,-4.5
19771128,-6.5
19771129,-6.7
19771130,-4.9
19771201,-4.0
19771202,-5.9
19771203,-4.4
19771204,-5.1
19771205,-3.3
19771206,-2.1
19771207,-2.4
19771208,-2.0
19771209,-2.6
19771210,-2.3
19771211,-1.6
19771212,-3.3
19771213,-3.1
19771214,-0.5
19771215,0.6
19771216,-0.5
19771217,-3.1
19771218,-5.3
19771219,-6.0
19771220,-2.9
19771221,-7.0
19771222,-5.0
19771223,-5.2
19771224,-5.3
19771225,-9.0
19771226,-11.6
19771227,-8.4
19771228,-3.6
19771229,-10.0
19771230,-4.8
19771231,-7.7
19780101,-7.7
19780102,-12.6
19780103,-10.5
19780104,-6.3
19780105,-7.6
19780106,-6.6
19780107,-5.8
19780108,-5.2
19780109,-7.2
19780110,-13.1
19780111,-10.0
19780112,-8.2
19780113,-10.4
19780114,-6.0
19780115,-9.2
19780116,-11.9
19780117,-8.8
19780118,-11.0
19780119,-10.5
19780120,-6.9
19780121,-10.9
19780122,-9.2
19780123,-5.8
19780124,-11.0
19780125,-8.9
19780126,-5.2
19780127,-9.1
19780128,-10.5
19780129,-9.8
19780130,-11.2
19780131,-9.4
19780201,-11.7
19780202,-11.5
19780203,-12.1
19780204,-11.7
19780205,-5.2
19780206,-3.9
19780207,-3.8
19780208,-4.1
19780209,-5.9
19780210,-10.3
19780211,-10.9
19780212,-13.5
19780213,-7.9
19780214,-12.9
19780215,-14.1
19780216,-12.3
19780217,-8.2
19780218,-11.0
19780219,-4.5
19780220,-5.1
19780221,-4.3
19780222,-3.6
19780223,-1.4
19780224,-4.3
19780225,-3.1
19780226,-4.0
19780227,-0.7
19780228,-5.9
19780301,-7.2
19780302,-4.7
19780303,1.0
19780304,-2.9
19780305,-1.6
19780306,-1.5
19780307,0.3
19780308,-0.9
19780309,-2.7
19780310,-6.8
19780311,-5.4
19780312,-4.4
19780313,-1.8
19780314,-0.2
19780315,-1.9
19780316,-2.8
19780317,-1.9
19780318,2.6
19780319,-2.4
19780320,-1.5
19780321,0.3
19780322,1.1
19780323,-2.1
19780324,0.2
19780325,-0.3
19780326,1.6
19780327,7.2
19780328,-0.4
19780329,1.4
19780330,-1.2
19780331,-3.8
19780401,-0.4
19780402,-0.4
19780403,-1.4
19780404,3.1
19780405,9.7
19780406,3.0
19780407,3.9
19780408,8.5
19780409,5.5
19780410,5.1
19780411,5.9
19780412,2.3
19780413,6.7
19780414,11.8
19780415,8.8
19780416,3.1
19780417,4.4
19780418,7.4
19780419,4.9
19780420,4.2
19780421,1.7
19780422,6.7
19780423,8.8
19780424,13.6
19780425,6.7
19780426,8.5
19780427,11.6
19780428,12.5
19780429,15.7
19780430,11.4
19780501,5.1
19780502,9.9
19780503,6.2
19780504,6.8
19780505,13.2
19780506,9.4
19780507,15.3
19780508,16.6
19780509,5.8
19780510,7.6
19780511,7.1
19780512,9.7
19780513,14.7
19780514,14.9
19780515,11.7
19780516,10.9
19780517,11.8
19780518,10.2
19780519,11.1
19780520,14.5
19780521,17.5
19780522,16.1
19780523,14.4
19780524,11.5
19780525,12.7
19780526,16.4
19780527,18.9
19780528,14.7
19780529,12.6
19780530,13.6
19780531,14.4
19780601,16.1
19780602,10.9
19780603,14.7
19780604,14.7
19780605,11.4
19780606,12.6
19780607,18.1
19780608,20.0
19780609,15.9
19780610,15.0
19780611,17.8
19780612,20.0
19780613,18.5
19780614,19.2
19780615,17.4
19780616,19.2
19780617,17.9
19780618,18.1
19780619,21.0
19780620,19.8
19780621,18.2
19780622,18.9
19780623,21.6
19780624,21.4
19780625,22.7
19780626,19.7
19780627,21.8
19780628,24.0
19780629,21.1
19780630,20.8
19780701,20.9
19780702,23.8
19780703,21.8
19780704,24.2
19780705,21.4
19780706,21.2
19780707,22.7
19780708,21.0
19780709,23.2
19780710,19.4
19780711,19.8
19780712,20.2
19780713,20.7
19780714,20.4
19780715,21.7
19780716,19.0
19780717,21.9
19780718,22.9
19780719,21.0
19780720,20.7
19780721,23.4
19780722,22.8
19780723,22.4
19780724,23.7
19780725,23.1
19780726,22.4
19780727,24.8
19780728,23.9
19780729,21.5
19780730,22.8
19780731,22.3
19780801,21.8
19780802,22.1
19780803,20.5
19780804,21.4
19780805,24.8
19780806,21.0
19780807,21.3
19780808,21.0
19780809,21.3
19780810,15.6
19780811,18.8
19780812,20.5
19780813,17.9
19780814,21.1
19780815,20.9
19780816,19.1
19780817,20.7
19780818,19.2
19780819,16.3
19780820,15.5
19780821,17.7
19780822,18.8
19780823,21.3
19780824,23.1
19780825,24.6
19780826,23.0
19780827,19.7
19780828,17.5
19780829,16.9
19780830,17.4
19780831,16.3
19780901,15.4
19780902,17.9
19780903,16.2
19780904,13.8
19780905,12.3
19780906,16.3
19780907,16.9
19780908,18.1
19780909,15.5
19780910,9.8
19780911,10.7
19780912,13.0
19780913,16.9
19780914,13.4
19780915,15.6
19780916,17.0
19780917,17.6
19780918,12.6
19780919,7.6
19780920,9.2
19780921,11.3
19780922,14.3
19780923,12.6
19780924,14.1
19780925,13.7
19780926,12.5
19780927,11.6
19780928,15.3
19780929,14.9
19780930,15.0
19781001,16.2
19781002,16.2
19781003,12.1
19781004,7.4
19781005,8.5
19781006,11.2
19781007,10.7
19781008,11.9
19781009,8.9
19781010,2.2
19781011,7.1
19781012,4.3
19781013,7.1
19781014,12.4
19781015,8.4
19781016,4.7
19781017,6.6
19781018,10.1
19781019,10.0
19781020,4.7
19781021,6.9
19781022,6.8
19781023,6.6
19781024,6.7
19781025,7.1
19781026,4.4
19781027,3.2
19781028,-0.1
19781029,-1.1
19781030,-1.2
19781031,2.5
19781101,1.0
19781102,1.9
19781103,1.2
19781104,-0.4
19781105,0.9
19781106,3.3
19781107,7.6
19781108,4.5
19781109,4.7
19781110,1.5
19781111,1.7
19781112,4.1
19781113,4.8
19781114,5.4
19781115,0.2
19781116,3.4
19781117,3.5
19781118,2.6
19781119,0.0
19781120,-4.3
19781121,-3.5
19781122,-2.9
19781123,-2.2
19781124,0.8
19781125,-2.5
19781126,0.6
19781127,-3.8
19781128,-5.5
19781129,-6.5
19781130,-3.5
19781201,-1.4
19781202,-5.5
19781203,-5.5
19781204,-1.9
19781205,-5.3
19781206,-4.3
19781207,-5.5
19781208,-3.4
19781209,-2.2
19781210,-4.5
19781211,-7.2
19781212,-3.4
19781213,-1.0
19781214,-6.1
19781215,-6.7
19781216,-3.2
19781217,-2.0
19781218,-5.0
19781219,-11.4
19781220,-14.0
19781221,-14.4
19781222,-10.8
19781223,-9.8
19781224,-10.2
19781225,-9.4
19781226,-7.0
19781227,-10.5
19781228,-5.3
19781229,-10.4
19781230,-11.1
19781231,-11.8
19790101,-11.6
19790102,-9.0
19790103,-10.9
19790104,-9.1
19790105,-8.8
19790106,-4.2
19790107,-7.2
19790108,-3.7
19790109,-6.5
19790110,-5.3
19790111,-8.2
19790112,-12.3
19790113,-11.3
19790114,-11.0
19790115,-12.5
19790116,-13.8
19790117,-8.5
19790118,-11.5
19790119,-13.1
19790120,-9.7
19790121,-14.0
19790122,-12.5
19790123,-9.0
19790124,-8.0
19790125,-8.3
19790126,-3.7
19790127,-8.8
19790128,-5.3
19790129,-6.9
19790130,-10.5
19790131,-14.1
19790201,-15.4
19790202,-12.0
19790203,-11.6
19790204,-11.8
19790205,-6.3
19790206,-8.6
19790207,-6.3
19790208,-7.7
19790209,-5.5
19790210,-5.2
19790211,-4.7
19790212,-4.6
19790213,-2.1
19790214,-7.3
19790215,-8.2
19790216,0.4
19790217,-4.3
19790218,-7.4
19790219,-2.2
19790220,-3.5
19790221,0.9
19790222,-3.5
19790223,-3.1
19790224,-5.5
19790225,-8.0
19790226,-2.2
19790227,-3.7
19790228,-4.1
19790301,-5.4
19790302,-4.0
19790303,-2.1
19790304,-2.3
19790305,-2.3
19790306,1.2
19790307,-0.7
19790308,-0.9
19790309,2.3
19790310,1.3
19790311,-1.7
19790312,-2.6
19790313,0.5
19790314,-1.7
19790315,-0.3
19790316,2.8
19790317,-3.7
19790318,-1.3
19790319,-0.9
19790320,-1.5
19790321,-1.7
19790322,-1.7
19790323,-2.4
19790324,-8.8
19790325,0.1
19790326,0.7
19790327,1.3
19790328,6.8
19790329,6.6
19790330,3.5
19790331,3.8
19790401,2.9
19790402,3.4
19790403,-1.4
19790404,1.9
19790405,5.6
19790406,5.5
19790407,6.2
19790408,5.2
19790409,0.0
19790410,6.6
19790411,7.1
19790412,0.8
19790413,2.7
19790414,2.9
19790415,3.3
19790416,1.5
19790417,6.2
19790418,4.8
19790419,6.6
19790420,8.6
19790421,7.5
19790422,12.6
19790423,12.1
19790424,8.6
19790425,4.1
19790426,1.4
19790427,5.7
19790428,8.8
19790429,9.8
19790430,5.2
19790501,10.4
19790502,4.0
19790503,8.6
19790504,13.7
19790505,7.8
19790506,3.5
19790507,5.7
19790508,8.3
19790509,13.0
19790510,9.0
19790511,6.8
19790512,7.1
19790513,11.6
19790514,12.2
19790515,10.8
19790516,8.4
19790517,7.0
19790518,9.9
19790519,9.4
19790520,11.5
19790521,16.8
19790522,13.8
19790523,11.4
19790524,10.4
19790525,12.1
19790526,14.9
19790527,15.4
19790528,14.5
19790529,15.4
19790530,14.9
19790531,19.0
19790601,16.6
19790602,17.9
19790603,17.9
19790604,18.9
19790605,16.7
19790606,17.3
19790607,16.6
19790608,20.1
19790609,12.8
19790610,13.7
19790611,12.3
19790612,14.9
19790613,18.9
19790614,16.0
19790615,18.3
19790616,16.7
19790617,20.2
19790618,19.4
19790619,16.0
19790620,14.9
19790621,15.9
19790622,19.2
19790623,21.6
19790624,17.4
19790625,18.6
19790626,19.4
19790627,19.1
19790628,20.9
19790629,20.2
19790630,21.5
19790701,19.2
19790702,21.0
19790703,19.4
19790704,17.0
19790705,20.1
19790706,21.5
19790707,22.7
19790708,23.3
19790709,20.9
19790710,20.6
19790711,21.7
19790712,21.3
19790713,20.7
19790714,19.3
19790715,23.1
19790716,21.8
19790717,21.7
19790718,20.6
19790719,20.3
19790720,19.1
19790721,21.0
19790722,21.1
19790723,21.5
19790724,21.9
19790725,22.3
19790726,23.5
19790727,23.4
19790728,24.8
19790729,23.2
19790730,21.8
19790731,21.8
19790801,19.6
19790802,21.4
19790803,20.6
19790804,20.3
19790805,22.5
19790806,24.3
19790807,21.0
19790808,23.3
19790809,24.8
19790810,25.7
19790811,23.6
19790812,20.0
19790813,19.8
19790814,20.3
19790815,19.0
19790816,18.7
19790817,21.9
19790818,17.0
19790819,16.7
19790820,20.4
19790821,20.3
19790822,19.8
19790823,20.7
19790824,18.3
19790825,20.5
19790826,19.2
19790827,12.1
19790828,13.1
19790829,11.8
19790830,13.6
19790831,16.6
19790901,13.4
19790902,9.7
19790903,13.3
19790904,14.8
19790905,18.4
19790906,13.6
19790907,12.2
19790908,13.9
19790909,13.1
19790910,12.6
19790911,17.9
19790912,18.5
19790913,12.8
19790914,10.5
19790915,12.6
19790916,15.4
19790917,11.9
19790918,12.8
19790919,15.7
19790920,16.1
19790921,8.9
19790922,10.4
19790923,7.7
19790924,7.7
19790925,12.5
19790926,7.0
19790927,6.2
19790928,7.7
19790929,8.6
19790930,10.3
19791001,15.1
19791002,12.9
19791003,11.2
19791004,11.3
19791005,4.8
19791006,7.2
19791007,9.0
19791008,11.7
19791009,9.3
19791010,9.4
19791011,6.9
19791012,7.9
19791013,11.3
19791014,9.6
19791015,13.7
19791016,13.3
19791017,7.7
19791018,4.0
19791019,5.5
19791020,6.5
19791021,-0.6
19791022,0.8
19791023,3.7
19791024,5.9
19791025,5.7
19791026,3.1
19791027,5.4
19791028,9.3
19791029,6.6
19791030,7.3
19791031,1.4
19791101,9.4
19791102,5.2
19791103,8.9
19791104,5.8
19791105,-2.7
19791106,0.9
19791107,2.9
19791108,3.8
19791109,7.5
19791110,3.0
19791111,-3.8
19791112,-5.6
19791113,-8.4
19791114,-8.5
19791115,-2.9
19791116,-0.3
19791117,-0.7
19791118,-5.7
19791119,-5.4
19791120,-5.4
19791121,0.3
19791122,-5.6
19791123,-8.6
19791124,-6.1
19791125,-3.6
19791126,-7.0
19791127,-6.0
19791128,-1.5
19791129,-6.3
19791130,-7.4
19791201,-2.7
19791202,-5.4
19791203,-2.8
19791204,-3.0
19791205,-5.1
19791206,-5.0
19791207,-5.1
19791208,-4.5
19791209,-3.2
19791210,-3.5
19791211,-4.2
19791212,-7.3
19791213,-6.6
19791214,-3.3
19791215,-6.4
19791216,-6.7
19791217,-2.7
19791218,-2.7
19791219,-0.8
19791220,-1.8
19791221,-4.3
19791222,-6.7
19791223,-10.0
19791224,-12.5
19791225,-12.9
19791226,-8.5
19791227,-10.4
19791228,-9.9
19791229,-8.3
19791230,-5.9
19791231,-9.9
19800101,-9.3
19800102,-5.3
19800103,-4.0
19800104,-9.0
19800105,-14.1
19800106,-9.5
19800107,-13.7
19800108,-9.8
19800109,-7.5
19800110,-10.6
19800111,-15.2
19800112,-9.5
19800113,-7.6
19800114,-6.3
19800115,-9.8
19800116,-10.3
19800117,-12.7
19800118,-10.6
19800119,-11.7
19800120,-10.6
19800121,-8.7
19800122,-11.6
19800123,-6.6
19800124,-8.3
19800125,-8.9
19800126,-4.3
19800127,-3.2
19800128,-4.9
19800129,-14.6
19800130,-14.3
19800131,-12.2
19800201,-10.0
19800202,-8.7
19800203,-11.8
19800204,-11.3
19800205,-13.7
19800206,-14.6
19800207,-15.4
19800208,-12.2
19800209,-12.7
19800210,-8.6
19800211,-7.6
19800212,-8.8
19800213,-8.0
19800214,-13.2
19800215,-12.4
19800216,-9.6
19800217,-6.9
19800218,-2.0
19800219,-8.2
19800220,-5.8
19800221,-3.6
19800222,-1.7
19800223,-3.4
19800224,-2.7
19800225,-1.4
19800226,-5.5
19800227,-2.4
19800228,-3.4
19800229,1.8
19800301,-2.7
19800302,-3.8
19800303,1.1
19800304,-3.2
19800305,-4.0
19800306,-2.3
19800307,-0.6
19800308,2.6
19800309,-0.1
19800310,-3.2
19800311,-2.9
19800312,-1.8
19800313,-0.4
19800314,-1.1
19800315,-3.4
19800316,-1.6
19800317,1.5
19800318,-0.5
19800319,-2.7
19800320,1.1
19800321,-2.0
19800322,-1.2
19800323,-0.5
19800324,-3.4
19800325,-2.2
19800326,-1.6
19800327,0.1
19800328,2.4
19800329,4.5
19800330,7.2
19800331,3.9
19800401,0.6
19800402,0.5
19800403,6.6
19800404,7.9
19800405,6.3
19800406,1.6
19800407,5.3
19800408,1.4
19800409,4.9
19800410,1.8
19800411,6.6
19800412,5.3
19800413,3.5
19800414,1.2
19800415,3.3
19800416,-0.6
19800417,3.2
19800418,8.4
19800419,8.8
19800420,8.4
19800421,5.9
19800422,7.6
19800423,4.9
19800424,2.9
19800425,3.1
19800426,10.4
19800427,4.8
19800428,5.8
19800429,4.4
19800430,9.0
19800501,7.3
19800502,14.5
19800503,13.2
19800504,7.8
19800505,12.6
19800506,7.8
19800507,8.4
19800508,11.3
19800509,8.6
19800510,13.3
19800511,13.2
19800512,14.3
19800513,12.5
19800514,15.3
19800515,8.2
19800516,6.3
19800517,6.0
19800518,15.6
19800519,9.7
19800520,14.3
19800521,15.5
19800522,15.2
19800523,15.2
19800524,17.7
19800525,11.9
19800526,10.3
19800527,11.3
19800528,16.3
19800529,18.2
19800530,17.0
19800531,18.2
19800601,14.9
19800602,12.9
19800603,11.6
19800604,15.3
19800605,20.7
19800606,19.8
19800607,18.9
19800608,17.5
19800609,19.0
19800610,16.6
19800611,19.4
19800612,18.2
19800613,19.2
19800614,19.8
19800615,21.3
19800616,17.2
19800617,21.1
19800618,19.7
19800619,20.3
19800620,18.1
19800621,18.2
19800622,17.6
19800623,21.3
19800624,22.4
19800625,21.5
19800626,20.2
19800627,23.1
19800628,21.8
19800629,22.2
19800630,20.5
19800701,22.2
19800702,21.6
19800703,22.9
19800704,21.0
19800705,17.6
19800706,19.2
19800707,18.5
19800708,21.3
19800709,22.3
19800710,23.9
19800711,22.5
19800712,23.0
19800713,22.7
19800714,18.2
19800715,22.4
19800716,20.6
19800717,21.9
19800718,23.7
19800719,23.1
19800720,21.0
19800721,21.2
19800722,23.1
19800723,21.9
19800724,23.0
19800725,21.3
19800726,19.8
19800727,22.9
19800728,21.8
19800729,22.4
19800730,21.8
19800731,22.1
19800801,22.1
19800802,22.8
19800803,22.9
19800804,20.3
19800805,20.3
19800806,21.2
19800807,20.0
19800808,20.0
19800809,19.6
19800810,20.3
19800811,20.4
19800812,18.5
19800813,19.0
19800814,20.4
19800815,19.5
19800816,19.6
19800817,20.1
19800818,19.2
19800819,18.8
19800820,18.0
19800821,17.8
19800822,18.5
19800823,20.9
19800824,21.4
19800825,20.7
19800826,18.5
19800827,21.4
19800828,18.2
19800829,18.1
19800830,17.1
19800831,17.7
19800901,16.3
19800902,14.6
19800903,16.1
19800904,18.1
19800905,12.5
19800906,15.7
19800907,16.0
19800908,11.8
19800909,13.6
19800910,12.4
19800911,14.4
19800912,15.1
19800913,11.6
19800914,16.3
19800915,15.6
19800916,9.0
19800917,8.8
19800918,8.9
19800919,12.6
19800920,7.6
19800921,12.4
19800922,8.8
19800923,4.3
19800924,8.3
19800925,12.6
19800926,9.8
19800927,9.9
19800928,13.6
19800929,13.6
19800930,8.6
19801001,13.1
19801002,13.1
19801003,11.8
19801004,12.7
19801005,12.4
19801006,11.5
19801007,13.0
19801008,6.2
19801009,6.7
19801010,10.8
19801011,9.8
19801012,9.1
19801013,4.5
19801014,3.5
19801015,7.9
19801016,8.1
19801017,9.0
19801018,5.2
19801019,8.4
19801020,2.4
19801021,1.5
19801022,2.7
19801023,8.3
19801024,5.4
19801025,1.6
19801026,1.6
19801027,-0.4
19801028,0.7
19801029,-1.0
19801030,5.0
19801031,0.0
19801101,4.1
19801102,0.8
19801103,0.2
19801104,0.2
19801105,2.0
19801106,3.8
19801107,2.2
19801108,-2.5
19801109,-3.8
19801110,-0.4
19801111,3.5
19801112,2.0
19801113,-3.5
19801114,-2.0
19801115,0.0
19801116,0.4
19801117,0.6
19801118,6.4
19801119,7.9
19801120,7.2
19801121,6.4
19801122,3.1
19801123,2.6
19801124,1.3
19801125,-0.7
19801126,-0.7
19801127,-1.9
19801128,-2.0
19801129,-1.4
19801130,0.8
19801201,-1.8
19801202,-2.5
19801203,-8.2
19801204,-9.2
19801205,-8.1
19801206,-4.3
19801207,-5.7
19801208,-6.5
19801209,-9.2
19801210,-5.1
19801211,-4.9
19801212,-9.2
19801213,-11.8
19801214,-11.9
19801215,-9.2
19801216,-10.1
19801217,-9.5
19801218,-5.1
19801219,-6.0
19801220,-8.0
19801221,-7.4
19801222,-4.5
19801223,-6.4
19801224,-11.2
19801225,-6.5
19801226,-13.0
19801227,-11.3
19801228,-13.4
19801229,-13.0
19801230,-14.2
19801231,-9.9
19810101,-7.7
19810102,-10.9
19810103,-13.2
19810104,-13.7
19810105,-12.1
19810106,-8.7
19810107,-10.7
19810108,-9.0
19810109,-3.2
19810110,-5.8
19810111,-4.6
19810112,-7.2
19810113,-7.9
19810114,-5.9
19810115,-9.8
19810116,-8.2
19810117,-7.5
19810118,-7.4
19810119,-10.0
19810120,-10.2
19810121,-10.5
19810122,-11.3
19810123,-5.6
19810124,-8.1
19810125,-10.1
19810126,-12.0
19810127,-13.5
19810128,-11.3
19810129,-10.0
19810130,-9.8
19810131,-7.3
19810201,-5.8
19810202,-2.8
19810203,-9.5
19810204,-10.0
19810205,-10.6
19810206,-6.8
19810207,-8.1
19810208,-5.7
19810209,-4.6
19810210,-1.3
19810211,-6.8
19810212,-3.2
19810213,-4.1
19810214,-3.0
19810215,-3.3
19810216,-5.0
19810217,-7.3
19810218,-2.4
19810219,-5.1
19810220,-5.9
19810221,-7.1
19810222,-2.5
19810223,-2.8
19810224,-8.0
19810225,-11.0
19810226,-14.0
19810227,-11.2
19810228,-6.9
19810301,-7.1
19810302,-4.3
19810303,-2.8
19810304,-2.3
19810305,-1.7
19810306,-6.7
19810307,-1.2
19810308,-4.0
19810309,-2.5
19810310,-2.7
19810311,0.1
19810312,2.6
19810313,6.0
19810314,5.9
19810315,0.8
19810316,0.5
19810317,1.6
19810318,5.9
19810319,7.9
19810320,6.9
19810321,1.3
19810322,4.5
19810323,7.7
19810324,5.4
19810325,6.3
19810326,2.0
19810327,1.2
19810328,1.8
19810329,4.4
19810330,3.8
19810331,4.3
19810401,3.3
19810402,1.9
19810403,5.4
19810404,7.8
19810405,6.9
19810406,11.7
19810407,8.6
19810408,11.4
19810409,11.2
19810410,10.3
19810411,11.7
19810412,4.8
19810413,4.4
19810414,8.3
19810415,6.2
19810416,4.4
19810417,8.9
19810418,14.8
19810419,11.0
19810420,7.5
19810421,9.2
19810422,11.1
19810423,15.6
19810424,9.4
19810425,13.5
19810426,11.6
19810427,14.1
19810428,9.8
19810429,12.1
19810430,12.6
19810501,16.6
19810502,10.2
19810503,8.6
19810504,10.2
19810505,12.1
19810506,14.9
19810507,14.9
19810508,16.9
19810509,15.0
19810510,9.2
19810511,11.4
19810512,8.8
19810513,10.3
19810514,18.0
19810515,12.5
19810516,10.1
19810517,12.8
19810518,10.1
19810519,13.3
19810520,14.7
19810521,13.0
19810522,14.2
19810523,15.5
19810524,19.1
19810525,17.2
19810526,18.2
19810527,15.0
19810528,10.9
19810529,15.2
19810530,16.8
19810531,15.0
19810601,15.0
19810602,12.7
19810603,14.2
19810604,18.7
19810605,18.5
19810606,18.8
19810607,22.3
19810608,23.3
19810609,21.1
19810610,17.3
19810611,14.7
19810612,19.8
19810613,21.5
19810614,19.8
19810615,21.7
19810616,19.8
19810617,22.9
19810618,21.5
19810619,20.4
19810620,20.8
19810621,19.2
19810622,19.9
19810623,16.4
19810624,21.5
19810625,20.6
19810626,19.5
19810627,20.9
19810628,20.4
19810629,21.4
19810630,23.0
19810701,19.4
19810702,22.6
19810703,22.3
19810704,21.5
19810705,24.6
19810706,21.9
19810707,21.0
19810708,21.4
19810709,19.8
19810710,21.4
19810711,22.1
19810712,22.4
19810713,22.9
19810714,22.1
19810715,23.2
19810716,22.6
19810717,24.1
19810718,25.4
19810719,25.0
19810720,27.5
19810721,27.2
19810722,27.1
19810723,25.6
19810724,24.4
19810725,23.7
19810726,24.6
19810727,24.3
19810728,23.5
19810729,26.4
19810730,26.7
19810731,25.9
19810801,25.6
19810802,27.5
19810803,21.4
19810804,22.3
19810805,18.1
19810806,16.2
19810807,17.2
19810808,17.7
19810809,18.9
19810810,19.6
19810811,19.4
19810812,19.2
19810813,19.0
19810814,22.3
19810815,22.5
19810816,21.4
19810817,20.5
19810818,20.2
19810819,21.2
19810820,21.6
19810821,20.5
19810822,19.2
19810823,20.6
19810824,21.0
19810825,20.7
19810826,15.7
19810827,17.0
19810828,20.7
19810829,19.1
19810830,19.4
19810831,21.8
19810901,20.3
19810902,19.9
19810903,20.4
19810904,17.5
19810905,17.1
19810906,19.4
19810907,19.5
19810908,15.6
19810909,16.6
19810910,12.6
19810911,16.9
19810912,10.7
19810913,11.7
19810914,12.6
19810915,14.4
19810916,14.6
19810917,15.5
19810918,16.6
19810919,16.8
19810920,18.5
19810921,18.9
19810922,16.9
19810923,19.5
19810924,16.3
19810925,17.2
19810926,15.1
19810927,11.5
19810928,7.3
19810929,7.3
19810930,7.9
19811001,11.7
19811002,9.0
19811003,9.0
19811004,12.3
19811005,6.9
19811006,8.5
19811007,10.0
19811008,4.3
19811009,6.6
19811010,3.8
19811011,2.6
19811012,8.7
19811013,6.9
19811014,2.5
19811015,3.6
19811016,5.7
19811017,11.9
19811018,9.1
19811019,9.4
19811020,6.6
19811021,6.3
19811022,1.9
19811023,0.8
19811024,4.7
19811025,-0.7
19811026,0.1
19811027,4.2
19811028,5.0
19811029,0.1
19811030,4.0
19811031,-0.3
19811101,-2.0
19811102,1.2
19811103,0.3
19811104,-2.5
19811105,1.1
19811106,-3.7
19811107,-3.1
19811108,-3.9
19811109,-3.6
19811110,-2.2
19811111,-0.4
19811112,-2.1
19811113,0.7
19811114,-2.4
19811115,5.4
19811116,-1.2
19811117,-6.1
19811118,-4.2
19811119,-3.2
19811120,0.9
19811121,-0.3
19811122,2.4
19811123,0.5
19811124,-2.4
19811125,-3.8
19811126,-4.9
19811127,-3.7
19811128,-7.2
19811129,-5.2
19811130,-5.8
19811201,-9.6
19811202,-12.1
19811203,-10.9
19811204,-6.5
19811205,-7.9
19811206,-5.4
19811207,-3.7
19811208,-1.9
19811209,-0.2
19811210,-5.4
19811211,0.3
19811212,-1.5
19811213,-1.8
19811214,-5.2
19811215,-6.6
19811216,-6.5
19811217,-4.3
19811218,-5.8
19811219,-5.7
19811220,-1.4
19811221,-6.9
19811222,-2.4
19811223,-2.5
19811224,-7.6
19811225,-8.4
19811226,-7.8
19811227,-6.7
19811228,-4.5
19811229,-10.1
19811230,-13.0
19811231,-8.4
19820101,-10.0
19820102,-11.2
19820103,-5.9
19820104,-3.5
19820105,-8.8
19820106,-7.0
19820107,-9.4
19820108,-11.0
19820109,-7.2
19820110,-7.1
19820111,-8.2
19820112,-14.3
19820113,-12.1
19820114,-12.8
19820115,-9.1
19820116,-10.2
19820117,-9.2
19820118,-10.9
19820119,-11.3
19820120,-11.2
19820121,-8.5
19820122,-5.6
19820123,-7.1
19820124,-6.5
19820125,-4.7
19820126,-3.5
19820127,-8.0
19820128,-9.3
19820129,-10.4
19820130,-11.2
19820131,-9.7
19820201,-6.7
19820202,-10.0
19820203,-4.6
19820204,-7.3
19820205,-8.8
19820206,-8.1
19820207,-8.4
19820208,-10.4
19820209,-8.8
19820210,-7.3
19820211,-7.7
19820212,-5.2
19820213,-6.6
19820214,-7.4
19820215,-5.0
19820216,-2.5
19820217,-5.3
19820218,-0.7
19820219,1.6
19820220,-2.5
19820221,-3.7
19820222,-1.3
19820223,1.9
19820224,-2.5
19820225,-2.4
19820226,-1.3
19820227,-1.7
19820228,2.4
19820301,-4.3
19820302,-2.9
19820303,1.7
19820304,4.1
19820305,-1.3
19820306,-3.2
19820307,-4.5
19820308,-4.0
19820309,-1.2
19820310,3.6
19820311,1.3
19820312,2.6
19820313,0.1
19820314,4.0
19820315,5.2
19820316,-3.2
19820317,-0.4
19820318,0.0
19820319,4.7
19820320,2.1
19820321,5.1
19820322,3.7
19820323,3.9
19820324,0.7
19820325,-1.6
19820326,-0.9
19820327,0.2
19820328,5.1
19820329,4.6
19820330,6.3
19820331,7.6
19820401,7.5
19820402,11.1
19820403,3.8
19820404,5.1
19820405,5.9
19820406,5.1
19820407,8.5
19820408,8.7
19820409,2.2
19820410,6.7
19820411,11.6
19820412,10.3
19820413,6.1
19820414,10.4
19820415,3.5
19820416,5.1
19820417,6.3
19820418,6.5
19820419,10.7
19820420,10.8
19820421,8.1
19820422,12.8
19820423,10.5
19820424,14.5
19820425,14.9
19820426,15.0
19820427,12.2
19820428,9.3
19820429,8.0
19820430,13.5
19820501,13.7
19820502,14.7
19820503,12.7
19820504,9.5
19820505,12.5
19820506,9.9
19820507,14.6
19820508,17.1
19820509,16.7
19820510,14.5
19820511,17.4
19820512,10.7
19820513,8.6
19820514,10.3
19820515,13.5
19820516,14.0
19820517,16.7
19820518,14.0
19820519,12.6
19820520,14.5
19820521,17.1
19820522,18.2
19820523,16.6
19820524,19.3
19820525,19.4
19820526,20.0
19820527,20.6
19820528,20.6
19820529,17.1
19820530,19.2
19820531,19.4
19820601,16.2
19820602,15.5
19820603,16.9
19820604,22.3
19820605,16.3
19820606,18.6
19820607,20.5
19820608,20.0
19820609,19.4
19820610,19.2
19820611,21.4
19820612,18.2
19820613,17.0
19820614,17.9
19820615,18.2
19820616,17.3
19820617,18.5
19820618,16.9
19820619,19.5
19820620,20.8
19820621,13.4
19820622,15.1
19820623,15.1
19820624,17.5
19820625,20.2
19820626,19.6
19820627,20.1
19820628,19.3
19820629,19.9
19820630,21.1
19820701,19.2
19820702,21.7
19820703,21.2
19820704,17.4
19820705,19.0
19820706,20.2
19820707,20.9
19820708,23.9
19820709,20.8
19820710,21.1
19820711,18.5
19820712,20.5
19820713,20.0
19820714,20.9
19820715,19.3
19820716,17.7
19820717,20.1
19820718,20.4
19820719,20.2
19820720,21.3
19820721,21.4
19820722,21.1
19820723,21.5
19820724,20.1
19820725,19.6
19820726,20.1
19820727,20.3
19820728,21.0
19820729,22.6
19820730,23.3
19820731,22.7
19820801,23.5
19820802,24.6
19820803,23.3
19820804,23.2
19820805,22.8
19820806,20.2
19820807,23.3
19820808,22.4
19820809,23.8
19820810,22.3
19820811,23.7
19820812,23.4
19820813,24.1
19820814,22.9
19820815,24.8
19820816,22.0
19820817,22.5
19820818,19.2
19820819,20.4
19820820,19.0
19820821,19.9
19820822,19.3
19820823,21.2
19820824,21.2
19820825,19.4
19820826,19.2
19820827,20.5
19820828,20.6
19820829,19.0
19820830,19.4
19820831,20.4
19820901,21.2
19820902,18.6
19820903,16.3
19820904,18.0
19820905,15.3
19820906,13.8
19820907,13.4
19820908,15.6
19820909,13.2
19820910,10.1
19820911,11.6
19820912,14.5
19820913,18.4
19820914,16.5
19820915,16.5
19820916,17.0
19820917,17.7
19820918,17.1
19820919,14.5
19820920,15.5
19820921,9.8
19820922,12.8
19820923,12.4
19820924,13.3
19820925,16.3
19820926,10.8
19820927,7.7
19820928,8.5
19820929,9.2
19820930,12.1
19821001,13.3
19821002,12.8
19821003,14.2
19821004,15.4
19821005,13.4
19821006,10.9
19821007,11.4
19821008,14.5
19821009,13.3
19821010,12.7
19821011,13.8
19821012,13.7
19821013,15.1
19821014,14.3
19821015,12.3
19821016,10.4
19821017,9.1
19821018,11.5
19821019,8.8
19821020,5.5
19821021,6.8
19821022,7.2
19821023,1.0
19821024,-0.9
19821025,1.6
19821026,2.9
19821027,6.6
19821028,10.6
19821029,6.8
19821030,10.5
19821031,6.0
19821101,1.1
19821102,0.1
19821103,2.9
19821104,2.3
19821105,8.0
19821106,8.0
19821107,2.4
19821108,5.2
19821109,5.6
19821110,1.8
19821111,-1.1
19821112,-0.3
19821113,1.3
19821114,2.6
19821115,-0.4
19821116,-3.6
19821117,-2.7
19821118,2.4
19821119,0.9
19821120,-3.1
19821121,-0.6
19821122,1.0
19821123,-3.8
19821124,-3.1
19821125,-6.0
19821126,-3.9
19821127,-4.2
19821128,-0.4
19821129,-3.6
19821130,-2.4
19821201,-1.2
19821202,-0.8
19821203,-5.1
19821204,-6.2
19821205,-8.9
19821206,-11.4
19821207,-11.1
19821208,-9.3
19821209,-8.4
19821210,-2.6
19821211,-4.9
19821212,-7.7
19821213,-9.8
19821214,-10.7
19821215,-8.6
19821216,-4.9
19821217,-5.4
19821218,-7.4
19821219,-7.5
19821220,-4.1
19821221,-5.6
19821222,-0.9
19821223,-6.2
19821224,-5.4
19821225,-7.7
19821226,-5.7
19821227,-6.4
19821228,-6.0
19821229,-6.1
19821230,-4.0
19821231,-9.1
19830101,-5.2
19830102,-9.1
19830103,-7.7
19830104,-3.3
19830105,-7.0
19830106,-3.8
19830107,-10.7
19830108,-15.0
19830109,-13.3
19830110,-13.0
19830111,-11.6
19830112,-9.3
19830113,-6.3
19830114,-6.1
19830115,-6.6
19830116,-8.8
19830117,-6.5
19830118,-6.9
19830119,-7.9
19830120,-12.8
19830121,-8.2
19830122,-10.5
19830123,-10.6
19830124,-9.5
19830125,-8.6
19830126,-5.7
19830127,-7.6
19830128,-6.7
19830129,-2.0
19830130,-8.0
19830131,-8.1
19830201,-1.9
19830202,-6.3
19830203,-4.3
19830204,-6.5
19830205,-6.0
19830206,-2.7
19830207,-6.3
19830208,-9.3
19830209,-7.4
19830210,-7.7
19830211,-10.4
19830212,-11.1
19830213,-12.2
19830214,-3.0
19830215,-7.4
19830216,-4.8
19830217,-7.1
19830218,-13.0
19830219,-9.8
19830220,-11.8
19830221,-10.9
19830222,-8.5
19830223,-1.8
19830224,-4.2
19830225,-3.6
19830226,-5.2
19830227,-4.4
19830228,-4.1
19830301,3.0
19830302,0.7
19830303,1.9
19830304,-1.7
19830305,0.2
19830306,0.8
19830307,-0.1
19830308,-3.9
19830309,-4.3
19830310,-3.7
19830311,1.4
19830312,-1.1
19830313,-1.5
19830314,-2.1
19830315,0.8
19830316,0.6
19830317,-2.6
19830318,-2.0
19830319,4.5
19830320,1.1
19830321,3.7
19830322,7.7
19830323,4.5
19830324,4.1
19830325,0.7
19830326,3.5
19830327,2.7
19830328,3.4
19830329,5.0
19830330,5.6
19830331,8.4
19830401,7.0
19830402,0.5
19830403,4.3
19830404,4.3
19830405,6.5
19830406,11.9
19830407,4.9
19830408,7.5
19830409,8.8
19830410,9.2
19830411,7.4
19830412,9.7
19830413,12.7
19830414,9.1
19830415,6.1
19830416,4.8
19830417,8.0
19830418,11.5
19830419,11.5
19830420,5.0
19830421,8.7
19830422,8.5
19830423,8.0
19830424,13.6
19830425,15.5
19830426,13.8
19830427,12.4
19830428,6.9
19830429,7.3
19830430,8.4
19830501,9.6
19830502,11.4
19830503,14.1
19830504,15.0
19830505,15.9
19830506,13.9
19830507,12.9
19830508,12.3
19830509,14.4
19830510,18.8
19830511,18.2
19830512,16.8
19830513,15.0
19830514,15.8
19830515,11.3
19830516,13.8
19830517,11.7
19830518,11.2
19830519,14.6
19830520,17.6
19830521,16.6
19830522,15.2
19830523,16.0
19830524,17.1
19830525,15.6
19830526,18.2
19830527,18.0
19830528,20.6
19830529,20.2
19830530,21.1
19830531,25.6
19830601,18.7
19830602,21.6
19830603,22.0
19830604,18.2
19830605,19.4
19830606,14.1
19830607,15.6
19830608,16.7
19830609,15.3
19830610,17.3
19830611,20.1
19830612,19.1
19830613,16.9
19830614,21.8
19830615,23.4
19830616,22.7
19830617,19.4
19830618,18.8
19830619,18.4
19830620,16.9
19830621,19.9
19830622,20.5
19830623,22.6
19830624,22.4
19830625,20.6
19830626,21.0
19830627,16.1
19830628,17.4
19830629,21.5
19830630,22.6
19830701,22.1
19830702,21.7
19830703,20.7
19830704,21.1
19830705,19.9
19830706,21.7
19830707,23.7
19830708,21.2
19830709,23.5
19830710,20.9
19830711,22.7
19830712,24.6
19830713,21.4
19830714,18.5
19830715,21.0
19830716,19.6
19830717,22.5
19830718,22.3
19830719,22.4
19830720,21.4
19830721,23.2
19830722,23.8
19830723,25.2
19830724,24.8
19830725,22.8
19830726,22.7
19830727,23.6
19830728,23.6
19830729,24.9
19830730,23.3
19830731,22.3
19830801,21.5
19830802,23.6
19830803,25.9
19830804,23.9
19830805,22.6
19830806,20.6
19830807,20.7
19830808,18.4
19830809,20.4
19830810,21.8
19830811,22.1
19830812,21.5
19830813,23.5
19830814,24.2
19830815,24.5
19830816,24.1
19830817,22.1
19830818,17.6
19830819,21.4
19830820,20.5
19830821,20.3
19830822,19.6
19830823,19.3
19830824,20.1
19830825,18.5
19830826,18.7
19830827,20.2
19830828,19.2
19830829,17.7
19830830,19.4
19830831,19.5
19830901,20.2
19830902,18.6
19830903,16.4
19830904,18.9
19830905,19.4
19830906,15.9
19830907,17.4
19830908,17.6
19830909,16.7
19830910,18.1
19830911,17.2
19830912,16.5
19830913,18.5
19830914,17.7
19830915,16.2
19830916,18.5
19830917,19.4
19830918,18.3
19830919,13.8
19830920,14.7
19830921,17.9
19830922,15.0
19830923,16.0
19830924,15.6
19830925,11.6
19830926,15.5
19830927,16.5
19830928,13.6
19830929,12.5
19830930,15.0
19831001,14.8
19831002,14.7
19831003,13.6
19831004,13.6
19831005,8.9
19831006,9.1
19831007,13.4
19831008,10.7
19831009,10.3
19831010,13.4
19831011,8.5
19831012,5.6
19831013,5.5
19831014,6.0
19831015,10.6
19831016,9.9
19831017,5.3
19831018,5.4
19831019,2.6
19831020,7.4
19831021,4.8
19831022,6.0
19831023,2.4
19831024,5.0
19831025,9.3
19831026,4.3
19831027,4.4
19831028,4.6
19831029,6.6
19831030,4.6
19831031,5.9
19831101,5.2
19831102,3.9
19831103,3.8
19831104,3.8
19831105,2.8
19831106,4.9
19831107,4.3
19831108,5.5
19831109,9.1
19831110,4.4
19831111,-0.2
19831112,0.9
19831113,-1.5
19831114,0.6
19831115,0.7
19831116,-2.5
19831117,-4.2
19831118,-4.3
19831119,-3.7
19831120,-1.5
19831121,0.8
19831122,-1.1
19831123,-2.3
19831124,-2.4
19831125,-2.5
19831126,-4.7
19831127,-3.6
19831128,-1.3
19831129,-0.2
19831130,-1.0
19831201,-1.5
19831202,1.0
19831203,2.5
19831204,-2.9
19831205,0.9
19831206,-1.8
19831207,1.0
19831208,-2.8
19831209,-1.2
19831210,0.4
19831211,-3.2
19831212,-5.7
19831213,0.0
19831214,-5.0
19831215,-4.5
19831216,-6.3
19831217,-2.2
19831218,-7.4
19831219,-7.0
19831220,-5.5
19831221,-1.4
19831222,-6.3
19831223,-12.2
19831224,-9.4
19831225,-10.9
19831226,-6.2
19831227,-9.2
19831228,-9.6
19831229,-10.2
19831230,-13.3
19831231,-12.7
19840101,-11.1
19840102,-5.2
19840103,-8.2
19840104,-8.2
19840105,-8.7
19840106,-10.7
19840107,-6.0
19840108,-8.0
19840109,-3.8
19840110,-2.5
19840111,-6.0
19840112,-4.9
19840113,-7.3
19840114,-5.8
19840115,-9.0
19840116,-10.3
19840117,-13.3
19840118,-11.8
19840119,-9.0
19840120,-12.0
19840121,-7.9
19840122,-11.9
19840123,-10.7
19840124,-9.7
19840125,-9.0
19840126,-11.3
19840127,-11.9
19840128,-11.4
19840129,-10.5
19840130,-13.4
19840131,-8.9
19840201,-8.8
19840202,-14.2
19840203,-14.9
19840204,-11.5
19840205,-9.5
19840206,-10.3
19840207,-10.0
19840208,-8.1
19840209,-7.5
19840210,-10.0
19840211,-6.1
19840212,-9.2
19840213,-7.7
19840214,-5.5
19840215,-8.7
19840216,-5.2
19840217,-4.7
19840218,-4.4
19840219,-4.7
19840220,-6.1
19840221,-4.0
19840222,-2.1
19840223,-4.4
19840224,-1.2
19840225,-2.3
19840226,-4.2
19840227,-6.8
19840228,-3.0
19840229,-7.8
19840301,-2.1
19840302,-4.0
19840303,-4.4
19840304,-4.5
19840305,-4.7
19840306,-4.4
19840307,-3.9
19840308,-2.0
19840309,-3.5
19840310,-5.8
19840311,-2.2
19840312,-3.8
19840313,0.4
19840314,-0.3
19840315,0.6
19840316,2.0
19840317,-1.2
19840318,-1.5
19840319,-3.4
19840320,-2.7
19840321,-4.6
19840322,-1.2
19840323,3.1
19840324,-3.9
19840325,-2.7
19840326,-3.3
19840327,-1.6
19840328,0.1
19840329,4.2
19840330,2.9
19840331,3.8
19840401,-1.0
19840402,4.6
19840403,4.4
19840404,8.9
19840405,1.7
19840406,-1.0
19840407,2.8
19840408,6.5
19840409,4.1
19840410,9.1
19840411,9.9
19840412,10.3
19840413,9.1
19840414,11.3
19840415,13.3
19840416,10.3
19840417,10.3
19840418,5.3
19840419,6.5
19840420,11.1
19840421,8.0
19840422,10.4
19840423,8.3
19840424,12.3
19840425,12.2
19840426,8.4
19840427,1.5
19840428,4.3
19840429,8.5
19840430,11.1
19840501,9.9
19840502,14.1
19840503,7.6
19840504,10.8
19840505,11.8
19840506,12.2
19840507,15.2
19840508,20.3
19840509,13.6
19840510,13.6
19840511,14.7
19840512,13.3
19840513,12.0
19840514,16.8
19840515,11.6
19840516,14.3
19840517,13.6
19840518,14.4
19840519,14.9
19840520,15.9
19840521,14.9
19840522,14.6
19840523,14.5
19840524,17.4
19840525,14.0
19840526,14.7
19840527,16.8
19840528,14.4
19840529,15.6
19840530,17.4
19840531,18.3
19840601,20.6
19840602,20.6
19840603,20.1
19840604,17.6
19840605,20.0
19840606,14.3
19840607,16.9
19840608,21.2
19840609,18.8
19840610,15.2
19840611,21.7
19840612,18.2
19840613,19.6
19840614,18.3
19840615,17.9
19840616,17.2
19840617,18.5
19840618,20.3
19840619,19.0
19840620,20.7
19840621,19.0
19840622,17.9
19840623,19.8
19840624,21.5
19840625,17.7
19840626,19.9
19840627,20.2
19840628,19.3
19840629,24.1
19840630,23.8
19840701,22.3
19840702,22.0
19840703,20.4
19840704,21.5
19840705,22.4
19840706,22.3
19840707,21.2
19840708,20.3
19840709,20.8
19840710,22.7
19840711,20.2
19840712,20.2
19840713,22.5
19840714,21.7
19840715,19.4
19840716,20.7
19840717,23.0
19840718,21.8
19840719,21.7
19840720,24.6
19840721,22.2
19840722,23.2
19840723,22.4
19840724,24.1
19840725,22.5
19840726,23.2
19840727,21.8
19840728,19.3
19840729,22.7
19840730,24.3
19840731,24.1
19840801,25.2
19840802,25.2
19840803,24.2
19840804,23.8
19840805,24.4
19840806,25.1
19840807,21.5
19840808,20.5
19840809,21.4
19840810,21.9
19840811,23.1
19840812,21.9
19840813,22.0
19840814,16.5
19840815,15.5
19840816,17.3
19840817,19.7
19840818,19.2
19840819,19.6
19840820,20.2
19840821,19.0
19840822,18.8
19840823,17.6
19840824,18.7
19840825,16.9
19840826,20.8
19840827,21.2
19840828,19.6
19840829,21.4
19840830,19.6
19840831,20.5
19840901,19.5
19840902,19.3
19840903,16.1
19840904,14.9
19840905,15.3
19840906,17.8
19840907,18.4
19840908,17.7
19840909,15.1
19840910,14.7
19840911,11.3
19840912,16.0
19840913,13.6
19840914,13.4
19840915,14.3
19840916,15.6
19840917,15.7
19840918,14.4
19840919,11.6
19840920,12.8
19840921,13.6
19840922,15.3
19840923,12.7
19840924,12.9
19840925,11.2
19840926,10.4
19840927,13.3
19840928,11.3
19840929,11.0
19840930,10.7
19841001,13.4
19841002,14.8
19841003,12.3
19841004,11.2
19841005,5.4
19841006,8.5
19841007,8.6
19841008,10.3
19841009,11.7
19841010,11.9
19841011,12.0
19841012,8.4
19841013,5.2
19841014,7.3
19841015,8.6
19841016,8.4
19841017,9.7
19841018,8.0
19841019,7.0
19841020,3.2
19841021,3.3
19841022,4.9
19841023,5.9
19841024,6.6
19841025,9.6
19841026,8.4
19841027,7.2
19841028,4.0
19841029,0.8
19841030,0.3
19841031,5.2
19841101,6.3
19841102,2.3
19841103,1.2
19841104,4.8
19841105,3.1
19841106,9.4
19841107,2.5
19841108,4.2
19841109,2.7
19841110,2.9
19841111,4.8
19841112,1.9
19841113,1.3
19841114,2.6
19841115,4.3
19841116,3.8
19841117,2.3
19841118,-1.9
19841119,-4.2
19841120,-3.9
19841121,-4.7
19841122,-3.6
19841123,1.9
19841124,-1.0
19841125,-6.0
19841126,-2.8
19841127,-7.6
19841128,-8.4
19841129,-7.2
19841130,-3.9
19841201,-3.2
19841202,-4.4
19841203,-1.6
19841204,-6.5
19841205,-6.8
19841206,-7.8
19841207,-6.3
19841208,-5.8
19841209,-0.4
19841210,-4.0
19841211,-3.6
19841212,-4.9
19841213,-1.7
19841214,-5.1
19841215,-5.1
19841216,-5.5
19841217,-7.5
19841218,-10.1
19841219,-8.3
19841220,-9.4
19841221,-9.8
19841222,-11.4
19841223,-9.9
19841224,-11.2
19841225,-12.1
19841226,-9.4
19841227,-10.2
19841228,-11.4
19841229,-11.9
19841230,-12.0
19841231,-11.0
19850101,-10.4
19850102,-8.9
19850103,-7.5
19850104,-11.0
19850105,-11.2
19850106,-8.2
19850107,-9.9
19850108,-13.1
19850109,-10.3
19850110,-12.0
19850111,-8.6
19850112,-11.5
19850113,-12.3
19850114,-12.0
19850115,-9.8
19850116,-10.6
19850117,-9.1
19850118,-6.0
19850119,-8.6
19850120,-8.9
19850121,-6.3
19850122,-3.2
19850123,-7.2
19850124,-10.7
19850125,-8.1
19850126,-6.2
19850127,-7.6
19850128,-11.2
19850129,-10.5
19850130,-12.2
19850131,-9.3
19850201,0.6
19850202,-0.5
19850203,-4.7
19850204,-2.0
19850205,-3.5
19850206,-1.3
19850207,-3.8
19850208,-2.9
19850209,-0.5
19850210,-0.8
19850211,-3.7
19850212,-5.3
19850213,-9.0
19850214,-6.7
19850215,-6.9
19850216,-9.4
19850217,-9.0
19850218,-11.5
19850219,-9.2
19850220,-12.5
19850221,-10.0
19850222,-12.0
19850223,-12.0
19850224,-10.9
19850225,-9.0
19850226,-6.6
19850227,-1.9
19850228,-1.9
19850301,-2.2
19850302,-3.6
19850303,-4.0
19850304,-3.4
19850305,-8.9
19850306,-10.4
19850307,-6.0
19850308,-3.0
19850309,-8.8
19850310,-6.9
19850311,-8.4
19850312,-3.8
19850313,-5.6
19850314,-3.2
19850315,-4.0
19850316,-1.9
19850317,0.9
19850318,0.2
19850319,-0.2
19850320,2.4
19850321,-0.9
19850322,0.8
19850323,5.8
19850324,3.8
19850325,0.4
19850326,1.8
19850327,1.6
19850328,2.1
19850329,1.3
19850330,-0.4
19850331,0.5
19850401,4.4
19850402,6.2
19850403,3.9
19850404,2.5
19850405,4.8
19850406,10.9
19850407,9.9
19850408,9.2
19850409,10.2
19850410,4.0
19850411,4.1
19850412,3.6
19850413,8.3
19850414,10.9
19850415,8.6
19850416,7.0
19850417,10.0
19850418,10.3
19850419,13.8
19850420,10.9
19850421,11.8
19850422,8.2
19850423,7.8
19850424,9.9
19850425,15.0
19850426,5.6
19850427,5.7
19850428,12.3
19850429,10.8
19850430,13.7
19850501,13.5
19850502,16.2
19850503,16.0
19850504,15.2
19850505,14.9
19850506,9.3
19850507,11.2
19850508,16.2
19850509,17.2
19850510,13.4
19850511,19.5
19850512,17.7
19850513,13.1
19850514,16.9
19850515,14.4
19850516,14.8
19850517,15.1
19850518,14.0
19850519,15.2
19850520,13.8
19850521,12.2
19850522,15.5
19850523,16.1
19850524,17.5
19850525,14.5
19850526,12.0
19850527,16.0
19850528,14.4
19850529,13.0
19850530,15.4
19850531,14.7
19850601,12.8
19850602,15.0
19850603,17.4
19850604,17.3
19850605,16.4
19850606,19.3
19850607,17.8
19850608,18.4
19850609,17.3
19850610,16.4
19850611,17.9
19850612,18.9
19850613,18.6
19850614,17.0
19850615,16.4
19850616,18.0
19850617,19.5
19850618,20.0
19850619,20.7
19850620,19.4
19850621,18.7
19850622,22.1
19850623,19.4
19850624,20.0
19850625,21.6
19850626,21.9
19850627,21.6
19850628,22.4
19850629,22.1
19850630,23.4
19850701,21.8
19850702,17.7
19850703,17.9
19850704,20.1
19850705,19.4
19850706,22.8
19850707,20.3
19850708,24.0
19850709,20.6
19850710,21.4
19850711,24.2
19850712,21.3
19850713,19.8
19850714,21.8
19850715,22.2
19850716,20.9
19850717,18.9
19850718,19.1
19850719,21.4
19850720,22.3
19850721,25.1
19850722,23.1
19850723,23.5
19850724,21.4
19850725,19.3
19850726,18.4
19850727,19.5
19850728,24.3
19850729,22.9
19850730,22.5
19850731,21.5
19850801,23.9
19850802,20.7
19850803,19.5
19850804,22.6
19850805,24.2
19850806,23.4
19850807,22.2
19850808,22.7
19850809,21.4
19850810,23.8
19850811,22.4
19850812,22.8
19850813,22.4
19850814,19.0
19850815,22.6
19850816,21.6
19850817,23.9
19850818,21.5
19850819,22.1
19850820,20.2
19850821,20.5
19850822,20.8
19850823,21.3
19850824,22.8
19850825,21.1
19850826,21.3
19850827,18.9
19850828,15.7
19850829,18.2
19850830,19.7
19850831,15.8
19850901,17.8
19850902,18.8
19850903,17.2
19850904,18.9
19850905,21.4
19850906,19.2
19850907,20.7
19850908,19.6
19850909,16.4
19850910,16.9
19850911,12.6
19850912,14.9
19850913,14.4
19850914,12.6
19850915,13.1
19850916,15.3
19850917,15.8
19850918,12.6
19850919,14.8
19850920,12.9
19850921,12.6
19850922,10.7
19850923,11.3
19850924,8.7
19850925,5.5
19850926,10.0
19850927,13.6
19850928,10.5
19850929,6.5
19850930,9.6
19851001,5.9
19851002,7.2
19851003,10.0
19851004,12.2
19851005,12.5
19851006,13.6
19851007,13.3
19851008,13.4
19851009,13.6
19851010,11.2
19851011,12.9
19851012,10.6
19851013,5.4
19851014,6.9
19851015,8.9
19851016,8.0
19851017,3.1
19851018,2.1
19851019,2.9
19851020,3.7
19851021,5.1
19851022,1.7
19851023,6.0
19851024,7.5
19851025,11.3
19851026,7.6
19851027,9.6
19851028,9.4
19851029,7.9
19851030,7.2
19851031,6.4
19851101,-1.2
19851102,1.9
19851103,2.2
19851104,3.8
19851105,2.1
19851106,3.0
19851107,4.7
19851108,-1.7
19851109,-3.5
19851110,-0.1
19851111,-4.2
19851112,-1.6
19851113,-1.8
19851114,-2.2
19851115,-0.9
19851116,-0.2
19851117,-1.5
19851118,-4.1
19851119,0.5
19851120,0.3
19851121,-2.2
19851122,3.8
19851123,1.5
19851124,-1.0
19851125,-4.6
19851126,-3.4
19851127,-1.9
19851128,-2.4
19851129,-7.1
19851130,-5.3
19851201,-5.8
19851202,-6.5
19851203,-3.4
19851204,-3.7
19851205,-5.9
19851206,-9.4
19851207,-12.7
19851208,-15.2
19851209,-13.5
19851210,-12.3
19851211,-10.7
19851212,-11.8
19851213,-9.7
19851214,-5.9
19851215,-7.5
19851216,-5.0
19851217,-7.2
19851218,-9.2
19851219,-5.9
19851220,-8.9
19851221,-7.3
19851222,-7.2
19851223,-10.5
19851224,-7.2
19851225,-5.3
19851226,-8.3
19851227,-7.4
19851228,-4.2
19851229,-2.2
19851230,-3.9
19851231,-6.2
19860101,-8.4
19860102,-10.4
19860103,-12.1
19860104,-15.4
19860105,-10.1
19860106,-11.2
19860107,-4.8
19860108,-8.6
19860109,-9.6
19860110,-12.2
19860111,-10.0
19860112,-8.8
19860113,-9.3
19860114,-10.7
19860115,-9.2
19860116,-8.7
19860117,-5.1
19860118,-8.0
19860119,-8.1
19860120,-3.7
19860121,-7.3
19860122,-8.4
19860123,-4.0
19860124,-9.4
19860125,-8.1
19860126,-9.7
19860127,-9.3
19860128,-7.7
19860129,-5.7
19860130,-4.2
19860131,-10.8
19860201,-10.5
19860202,-9.1
19860203,-10.7
19860204,-9.8
19860205,-9.0
19860206,-13.0
19860207,-10.0
19860208,-6.8
19860209,-8.6
19860210,-7.1
19860211,-8.5
19860212,-5.8
19860213,-5.9
19860214,-2.5
19860215,-5.3
19860216,-4.4
19860217,-2.9
19860218,-4.4
19860219,-1.4
19860220,-3.9
19860221,-1.8
19860222,-2.7
19860223,-3.2
19860224,-7.1
19860225,-6.3
19860226,-9.7
19860227,-8.7
19860228,-5.8
19860301,-8.3
19860302,-2.3
19860303,-1.1
19860304,0.3
19860305,2.6
19860306,-0.4
19860307,1.0
19860308,4.4
19860309,0.0
19860310,-3.6
19860311,0.3
19860312,2.6
19860313,3.1
19860314,1.7
19860315,-2.2
19860316,0.0
19860317,-0.7
19860318,-0.8
19860319,2.9
19860320,2.7
19860321,3.1
19860322,-0.8
19860323,2.4
19860324,1.4
19860325,4.1
19860326,5.9
19860327,7.4
19860328,6.1
19860329,5.9
19860330,2.1
19860331,3.6
19860401,4.2
19860402,6.5
19860403,10.3
19860404,10.2
19860405,8.7
19860406,8.3
19860407,5.9
19860408,10.4
19860409,9.3
19860410,7.6
19860411,4.0
19860412,5.5
19860413,7.7
19860414,13.2
19860415,6.9
19860416,5.0
19860417,8.5
19860418,14.0
19860419,10.2
19860420,2.5
19860421,5.7
19860422,6.9
19860423,9.1
19860424,8.6
19860425,9.3
19860426,9.8
19860427,12.6
19860428,10.9
19860429,10.0
19860430,15.2
19860501,9.5
19860502,11.5
19860503,12.4
19860504,12.7
19860505,12.8
19860506,13.1
19860507,14.0
19860508,14.4
19860509,10.7
19860510,8.2
19860511,9.7
19860512,13.0
19860513,13.9
19860514,11.9
19860515,10.6
19860516,14.3
19860517,14.9
19860518,15.6
19860519,11.3
19860520,12.8
19860521,12.4
19860522,17.2
19860523,20.2
19860524,22.0
19860525,17.6
19860526,16.7
19860527,15.8
19860528,19.3
19860529,18.2
19860530,20.5
19860531,22.0
19860601,16.4
19860602,20.6
19860603,19.3
19860604,18.4
19860605,17.4
19860606,17.7
19860607,18.8
19860608,20.2
19860609,22.6
19860610,20.9
19860611,20.5
19860612,19.9
19860613,20.1
19860614,18.3
19860615,17.6
19860616,17.8
19860617,19.2
19860618,21.1
19860619,19.4
19860620,17.5
19860621,18.3
19860622,17.4
19860623,19.3
19860624,19.1
19860625,20.2
19860626,22.4
19860627,19.8
19860628,20.8
19860629,17.8
19860630,23.6
19860701,22.9
19860702,21.8
19860703,22.0
19860704,17.7
19860705,19.1
19860706,21.6
19860707,18.6
19860708,19.1
19860709,18.1
19860710,22.1
19860711,20.8
19860712,21.1
19860713,23.3
19860714,23.1
19860715,20.3
19860716,21.5
19860717,20.5
19860718,21.4
19860719,19.2
19860720,23.4
19860721,21.2
19860722,24.2
19860723,20.9
19860724,20.1
19860725,21.1
19860726,21.1
19860727,22.1
19860728,23.5
19860729,24.5
19860730,21.2
19860731,23.5
19860801,21.3
19860802,20.4
19860803,21.5
19860804,21.8
19860805,20.7
19860806,18.9
19860807,20.5
19860808,21.0
19860809,20.9
19860810,17.1
19860811,20.7
19860812,23.8
19860813,19.8
19860814,22.4
19860815,20.5
19860816,19.3
19860817,21.6
19860818,22.2
19860819,19.8
19860820,16.9
19860821,15.7
19860822,19.6
19860823,19.2
19860824,19.9
19860825,15.6
19860826,19.6
19860827,21.1
19860828,21.2
19860829,20.6
19860830,19.2
19860831,20.7
19860901,18.7
19860902,17.2
19860903,17.3
19860904,20.1
19860905,16.8
19860906,20.2
19860907,18.9
19860908,17.3
19860909,17.2
19860910,16.7
19860911,15.8
19860912,13.2
19860913,13.0
19860914,14.2
19860915,13.7
19860916,14.6
19860917,8.9
19860918,10.9
19860919,14.1
19860920,13.7
19860921,12.8
19860922,12.4
19860923,14.1
19860924,11.3
19860925,14.2
19860926,13.8
19860927,9.9
19860928,5.6
19860929,6.5
19860930,7.9
19861001,9.7
19861002,9.3
19861003,10.0
19861004,12.5
19861005,12.7
19861006,13.4
19861007,13.4
19861008,9.1
19861009,10.1
19861010,7.0
19861011,6.0
19861012,5.0
19861013,9.8
19861014,10.9
19861015,10.7
19861016,6.2
19861017,7.3
19861018,1.3
19861019,6.3
19861020,6.0
19861021,6.2
19861022,1.5
19861023,3.7
19861024,4.3
19861025,7.6
19861026,5.4
19861027,4.7
19861028,0.6
19861029,-1.5
19861030,-3.5
19861031,1.2
19861101,0.1
19861102,4.2
19861103,-2.0
19861104,-1.6
19861105,1.3
19861106,0.9
19861107,3.2
19861108,-0.6
19861109,1.7
19861110,3.6
19861111,0.4
19861112,3.4
19861113,0.1
19861114,-1.7
19861115,-3.1
19861116,-3.5
19861117,-4.3
19861118,-1.6
19861119,0.2
19861120,-3.6
19861121,-1.5
19861122,2.3
19861123,0.2
19861124,-1.8
19861125,-5.4
19861126,-6.2
19861127,-9.0
19861128,-5.2
19861129,-8.8
19861130,-6.6
19861201,-5.5
19861202,-1.3
19861203,-3.5
19861204,-3.7
19861205,-2.8
19861206,-2.3
19861207,-3.6
19861208,-7.7
19861209,-3.4
19861210,-3.7
19861211,-3.5
19861212,-2.3
19861213,2.0
19861214,-3.7
19861215,-7.9
19861216,-7.6
19861217,-3.6
19861218,-4.7
19861219,-7.0
19861220,-9.2
19861221,-5.4
19861222,-8.7
19861223,-5.6
19861224,-5.1
19861225,-7.6
19861226,-10.0
19861227,-8.6
19861228,-12.6
19861229,-11.9
19861230,-11.9
19861231,-9.4
19870101,-8.5
19870102,-9.3
19870103,-11.2
19870104,-11.5
19870105,-7.3
19870106,-9.2
19870107,-11.5
19870108,-8.9
19870109,-8.0
19870110,-7.8
19870111,-9.2
19870112,-13.4
19870113,-15.5
19870114,-12.9
19870115,-9.8
19870116,-7.2
19870117,-6.7
19870118,-6.4
19870119,-9.3
19870120,-7.9
19870121,-6.3
19870122,-2.6
19870123,-3.9
19870124,-6.2
19870125,-4.4
19870126,-8.6
19870127,-4.2
19870128,-6.3
19870129,-0.5
19870130,-8.5
19870131,-7.9
19870201,-5.2
19870202,-3.6
19870203,-9.4
19870204,-9.9
19870205,-6.3
19870206,-5.3
19870207,-2.4
19870208,-1.5
19870209,0.3
19870210,0.8
19870211,2.5
19870212,-3.0
19870213,-5.8
19870214,-3.3
19870215,-4.8
19870216,-2.7
19870217,-3.1
19870218,-9.3
19870219,-6.5
19870220,-8.7
19870221,-4.8
19870222,-3.5
19870223,-2.5
19870224,-9.0
19870225,-10.8
19870226,-6.8
19870227,-7.5
19870228,1.8
19870301,-0.7
19870302,-3.4
19870303,-1.9
19870304,-0.8
19870305,-1.0
19870306,-2.3
19870307,-4.6
19870308,-1.8
19870309,-3.8
19870310,-1.9
19870311,-1.9
19870312,0.8
19870313,1.3
19870314,-5.0
19870315,-2.1
19870316,-2.3
19870317,1.1
19870318,0.8
19870319,3.3
19870320,-3.0
19870321,-4.0
19870322,0.1
19870323,1.6
19870324,-2.6
19870325,-4.9
19870326,-1.6
19870327,1.9
19870328,2.6
19870329,5.4
19870330,1.2
19870331,-1.8
19870401,3.2
19870402,-0.5
19870403,1.5
19870404,7.8
19870405,8.3
19870406,10.7
19870407,9.5
19870408,11.5
19870409,5.9
19870410,2.3
19870411,4.0
19870412,1.7
19870413,2.7
19870414,5.8
19870415,9.0
19870416,8.2
19870417,11.1
19870418,11.7
19870419,8.9
19870420,10.9
19870421,10.0
19870422,8.6
19870423,11.0
19870424,7.2
19870425,6.9
19870426,5.9
19870427,6.8
19870428,10.6
19870429,14.4
19870430,13.4
19870501,11.7
19870502,10.6
19870503,5.9
19870504,10.1
19870505,8.1
19870506,10.4
19870507,12.6
19870508,15.4
19870509,16.7
19870510,14.4
19870511,14.0
19870512,16.3
19870513,13.2
19870514,9.7
19870515,17.0
19870516,13.0
19870517,8.1
19870518,12.7
19870519,11.0
19870520,15.4
19870521,18.2
19870522,17.9
19870523,13.8
19870524,15.9
19870525,16.6
19870526,16.6
19870527,18.6
19870528,14.4
19870529,16.0
19870530,19.4
19870531,16.1
19870601,17.2
19870602,16.7
19870603,14.2
19870604,19.2
19870605,12.4
19870606,10.5
19870607,11.2
19870608,15.1
19870609,17.4
19870610,20.5
19870611,19.7
19870612,18.6
19870613,19.5
19870614,17.5
19870615,17.6
19870616,19.0
19870617,19.7
19870618,16.2
19870619,17.5
19870620,20.4
19870621,21.1
19870622,20.7
19870623,18.4
19870624,18.8
19870625,20.6
19870626,20.4
19870627,20.8
19870628,19.0
19870629,20.1
19870630,19.4
19870701,19.9
19870702,19.2
19870703,20.1
19870704,22.4
19870705,22.2
19870706,21.0
19870707,22.0
19870708,21.9
19870709,23.1
19870710,20.9
19870711,21.4
19870712,24.3
19870713,19.4
19870714,19.4
19870715,19.2
19870716,19.3
19870717,21.5
19870718,22.6
19870719,23.4
19870720,20.9
19870721,21.8
19870722,19.1
19870723,19.5
19870724,21.5
19870725,24.4
19870726,25.0
19870727,24.9
19870728,24.1
19870729,25.4
19870730,24.7
19870731,26.2
19870801,23.0
19870802,20.1
19870803,19.7
19870804,20.1
19870805,22.2
19870806,20.7
19870807,19.0
19870808,18.9
19870809,19.0
19870810,21.2
19870811,21.2
19870812,23.3
19870813,19.9
19870814,19.0
19870815,18.8
19870816,20.1
19870817,21.4
19870818,21.5
19870819,20.2
19870820,19.6
19870821,19.6
19870822,23.1
19870823,21.9
19870824,20.0
19870825,18.2
19870826,20.6
19870827,19.4
19870828,18.3
19870829,19.4
19870830,17.9
19870831,18.4
19870901,18.9
19870902,19.8
19870903,19.8
19870904,18.7
19870905,18.5
19870906,15.5
19870907,14.2
19870908,14.4
19870909,16.2
19870910,18.5
19870911,19.9
19870912,17.6
19870913,20.1
19870914,19.3
19870915,15.2
19870916,14.7
19870917,14.6
19870918,17.3
19870919,17.6
19870920,20.9
19870921,12.5
19870922,14.8
19870923,18.2
19870924,16.2
19870925,12.8
19870926,8.4
19870927,8.7
19870928,11.6
19870929,11.6
19870930,11.2
19871001,15.7
19871002,11.6
19871003,12.3
19871004,16.5
19871005,15.2
19871006,17.3
19871007,8.3
19871008,12.0
19871009,15.6
19871010,14.4
19871011,16.5
19871012,13.0
19871013,12.2
19871014,12.7
19871015,8.7
19871016,5.9
19871017,8.9
19871018,7.4
19871019,6.2
19871020,1.7
19871021,4.2
19871022,2.8
19871023,2.8
19871024,2.4
19871025,2.3
19871026,3.4
19871027,3.9
19871028,6.5
19871029,9.5
19871030,4.7
19871031,1.1
19871101,0.1
19871102,1.3
19871103,-0.4
19871104,-0.7
19871105,-2.9
19871106,-0.4
19871107,-1.2
19871108,-1.2
19871109,0.6
19871110,5.1
19871111,8.1
19871112,6.0
19871113,0.3
19871114,-1.0
19871115,3.7
19871116,1.7
19871117,-0.9
19871118,4.6
19871119,0.6
19871120,-0.2
19871121,2.3
19871122,3.0
19871123,-0.8
19871124,0.1
19871125,1.5
19871126,-2.5
19871127,-5.2
19871128,-8.4
19871129,-10.6
19871130,-9.4
19871201,-9.2
19871202,-10.5
19871203,-4.7
19871204,-6.1
19871205,-3.4
19871206,-6.7
19871207,-5.8
19871208,-6.3
19871209,-5.3
19871210,-3.6
19871211,-8.4
19871212,-9.1
19871213,-6.7
19871214,-7.1
19871215,-1.8
19871216,-5.4
19871217,-5.5
19871218,-5.1
19871219,-2.5
19871220,-4.9
19871221,-6.3
19871222,1.1
19871223,-3.3
19871224,-1.1
19871225,-2.5
19871226,-2.6
19871227,-3.0
19871228,-0.3
19871229,-2.4
19871230,-8.1
19871231,-7.1
19880101,-4.5
19880102,-4.7
19880103,-4.8
19880104,-5.2
19880105,-7.9
19880106,-8.6
19880107,-8.9
19880108,-5.5
19880109,-8.9
19880110,-9.9
19880111,-10.7
19880112,-9.1
19880113,-7.3
19880114,-3.8
19880115,-2.1
19880116,-6.1
19880117,-6.6
19880118,-7.7
19880119,-5.1
19880120,-6.6
19880121,-1.5
19880122,-7.5
19880123,-13.2
19880124,-10.8
19880125,-9.7
19880126,-9.2
19880127,-6.9
19880128,-6.1
19880129,-8.7
19880130,-6.0
19880131,-9.5
19880201,-9.3
19880202,-10.1
19880203,-12.4
19880204,-6.2
19880205,-5.3
19880206,-9.7
19880207,-5.7
19880208,-7.0
19880209,-4.7
19880210,-7.7
19880211,-4.0
19880212,-3.8
19880213,-4.5
19880214,-7.7
19880215,-7.6
19880216,-10.3
19880217,-6.0
19880218,-6.8
19880219,-8.3
19880220,-4.9
19880221,-4.1
19880222,-2.3
19880223,-3.5
19880224,-4.5
19880225,-3.0
19880226,-0.4
19880227,-1.8
19880228,-4.0
19880229,-4.6
19880301,-3.5
19880302,-6.4
19880303,-6.5
19880304,-3.6
19880305,-3.6
19880306,-7.8
19880307,-4.2
19880308,-4.1
19880309,3.8
19880310,-1.7
19880311,4.1
19880312,1.1
19880313,4.3
19880314,5.5
19880315,-1.7
19880316,-3.5
19880317,-0.8
19880318,3.0
19880319,-1.9
19880320,-2.2
19880321,0.3
19880322,-1.3
19880323,-2.4
19880324,0.1
19880325,-2.2
19880326,-0.2
19880327,3.3
19880328,4.6
19880329,2.1
19880330,1.8
19880331,6.1
19880401,7.1
19880402,4.5
19880403,3.5
19880404,0.0
19880405,4.6
19880406,4.0
19880407,3.7
19880408,3.5
19880409,5.2
19880410,10.3
19880411,12.1
19880412,10.2
19880413,13.4
19880414,8.6
19880415,9.4
19880416,11.9
19880417,9.7
19880418,7.5
19880419,6.1
19880420,10.9
19880421,7.1
19880422,7.1
19880423,8.7
19880424,7.2
19880425,11.2
19880426,14.0
19880427,13.5
19880428,16.4
19880429,16.2
19880430,13.3
19880501,12.5
19880502,12.0
19880503,8.5
19880504,13.7
19880505,16.0
19880506,13.1
19880507,12.7
19880508,11.3
19880509,13.6
19880510,13.5
19880511,16.2
19880512,13.0
19880513,14.1
19880514,13.0
19880515,16.0
19880516,21.6
19880517,16.4
19880518,21.0
19880519,17.0
19880520,13.9
19880521,13.8
19880522,10.7
19880523,15.6
19880524,13.9
19880525,14.3
19880526,14.3
19880527,13.1
19880528,15.6
19880529,15.5
19880530,15.0
19880531,14.8
19880601,16.1
19880602,15.4
19880603,16.5
19880604,17.9
19880605,20.7
19880606,17.4
19880607,17.9
19880608,16.5
19880609,21.8
19880610,20.9
19880611,19.9
19880612,18.9
19880613,22.0
19880614,22.8
19880615,20.2
19880616,17.4
19880617,17.4
19880618,20.3
19880619,18.5
19880620,16.2
19880621,19.7
19880622,21.6
19880623,19.2
19880624,20.5
19880625,22.1
19880626,22.3
19880627,22.7
19880628,22.1
19880629,23.0
19880630,23.4
19880701,19.5
19880702,19.1
19880703,19.3
19880704,23.4
19880705,18.5
19880706,18.3
19880707,20.7
19880708,19.8
19880709,19.1
19880710,24.4
19880711,22.3
19880712,21.8
19880713,21.3
19880714,23.4
19880715,23.1
19880716,23.4
19880717,24.4
19880718,24.3
19880719,25.4
19880720,26.3
19880721,21.4
19880722,21.8
19880723,21.5
19880724,23.1
19880725,21.1
19880726,22.5
19880727,23.1
19880728,23.1
19880729,22.2
19880730,23.7
19880731,23.6
19880801,23.8
19880802,22.9
19880803,24.9
19880804,24.3
19880805,23.7
19880806,23.4
19880807,23.6
19880808,23.8
19880809,24.2
19880810,25.5
19880811,24.5
19880812,25.0
19880813,20.6
19880814,19.6
19880815,19.5
19880816,19.2
19880817,19.3
19880818,21.5
19880819,22.2
19880820,20.6
19880821,18.5
19880822,18.2
19880823,20.1
19880824,15.7
19880825,18.5
19880826,19.7
19880827,17.5
19880828,17.0
19880829,17.9
19880830,19.9
19880831,21.6
19880901,19.6
19880902,20.9
19880903,17.9
19880904,16.1
19880905,17.0
19880906,18.8
19880907,19.4
19880908,16.8
19880909,18.7
19880910,17.2
19880911,15.2
19880912,15.5
19880913,17.3
19880914,18.3
19880915,16.9
19880916,17.4
19880917,18.5
19880918,17.4
19880919,15.3
19880920,11.4
19880921,12.8
19880922,13.6
19880923,16.5
19880924,15.6
19880925,16.3
19880926,13.1
19880927,16.0
19880928,16.2
19880929,16.0
19880930,15.9
19881001,14.5
19881002,13.3
19881003,13.9
19881004,11.7
19881005,7.0
19881006,7.6
19881007,8.8
19881008,11.8
19881009,10.0
19881010,15.3
19881011,14.6
19881012,8.2
19881013,2.8
19881014,5.4
19881015,5.5
19881016,8.3
19881017,7.6
19881018,5.6
19881019,10.8
19881020,10.9
19881021,7.5
19881022,6.4
19881023,10.4
19881024,5.8
19881025,6.9
19881026,13.2
19881027,9.4
19881028,4.0
19881029,2.9
19881030,4.2
19881031,4.7
19881101,6.2
19881102,5.0
19881103,4.8
19881104,4.3
19881105,3.3
19881106,2.8
19881107,3.0
19881108,3.1
19881109,1.9
19881110,4.0
19881111,4.1
19881112,5.2
19881113,5.7
19881114,1.5
19881115,2.8
19881116,0.0
19881117,-2.1
19881118,-0.3
19881119,0.7
19881120,0.2
19881121,-0.1
19881122,1.8
19881123,-1.3
19881124,-4.0
19881125,-1.6
19881126,-1.2
19881127,2.5
19881128,-1.7
19881129,-3.1
19881130,-2.4
19881201,0.2
19881202,-2.7
19881203,-1.0
19881204,-1.0
19881205,-6.1
19881206,-3.9
19881207,-2.4
19881208,0.3
19881209,-5.5
19881210,-3.3
19881211,-2.5
19881212,-3.0
19881213,-4.7
19881214,-7.6
19881215,-8.4
19881216,-8.9
19881217,-9.2
19881218,-6.0
19881219,-7.6
19881220,-1.3
19881221,-2.7
19881222,-3.2
19881223,-2.9
19881224,-3.9
19881225,-5.9
19881226,-6.6
19881227,-4.4
19881228,-5.2
19881229,-4.8
19881230,-5.6
19881231,-6.2
19890101,-8.4
19890102,-8.1
19890103,-6.5
19890104,-7.6
19890105,-3.8
19890106,-1.8
19890107,-8.3
19890108,-2.4
19890109,-2.7
19890110,-0.7
19890111,-3.6
19890112,-7.4
19890113,-9.4
19890114,-8.0
19890115,-10.4
19890116,-8.1
19890117,-7.6
19890118,-8.3
19890119,-7.9
19890120,-5.1
19890121,-5.4
19890122,-3.1
19890123,-4.9
19890124,-5.7
19890125,-5.8
19890126,-6.4
19890127,-7.8
19890128,-11.0
19890129,-8.6
19890130,-7.0
19890131,-1.2
19890201,-2.1
19890202,-5.6
19890203,-7.3
19890204,-4.5
19890205,-6.6
19890206,-5.7
19890207,-1.2
19890208,-1.8
19890209,-1.9
19890210,-5.6
19890211,-2.2
19890212,1.8
19890213,-4.3
19890214,-2.5
19890215,-2.8
19890216,1.3
19890217,0.2
19890218,-3.7
19890219,-2.9
19890220,-1.9
19890221,-6.0
19890222,-7.4
19890223,-4.5
19890224,-2.6
19890225,-2.4
19890226,-1.9
19890227,-0.5
19890228,-2.1
19890301,-1.6
19890302,1.6
19890303,2.2
19890304,-2.4
19890305,-1.0
19890306,-3.2
19890307,-3.3
19890308,-5.1
19890309,-0.7
19890310,2.4
19890311,2.6
19890312,5.7
19890313,6.5
19890314,7.4
19890315,1.8
19890316,1.9
19890317,1.0
19890318,4.0
19890319,3.2
19890320,2.1
19890321,-0.5
19890322,4.4
19890323,6.5
19890324,4.0
19890325,0.5
19890326,6.6
19890327,6.3
19890328,1.7
19890329,3.7
19890330,11.4
19890331,10.6
19890401,5.9
19890402,6.2
19890403,11.1
19890404,5.5
19890405,10.2
19890406,6.5
19890407,9.8
19890408,7.1
19890409,11.7
19890410,4.7
19890411,6.5
19890412,7.4
19890413,10.1
19890414,10.1
19890415,8.8
19890416,4.9
19890417,8.6
19890418,13.0
19890419,12.6
19890420,15.7
19890421,13.8
19890422,11.7
19890423,9.4
19890424,10.1
19890425,12.4
19890426,12.4
19890427,10.7
19890428,11.0
19890429,10.0
19890430,10.9
19890501,12.6
19890502,13.2
19890503,14.2
19890504,14.7
19890505,16.1
19890506,14.5
19890507,17.6
19890508,14.0
19890509,12.7
19890510,14.5
19890511,12.7
19890512,11.5
19890513,11.2
19890514,13.4
19890515,12.4
19890516,14.0
19890517,15.7
19890518,17.0
19890519,15.5
19890520,13.0
19890521,13.3
19890522,15.3
19890523,12.1
19890524,10.4
19890525,12.1
19890526,16.4
19890527,19.8
19890528,19.9
19890529,19.5
19890530,18.3
19890531,19.7
19890601,17.4
19890602,16.9
19890603,19.7
19890604,21.8
19890605,19.4
19890606,18.3
19890607,17.7
19890608,16.3
19890609,18.5
19890610,19.6
19890611,18.1
19890612,19.7
19890613,17.5
19890614,16.3
19890615,20.4
19890616,17.3
19890617,17.6
19890618,19.7
19890619,19.3
19890620,23.1
19890621,21.8
19890622,20.6
19890623,21.8
19890624,22.7
19890625,22.2
19890626,21.9
19890627,21.2
19890628,20.9
19890629,18.6
19890630,17.6
19890701,18.7
19890702,19.5
19890703,20.6
19890704,19.2
19890705,21.0
19890706,21.2
19890707,21.2
19890708,21.5
19890709,20.6
19890710,23.4
19890711,18.0
19890712,23.6
19890713,22.5
19890714,20.1
19890715,22.9
19890716,24.5
19890717,21.6
19890718,20.3
19890719,23.8
19890720,23.5
19890721,24.9
19890722,24.6
19890723,24.6
19890724,24.4
19890725,21.2
19890726,21.6
19890727,16.6
19890728,19.4
19890729,21.6
19890730,22.2
19890731,22.7
19890801,22.7
19890802,23.7
19890803,23.7
19890804,22.0
19890805,23.4
19890806,24.1
19890807,22.3
19890808,18.4
19890809,20.3
19890810,20.6
19890811,22.1
19890812,23.5
19890813,21.4
19890814,21.7
19890815,22.6
19890816,20.3
19890817,16.8
19890818,18.4
19890819,17.5
19890820,17.6
19890821,14.3
19890822,14.7
19890823,17.3
19890824,18.5
19890825,20.3
19890826,21.6
19890827,22.4
19890828,23.1
19890829,20.5
19890830,20.7
19890831,22.6
19890901,18.6
19890902,18.3
19890903,17.8
19890904,19.3
19890905,17.2
19890906,16.1
19890907,17.8
19890908,18.4
19890909,19.4
19890910,20.2
19890911,15.9
19890912,15.5
19890913,17.1
19890914,17.4
19890915,18.3
19890916,16.1
19890917,14.2
19890918,14.3
19890919,8.3
19890920,10.7
19890921,9.1
19890922,12.6
19890923,15.8
19890924,11.7
19890925,10.0
19890926,11.6
19890927,11.1
19890928,11.7
19890929,10.9
19890930,12.3
19891001,11.9
19891002,13.6
19891003,15.5
19891004,13.2
19891005,7.8
19891006,6.6
19891007,5.0
19891008,4.5
19891009,6.7
19891010,12.5
19891011,9.0
19891012,8.1
19891013,9.0
19891014,11.1
19891015,11.7
19891016,4.9
19891017,2.6
19891018,4.8
19891019,5.3
19891020,4.8
19891021,5.4
19891022,8.0
19891023,11.3
19891024,10.7
19891025,8.6
19891026,4.6
19891027,8.1
19891028,4.7
19891029,5.5
19891030,8.3
19891031,8.5
19891101,3.7
19891102,4.5
19891103,5.5
19891104,11.2
19891105,9.1
19891106,4.4
19891107,6.4
19891108,5.8
19891109,1.4
19891110,-1.8
19891111,-0.4
19891112,-0.4
19891113,-4.1
19891114,-6.5
19891115,-4.0
19891116,-4.5
19891117,-1.0
19891118,-5.9
19891119,-7.1
19891120,-5.3
19891121,-1.8
19891122,-1.8
19891123,2.4
19891124,-0.2
19891125,-2.1
19891126,1.5
19891127,-1.1
19891128,-3.1
19891129,-4.0
19891130,-0.6
19891201,-4.0
19891202,-2.2
19891203,-1.0
19891204,3.3
19891205,-1.5
19891206,-2.1
19891207,-3.5
19891208,-4.3
19891209,-4.7
19891210,-3.4
19891211,2.0
19891212,-4.7
19891213,-4.8
19891214,-3.8
19891215,-3.7
19891216,-3.5
19891217,-5.1
19891218,-4.4
19891219,-5.6
19891220,-4.6
19891221,-3.6
19891222,-4.1
19891223,-7.6
19891224,-6.2
19891225,-4.8
19891226,-8.6
19891227,-9.2
19891228,-9.3
19891229,-7.5
19891230,-9.6
19891231,-7.2
19900101,-5.8
19900102,-9.3
19900103,-10.7
19900104,-9.4
19900105,-7.6
19900106,-8.1
19900107,-7.7
19900108,-6.8
19900109,-4.0
19900110,-5.9
19900111,-6.6
19900112,-7.3
19900113,-11.8
19900114,-8.3
19900115,-8.0
19900116,-10.1
19900117,-5.1
19900118,-7.3
19900119,-9.7
19900120,-13.4
19900121,-9.0
19900122,-10.9
19900123,-10.4
19900124,-12.3
19900125,-14.1
19900126,-12.8
19900127,-10.1
19900128,-7.5
19900129,-9.3
19900130,-10.8
19900131,-14.8
19900201,-13.8
19900202,-11.5
19900203,-6.6
19900204,-11.4
19900205,-9.6
19900206,-8.3
19900207,-5.4
19900208,-4.0
19900209,-2.0
19900210,-1.0
19900211,-2.9
19900212,-5.3
19900213,-2.3
19900214,-1.5
19900215,-0.9
19900216,-1.5
19900217,0.0
19900218,0.2
19900219,0.0
19900220,0.2
19900221,0.0
19900222,1.7
19900223,-3.2
19900224,-5.4
19900225,-6.6
19900226,-5.6
19900227,-3.4
19900228,-3.5
19900301,-3.2
19900302,0.2
19900303,-0.4
19900304,2.5
19900305,-0.5
19900306,1.7
19900307,1.9
19900308,0.0
19900309,0.0
19900310,4.0
19900311,5.3
19900312,0.3
19900313,3.5
19900314,3.4
19900315,2.0
19900316,1.5
19900317,4.5
19900318,2.6
19900319,6.1
19900320,3.2
19900321,0.3
19900322,3.8
19900323,4.9
19900324,6.6
19900325,4.7
19900326,3.8
19900327,1.8
19900328,2.5
19900329,5.9
19900330,5.9
19900331,6.4
19900401,10.1
19900402,5.0
19900403,2.4
19900404,2.4
19900405,2.8
19900406,7.6
19900407,7.7
19900408,7.8
19900409,7.9
19900410,10.4
19900411,12.1
19900412,10.0
19900413,8.1
19900414,6.6
19900415,5.4
19900416,6.8
19900417,6.9
19900418,8.1
19900419,9.6
19900420,5.9
19900421,12.1
19900422,11.2
19900423,4.9
19900424,7.1
19900425,12.9
19900426,6.8
19900427,10.7
19900428,8.9
19900429,12.0
19900430,9.9
19900501,10.9
19900502,11.7
19900503,10.3
19900504,7.6
19900505,11.2
19900506,14.2
19900507,13.2
19900508,13.9
19900509,20.4
19900510,18.6
19900511,12.4
19900512,16.5
19900513,12.8
19900514,15.0
19900515,14.4
19900516,18.7
19900517,14.0
19900518,11.5
19900519,17.0
19900520,15.0
19900521,14.1
19900522,11.6
19900523,15.1
19900524,12.9
19900525,14.4
19900526,13.7
19900527,15.6
19900528,19.1
19900529,19.7
19900530,13.3
19900531,13.5
19900601,13.3
19900602,16.5
19900603,17.2
19900604,22.5
19900605,16.9
19900606,19.5
19900607,17.0
19900608,15.5
19900609,15.0
19900610,14.4
19900611,19.4
19900612,17.7
19900613,22.1
19900614,19.2
19900615,19.1
19900616,20.1
19900617,22.4
19900618,21.9
19900619,21.2
19900620,22.4
19900621,19.4
19900622,19.5
19900623,17.5
19900624,21.0
19900625,23.6
19900626,21.6
19900627,23.1
19900628,19.4
19900629,20.6
19900630,22.4
19900701,20.8
19900702,20.6
19900703,20.4
19900704,20.1
19900705,20.1
19900706,21.9
19900707,18.7
19900708,19.6
19900709,22.2
19900710,22.4
19900711,23.2
19900712,24.4
19900713,24.4
19900714,22.2
19900715,21.1
19900716,19.5
19900717,22.6
19900718,19.9
19900719,21.7
19900720,21.8
19900721,22.6
19900722,24.7
19900723,23.9
19900724,25.9
19900725,23.5
19900726,20.9
19900727,19.8
19900728,22.4
19900729,23.9
19900730,23.7
19900731,23.9
19900801,21.4
19900802,21.0
19900803,20.8
19900804,23.2
19900805,24.2
19900806,26.3
19900807,23.5
19900808,22.1
19900809,20.5
19900810,17.1
19900811,22.2
19900812,22.1
19900813,21.9
19900814,20.9
19900815,22.7
19900816,22.2
19900817,21.5
19900818,23.0
19900819,21.0
19900820,19.9
19900821,19.1
19900822,17.7
19900823,18.9
19900824,22.2
19900825,22.4
19900826,23.5
19900827,19.5
19900828,19.3
19900829,21.1
19900830,20.1
19900831,17.7
19900901,18.4
19900902,20.7
19900903,18.7
19900904,17.9
19900905,19.6
19900906,20.1
19900907,21.1
19900908,17.9
19900909,17.5
19900910,16.6
19900911,16.5
19900912,17.0
19900913,18.0
19900914,15.6
19900915,13.0
19900916,16.5
19900917,12.9
19900918,8.1
19900919,13.7
19900920,15.9
19900921,15.8
19900922,17.4
19900923,13.0
19900924,14.2
19900925,14.7
19900926,15.5
19900927,13.5
19900928,11.6
19900929,14.0
19900930,12.6
19901001,8.1
19901002,8.2
19901003,12.3
19901004,13.3
19901005,13.0
19901006,10.9
19901007,8.2
19901008,9.6
19901009,8.4
19901010,9.1
19901011,11.1
19901012,10.1
19901013,11.4
19901014,10.6
19901015,11.4
19901016,11.4
19901017,11.8
19901018,8.2
19901019,8.8
19901020,9.6
19901021,9.9
19901022,14.5
19901023,9.8
19901024,9.9
19901025,3.7
19901026,4.9
19901027,4.8
19901028,5.6
19901029,7.0
19901030,7.6
19901031,7.6
19901101,9.8
19901102,7.2
19901103,3.0
19901104,8.4
19901105,3.2
19901106,2.5
19901107,4.6
19901108,3.0
19901109,-3.5
19901110,-3.0
19901111,-1.8
19901112,0.9
19901113,1.8
19901114,2.6
19901115,5.8
19901116,4.5
19901117,7.1
19901118,2.7
19901119,3.2
19901120,-3.5
19901121,-6.7
19901122,-3.0
19901123,-2.0
19901124,2.2
19901125,3.0
19901126,2.4
19901127,-0.7
19901128,-1.6
19901129,2.7
19901130,-5.9
19901201,-6.8
19901202,-4.3
19901203,-6.9
19901204,-6.0
19901205,-5.1
19901206,-3.9
19901207,-0.8
19901208,-1.1
19901209,-2.3
19901210,-6.4
19901211,-9.6
19901212,-9.9
19901213,-5.5
19901214,-3.2
19901215,-8.2
19901216,-5.3
19901217,-3.5
19901218,-2.4
19901219,-6.1
19901220,-7.3
19901221,-2.5
19901222,-1.4
19901223,-6.0
19901224,-6.2
19901225,-5.6
19901226,-9.3
19901227,-9.6
19901228,-6.7
19901229,-9.8
19901230,-5.6
19901231,-1.4
19910101,-4.1
19910102,-6.9
19910103,-10.4
19910104,-9.1
19910105,-9.1
19910106,-9.8
19910107,-8.6
19910108,-10.7
19910109,-9.4
19910110,-5.8
19910111,-7.6
19910112,-6.6
19910113,-10.6
19910114,-8.3
19910115,-4.7
19910116,-5.4
19910117,-6.1
19910118,-5.5
19910119,-7.3
19910120,-4.2
19910121,-3.5
19910122,-5.6
19910123,-3.6
19910124,-7.0
19910125,-7.2
19910126,-3.9
19910127,-7.3
19910128,-1.8
19910129,-2.4
19910130,-5.4
19910131,-5.9
19910201,-3.9
19910202,-6.8
19910203,-5.8
19910204,-6.9
19910205,-5.2
19910206,-4.4
19910207,-6.8
19910208,-3.7
19910209,-3.4
19910210,-3.5
19910211,-5.6
19910212,-5.6
19910213,-3.0
19910214,0.0
19910215,-3.2
19910216,-1.8
19910217,-2.2
19910218,-4.5
19910219,-7.9
19910220,-1.5
19910221,-3.4
19910222,-12.6
19910223,-12.1
19910224,-9.5
19910225,-7.7
19910226,-5.1
19910227,1.1
19910228,-3.5
19910301,-4.8
19910302,1.4
19910303,-3.3
19910304,-1.6
19910305,4.6
19910306,3.7
19910307,-0.4
19910308,-1.5
19910309,-2.5
19910310,-0.5
19910311,-1.8
19910312,-2.0
19910313,-3.6
19910314,-4.2
19910315,-1.5
19910316,-3.3
19910317,-0.6
19910318,2.7
19910319,6.9
19910320,5.0
19910321,0.9
19910322,-1.5
19910323,4.7
19910324,2.3
19910325,3.6
19910326,0.0
19910327,-0.5
19910328,-1.4
19910329,-2.3
19910330,-1.1
19910331,-1.2
19910401,-2.0
19910402,1.5
19910403,7.0
19910404,5.8
19910405,8.6
19910406,8.7
19910407,7.1
19910408,3.8
19910409,9.6
19910410,12.0
19910411,9.7
19910412,8.5
19910413,5.4
19910414,8.2
19910415,12.4
19910416,8.3
19910417,9.0
19910418,6.6
19910419,7.6
19910420,8.3
19910421,8.5
19910422,9.6
19910423,12.6
19910424,7.3
19910425,8.4
19910426,6.4
19910427,10.7
19910428,12.1
19910429,8.1
19910430,12.2
19910501,6.9
19910502,4.9
19910503,8.3
19910504,12.0
19910505,12.3
19910506,11.6
19910507,11.1
19910508,11.9
19910509,12.1
19910510,11.5
19910511,14.7
19910512,14.4
19910513,14.4
19910514,15.1
19910515,12.4
19910516,18.3
19910517,13.7
19910518,16.9
19910519,17.4
19910520,17.1
19910521,20.4
19910522,20.3
19910523,14.4
19910524,14.2
19910525,11.6
19910526,10.5
19910527,14.5
19910528,14.8
19910529,16.7
19910530,17.3
19910531,19.5
19910601,18.5
19910602,19.1
19910603,18.7
19910604,18.0
19910605,21.5
19910606,17.8
19910607,19.6
19910608,17.2
19910609,18.1
19910610,21.4
19910611,21.2
19910612,18.3
19910613,20.1
19910614,21.3
19910615,20.3
19910616,19.0
19910617,15.9
19910618,18.9
19910619,19.1
19910620,19.8
19910621,21.1
19910622,20.5
19910623,21.5
19910624,19.6
19910625,14.0
19910626,16.8
19910627,19.9
19910628,20.5
19910629,16.9
19910630,20.9
19910701,17.2
19910702,20.9
19910703,21.3
19910704,21.9
19910705,23.1
19910706,20.7
19910707,21.5
19910708,18.8
19910709,19.3
19910710,17.7
19910711,21.9
19910712,22.1
19910713,22.1
19910714,24.1
19910715,24.3
19910716,25.8
19910717,23.8
19910718,20.4
19910719,20.3
19910720,24.1
19910721,24.3
19910722,22.3
19910723,21.5
19910724,24.6
19910725,22.8
19910726,25.9
19910727,22.3
19910728,18.2
19910729,18.1
19910730,20.1
19910731,20.1
19910801,20.8
19910802,22.4
19910803,22.7
19910804,23.0
19910805,23.9
19910806,24.3
19910807,24.3
19910808,23.4
19910809,23.0
19910810,21.1
19910811,21.4
19910812,24.3
19910813,23.8
19910814,24.6
19910815,22.1
19910816,24.1
19910817,24.3
19910818,24.0
19910819,20.6
19910820,25.1
19910821,25.1
19910822,25.2
19910823,24.9
19910824,24.0
19910825,24.6
19910826,23.8
19910827,18.6
19910828,20.3
19910829,19.2
19910830,18.6
19910831,19.2
19910901,20.6
19910902,21.2
19910903,22.4
19910904,21.9
19910905,17.1
19910906,16.2
19910907,19.6
19910908,16.3
19910909,18.6
19910910,18.1
19910911,15.9
19910912,13.2
19910913,13.7
19910914,16.0
19910915,14.1
19910916,14.1
19910917,15.1
19910918,13.4
19910919,13.3
19910920,15.1
19910921,13.2
19910922,13.5
19910923,14.8
19910924,14.7
19910925,18.5
19910926,17.1
19910927,13.5
19910928,10.4
19910929,12.0
19910930,15.3
19911001,15.4
19911002,13.2
19911003,12.7
19911004,8.9
19911005,9.4
19911006,11.4
19911007,9.4
19911008,9.7
19911009,12.3
19911010,12.7
19911011,12.9
19911012,12.3
19911013,13.2
19911014,10.2
19911015,10.2
19911016,10.4
19911017,5.6
19911018,5.8
19911019,3.0
19911020,1.4
19911021,4.7
19911022,4.6
19911023,6.6
19911024,9.1
19911025,9.6
19911026,5.2
19911027,3.2
19911028,3.0
19911029,3.3
19911030,7.2
19911031,0.9
19911101,2.9
19911102,6.1
19911103,1.3
19911104,1.1
19911105,6.0
19911106,5.5
19911107,-0.2
19911108,0.6
19911109,0.1
19911110,-0.3
19911111,-1.6
19911112,-1.1
19911113,1.2
19911114,-0.7
19911115,-1.9
19911116,-0.1
19911117,-0.9
19911118,-0.4
19911119,2.7
19911120,-2.5
19911121,-1.9
19911122,-1.0
19911123,1.1
19911124,-3.1
19911125,-4.1
19911126,-3.3
19911127,-4.4
19911128,-2.8
19911129,-2.5
19911130,-2.7
19911201,-3.7
19911202,-2.8
19911203,-4.7
19911204,-3.6
19911205,-3.4
19911206,0.4
19911207,-5.0
19911208,-5.9
19911209,-3.7
19911210,-2.8
19911211,-7.0
19911212,-8.7
19911213,-7.4
19911214,-5.1
19911215,-2.8
19911216,-2.2
19911217,-3.5
19911218,-5.4
19911219,-7.3
19911220,-5.8
19911221,-6.8
19911222,-3.0
19911223,-5.0
19911224,-8.1
19911225,-5.8
19911226,-7.2
19911227,-10.5
19911228,-9.3
19911229,-6.7
19911230,-8.5
19911231,-5.3
19920101,-6.3
19920102,-6.0
19920103,-8.6
19920104,-8.4
19920105,-3.5
19920106,-3.6
19920107,-8.7
19920108,-7.3
19920109,-2.9
19920110,-7.8
19920111,-3.9
19920112,-4.7
19920113,-4.2
19920114,-7.9
19920115,-7.3
19920116,-4.8
19920117,-3.7
19920118,-8.7
19920119,-6.9
19920120,-6.7
19920121,-4.4
19920122,-5.0
19920123,-6.7
19920124,-5.2
19920125,-5.3
19920126,-5.0
19920127,-3.8
19920128,-4.2
19920129,-0.4
19920130,-4.4
19920131,-7.6
19920201,-7.4
19920202,-2.8
19920203,-3.5
19920204,-6.5
19920205,-5.0
19920206,-4.7
19920207,-5.0
19920208,-4.8
19920209,-7.4
19920210,-3.9
19920211,-6.4
19920212,-4.7
19920213,-7.3
19920214,-5.7
19920215,0.0
19920216,-7.0
19920217,-3.3
19920218,-4.3
19920219,-4.8
19920220,-4.3
19920221,-5.0
19920222,-2.5
19920223,-3.6
19920224,-4.3
19920225,-0.4
19920226,0.1
19920227,4.1
19920228,3.6
19920229,2.0
19920301,0.4
19920302,1.3
19920303,0.3
19920304,-2.0
19920305,-0.4
19920306,-1.1
19920307,-1.7
19920308,3.0
19920309,4.1
19920310,-0.6
19920311,1.6
19920312,0.4
19920313,2.3
19920314,4.4
19920315,5.9
19920316,-0.9
19920317,-2.6
19920318,-0.9
19920319,0.6
19920320,-0.2
19920321,-2.7
19920322,1.1
19920323,1.2
19920324,0.6
19920325,4.2
19920326,3.4
19920327,7.2
19920328,6.8
19920329,4.3
19920330,5.3
19920331,11.2
19920401,4.9
19920402,9.2
19920403,10.4
19920404,10.4
19920405,10.1
19920406,4.2
19920407,5.9
19920408,6.5
19920409,7.8
19920410,8.8
19920411,5.4
19920412,2.3
19920413,5.6
19920414,5.5
19920415,3.8
19920416,6.3
19920417,11.9
19920418,10.6
19920419,8.7
19920420,12.5
19920421,12.9
19920422,8.9
19920423,16.8
19920424,12.5
19920425,9.3
19920426,12.7
19920427,16.4
19920428,12.9
19920429,11.3
19920430,9.5
19920501,12.4
19920502,10.5
19920503,14.9
19920504,16.2
19920505,13.3
19920506,12.6
19920507,12.7
19920508,12.2
19920509,12.0
19920510,11.2
19920511,10.7
19920512,14.2
19920513,9.7
19920514,14.2
19920515,12.2
19920516,10.4
19920517,13.2
19920518,13.2
19920519,14.4
19920520,16.1
19920521,15.1
19920522,17.4
19920523,14.7
19920524,14.9
19920525,14.0
19920526,14.9
19920527,17.1
19920528,18.8
19920529,22.6
19920530,19.0
19920531,21.8
19920601,22.9
19920602,21.4
19920603,18.5
19920604,18.0
19920605,11.4
19920606,11.9
19920607,14.3
19920608,15.5
19920609,15.8
19920610,15.2
19920611,18.4
19920612,18.1
19920613,19.5
19920614,21.5
19920615,20.9
19920616,19.6
19920617,18.7
19920618,19.8
19920619,20.3
19920620,21.0
19920621,14.0
19920622,15.8
19920623,17.0
19920624,17.3
19920625,19.1
19920626,18.7
19920627,20.1
19920628,20.3
19920629,18.9
19920630,17.8
19920701,18.6
19920702,20.9
19920703,20.5
19920704,22.2
19920705,24.3
19920706,23.3
19920707,25.4
19920708,22.5
19920709,22.3
19920710,19.8
19920711,20.7
19920712,22.4
19920713,21.1
19920714,21.3
19920715,22.1
19920716,23.1
19920717,19.1
19920718,23.6
19920719,23.9
19920720,22.1
19920721,21.1
19920722,23.0
19920723,22.6
19920724,21.8
19920725,25.2
19920726,24.0
19920727,25.4
19920728,20.9
19920729,21.5
19920730,19.5
19920731,21.3
19920801,21.2
19920802,23.6
19920803,22.4
19920804,23.5
19920805,24.8
19920806,22.0
19920807,18.9
19920808,22.6
19920809,21.8
19920810,24.3
19920811,23.2
19920812,24.1
19920813,19.0
19920814,18.4
19920815,17.3
19920816,18.9
19920817,19.1
19920818,19.2
19920819,19.3
19920820,20.3
19920821,19.1
19920822,18.7
19920823,18.7
19920824,19.6
19920825,18.1
19920826,21.6
19920827,20.7
19920828,20.0
19920829,21.4
19920830,19.8
19920831,20.2
19920901,21.9
19920902,19.9
19920903,20.8
19920904,18.0
19920905,19.5
19920906,18.0
19920907,13.7
19920908,16.1
19920909,15.9
19920910,16.5
19920911,18.3
19920912,15.2
19920913,14.2
19920914,15.8
19920915,19.9
19920916,12.5
19920917,12.1
19920918,14.2
19920919,17.1
19920920,14.4
19920921,14.4
19920922,16.4
19920923,17.4
19920924,17.4
19920925,12.1
19920926,11.1
19920927,11.4
19920928,13.9
19920929,9.9
19920930,13.0
19921001,13.9
19921002,12.0
19921003,9.0
19921004,9.7
19921005,4.9
19921006,8.1
19921007,5.8
19921008,7.3
19921009,10.0
19921010,11.0
19921011,9.1
19921012,6.0
19921013,10.2
19921014,8.5
19921015,9.5
19921016,4.7
19921017,5.1
19921018,5.6
19921019,6.3
19921020,7.2
19921021,9.2
19921022,5.1
19921023,3.2
19921024,5.2
19921025,5.4
19921026,3.7
19921027,2.4
19921028,5.6
19921029,8.9
19921030,3.9
19921031,5.0
19921101,0.3
19921102,2.8
19921103,2.1
19921104,2.4
19921105,2.4
19921106,3.8
19921107,-0.4
19921108,-1.4
19921109,-2.8
19921110,-2.2
19921111,-1.1
19921112,1.8
19921113,-1.3
19921114,1.9
19921115,-2.0
19921116,-3.9
19921117,-3.0
19921118,0.3
19921119,-0.1
19921120,-4.0
19921121,-4.8
19921122,1.0
19921123,-0.9
19921124,-0.3
19921125,-2.6
19921126,-7.6
19921127,-6.0
19921128,-5.5
19921129,-3.6
19921130,-3.0
19921201,1.3
19921202,-2.8
19921203,-4.1
19921204,-1.4
19921205,0.9
19921206,0.2
19921207,-1.3
19921208,-3.7
19921209,-3.3
19921210,-5.7
19921211,-4.8
19921212,-4.3
19921213,-3.0
19921214,-4.1
19921215,-5.0
19921216,-6.6
19921217,-5.5
19921218,-4.0
19921219,-5.2
19921220,-3.5
19921221,-7.9
19921222,-5.2
19921223,-4.8
19921224,-6.4
19921225,-3.0
19921226,-6.0
19921227,-3.3
19921228,-4.5
19921229,-5.8
19921230,-2.6
19921231,-6.2
19930101,-5.6
19930102,-5.9
19930103,-3.6
19930104,-8.9
19930105,-8.6
19930106,-6.2
19930107,-5.7
19930108,-4.3
19930109,-6.5
19930110,-8.9
19930111,-10.6
19930112,-9.6
19930113,-6.0
19930114,-8.2
19930115,-10.8
19930116,-13.0
19930117,-11.1
19930118,-10.9
19930119,-8.9
19930120,-8.6
19930121,-10.7
19930122,-9.6
19930123,-5.8
19930124,-9.5
19930125,-8.6
19930126,-6.4
19930127,-9.4
19930128,-9.4
19930129,-7.4
19930130,-6.1
19930131,-0.1
19930201,-5.3
19930202,-5.6
19930203,-5.3
19930204,-3.5
19930205,-4.3
19930206,-0.4
19930207,-5.2
19930208,-3.6
19930209,-4.5
19930210,-1.9
19930211,-1.4
19930212,-1.4
19930213,-2.7
19930214,-2.5
19930215,-1.1
19930216,-0.6
19930217,-1.6
19930218,0.1
19930219,-1.0
19930220,0.1
19930221,-2.2
19930222,-6.8
19930223,-4.3
19930224,-4.0
19930225,-4.4
19930226,-1.7
19930227,0.5
19930228,-3.3
19930301,-6.1
19930302,-4.6
19930303,0.7
19930304,-0.7
19930305,3.8
19930306,-0.7
19930307,0.0
19930308,-2.0
19930309,0.0
19930310,1.4
19930311,3.7
19930312,0.3
19930313,1.4
19930314,6.1
19930315,3.8
19930316,3.7
19930317,-1.6
19930318,-0.4
19930319,0.5
19930320,1.5
19930321,3.9
19930322,3.0
19930323,3.6
19930324,6.6
19930325,7.3
19930326,3.5
19930327,8.7
19930328,5.8
19930329,4.9
19930330,7.1
19930331,10.7
19930401,8.0
19930402,11.0
19930403,4.5
19930404,3.5
19930405,4.4
19930406,7.1
19930407,0.6
19930408,0.2
19930409,3.0
19930410,2.0
19930411,1.2
19930412,4.2
19930413,6.1
19930414,7.8
19930415,9.8
19930416,8.4
19930417,9.8
19930418,12.3
19930419,14.2
19930420,15.3
19930421,15.1
19930422,12.0
19930423,12.3
19930424,8.2
19930425,6.8
19930426,14.5
19930427,13.0
19930428,11.4
19930429,11.2
19930430,11.7
19930501,10.6
19930502,11.7
19930503,13.6
19930504,16.7
19930505,12.5
19930506,12.2
19930507,11.6
19930508,16.0
19930509,12.3
19930510,15.4
19930511,17.1
19930512,15.1
19930513,15.4
19930514,9.7
19930515,13.6
19930516,12.2
19930517,12.9
19930518,14.4
19930519,17.2
19930520,18.5
19930521,17.4
19930522,14.7
19930523,16.9
19930524,19.8
19930525,14.4
19930526,15.0
19930527,16.7
19930528,17.3
19930529,18.7
19930530,19.4
19930531,20.3
19930601,17.2
19930602,13.0
19930603,15.3
19930604,21.3
19930605,16.9
19930606,18.0
19930607,19.5
19930608,20.1
19930609,20.5
19930610,19.5
19930611,18.0
19930612,17.8
19930613,20.5
19930614,21.2
19930615,17.8
19930616,18.2
19930617,15.9
19930618,21.1
19930619,21.2
19930620,21.7
19930621,25.3
19930622,21.4
19930623,18.4
19930624,23.2
19930625,20.3
19930626,21.8
19930627,21.7
19930628,18.6
19930629,19.1
19930630,20.5
19930701,19.5
19930702,20.0
19930703,20.3
19930704,20.7
19930705,20.7
19930706,20.9
19930707,19.2
19930708,18.5
19930709,22.0
19930710,20.1
19930711,22.1
19930712,24.9
19930713,19.9
19930714,22.7
19930715,23.0
19930716,21.1
19930717,21.8
19930718,21.3
19930719,22.0
19930720,22.5
19930721,21.9
19930722,23.2
19930723,18.1
19930724,19.5
19930725,20.0
19930726,21.2
19930727,21.1
19930728,20.7
19930729,21.6
19930730,22.8
19930731,22.9
19930801,19.9
19930802,22.2
19930803,23.1
19930804,23.7
19930805,23.1
19930806,21.5
19930807,21.8
19930808,19.1
19930809,20.2
19930810,23.0
19930811,23.7
19930812,22.4
19930813,22.5
19930814,22.0
19930815,21.4
19930816,19.2
19930817,19.1
19930818,18.5
19930819,20.7
19930820,19.8
19930821,19.1
19930822,18.7
19930823,22.2
19930824,18.6
19930825,22.0
19930826,19.2
19930827,17.2
19930828,17.8
19930829,18.9
19930830,18.1
19930831,19.3
19930901,18.5
19930902,19.6
19930903,18.7
19930904,19.4
19930905,21.2
19930906,20.8
19930907,19.0
19930908,16.3
19930909,14.6
19930910,14.4
19930911,16.5
19930912,13.6
19930913,13.7
19930914,17.9
19930915,19.8
19930916,20.7
19930917,16.9
19930918,13.0
19930919,12.7
19930920,13.6
19930921,18.7
19930922,17.7
19930923,11.9
19930924,12.9
19930925,14.6
19930926,14.6
19930927,12.3
19930928,8.7
19930929,8.4
19930930,9.8
19931001,9.4
19931002,11.8
19931003,13.1
19931004,14.4
19931005,12.1
19931006,12.9
19931007,14.1
19931008,13.3
19931009,13.3
19931010,6.8
19931011,13.1
19931012,12.8
19931013,9.5
19931014,4.9
19931015,6.9
19931016,6.7
19931017,7.5
19931018,6.1
19931019,6.7
19931020,9.0
19931021,3.5
19931022,5.4
19931023,3.4
19931024,3.2
19931025,6.3
19931026,6.6
19931027,10.2
19931028,8.6
19931029,4.1
19931030,2.3
19931031,0.2
19931101,0.8
19931102,3.4
19931103,3.5
19931104,4.8
19931105,7.5
19931106,9.0
19931107,5.3
19931108,0.3
19931109,4.7
19931110,4.9
19931111,8.2
19931112,6.5
19931113,3.5
19931114,3.3
19931115,6.8
19931116,0.8
19931117,-4.7
19931118,-6.9
19931119,-4.7
19931120,-6.0
19931121,-8.7
19931122,-9.6
19931123,-8.8
19931124,-9.6
19931125,-5.7
19931126,-3.5
19931127,-0.8
19931128,-4.4
19931129,-0.5
19931130,-2.3
19931201,-1.8
19931202,-0.9
19931203,-5.8
19931204,-2.4
19931205,-2.2
19931206,-5.7
19931207,-5.1
19931208,-4.2
19931209,1.1
19931210,-1.5
19931211,-4.7
19931212,-4.4
19931213,-4.9
19931214,-7.9
19931215,-10.6
19931216,-7.6
19931217,-5.9
19931218,-5.2
19931219,-5.3
19931220,-7.5
19931221,-9.3
19931222,-5.3
19931223,-6.9
19931224,-0.6
19931225,-2.6
19931226,-1.0
19931227,-5.6
19931228,-4.9
19931229,-4.8
19931230,-2.3
19931231,-8.1
19940101,-5.9
19940102,-5.9
19940103,-2.8
19940104,-4.9
19940105,-4.2
19940106,-0.8
19940107,-6.8
19940108,-5.2
19940109,-3.6
19940110,-3.3
19940111,-5.5
19940112,-7.1
19940113,-7.8
19940114,-5.8
19940115,-2.3
19940116,-2.4
19940117,-5.4
19940118,-10.6
19940119,-11.5
19940120,-7.0
19940121,-3.6
19940122,-0.9
19940123,-9.7
19940124,-8.3
19940125,-5.7
19940126,-6.2
19940127,-7.5
19940128,-4.3
19940129,-7.7
19940130,-5.3
19940131,-5.7
19940201,-3.5
19940202,-6.5
19940203,-4.1
19940204,-2.1
19940205,-2.7
19940206,-3.1
19940207,-3.4
19940208,-1.6
19940209,-3.8
19940210,-5.1
19940211,-2.4
19940212,-5.5
19940213,-3.8
19940214,-3.1
19940215,-2.7
19940216,-4.7
19940217,-3.7
19940218,-3.3
19940219,-2.3
19940220,-0.6
19940221,-4.1
19940222,-2.8
19940223,-4.1
19940224,-4.4
19940225,-4.5
19940226,-3.6
19940227,-1.3
19940228,-4.5
19940301,-5.3
19940302,-0.2
19940303,-3.5
19940304,-3.7
19940305,-3.7
19940306,0.5
19940307,1.6
19940308,-0.2
19940309,-4.4
19940310,-6.2
19940311,-0.4
19940312,-2.3
19940313,-4.6
19940314,-0.3
19940315,-2.3
19940316,0.4
19940317,-1.5
19940318,3.1
19940319,3.3
19940320,0.8
19940321,2.7
19940322,3.5
19940323,1.1
19940324,-1.5
19940325,-1.1
19940326,-2.5
19940327,-0.7
19940328,5.5
19940329,2.0
19940330,3.8
19940331,5.7
19940401,9.9
19940402,8.1
19940403,8.6
19940404,12.7
19940405,12.1
19940406,12.6
19940407,13.2
19940408,9.2
19940409,5.7
19940410,5.5
19940411,8.6
19940412,8.5
19940413,8.0
19940414,8.1
19940415,10.0
19940416,13.2
19940417,15.7
19940418,9.6
19940419,14.6
19940420,14.5
19940421,14.6
19940422,12.3
19940423,7.8
19940424,12.0
19940425,12.3
19940426,13.1
19940427,15.8
19940428,12.5
19940429,14.8
19940430,16.1
19940501,17.7
19940502,10.3
19940503,7.0
19940504,10.5
19940505,10.3
19940506,15.4
19940507,13.8
19940508,12.0
19940509,18.1
19940510,20.0
19940511,13.2
19940512,16.1
19940513,16.8
19940514,17.5
19940515,14.8
19940516,16.1
19940517,10.3
19940518,17.9
19940519,11.6
19940520,18.6
19940521,14.7
19940522,17.3
19940523,20.2
19940524,18.0
19940525,18.5
19940526,16.1
19940527,12.8
19940528,17.1
19940529,13.7
19940530,16.3
19940531,16.0
19940601,17.1
19940602,18.5
19940603,23.1
19940604,21.0
19940605,21.6
19940606,19.4
19940607,21.3
19940608,21.3
19940609,18.3
19940610,21.0
19940611,21.8
19940612,20.9
19940613,19.2
19940614,21.8
19940615,22.8
19940616,23.3
19940617,24.0
19940618,23.3
19940619,23.8
19940620,22.3
19940621,25.8
19940622,21.6
19940623,20.5
19940624,21.7
19940625,21.3
19940626,18.5
19940627,21.1
19940628,24.3
19940629,23.6
19940630,22.8
19940701,22.2
19940702,21.9
19940703,20.7
19940704,20.6
19940705,25.8
19940706,22.0
19940707,23.9
19940708,23.2
19940709,23.8
19940710,24.1
19940711,24.1
19940712,22.3
19940713,20.7
19940714,21.8
19940715,22.3
19940716,22.3
19940717,22.9
19940718,21.5
19940719,25.0
19940720,26.4
19940721,23.2
19940722,23.8
19940723,25.2
19940724,24.5
19940725,25.3
19940726,25.7
19940727,23.9
19940728,25.0
19940729,24.6
19940730,24.4
19940731,24.2
19940801,25.5
19940802,24.9
19940803,22.0
19940804,24.6
19940805,21.8
19940806,24.8
19940807,23.7
19940808,19.3
19940809,19.7
19940810,23.5
19940811,25.0
19940812,24.3
19940813,21.2
19940814,22.2
19940815,21.2
19940816,23.5
19940817,22.3
19940818,23.7
19940819,24.5
19940820,23.4
19940821,22.6
19940822,23.2
19940823,22.8
19940824,21.8
19940825,20.3
19940826,21.3
19940827,21.0
19940828,22.1
19940829,22.5
19940830,21.8
19940831,22.2
19940901,23.8
19940902,23.1
19940903,24.6
19940904,23.4
19940905,16.6
19940906,15.9
19940907,19.2
19940908,20.9
19940909,15.7
19940910,17.4
19940911,14.1
19940912,12.7
19940913,13.2
19940914,15.0
19940915,14.6
19940916,12.9
19940917,15.3
19940918,15.2
19940919,13.9
19940920,12.6
19940921,11.0
19940922,9.9
19940923,10.7
19940924,10.9
19940925,13.4
19940926,8.8
19940927,10.2
19940928,14.9
19940929,13.6
19940930,10.7
19941001,13.6
19941002,10.6
19941003,10.6
19941004,9.9
19941005,7.4
19941006,9.7
19941007,9.5
19941008,12.6
19941009,14.8
19941010,14.9
19941011,14.1
19941012,9.7
19941013,10.0
19941014,10.1
19941015,13.7
19941016,11.3
19941017,8.9
19941018,9.2
19941019,7.3
19941020,7.9
19941021,5.9
19941022,6.4
19941023,5.2
19941024,7.7
19941025,8.9
19941026,5.5
19941027,10.5
19941028,2.2
19941029,2.2
19941030,4.9
19941031,3.0
19941101,6.0
19941102,6.2
19941103,4.3
19941104,4.4
19941105,4.4
19941106,10.9
19941107,4.7
19941108,3.7
19941109,7.2
19941110,1.2
19941111,3.2
19941112,4.3
19941113,-1.7
19941114,-1.9
19941115,-1.3
19941116,-1.4
19941117,-1.1
19941118,-1.7
19941119,0.7
19941120,2.3
19941121,3.6
19941122,3.3
19941123,3.4
19941124,-1.3
19941125,-1.8
19941126,-0.9
19941127,-0.3
19941128,2.3
19941129,-1.3
19941130,3.5
19941201,-1.3
19941202,-5.7
19941203,-6.0
19941204,-3.8
19941205,-4.6
19941206,-1.9
19941207,-2.3
19941208,1.9
19941209,3.4
19941210,0.7
19941211,-1.1
19941212,-1.4
19941213,-4.9
19941214,-6.1
19941215,-7.6
19941216,-11.2
19941217,-8.8
19941218,-7.9
19941219,-5.9
19941220,-8.5
19941221,-10.2
19941222,-10.6
19941223,-7.1
19941224,-7.5
19941225,-3.8
19941226,-6.3
19941227,-1.3
19941228,-5.5
19941229,-6.1
19941230,-3.9
19941231,-5.3
19950101,-6.4
19950102,-6.5
19950103,-5.1
19950104,-4.1
19950105,-1.5
19950106,-3.0
19950107,-1.1
19950108,-4.1
19950109,-3.5
19950110,-5.0
19950111,-6.7
19950112,-5.2
19950113,-6.1
19950114,-7.5
19950115,-8.7
19950116,-5.7
19950117,-7.2
19950118,-5.3
19950119,-7.6
19950120,-7.8
19950121,-6.9
19950122,-0.5
19950123,-6.7
19950124,-7.8
19950125,-5.2
19950126,-9.1
19950127,-5.0
19950128,-4.1
19950129,-4.3
19950130,-5.4
19950131,-4.8
19950201,-7.6
19950202,-6.3
19950203,-5.4
19950204,-7.8
19950205,-8.1
19950206,-5.6
19950207,-4.7
19950208,-3.0
19950209,-3.7
19950210,-3.7
19950211,-2.9
19950212,-1.3
19950213,-2.2
19950214,-4.8
19950215,-2.9
19950216,-3.2
19950217,-4.4
19950218,-0.7
19950219,0.1
19950220,-4.2
19950221,-3.7
19950222,-2.4
19950223,-3.0
19950224,1.8
19950225,0.4
19950226,-2.7
19950227,0.3
19950228,-4.8
19950301,-2.5
19950302,-1.8
19950303,0.2
19950304,-2.1
19950305,0.1
19950306,1.6
19950307,1.5
19950308,5.3
19950309,4.9
19950310,-0.2
19950311,5.7
19950312,0.0
19950313,2.1
19950314,6.3
19950315,6.2
19950316,-2.2
19950317,-4.2
19950318,0.3
19950319,1.5
19950320,3.0
19950321,5.7
19950322,2.8
19950323,2.6
19950324,0.8
19950325,-1.3
19950326,3.1
19950327,5.0
19950328,4.1
19950329,2.8
19950330,5.2
19950331,2.4
19950401,4.2
19950402,1.7
19950403,2.2
19950404,5.1
19950405,6.6
19950406,11.2
19950407,6.7
19950408,10.9
19950409,4.0
19950410,6.0
19950411,3.5
19950412,4.0
19950413,8.3
19950414,9.1
19950415,9.4
19950416,6.5
19950417,9.2
19950418,10.0
19950419,4.8
19950420,10.5
19950421,12.3
19950422,12.4
19950423,10.0
19950424,11.5
19950425,9.9
19950426,9.4
19950427,10.0
19950428,14.5
19950429,16.6
19950430,14.7
19950501,12.9
19950502,9.3
19950503,6.6
19950504,8.1
19950505,12.4
19950506,10.4
19950507,11.5
19950508,16.4
19950509,15.4
19950510,7.2
19950511,11.2
19950512,12.5
19950513,10.4
19950514,8.6
19950515,13.1
19950516,15.2
19950517,17.8
19950518,19.6
19950519,16.4
19950520,16.3
19950521,14.9
19950522,11.8
19950523,16.2
19950524,20.1
19950525,19.7
19950526,13.1
19950527,17.4
19950528,15.9
19950529,17.1
19950530,14.1
19950531,19.3
19950601,17.6
19950602,18.0
19950603,17.0
19950604,17.6
19950605,20.2
19950606,19.8
19950607,17.6
19950608,19.9
19950609,19.9
19950610,20.2
19950611,20.6
19950612,20.7
19950613,20.2
19950614,21.3
19950615,21.7
19950616,21.5
19950617,19.3
19950618,17.1
19950619,18.7
19950620,21.6
19950621,20.6
19950622,21.3
19950623,18.7
19950624,22.9
19950625,20.5
19950626,20.7
19950627,17.6
19950628,20.5
19950629,21.2
19950630,18.9
19950701,18.2
19950702,18.1
19950703,20.9
19950704,23.4
19950705,21.4
19950706,23.4
19950707,25.5
19950708,23.7
19950709,24.4
19950710,25.6
19950711,25.8
19950712,23.9
19950713,22.6
19950714,20.4
19950715,20.4
19950716,21.9
19950717,23.0
19950718,17.4
19950719,17.6
19950720,18.9
19950721,20.6
19950722,22.9
19950723,21.5
19950724,18.3
19950725,19.5
19950726,18.4
19950727,22.0
19950728,24.8
19950729,22.0
19950730,22.6
19950731,24.1
19950801,25.9
19950802,21.9
19950803,21.1
19950804,23.2
19950805,23.9
19950806,20.7
19950807,21.0
19950808,23.4
19950809,24.8
19950810,26.6
19950811,23.1
19950812,21.8
19950813,23.2
19950814,21.6
19950815,20.6
19950816,19.0
19950817,18.5
19950818,21.7
19950819,20.0
19950820,20.7
19950821,21.6
19950822,23.0
19950823,21.7
19950824,21.9
19950825,22.2
19950826,22.7
19950827,22.5
19950828,20.2
19950829,23.2
19950830,20.8
19950831,22.5
19950901,19.1
19950902,20.6
19950903,21.3
19950904,16.9
19950905,19.3
19950906,15.6
19950907,14.9
19950908,14.8
19950909,11.7
19950910,11.6
19950911,11.2
19950912,11.4
19950913,14.7
19950914,16.7
19950915,14.6
19950916,13.5
19950917,15.3
19950918,17.2
19950919,18.4
19950920,17.7
19950921,17.4
19950922,17.4
19950923,14.8
19950924,10.6
19950925,11.5
19950926,8.1
19950927,7.6
19950928,11.9
19950929,12.2
19950930,15.9
19951001,18.4
19951002,14.1
19951003,8.1
19951004,11.5
19951005,7.5
19951006,4.7
19951007,6.3
19951008,10.0
19951009,10.4
19951010,11.5
19951011,12.9
19951012,13.4
19951013,14.7
19951014,13.1
19951015,8.9
19951016,9.7
19951017,13.1
19951018,12.5
19951019,7.6
19951020,10.7
19951021,8.1
19951022,10.7
19951023,14.8
19951024,10.3
19951025,6.4
19951026,7.6
19951027,10.6
19951028,7.3
19951029,10.2
19951030,6.0
19951031,0.4
19951101,-2.4
19951102,0.1
19951103,3.2
19951104,5.3
19951105,4.3
19951106,4.9
19951107,-0.1
19951108,2.4
19951109,0.1
19951110,6.1
19951111,5.3
19951112,3.2
19951113,9.9
19951114,2.7
19951115,4.1
19951116,3.3
19951117,3.2
19951118,5.5
19951119,4.3
19951120,-1.6
19951121,-2.0
19951122,0.4
19951123,-3.7
19951124,2.0
19951125,-0.1
19951126,1.4
19951127,-2.7
19951128,-2.5
19951129,-1.9
19951130,-1.3
19951201,-1.5
19951202,-0.3
19951203,-3.1
19951204,-2.2
19951205,-3.2
19951206,-4.0
19951207,-2.5
19951208,-5.5
19951209,-3.9
19951210,-4.9
19951211,-2.3
19951212,-3.8
19951213,-1.0
19951214,-0.5
19951215,-3.9
19951216,-2.3
19951217,-3.6
19951218,-7.0
19951219,-4.9
19951220,-5.8
19951221,-5.5
19951222,-1.2
19951223,-5.3
19951224,-6.2
19951225,-9.2
19951226,-8.1
19951227,-4.5
19951228,-6.3
19951229,-6.3
19951230,-6.9
19951231,-1.8
19960101,-3.7
19960102,-3.3
19960103,-7.5
19960104,-7.9
19960105,-6.8
19960106,-3.6
19960107,-4.0
19960108,-9.4
19960109,-10.0
19960110,-9.6
19960111,-7.1
19960112,-7.1
19960113,-5.0
19960114,-3.1
19960115,-4.4
19960116,-8.6
19960117,-8.2
19960118,-7.2
19960119,-8.0
19960120,-7.1
19960121,-4.8
19960122,-7.5
19960123,-4.2
19960124,-6.7
19960125,-8.5
19960126,-7.8
19960127,-3.6
19960128,-1.9
19960129,-1.4
19960130,-7.2
19960131,-7.3
19960201,-5.9
19960202,-8.9
19960203,-8.4
19960204,-4.1
19960205,-7.1
19960206,-8.5
19960207,-6.2
19960208,-6.9
19960209,-7.1
19960210,-8.3
19960211,-6.2
19960212,-4.1
19960213,-0.9
19960214,3.3
19960215,-2.1
19960216,-4.8
19960217,-5.5
19960218,-6.8
19960219,-7.1
19960220,-6.1
19960221,-6.2
19960222,-6.9
19960223,-3.0
19960224,-4.5
19960225,-6.1
19960226,-6.1
19960227,-4.6
19960228,-4.7
19960229,-0.1
19960301,-3.2
19960302,0.8
19960303,-2.5
19960304,1.3
19960305,-0.8
19960306,-0.8
19960307,0.1
19960308,0.3
19960309,-1.2
19960310,-0.8
19960311,-2.5
19960312,-0.6
19960313,0.8
19960314,7.5
19960315,2.6
19960316,2.7
19960317,-1.2
19960318,-1.1
19960319,0.1
19960320,3.4
19960321,3.4
19960322,0.8
19960323,-0.8
19960324,-0.3
19960325,0.9
19960326,4.0
19960327,5.5
19960328,4.1
19960329,6.9
19960330,4.7
19960331,4.5
19960401,4.1
19960402,0.1
19960403,2.9
19960404,1.8
19960405,7.7
19960406,8.9
19960407,8.1
19960408,6.8
19960409,7.5
19960410,3.0
19960411,3.7
19960412,5.5
19960413,6.7
19960414,5.1
19960415,10.7
19960416,9.3
19960417,5.4
19960418,3.8
19960419,10.3
19960420,8.2
19960421,5.6
19960422,12.4
19960423,14.1
19960424,15.9
19960425,10.2
19960426,13.4
19960427,16.6
19960428,16.6
19960429,13.6
19960430,13.8
19960501,15.9
19960502,10.3
19960503,15.1
19960504,11.1
19960505,10.7
19960506,11.8
19960507,13.5
19960508,13.2
19960509,10.8
19960510,15.2
19960511,11.9
19960512,12.3
19960513,14.8
19960514,15.8
19960515,14.2
19960516,15.6
19960517,16.1
19960518,18.5
19960519,14.3
19960520,15.4
19960521,13.6
19960522,17.5
19960523,19.6
19960524,19.5
19960525,18.9
19960526,20.9
19960527,18.1
19960528,17.1
19960529,18.4
19960530,20.1
19960531,20.4
19960601,22.4
19960602,23.0
19960603,23.8
19960604,19.3
19960605,19.5
19960606,21.4
19960607,15.4
19960608,20.0
19960609,22.9
19960610,20.4
19960611,17.1
19960612,19.3
19960613,24.6
19960614,21.0
19960615,19.5
19960616,19.0
19960617,19.0
19960618,21.4
19960619,18.6
19960620,18.6
19960621,21.2
19960622,21.6
19960623,19.6
19960624,19.1
19960625,22.5
19960626,23.9
19960627,20.4
19960628,20.2
19960629,21.2
19960630,19.6
19960701,21.7
19960702,23.3
19960703,23.4
19960704,20.6
19960705,21.7
19960706,19.1
19960707,22.1
19960708,23.1
19960709,20.4
19960710,18.1
19960711,18.4
19960712,19.7
19960713,20.6
19960714,21.8
19960715,22.0
19960716,22.2
19960717,22.5
19960718,22.3
19960719,23.4
19960720,21.4
19960721,20.5
19960722,21.5
19960723,25.0
19960724,21.4
19960725,25.1
19960726,22.5
19960727,24.5
19960728,26.1
19960729,25.5
19960730,22.8
19960731,20.4
19960801,21.7
19960802,22.2
19960803,22.9
19960804,23.0
19960805,20.9
19960806,22.2
19960807,25.5
19960808,26.1
19960809,22.2
19960810,20.5
19960811,18.9
19960812,19.3
19960813,20.1
19960814,21.0
19960815,22.5
19960816,24.6
19960817,25.1
19960818,26.3
19960819,25.0
19960820,19.2
19960821,19.2
19960822,16.6
19960823,14.5
19960824,15.6
19960825,15.4
19960826,17.7
19960827,18.3
19960828,18.7
19960829,18.8
19960830,20.8
19960831,21.6
19960901,21.6
19960902,16.9
19960903,15.5
19960904,15.7
19960905,19.0
19960906,17.5
19960907,19.9
19960908,17.8
19960909,15.6
19960910,17.3
19960911,20.6
19960912,17.1
19960913,17.6
19960914,14.9
19960915,14.5
19960916,17.6
19960917,18.3
19960918,16.7
19960919,15.3
19960920,10.3
19960921,12.8
19960922,14.4
19960923,14.4
19960924,16.9
19960925,16.9
19960926,17.5
19960927,16.5
19960928,14.5
19960929,15.9
19960930,15.1
19961001,9.5
19961002,9.0
19961003,9.2
19961004,10.5
19961005,7.9
19961006,4.8
19961007,4.4
19961008,7.5
19961009,7.3
19961010,9.2
19961011,10.9
19961012,11.2
19961013,13.8
19961014,7.8
19961015,9.3
19961016,9.5
19961017,10.6
19961018,8.3
19961019,8.4
19961020,9.7
19961021,9.0
19961022,11.3
19961023,11.5
19961024,9.2
19961025,7.5
19961026,2.3
19961027,4.4
19961028,5.8
19961029,6.4
19961030,6.9
19961031,4.6
19961101,2.4
19961102,1.8
19961103,3.8
19961104,8.2
19961105,5.0
19961106,-0.1
19961107,-0.1
19961108,0.8
19961109,1.1
19961110,5.9
19961111,6.2
19961112,-1.1
19961113,-1.6
19961114,-1.7
19961115,-1.7
19961116,-0.5
19961117,-1.4
19961118,2.1
19961119,-1.4
19961120,1.4
19961121,-3.1
19961122,-3.5
19961123,1.8
19961124,0.0
19961125,-0.2
19961126,-3.2
19961127,-7.3
19961128,-3.6
19961129,-4.7
19961130,-5.6
19961201,-7.2
19961202,-5.3
19961203,-6.0
19961204,-2.0
19961205,-7.9
19961206,-5.3
19961207,-2.3
19961208,-2.2
19961209,-0.4
19961210,-0.9
19961211,-0.8
19961212,-1.3
19961213,-2.6
19961214,-3.2
19961215,-2.1
19961216,-1.3
19961217,-5.2
19961218,-9.0
19961219,-5.2
19961220,-4.2
19961221,-4.1
19961222,-1.7
19961223,-5.0
19961224,-4.5
19961225,0.7
19961226,-3.4
19961227,-3.7
19961228,-3.7
19961229,-3.2
19961230,-1.1
19961231,-2.4
19970101,-10.1
19970102,-11.0
19970103,-9.2
19970104,-8.0
19970105,-11.4
19970106,-11.5
19970107,-14.0
19970108,-12.1
19970109,-9.3
19970110,-9.4
19970111,-9.2
19970112,-7.7
19970113,-4.8
19970114,-8.5
19970115,-10.5
19970116,-10.2
19970117,-4.7
19970118,-8.3
19970119,-6.8
19970120,-3.3
19970121,-8.0
19970122,-6.3
19970123,-6.5
19970124,-8.7
19970125,-7.7
19970126,-6.3
19970127,0.5
19970128,-5.2
19970129,-6.7
19970130,-4.4
19970131,-4.5
19970201,-4.6
19970202,-7.9
19970203,-7.0
19970204,-3.6
19970205,-4.1
19970206,-7.6
19970207,-6.9
19970208,-6.1
19970209,-3.0
19970210,-5.1
19970211,-3.2
19970212,-6.7
19970213,-2.7
19970214,-3.4
19970215,-2.5
19970216,-6.4
19970217,-6.8
19970218,-2.6
19970219,-3.0
19970220,2.5
19970221,-1.1
19970222,-1.9
19970223,-0.1
19970224,0.7
19970225,0.9
19970226,0.3
19970227,1.3
19970228,-2.1
19970301,1.0
19970302,-3.9
19970303,-2.1
19970304,0.2
19970305,3.0
19970306,6.7
19970307,2.6
19970308,3.3
19970309,-0.1
19970310,0.2
19970311,4.5
19970312,4.0
19970313,5.0
19970314,4.0
19970315,4.5
19970316,3.9
19970317,3.9
19970318,6.5
19970319,1.1
19970320,2.7
19970321,6.2
19970322,2.7
19970323,3.2
19970324,3.2
19970325,4.7
19970326,7.3
19970327,7.5
19970328,7.4
19970329,9.5
19970330,2.8
19970331,4.3
19970401,6.1
19970402,6.5
19970403,5.3
19970404,2.7
19970405,5.5
19970406,5.8
19970407,8.9
19970408,8.0
19970409,4.8
19970410,6.6
19970411,10.1
19970412,6.3
19970413,8.2
19970414,6.5
19970415,7.3
19970416,8.6
19970417,4.8
19970418,7.1
19970419,11.3
19970420,12.4
19970421,7.5
19970422,6.5
19970423,6.9
19970424,6.2
19970425,8.3
19970426,10.4
19970427,10.2
19970428,13.4
19970429,11.6
19970430,10.7
19970501,9.4
19970502,16.5
19970503,10.4
19970504,16.1
19970505,9.5
19970506,16.6
19970507,11.1
19970508,7.7
19970509,11.3
19970510,12.0
19970511,15.3
19970512,15.0
19970513,16.1
19970514,17.7
19970515,19.5
19970516,13.0
19970517,12.8
19970518,16.8
19970519,17.3
19970520,12.1
19970521,12.8
19970522,14.2
19970523,14.6
19970524,10.8
19970525,17.8
19970526,14.9
19970527,15.0
19970528,13.1
19970529,11.7
19970530,13.8
19970531,13.5
19970601,11.5
19970602,12.8
19970603,14.1
19970604,9.8
19970605,14.4
19970606,13.9
19970607,15.5
19970608,13.5
19970609,15.9
19970610,17.5
19970611,15.7
19970612,18.4
19970613,18.2
19970614,18.8
19970615,17.8
19970616,19.5
19970617,22.6
19970618,21.3
19970619,20.2
19970620,16.9
19970621,20.2
19970622,20.5
19970623,21.8
19970624,23.0
19970625,23.2
19970626,21.4
19970627,19.3
19970628,21.4
19970629,22.0
19970630,22.0
19970701,22.3
19970702,22.7
19970703,22.7
19970704,22.3
19970705,19.8
19970706,20.8
19970707,21.7
19970708,20.6
19970709,21.9
19970710,24.1
19970711,22.6
19970712,25.3
19970713,25.1
19970714,26.9
19970715,24.0
19970716,24.7
19970717,23.7
19970718,21.6
19970719,21.1
19970720,20.7
19970721,25.3
19970722,26.2
19970723,24.5
19970724,26.1
19970725,26.6
19970726,24.0
19970727,24.2
19970728,26.1
19970729,24.1
19970730,24.2
19970731,25.2
19970801,22.6
19970802,19.8
19970803,21.3
19970804,21.7
19970805,23.1
19970806,23.6
19970807,22.6
19970808,23.8
19970809,19.3
19970810,18.0
19970811,19.1
19970812,22.5
19970813,22.5
19970814,22.1
19970815,23.0
19970816,23.0
19970817,19.6
19970818,21.4
19970819,20.3
19970820,22.8
19970821,20.7
19970822,20.5
19970823,22.1
19970824,22.5
19970825,23.5
19970826,22.2
19970827,22.4
19970828,24.1
19970829,20.8
19970830,22.8
19970831,24.1
19970901,22.7
19970902,17.8
19970903,13.8
19970904,14.9
19970905,15.6
19970906,20.0
19970907,20.3
19970908,21.2
19970909,18.7
19970910,14.4
19970911,13.6
19970912,14.4
19970913,10.7
19970914,11.0
19970915,13.6
19970916,14.8
19970917,7.6
19970918,7.9
19970919,7.8
19970920,8.3
19970921,7.5
19970922,9.3
19970923,9.7
19970924,11.6
19970925,12.1
19970926,13.7
19970927,9.8
19970928,9.5
19970929,10.7
19970930,12.7
19971001,13.3
19971002,16.1
19971003,8.7
19971004,6.9
19971005,5.4
19971006,6.9
19971007,8.1
19971008,8.1
19971009,7.3
19971010,11.1
19971011,9.0
19971012,7.5
19971013,10.7
19971014,9.3
19971015,10.0
19971016,13.3
19971017,10.6
19971018,7.0
19971019,11.7
19971020,11.7
19971021,12.0
19971022,7.7
19971023,10.1
19971024,5.0
19971025,3.6
19971026,4.3
19971027,8.3
19971028,4.1
19971029,5.7
19971030,3.5
19971031,-0.3
19971101,2.0
19971102,2.6
19971103,5.1
19971104,3.0
19971105,0.0
19971106,2.3
19971107,4.3
19971108,4.3
19971109,7.8
19971110,5.0
19971111,9.5
19971112,7.9
19971113,5.8
19971114,1.1
19971115,2.0
19971116,-3.2
19971117,-4.8
19971118,-2.9
19971119,0.8
19971120,-1.9
19971121,1.0
19971122,2.5
19971123,2.6
19971124,3.7
19971125,2.8
19971126,0.8
19971127,-0.9
19971128,-2.9
19971129,-5.8
19971130,-2.6
19971201,-7.4
19971202,-7.5
19971203,-9.1
19971204,-5.3
19971205,-4.8
19971206,0.3
19971207,-1.7
19971208,-6.3
19971209,-6.4
19971210,-8.0
19971211,-5.1
19971212,-8.6
19971213,-7.0
19971214,-5.9
19971215,-5.2
19971216,-3.5
19971217,-5.8
19971218,-4.7
19971219,-3.8
19971220,-3.9
19971221,-5.5
19971222,-5.6
19971223,-6.4
19971224,-6.2
19971225,-5.4
19971226,-3.2
19971227,-6.6
19971228,-6.1
19971229,-7.8
19971230,-5.1
19971231,-7.0
19980101,-7.3
19980102,-6.3
19980103,-5.5
19980104,-10.7
19980105,-9.0
19980106,-6.5
19980107,-6.5
19980108,-5.2
19980109,-5.7
19980110,-3.8
19980111,-7.9
19980112,-4.1
19980113,-4.6
19980114,-8.1
19980115,-9.6
19980116,-10.3
19980117,-10.3
19980118,-12.5
19980119,-14.2
19980120,-10.9
19980121,-10.2
19980122,-6.4
19980123,-9.5
19980124,-10.2
19980125,-11.5
19980126,-9.4
19980127,-8.2
19980128,-6.9
19980129,-10.9
19980130,-5.8
19980131,-8.1
19980201,-4.2
19980202,-7.2
19980203,-0.3
19980204,-4.9
19980205,-0.6
19980206,-0.9
19980207,-3.7
19980208,-10.9
19980209,-4.3
19980210,-6.7
19980211,-1.7
19980212,1.7
19980213,-2.7
19980214,-4.0
19980215,-3.2
19980216,-3.2
19980217,-5.6
19980218,-4.8
19980219,-0.1
19980220,5.0
19980221,2.1
19980222,-1.6
19980223,-1.6
19980224,-0.6
19980225,0.4
19980226,-0.9
19980227,6.3
19980228,0.8
19980301,-0.3
19980302,1.6
19980303,2.4
19980304,2.5
19980305,3.5
19980306,3.4
19980307,0.1
19980308,2.5
19980309,1.0
19980310,3.9
19980311,2.2
19980312,1.2
19980313,7.0
19980314,2.1
19980315,-1.8
19980316,0.3
19980317,3.6
19980318,2.2
19980319,-2.0
19980320,-3.0
19980321,-3.0
19980322,-2.3
19980323,-0.5
19980324,2.2
19980325,2.7
19980326,3.9
19980327,4.9
19980328,6.8
19980329,12.6
19980330,9.3
19980331,4.8
19980401,1.7
19980402,-0.1
19980403,4.6
19980404,8.4
19980405,7.3
19980406,7.2
19980407,10.2
19980408,10.3
19980409,12.0
19980410,12.8
19980411,10.6
19980412,6.6
19980413,11.5
19980414,7.0
19980415,9.9
19980416,11.3
19980417,7.2
19980418,9.5
19980419,14.7
19980420,13.6
19980421,16.9
19980422,14.0
19980423,12.2
19980424,8.1
19980425,6.3
19980426,10.2
19980427,10.9
19980428,12.1
19980429,12.6
19980430,12.7
19980501,13.5
19980502,12.5
19980503,10.2
19980504,12.2
19980505,13.5
19980506,13.7
19980507,16.2
19980508,10.0
19980509,13.4
19980510,14.6
19980511,14.3
19980512,10.6
19980513,13.2
19980514,14.5
19980515,14.5
19980516,15.4
19980517,10.9
19980518,14.3
19980519,19.0
19980520,17.6
19980521,15.7
19980522,15.3
19980523,13.7
19980524,16.2
19980525,11.7
19980526,13.4
19980527,13.3
19980528,14.5
19980529,14.0
19980530,12.4
19980531,14.0
19980601,16.9
19980602,16.5
19980603,12.4
19980604,14.8
19980605,11.7
19980606,14.5
19980607,18.7
19980608,16.5
19980609,18.7
19980610,17.4
19980611,18.0
19980612,19.4
19980613,17.6
19980614,18.6
19980615,20.7
19980616,19.1
19980617,20.2
19980618,18.5
19980619,16.9
19980620,20.9
19980621,22.5
19980622,21.0
19980623,20.1
19980624,20.7
19980625,20.8
19980626,21.6
19980627,23.4
19980628,24.6
19980629,23.9
19980630,21.2
19980701,20.6
19980702,20.4
19980703,23.5
19980704,20.5
19980705,24.4
19980706,22.3
19980707,25.0
19980708,23.3
19980709,21.7
19980710,22.8
19980711,24.1
19980712,21.7
19980713,22.1
19980714,24.2
19980715,26.0
19980716,24.6
19980717,23.9
19980718,19.4
19980719,19.6
19980720,21.3
19980721,21.5
19980722,21.8
19980723,23.0
19980724,20.7
19980725,23.6
19980726,23.4
19980727,24.8
19980728,24.1
19980729,22.4
19980730,24.7
19980731,23.3
19980801,23.6
19980802,21.0
19980803,22.6
19980804,21.6
19980805,20.9
19980806,23.4
19980807,25.1
19980808,20.5
19980809,23.8
19980810,23.6
19980811,23.3
19980812,23.1
19980813,21.2
19980814,25.3
19980815,22.9
19980816,20.0
19980817,21.6
19980818,22.1
19980819,22.7
19980820,19.3
19980821,20.7
19980822,18.9
19980823,17.5
19980824,21.0
19980825,18.8
19980826,19.2
19980827,21.2
19980828,17.3
19980829,16.2
19980830,14.6
19980831,18.3
19980901,16.9
19980902,17.2
19980903,16.8
19980904,18.4
19980905,18.6
19980906,20.3
19980907,20.1
19980908,21.3
19980909,21.7
19980910,19.6
19980911,18.0
19980912,18.9
19980913,20.6
19980914,16.7
19980915,13.9
19980916,10.0
19980917,17.3
19980918,14.3
19980919,19.7
19980920,16.2
19980921,10.6
19980922,14.3
19980923,16.3
19980924,16.1
19980925,16.3
19980926,15.0
19980927,14.4
19980928,17.3
19980929,14.4
19980930,17.6
19981001,17.5
19981002,11.2
19981003,11.7
19981004,13.8
19981005,14.7
19981006,15.2
19981007,17.0
19981008,17.0
19981009,17.2
19981010,14.6
19981011,16.2
19981012,16.2
19981013,13.3
19981014,9.7
19981015,7.5
19981016,8.1
19981017,11.8
19981018,4.2
19981019,4.8
19981020,5.3
19981021,8.3
19981022,11.7
19981023,6.5
19981024,6.1
19981025,9.5
19981026,7.8
19981027,3.1
19981028,3.1
19981029,5.1
19981030,3.6
19981031,6.2
19981101,0.1
19981102,4.7
19981103,2.7
19981104,4.8
19981105,2.0
19981106,5.2
19981107,2.1
19981108,3.1
19981109,4.4
19981110,2.2
19981111,4.8
19981112,2.5
19981113,0.8
19981114,2.3
19981115,1.0
19981116,2.9
19981117,-3.2
19981118,-7.5
19981119,-6.4
19981120,-5.1
19981121,-6.5
19981122,-9.5
19981123,-3.3
19981124,-8.5
19981125,-3.9
19981126,-5.8
19981127,-4.9
19981128,-2.6
19981129,-2.0
19981130,-0.6
19981201,-5.1
19981202,-8.3
19981203,-8.2
19981204,-5.3
19981205,-7.0
19981206,-6.2
19981207,-6.7
19981208,-7.9
19981209,-7.4
19981210,-8.8
19981211,-5.2
19981212,-7.2
19981213,-5.7
19981214,-0.6
19981215,-4.4
19981216,-1.0
19981217,-3.8
19981218,-1.8
19981219,-3.3
19981220,-3.5
19981221,-0.6
19981222,-1.6
19981223,-4.6
19981224,-3.4
19981225,-4.3
19981226,-5.3
19981227,-5.3
19981228,-2.8
19981229,-8.5
19981230,-4.5
19981231,-6.9
19990101,-6.9
19990102,-4.0
19990103,-4.3
19990104,-4.2
19990105,-3.1
19990106,-3.9
19990107,-5.5
19990108,-7.6
19990109,-10.2
19990110,-10.8
19990111,-8.3
19990112,-9.9
19990113,-8.5
19990114,-7.9
19990115,-8.0
19990116,-6.6
19990117,-8.7
19990118,-7.8
19990119,-4.3
19990120,-7.3
19990121,-10.4
19990122,-7.1
19990123,-6.4
19990124,-5.2
19990125,-2.0
19990126,-5.1
19990127,-4.4
19990128,-4.7
19990129,-6.4
19990130,-9.7
19990131,-4.2
19990201,-6.3
19990202,-2.0
19990203,-4.2
19990204,-5.9
19990205,-5.3
19990206,-4.1
19990207,-3.3
19990208,-3.7
19990209,-3.2
19990210,-4.8
19990211,-4.5
19990212,-3.8
19990213,-6.4
19990214,-3.2
19990215,-6.8
19990216,-4.1
19990217,-1.0
19990218,-2.8
19990219,-4.0
19990220,-4.9
19990221,-8.1
19990222,-4.3
19990223,-1.7
19990224,-2.2
19990225,2.6
19990226,-0.6
19990227,-2.0
19990228,-6.1
19990301,1.0
19990302,0.2
19990303,-3.3
19990304,4.5
19990305,2.0
19990306,-3.1
19990307,-2.7
19990308,-3.8
19990309,-1.9
19990310,-1.2
19990311,-1.8
19990312,1.0
19990313,0.9
19990314,4.8
19990315,1.9
19990316,1.5
19990317,0.9
19990318,2.0
19990319,1.8
19990320,1.1
19990321,-3.6
19990322,-4.6
19990323,-2.1
19990324,4.0
19990325,4.7
19990326,2.7
19990327,0.7
19990328,-1.2
19990329,-2.0
19990330,6.0
19990331,5.7
19990401,4.3
19990402,0.8
19990403,6.4
19990404,10.9
19990405,5.9
19990406,2.9
19990407,5.2
19990408,7.1
19990409,5.9
19990410,6.6
19990411,9.8
19990412,9.0
19990413,5.4
19990414,5.3
19990415,9.4
19990416,8.2
19990417,9.7
19990418,10.7
19990419,9.0
19990420,9.0
19990421,7.1
19990422,10.0
19990423,11.6
19990424,8.7
19990425,11.5
19990426,9.8
19990427,7.5
19990428,6.3
19990429,9.9
19990430,14.3
19990501,8.3
19990502,11.1
19990503,11.3
19990504,8.7
19990505,16.5
19990506,12.9
19990507,14.2
19990508,11.5
19990509,12.6
19990510,8.8
19990511,10.9
19990512,15.0
19990513,17.6
19990514,16.0
19990515,15.0
19990516,15.5
19990517,12.0
19990518,12.5
19990519,9.9
19990520,11.4
19990521,12.9
19990522,16.8
19990523,16.2
19990524,12.5
19990525,13.5
19990526,13.9
19990527,13.7
19990528,9.8
19990529,12.4
19990530,18.2
19990531,17.6
19990601,17.3
19990602,17.6
19990603,18.6
19990604,18.7
19990605,14.0
19990606,21.5
19990607,18.2
19990608,19.3
19990609,18.3
19990610,16.5
19990611,18.8
19990612,23.0
19990613,23.5
19990614,22.1
19990615,21.9
19990616,18.8
19990617,18.6
19990618,16.9
19990619,17.3
19990620,18.9
19990621,18.3
19990622,18.0
19990623,17.5
19990624,17.3
19990625,20.3
19990626,24.4
19990627,24.5
19990628,22.5
19990629,23.3
19990630,23.9
19990701,23.5
19990702,23.6
19990703,26.5
19990704,23.7
19990705,24.3
19990706,21.1
19990707,19.8
19990708,19.2
19990709,20.9
19990710,22.5
19990711,21.7
19990712,20.8
19990713,18.5
19990714,20.6
19990715,22.2
19990716,24.4
19990717,23.0
19990718,24.4
19990719,24.0
19990720,25.0
19990721,23.9
19990722,23.0
19990723,25.2
19990724,26.7
19990725,25.0
19990726,24.9
19990727,25.9
19990728,26.4
19990729,26.2
19990730,26.5
19990731,25.2
19990801,21.7
19990802,18.8
19990803,20.0
19990804,22.8
19990805,24.6
19990806,22.0
19990807,25.2
19990808,23.2
19990809,24.7
19990810,22.7
19990811,20.4
19990812,20.0
19990813,23.4
19990814,23.7
19990815,22.6
19990816,24.0
19990817,24.8
19990818,21.4
19990819,17.7
19990820,16.2
19990821,17.4
19990822,20.2
19990823,19.2
19990824,18.6
19990825,20.7
19990826,20.5
19990827,19.7
19990828,19.1
19990829,17.4
19990830,22.3
19990831,17.6
19990901,20.3
19990902,20.4
19990903,22.0
19990904,21.6
19990905,20.6
19990906,21.3
19990907,21.2
19990908,22.4
19990909,21.7
19990910,22.5
19990911,23.1
19990912,16.7
19990913,16.5
19990914,17.9
19990915,13.5
19990916,13.1
19990917,15.5
19990918,16.0
19990919,14.4
19990920,11.0
19990921,9.2
19990922,12.9
19990923,9.2
19990924,9.3
19990925,8.9
19990926,12.5
19990927,15.8
19990928,15.6
19990929,14.8
19990930,12.4
19991001,13.2
19991002,10.0
19991003,9.1
19991004,5.8
19991005,8.5
19991006,9.7
19991007,9.0
19991008,10.6
19991009,12.6
19991010,13.0
19991011,11.1
19991012,10.6
19991013,12.5
19991014,8.8
19991015,7.4
19991016,0.9
19991017,4.6
19991018,4.0
19991019,4.7
19991020,6.6
19991021,5.0
19991022,7.2
19991023,7.0
19991024,7.3
19991025,8.4
19991026,10.5
19991027,9.7
19991028,5.0
19991029,0.4
19991030,-1.0
19991031,4.7
19991101,4.6
19991102,1.9
19991103,2.8
19991104,1.8
19991105,3.8
19991106,5.4
19991107,9.0
19991108,5.5
19991109,1.4
19991110,8.8
19991111,8.1
19991112,6.1
19991113,6.0
19991114,3.4
19991115,-1.9
19991116,-3.9
19991117,-0.6
19991118,-1.9
19991119,-1.3
19991120,-1.1
19991121,-0.4
19991122,-0.8
19991123,2.7
19991124,1.9
19991125,-3.0
19991126,-4.4
19991127,-2.8
19991128,-2.3
19991129,-4.0
19991130,-4.7
19991201,-4.1
19991202,-2.9
19991203,1.3
19991204,-0.7
19991205,-5.9
19991206,-4.7
19991207,-5.1
19991208,-5.4
19991209,-2.8
19991210,-1.8
19991211,-5.5
19991212,-5.4
19991213,-2.9
19991214,-6.8
19991215,-7.2
19991216,-4.8
19991217,-9.0
19991218,-7.0
19991219,-12.2
19991220,-9.5
19991221,-10.0
19991222,-7.9
19991223,-5.9
19991224,-4.4
19991225,-6.0
19991226,-8.0
19991227,-5.4
19991228,-2.8
19991229,-8.2
19991230,-5.0
19991231,-7.9
20000101,-5.1
20000102,-4.4
20000103,-7.1
20000104,-5.2
20000105,-3.2
20000106,-9.2
20000107,-12.8
20000108,-14.6
20000109,-10.4
20000110,-11.5
20000111,-6.2
20000112,-8.5
20000113,-10.6
20000114,-12.2
20000115,-12.6
20000116,-15.0
20000117,-13.0
20000118,-14.0
20000119,-13.4
20000120,-11.9
20000121,-14.8
20000122,-8.4
20000123,-12.7
20000124,-12.4
20000125,-14.7
20000126,-10.3
20000127,-9.7
20000128,-13.1
20000129,-6.1
20000130,-10.1
20000131,-13.3
20000201,-11.5
20000202,-12.8
20000203,-9.8
20000204,-10.7
20000205,-6.3
20000206,-8.6
20000207,-4.4
20000208,-10.7
20000209,-11.1
20000210,-9.3
20000211,-6.0
20000212,-5.2
20000213,-4.8
20000214,-7.4
20000215,-7.6
20000216,-7.9
20000217,-8.1
20000218,-7.5
20000219,-4.3
20000220,-5.2
20000221,-6.6
20000222,-2.8
20000223,-3.7
20000224,-4.7
20000225,-2.6
20000226,-6.0
20000227,-4.1
20000228,-6.4
20000229,-6.4
20000301,-2.6
20000302,-1.6
20000303,1.5
20000304,5.8
20000305,-1.7
20000306,0.9
20000307,-2.7
20000308,-1.8
20000309,-3.4
20000310,-2.5
20000311,-1.2
20000312,-1.4
20000313,1.1
20000314,2.9
20000315,0.8
20000316,-0.9
20000317,1.2
20000318,8.2
20000319,-0.8
20000320,0.1
20000321,3.0
20000322,0.7
20000323,6.0
20000324,0.9
20000325,6.0
20000326,0.5
20000327,11.9
20000328,8.6
20000329,0.7
20000330,6.0
20000331,3.7
20000401,2.7
20000402,7.8
20000403,4.1
20000404,10.7
20000405,1.8
20000406,5.4
20000407,4.7
20000408,4.1
20000409,7.1
20000410,2.2
20000411,3.3
20000412,5.3
20000413,9.4
20000414,11.5
20000415,4.5
20000416,7.2
20000417,6.6
20000418,11.5
20000419,8.7
20000420,12.8
20000421,12.4
20000422,10.7
20000423,8.4
20000424,9.0
20000425,12.7
20000426,10.9
20000427,8.0
20000428,10.3
20000429,11.2
20000430,9.0
20000501,15.0
20000502,10.2
20000503,13.0
20000504,12.9
20000505,17.0
20000506,11.0
20000507,11.2
20000508,13.9
20000509,11.7
20000510,8.5
20000511,9.0
20000512,13.0
20000513,13.2
20000514,14.4
20000515,12.5
20000516,12.7
20000517,15.5
20000518,12.4
20000519,9.5
20000520,12.6
20000521,15.6
20000522,17.3
20000523,14.5
20000524,18.0
20000525,20.7
20000526,20.6
20000527,14.6
20000528,14.9
20000529,15.0
20000530,17.6
20000531,17.6
20000601,17.9
20000602,18.1
20000603,18.7
20000604,18.4
20000605,17.6
20000606,20.1
20000607,21.9
20000608,15.7
20000609,15.2
20000610,17.7
20000611,19.0
20000612,17.3
20000613,18.3
20000614,21.8
20000615,22.7
20000616,23.5
20000617,21.9
20000618,21.0
20000619,21.7
20000620,23.8
20000621,22.5
20000622,22.5
20000623,21.8
20000624,22.5
20000625,21.8
20000626,20.9
20000627,21.9
20000628,22.5
20000629,19.8
20000630,18.9
20000701,21.2
20000702,24.9
20000703,24.8
20000704,23.1
20000705,22.3
20000706,23.8
20000707,25.8
20000708,25.2
20000709,26.5
20000710,25.8
20000711,24.7
20000712,25.7
20000713,25.2
20000714,24.0
20000715,26.9
20000716,23.6
20000717,25.2
20000718,25.5
20000719,24.8
20000720,25.2
20000721,28.1
20000722,24.6
20000723,26.5
20000724,24.9
20000725,24.1
20000726,26.5
20000727,25.6
20000728,23.0
20000729,28.2
20000730,25.2
20000731,23.1
20000801,22.6
20000802,21.0
20000803,21.2
20000804,22.0
20000805,23.2
20000806,22.9
20000807,22.1
20000808,22.1
20000809,23.5
20000810,25.0
20000811,21.7
20000812,24.5
20000813,23.3
20000814,24.4
20000815,24.7
20000816,22.6
20000817,23.2
20000818,24.1
20000819,22.3
20000820,19.4
20000821,20.9
20000822,21.5
20000823,21.2
20000824,21.5
20000825,22.7
20000826,21.1
20000827,18.8
20000828,19.0
20000829,18.7
20000830,20.8
20000831,18.8
20000901,20.7
20000902,21.8
20000903,22.2
20000904,19.4
20000905,17.2
20000906,14.7
20000907,12.3
20000908,12.9
20000909,13.8
20000910,15.0
20000911,14.0
20000912,14.0
20000913,15.4
20000914,16.5
20000915,17.6
20000916,16.6
20000917,15.9
20000918,16.9
20000919,20.2
20000920,21.1
20000921,18.0
20000922,18.8
20000923,17.8
20000924,16.5
20000925,9.7
20000926,12.4
20000927,16.0
20000928,14.9
20000929,13.8
20000930,16.1
20001001,17.8
20001002,13.6
20001003,15.4
20001004,14.1
20001005,13.6
20001006,15.6
20001007,14.0
20001008,11.2
20001009,11.9
20001010,12.1
20001011,9.3
20001012,5.3
20001013,1.6
20001014,1.8
20001015,6.6
20001016,6.8
20001017,6.0
20001018,7.2
20001019,6.5
20001020,4.2
20001021,7.5
20001022,9.9
20001023,10.7
20001024,9.3
20001025,2.8
20001026,1.2
20001027,1.9
20001028,7.9
20001029,8.5
20001030,2.7
20001031,7.8
20001101,0.5
20001102,1.2
20001103,2.7
20001104,7.6
20001105,2.2
20001106,3.8
20001107,-1.6
20001108,-2.3
20001109,-0.3
20001110,-1.8
20001111,-5.8
20001112,-3.3
20001113,-4.5
20001114,-2.6
20001115,1.1
20001116,-1.8
20001117,-3.8
20001118,-1.7
20001119,0.0
20001120,-2.1
20001121,-4.3
20001122,-3.3
20001123,-3.2
20001124,1.9
20001125,0.8
20001126,-1.5
20001127,-1.6
20001128,-3.6
20001129,-1.9
20001130,-1.2
20001201,-3.3
20001202,-0.9
20001203,-6.1
20001204,-5.0
20001205,-3.9
20001206,-4.6
20001207,-3.5
20001208,-0.6
20001209,-1.2
20001210,-5.0
20001211,-6.5
20001212,-9.7
20001213,-8.4
20001214,-6.5
20001215,-5.7
20001216,-6.7
20001217,-5.4
20001218,-2.1
20001219,-2.8
20001220,-7.0
20001221,-5.0
20001222,-2.8
20001223,-4.4
20001224,-4.6
20001225,-6.2
20001226,-7.6
20001227,-7.6
20001228,-8.4
20001229,-7.9
20001230,-9.5
20001231,-8.5
20010101,-5.2
20010102,-5.1
20010103,-9.4
20010104,-12.6
20010105,-10.8
20010106,-6.1
20010107,-3.3
20010108,-1.3
20010109,-10.3
20010110,-11.5
20010111,-13.0
20010112,-15.7
20010113,-13.7
20010114,-13.3
20010115,-16.6
20010116,-17.0
20010117,-13.7
20010118,-12.2
20010119,-8.6
20010120,-9.8
20010121,-6.4
20010122,-6.1
20010123,-12.1
20010124,-6.0
20010125,-6.4
20010126,-7.4
20010127,-8.6
20010128,-6.5
20010129,-8.5
20010130,-8.1
20010131,-2.9
20010201,-7.0
20010202,-8.9
20010203,-9.3
20010204,-10.9
20010205,-8.8
20010206,-8.5
20010207,-12.4
20010208,-12.5
20010209,-7.7
20010210,-6.3
20010211,-10.5
20010212,-8.9
20010213,-6.7
20010214,-6.5
20010215,-8.3
20010216,-6.7
20010217,-3.0
20010218,-4.7
20010219,-0.8
20010220,-2.5
20010221,-4.2
20010222,0.6
20010223,-1.4
20010224,-2.4
20010225,-4.6
20010226,-2.5
20010227,1.4
20010228,-2.9
20010301,6.0
20010302,0.3
20010303,1.4
20010304,-3.1
20010305,-1.1
20010306,-0.2
20010307,-2.9
20010308,-3.7
20010309,-3.3
20010310,-3.4
20010311,-4.0
20010312,-2.9
20010313,0.3
20010314,6.7
20010315,-0.3
20010316,2.5
20010317,3.1
20010318,5.1
20010319,7.4
20010320,11.6
20010321,5.2
20010322,3.1
20010323,5.2
20010324,7.9
20010325,2.0
20010326,-0.9
20010327,0.4
20010328,-0.7
20010329,-0.9
20010330,0.0
20010331,-0.1
20010401,5.1
20010402,9.2
20010403,1.7
20010404,4.4
20010405,6.6
20010406,3.8
20010407,7.0
20010408,10.3
20010409,5.9
20010410,6.3
20010411,4.1
20010412,5.0
20010413,10.0
20010414,9.0
20010415,9.0
20010416,10.5
20010417,10.6
20010418,16.6
20010419,12.6
20010420,3.9
20010421,5.1
20010422,4.9
20010423,12.9
20010424,8.6
20010425,6.5
20010426,9.6
20010427,10.7
20010428,11.4
20010429,12.3
20010430,13.9
20010501,11.9
20010502,14.4
20010503,14.9
20010504,13.0
20010505,13.6
20010506,12.5
20010507,11.0
20010508,14.7
20010509,8.7
20010510,17.1
20010511,11.2
20010512,12.2
20010513,17.2
20010514,20.5
20010515,13.2
20010516,12.8
20010517,15.1
20010518,18.3
20010519,17.4
20010520,21.2
20010521,19.7
20010522,18.9
20010523,19.2
20010524,22.5
20010525,15.9
20010526,20.4
20010527,16.2
20010528,16.2
20010529,19.8
20010530,17.1
20010531,13.0
20010601,14.9
20010602,20.0
20010603,19.7
20010604,22.6
20010605,22.6
20010606,21.9
20010607,23.8
20010608,22.1
20010609,22.6
20010610,22.4
20010611,21.7
20010612,20.9
20010613,19.9
20010614,18.8
20010615,16.9
20010616,17.6
20010617,18.2
20010618,19.8
20010619,19.0
20010620,19.3
20010621,19.0
20010622,20.5
20010623,21.0
20010624,20.6
20010625,21.2
20010626,21.9
20010627,23.3
20010628,22.0
20010629,23.3
20010630,22.8
20010701,21.5
20010702,26.5
20010703,22.8
20010704,22.0
20010705,21.8
20010706,21.5
20010707,24.2
20010708,24.7
20010709,25.1
20010710,20.8
20010711,24.4
20010712,20.6
20010713,26.0
20010714,21.9
20010715,21.7
20010716,23.0
20010717,25.5
20010718,25.1
20010719,22.8
20010720,22.8
20010721,19.8
20010722,20.2
20010723,23.4
20010724,23.5
20010725,22.7
20010726,20.8
20010727,21.3
20010728,19.5
20010729,21.3
20010730,24.1
20010731,22.1
20010801,23.1
20010802,24.0
20010803,21.5
20010804,23.4
20010805,23.7
20010806,25.7
20010807,26.0
20010808,21.3
20010809,21.2
20010810,21.7
20010811,21.6
20010812,20.7
20010813,20.7
20010814,20.3
20010815,22.0
20010816,23.0
20010817,22.9
20010818,22.7
20010819,18.7
20010820,17.5
20010821,20.0
20010822,21.5
20010823,22.1
20010824,18.8
20010825,21.0
20010826,19.4
20010827,18.3
20010828,19.8
20010829,19.4
20010830,19.0
20010831,17.7
20010901,17.0
20010902,20.2
20010903,20.4
20010904,19.8
20010905,20.0
20010906,17.7
20010907,17.8
20010908,20.2
20010909,14.9
20010910,17.7
20010911,13.7
20010912,13.4
20010913,17.1
20010914,17.9
20010915,19.1
20010916,19.8
20010917,16.8
20010918,19.5
20010919,16.1
20010920,11.4
20010921,13.1
20010922,10.6
20010923,15.2
20010924,16.4
20010925,10.5
20010926,13.0
20010927,15.0
20010928,12.1
20010929,14.2
20010930,9.7
20011001,9.0
20011002,12.2
20011003,6.5
20011004,3.1
20011005,5.1
20011006,8.7
20011007,11.7
20011008,8.1
20011009,8.8
20011010,13.5
20011011,9.5
20011012,8.9
20011013,8.3
20011014,11.9
20011015,11.0
20011016,9.5
20011017,6.0
20011018,5.6
20011019,7.8
20011020,12.6
20011021,8.7
20011022,8.7
20011023,10.1
20011024,12.2
20011025,11.0
20011026,9.2
20011027,11.2
20011028,9.9
20011029,2.5
20011030,3.3
20011031,9.1
20011101,0.1
20011102,2.6
20011103,0.9
20011104,2.6
20011105,2.4
20011106,-1.7
20011107,-0.7
20011108,0.7
20011109,-1.4
20011110,-1.6
20011111,1.0
20011112,0.1
20011113,0.1
20011114,-3.4
20011115,-0.6
20011116,-1.5
20011117,1.0
20011118,0.5
20011119,4.0
20011120,2.0
20011121,0.9
20011122,0.6
20011123,-1.7
20011124,4.3
20011125,-1.8
20011126,-2.8
20011127,-6.9
20011128,-4.4
20011129,-1.2
20011130,-3.1
20011201,-2.2
20011202,-6.9
20011203,-2.9
20011204,-4.5
20011205,-10.0
20011206,-3.7
20011207,-8.8
20011208,-10.8
20011209,-6.0
20011210,-6.2
20011211,-4.8
20011212,-3.4
20011213,-6.2
20011214,-10.4
20011215,-9.0
20011216,-6.5
20011217,-8.2
20011218,-7.2
20011219,-6.3
20011220,-6.6
20011221,-4.7
20011222,-8.0
20011223,-5.9
20011224,-8.0
20011225,-8.0
20011226,-8.3
20011227,-6.0
20011228,-9.0
20011229,-1.7
20011230,-8.8
20011231,-6.1
20020101,-5.6
20020102,-9.4
20020103,-7.0
20020104,-4.2
20020105,-4.0
20020106,-6.2
20020107,-6.5
20020108,-9.1
20020109,-5.7
20020110,-5.7
20020111,-3.6
20020112,-2.9
20020113,-2.0
20020114,-3.6
20020115,-2.2
20020116,-2.5
20020117,-8.9
20020118,-7.0
20020119,-6.6
20020120,-3.1
20020121,-4.4
20020122,-3.8
20020123,-5.9
20020124,-8.0
20020125,-3.6
20020126,-4.4
20020127,-5.0
20020128,-5.0
20020129,-5.4
20020130,-2.9
20020131,-8.0
20020201,0.5
20020202,-5.3
20020203,-5.7
20020204,-3.2
20020205,-3.3
20020206,-3.1
20020207,-4.9
20020208,-1.7
20020209,-4.2
20020210,-8.8
20020211,-4.6
20020212,-3.6
20020213,-4.9
20020214,-4.0
20020215,-4.0
20020216,-2.9
20020217,-0.3
20020218,-5.7
20020219,-6.0
20020220,-2.5
20020221,-1.9
20020222,-2.7
20020223,2.8
20020224,-2.0
20020225,-0.3
20020226,5.2
20020227,0.6
20020228,-1.3
20020301,-0.9
20020302,1.7
20020303,-4.2
20020304,-2.4
20020305,4.5
20020306,-0.9
20020307,-3.1
20020308,-0.7
20020309,2.5
20020310,1.8
20020311,1.8
20020312,3.5
20020313,6.3
20020314,3.6
20020315,4.5
20020316,12.0
20020317,8.2
20020318,2.0
20020319,5.5
20020320,4.8
20020321,3.8
20020322,4.9
20020323,0.0
20020324,0.1
20020325,0.3
20020326,9.2
20020327,1.5
20020328,6.7
20020329,8.2
20020330,6.5
20020331,8.0
20020401,10.1
20020402,11.1
20020403,12.7
20020404,9.0
20020405,10.1
20020406,8.0
20020407,7.9
20020408,4.6
20020409,6.8
20020410,6.8
20020411,4.7
20020412,8.6
20020413,8.1
20020414,14.3
20020415,14.3
20020416,11.2
20020417,8.7
20020418,5.9
20020419,9.4
20020420,12.9
20020421,13.7
20020422,7.1
20020423,6.3
20020424,5.0
20020425,5.4
20020426,6.6
20020427,6.9
20020428,10.5
20020429,10.0
20020430,11.3
20020501,9.6
20020502,13.7
20020503,11.0
20020504,16.5
20020505,14.5
20020506,12.3
20020507,10.6
20020508,11.6
20020509,14.6
20020510,15.2
20020511,16.3
20020512,15.3
20020513,19.1
20020514,15.1
20020515,17.6
20020516,16.4
20020517,13.6
20020518,14.2
20020519,14.4
20020520,17.9
20020521,18.1
20020522,19.6
20020523,15.3
20020524,17.1
20020525,17.7
20020526,13.7
20020527,15.7
20020528,16.3
20020529,19.1
20020530,16.8
20020531,18.3
20020601,19.7
20020602,20.3
20020603,19.5
20020604,22.5
20020605,21.7
20020606,25.5
20020607,21.3
20020608,22.9
20020609,13.3
20020610,14.1
20020611,16.4
20020612,20.6
20020613,18.0
20020614,17.4
20020615,17.7
20020616,19.6
20020617,21.1
20020618,21.1
20020619,20.4
20020620,21.4
20020621,19.2
20020622,19.7
20020623,16.7
20020624,17.6
20020625,17.1
20020626,17.4
20020627,18.1
20020628,19.0
20020629,20.7
20020630,20.7
20020701,21.0
20020702,19.2
20020703,22.5
20020704,23.6
20020705,20.6
20020706,25.8
20020707,20.6
20020708,22.6
20020709,21.7
20020710,23.4
20020711,25.2
20020712,25.0
20020713,28.2
20020714,22.4
20020715,23.4
20020716,21.7
20020717,23.5
20020718,21.3
20020719,22.2
20020720,21.9
20020721,21.6
20020722,22.8
20020723,20.1
20020724,21.2
20020725,20.7
20020726,24.4
20020727,22.5
20020728,22.8
20020729,23.8
20020730,24.8
20020731,25.7
20020801,28.1
20020802,27.2
20020803,23.9
20020804,24.1
20020805,22.3
20020806,22.6
20020807,19.9
20020808,19.7
20020809,19.2
20020810,18.5
20020811,18.4
20020812,17.3
20020813,19.7
20020814,20.7
20020815,22.3
20020816,22.4
20020817,21.3
20020818,21.0
20020819,20.2
20020820,19.4
20020821,19.6
20020822,22.2
20020823,21.3
20020824,21.9
20020825,20.4
20020826,22.9
20020827,19.6
20020828,23.5
20020829,22.1
20020830,20.0
20020831,23.3
20020901,22.7
20020902,22.1
20020903,17.6
20020904,16.2
20020905,11.5
20020906,13.1
20020907,12.7
20020908,15.8
20020909,17.6
20020910,19.4
20020911,14.1
20020912,13.8
20020913,13.3
20020914,12.3
20020915,12.9
20020916,11.7
20020917,12.8
20020918,13.6
20020919,12.8
20020920,12.9
20020921,10.1
20020922,13.8
20020923,14.1
20020924,11.8
20020925,13.3
20020926,14.4
20020927,14.3
20020928,14.8
20020929,12.5
20020930,11.7
20021001,15.8
20021002,6.5
20021003,10.4
20021004,7.8
20021005,13.3
20021006,6.2
20021007,11.2
20021008,3.1
20021009,7.2
20021010,9.8
20021011,9.2
20021012,10.1
20021013,3.3
20021014,8.7
20021015,7.4
20021016,6.4
20021017,10.8
20021018,7.3
20021019,6.6
20021020,2.7
20021021,4.0
20021022,0.5
20021023,1.3
20021024,3.6
20021025,3.6
20021026,-0.1
20021027,-0.6
20021028,-2.4
20021029,-3.4
20021030,2.1
20021031,3.8
20021101,2.2
20021102,-2.3
20021103,2.7
20021104,-3.3
20021105,-2.2
20021106,7.5
20021107,5.4
20021108,2.8
20021109,-2.9
20021110,-0.8
20021111,3.1
20021112,0.7
20021113,-2.5
20021114,-2.3
20021115,-2.2
20021116,-1.4
20021117,-2.9
20021118,-5.3
20021119,-5.4
20021120,-4.9
20021121,-4.7
20021122,-0.8
20021123,-1.4
20021124,-1.0
20021125,-1.5
20021126,-5.6
20021127,-6.7
20021128,-2.8
20021129,-4.9
20021130,-4.9
20021201,-3.8
20021202,-3.6
20021203,-2.3
20021204,0.8
20021205,-3.9
20021206,-1.3
20021207,-2.9
20021208,-8.1
20021209,-9.2
20021210,-9.8
20021211,-10.0
20021212,-9.1
20021213,-6.3
20021214,-4.4
20021215,-2.1
20021216,-5.2
20021217,-2.6
20021218,-5.1
20021219,-2.3
20021220,-3.7
20021221,-2.6
20021222,-2.8
20021223,-5.4
20021224,-8.5
20021225,-9.9
20021226,-10.6
20021227,-11.4
20021228,-9.3
20021229,-11.7
20021230,-11.1
20021231,-12.8
20030101,-10.7
20030102,-8.3
20030103,-11.0
20030104,-9.7
20030105,-14.3
20030106,-12.4
20030107,-11.7
20030108,-12.8
20030109,-9.0
20030110,-5.3
20030111,-7.2
20030112,-5.9
20030113,-0.9
20030114,-5.1
20030115,-7.6
20030116,-5.1
20030117,-4.0
20030118,-3.6
20030119,-5.1
20030120,-2.2
20030121,-6.5
20030122,-2.0
20030123,-5.4
20030124,-9.0
20030125,-2.2
20030126,-2.6
20030127,-10.2
20030128,-10.8
20030129,-15.0
20030130,-12.7
20030131,-5.7
20030201,-7.9
20030202,-6.6
20030203,-8.0
20030204,-3.8
20030205,-6.3
20030206,-7.8
20030207,-6.8
20030208,-3.4
20030209,-3.2
20030210,-7.4
20030211,-8.1
20030212,-9.6
20030213,-6.0
20030214,-5.9
20030215,-2.4
20030216,-0.1
20030217,-1.5
20030218,-3.2
20030219,0.5
20030220,-3.2
20030221,1.0
20030222,1.5
20030223,-1.4
20030224,-2.5
20030225,-1.0
20030226,-0.8
20030227,-3.5
20030228,-1.8
20030301,-3.4
20030302,1.7
20030303,-1.3
20030304,-2.4
20030305,-1.2
20030306,-0.5
20030307,-1.4
20030308,-2.0
20030309,-2.0
20030310,-0.3
20030311,2.3
20030312,-0.9
20030313,-1.7
20030314,-1.1
20030315,1.0
20030316,0.2
20030317,1.6
20030318,0.5
20030319,5.4
20030320,3.0
20030321,4.2
20030322,1.4
20030323,4.7
20030324,1.8
20030325,3.7
20030326,11.2
20030327,6.3
20030328,3.5
20030329,5.4
20030330,8.4
20030331,10.8
20030401,7.2
20030402,5.7
20030403,9.9
20030404,4.5
20030405,6.0
20030406,9.7
20030407,14.5
20030408,8.8
20030409,6.3
20030410,6.1
20030411,6.1
20030412,9.3
20030413,5.8
20030414,8.9
20030415,12.6
20030416,15.7
20030417,15.1
20030418,7.9
20030419,6.4
20030420,7.8
20030421,5.2
20030422,10.5
20030423,9.4
20030424,10.8
20030425,10.6
20030426,12.3
20030427,13.3
20030428,16.1
20030429,11.9
20030430,12.5
20030501,13.7
20030502,17.5
20030503,17.6
20030504,14.6
20030505,15.9
20030506,17.1
20030507,12.5
20030508,8.4
20030509,10.6
20030510,15.3
20030511,13.9
20030512,14.3
20030513,13.5
20030514,14.1
20030515,13.7
20030516,15.3
20030517,12.0
20030518,15.2
20030519,17.7
20030520,13.5
20030521,15.9
20030522,18.3
20030523,18.8
20030524,14.4
20030525,18.1
20030526,20.6
20030527,17.0
20030528,17.9
20030529,14.9
20030530,18.0
20030531,17.5
20030601,19.7
20030602,20.9
20030603,18.0
20030604,18.2
20030605,20.4
20030606,15.8
20030607,21.8
20030608,19.0
20030609,16.6
20030610,16.4
20030611,14.7
20030612,15.7
20030613,14.7
20030614,16.8
20030615,16.9
20030616,19.0
20030617,22.7
20030618,23.5
20030619,22.0
20030620,23.4
20030621,22.8
20030622,21.2
20030623,20.2
20030624,22.8
20030625,19.5
20030626,21.0
20030627,19.3
20030628,18.3
20030629,18.7
20030630,23.0
20030701,19.4
20030702,23.2
20030703,21.7
20030704,22.9
20030705,25.7
20030706,19.0
20030707,19.5
20030708,18.3
20030709,20.7
20030710,20.9
20030711,20.9
20030712,23.5
20030713,20.4
20030714,21.5
20030715,20.3
20030716,21.6
20030717,22.8
20030718,20.7
20030719,21.1
20030720,22.1
20030721,20.9
20030722,21.9
20030723,23.3
20030724,23.3
20030725,22.4
20030726,24.0
20030727,25.1
20030728,23.4
20030729,24.2
20030730,23.6
20030731,22.9
20030801,25.3
20030802,23.6
20030803,24.3
20030804,23.3
20030805,22.9
20030806,21.1
20030807,22.2
20030808,19.4
20030809,19.0
20030810,22.5
20030811,20.2
20030812,19.5
20030813,22.1
20030814,19.8
20030815,21.6
20030816,17.6
20030817,19.2
20030818,20.5
20030819,21.4
20030820,22.8
20030821,22.7
20030822,25.4
20030823,25.0
20030824,21.6
20030825,21.7
20030826,22.8
20030827,21.3
20030828,17.7
20030829,15.8
20030830,18.8
20030831,15.3
20030901,17.1
20030902,16.3
20030903,17.4
20030904,18.1
20030905,17.3
20030906,19.7
20030907,20.2
20030908,17.8
20030909,16.7
20030910,14.5
20030911,15.9
20030912,17.6
20030913,18.3
20030914,20.6
20030915,18.6
20030916,19.4
20030917,17.4
20030918,16.7
20030919,14.2
20030920,13.9
20030921,12.9
20030922,15.4
20030923,15.6
20030924,16.7
20030925,18.1
20030926,14.0
20030927,13.5
20030928,13.4
20030929,13.1
20030930,12.7
20031001,11.2
20031002,14.3
20031003,11.8
20031004,8.3
20031005,9.3
20031006,10.1
20031007,10.2
20031008,13.8
20031009,14.3
20031010,12.1
20031011,6.1
20031012,3.3
20031013,7.7
20031014,7.3
20031015,5.5
20031016,8.7
20031017,7.2
20031018,8.4
20031019,5.7
20031020,7.8
20031021,5.6
20031022,6.8
20031023,2.1
20031024,4.0
20031025,6.1
20031026,4.4
20031027,8.1
20031028,4.0
20031029,4.3
20031030,5.7
20031031,6.8
20031101,7.2
20031102,9.9
20031103,3.0
20031104,4.6
20031105,4.9
20031106,0.5
20031107,-1.6
20031108,-1.5
20031109,-2.0
20031110,0.4
20031111,2.2
20031112,-1.0
20031113,-0.8
20031114,3.2
20031115,1.8
20031116,-0.8
20031117,-2.6
20031118,3.5
20031119,1.3
20031120,1.2
20031121,-1.4
20031122,-4.1
20031123,-2.6
20031124,-2.5
20031125,-0.7
20031126,-4.2
20031127,-2.9
20031128,-0.5
20031129,-6.7
20031130,-2.8
20031201,-2.3
20031202,-2.4
20031203,-2.6
20031204,-1.2
20031205,-2.0
20031206,-6.8
20031207,-8.6
20031208,-3.7
20031209,-6.9
20031210,-3.4
20031211,-3.3
20031212,-5.2
20031213,-7.2
20031214,-6.5
20031215,-4.3
20031216,-4.2
20031217,-2.9
20031218,-2.8
20031219,-6.7
20031220,-4.9
20031221,-5.1
20031222,-5.9
20031223,-3.5
20031224,-0.3
20031225,-3.9
20031226,-4.2
20031227,-6.2
20031228,-5.4
20031229,-0.5
20031230,-4.7
20031231,-3.5
20040101,-3.4
20040102,-5.2
20040103,-1.1
20040104,-4.7
20040105,-4.9
20040106,-3.6
20040107,-2.0
20040108,-6.0
20040109,-6.2
20040110,-5.0
20040111,-5.0
20040112,-5.7
20040113,-9.3
20040114,-4.9
20040115,-7.0
20040116,-7.1
20040117,-6.8
20040118,-7.2
20040119,-5.3
20040120,-10.3
20040121,-12.9
20040122,-11.6
20040123,-6.8
20040124,-8.2
20040125,-11.3
20040126,-8.9
20040127,-7.5
20040128,-8.6
20040129,-5.7
20040130,-5.8
20040131,-5.2
20040201,-3.4
20040202,-5.0
20040203,-7.1
20040204,-5.5
20040205,-4.8
20040206,-4.7
20040207,-7.4
20040208,0.0
20040209,-7.0
20040210,-5.1
20040211,-1.1
20040212,-4.3
20040213,-0.4
20040214,3.1
20040215,-2.2
20040216,-2.0
20040217,-3.6
20040218,-1.3
20040219,1.5
20040220,2.3
20040221,5.5
20040222,1.4
20040223,-0.5
20040224,2.9
20040225,2.5
20040226,2.2
20040227,-0.8
20040228,2.3
20040229,-3.1
20040301,-1.9
20040302,-3.7
20040303,-5.0
20040304,-2.2
20040305,-3.3
20040306,-2.8
20040307,-1.8
20040308,-0.5
20040309,3.2
20040310,8.6
20040311,5.3
20040312,1.9
20040313,5.7
20040314,1.3
20040315,4.1
20040316,6.1
20040317,0.0
20040318,-1.0
20040319,3.0
20040320,3.9
20040321,2.4
20040322,2.9
20040323,4.7
20040324,5.7
20040325,0.9
20040326,4.2
20040327,8.4
20040328,13.2
20040329,11.6
20040330,3.0
20040331,3.9
20040401,3.6
20040402,3.3
20040403,3.5
20040404,5.6
20040405,8.1
20040406,9.8
20040407,4.5
20040408,9.0
20040409,11.1
20040410,15.6
20040411,12.2
20040412,15.3
20040413,13.5
20040414,8.5
20040415,12.2
20040416,13.9
20040417,12.2
20040418,14.6
20040419,14.4
20040420,17.6
20040421,12.6
20040422,17.2
20040423,12.8
20040424,8.8
20040425,11.0
20040426,8.5
20040427,6.7
20040428,10.7
20040429,13.3
20040430,12.3
20040501,11.8
20040502,13.2
20040503,13.1
20040504,10.0
20040505,13.2
20040506,14.8
20040507,13.0
20040508,14.1
20040509,13.8
20040510,14.2
20040511,16.8
20040512,13.7
20040513,13.1
20040514,15.5
20040515,15.0
20040516,12.4
20040517,10.7
20040518,13.8
20040519,18.6
20040520,14.3
20040521,15.1
20040522,14.2
20040523,15.6
20040524,18.6
20040525,16.8
20040526,15.2
20040527,17.0
20040528,17.5
20040529,21.1
20040530,17.3
20040531,15.9
20040601,18.8
20040602,17.7
20040603,18.6
20040604,22.8
20040605,20.8
20040606,18.4
20040607,17.0
20040608,18.0
20040609,21.3
20040610,22.0
20040611,23.2
20040612,25.7
20040613,20.1
20040614,24.0
20040615,21.1
20040616,15.9
20040617,15.9
20040618,19.7
20040619,19.3
20040620,20.0
20040621,20.4
20040622,20.4
20040623,18.8
20040624,19.3
20040625,18.1
20040626,21.5
20040627,23.0
20040628,24.2
20040629,24.1
20040630,16.9
20040701,16.0
20040702,17.7
20040703,22.0
20040704,19.9
20040705,19.5
20040706,21.4
20040707,22.7
20040708,22.3
20040709,20.7
20040710,21.7
20040711,21.8
20040712,22.6
20040713,21.5
20040714,21.8
20040715,21.1
20040716,23.3
20040717,23.9
20040718,23.8
20040719,23.6
20040720,25.6
20040721,25.0
20040722,26.2
20040723,25.8
20040724,24.9
20040725,22.4
20040726,18.4
20040727,18.2
20040728,23.4
20040729,22.7
20040730,19.5
20040731,18.7
20040801,21.1
20040802,22.9
20040803,22.9
20040804,22.5
20040805,20.7
20040806,21.2
20040807,23.3
20040808,26.3
20040809,26.8
20040810,25.9
20040811,25.8
20040812,18.7
20040813,16.2
20040814,20.3
20040815,20.7
20040816,20.0
20040817,18.1
20040818,20.8
20040819,21.5
20040820,20.9
20040821,19.6
20040822,19.8
20040823,19.2
20040824,19.9
20040825,21.0
20040826,20.5
20040827,23.1
20040828,19.7
20040829,16.8
20040830,18.0
20040831,18.3
20040901,21.2
20040902,19.7
20040903,19.7
20040904,17.5
20040905,22.1
20040906,17.8
20040907,18.3
20040908,15.4
20040909,16.6
20040910,18.7
20040911,17.8
20040912,16.6
20040913,16.2
20040914,16.2
20040915,15.3
20040916,16.7
20040917,17.8
20040918,11.8
20040919,13.0
20040920,17.0
20040921,12.5
20040922,11.2
20040923,13.0
20040924,16.8
20040925,16.4
20040926,14.0
20040927,15.3
20040928,16.3
20040929,18.1
20040930,13.3
20041001,10.5
20041002,5.0
20041003,6.4
20041004,9.3
20041005,10.3
20041006,11.8
20041007,12.7
20041008,12.7
20041009,13.1
20041010,13.0
20041011,15.4
20041012,8.6
20041013,11.9
20041014,5.5
20041015,7.1
20041016,9.3
20041017,12.9
20041018,9.4
20041019,10.3
20041020,11.3
20041021,11.2
20041022,5.6
20041023,5.1
20041024,6.7
20041025,6.7
20041026,1.3
20041027,1.5
20041028,2.4
20041029,5.3
20041030,7.1
20041031,11.0
20041101,9.3
20041102,4.3
20041103,3.6
20041104,5.9
20041105,4.2
20041106,0.7
20041107,5.0
20041108,3.6
20041109,7.7
20041110,7.2
20041111,2.7
20041112,-2.2
20041113,-1.9
20041114,-2.0
20041115,1.2
20041116,0.6
20041117,1.3
20041118,0.9
20041119,4.2
20041120,4.5
20041121,1.5
20041122,2.0
20041123,2.1
20041124,3.9
20041125,-0.7
20041126,-3.5
20041127,-1.8
20041128,-2.6
20041129,1.2
20041130,-1.4
20041201,-1.9
20041202,0.1
20041203,4.4
20041204,2.7
20041205,-1.0
20041206,0.4
20041207,-2.9
20041208,-1.1
20041209,1.1
20041210,-0.7
20041211,-1.7
20041212,-0.9
20041213,-3.1
20041214,-2.4
20041215,-1.7
20041216,-2.2
20041217,-2.7
20041218,-2.3
20041219,-2.3
20041220,-8.4
20041221,-6.3
20041222,-6.2
20041223,-6.0
20041224,-8.6
20041225,-9.9
20041226,-7.4
20041227,-5.9
20041228,-7.0
20041229,-10.3
20041230,-8.7
20041231,-8.3
20050101,-10.9
20050102,-11.5
20050103,-3.3
20050104,-8.2
20050105,-9.9
20050106,-9.3
20050107,-5.0
20050108,-7.0
20050109,-8.9
20050110,-10.4
20050111,-6.9
20050112,-4.3
20050113,-5.9
20050114,-4.1
20050115,-7.0
20050116,-7.4
20050117,-6.2
20050118,-3.2
20050119,-5.4
20050120,-5.0
20050121,-7.8
20050122,-6.8
20050123,-5.8
20050124,-4.7
20050125,-4.9
20050126,-5.6
20050127,-5.4
20050128,-4.5
20050129,-6.9
20050130,-4.2
20050131,-5.6
20050201,-8.1
20050202,-7.7
20050203,-8.4
20050204,-4.7
20050205,-7.6
20050206,-6.0
20050207,-4.9
20050208,-6.6
20050209,-7.4
20050210,-8.6
20050211,-10.7
20050212,-8.8
20050213,-7.3
20050214,-3.0
20050215,-1.0
20050216,-1.3
20050217,-4.0
20050218,-6.0
20050219,-9.5
20050220,-10.8
20050221,-10.6
20050222,-4.5
20050223,-4.5
20050224,-5.0
20050225,-6.6
20050226,-7.7
20050227,-2.4
20050228,-1.7
20050301,-3.8
20050302,-2.5
20050303,-3.7
20050304,-3.3
20050305,-6.6
20050306,-3.3
20050307,1.9
20050308,-2.7
20050309,-3.5
20050310,-0.6
20050311,-4.7
20050312,-3.2
20050313,-4.2
20050314,-2.7
20050315,-0.4
20050316,2.5
20050317,5.1
20050318,-0.1
20050319,-1.5
20050320,2.2
20050321,3.6
20050322,4.1
20050323,2.7
20050324,-0.2
20050325,0.9
20050326,3.7
20050327,4.6
20050328,9.6
20050329,4.7
20050330,4.4
20050331,9.5
20050401,5.7
20050402,5.0
20050403,4.5
20050404,8.3
20050405,10.4
20050406,13.9
20050407,14.8
20050408,6.4
20050409,5.2
20050410,4.6
20050411,8.8
20050412,11.9
20050413,4.9
20050414,7.1
20050415,5.2
20050416,8.7
20050417,12.9
20050418,10.3
20050419,13.9
20050420,7.8
20050421,6.9
20050422,7.7
20050423,12.6
20050424,15.2
20050425,10.1
20050426,14.2
20050427,15.1
20050428,18.6
20050429,14.3
20050430,15.9
20050501,16.6
20050502,11.9
20050503,16.4
20050504,16.0
20050505,12.7
20050506,9.4
20050507,13.0
20050508,9.9
20050509,12.3
20050510,10.9
20050511,9.3
20050512,12.0
20050513,14.1
20050514,14.1
20050515,14.7
20050516,16.5
20050517,13.2
20050518,11.6
20050519,17.8
20050520,16.0
20050521,15.9
20050522,12.8
20050523,13.7
20050524,16.5
20050525,15.8
20050526,17.3
20050527,17.0
20050528,14.7
20050529,17.8
20050530,18.6
20050531,20.8
20050601,16.2
20050602,18.7
20050603,17.2
20050604,19.3
20050605,16.5
20050606,15.1
20050607,18.7
20050608,19.4
20050609,19.4
20050610,19.4
20050611,19.5
20050612,20.5
20050613,20.8
20050614,16.8
20050615,20.5
20050616,20.1
20050617,21.6
20050618,20.8
20050619,20.7
20050620,20.8
20050621,22.9
20050622,23.8
20050623,25.9
20050624,25.2
20050625,25.3
20050626,21.4
20050627,19.6
20050628,20.7
20050629,21.1
20050630,21.5
20050701,25.0
20050702,24.8
20050703,22.5
20050704,24.6
20050705,24.5
20050706,25.3
20050707,24.7
20050708,24.7
20050709,21.0
20050710,20.5
20050711,20.3
20050712,21.9
20050713,22.8
20050714,22.5
20050715,20.7
20050716,24.4
20050717,24.4
20050718,24.2
20050719,25.9
20050720,26.8
20050721,26.8
20050722,26.4
20050723,21.7
20050724,22.0
20050725,22.2
20050726,24.2
20050727,22.5
20050728,22.4
20050729,24.1
20050730,23.8
20050731,22.9
20050801,21.7
20050802,23.8
20050803,20.1
20050804,22.4
20050805,21.3
20050806,23.8
20050807,24.3
20050808,25.3
20050809,23.2
20050810,22.1
20050811,26.2
20050812,27.6
20050813,27.3
20050814,26.3
20050815,25.8
20050816,18.9
20050817,18.0
20050818,18.0
20050819,18.6
20050820,18.6
20050821,20.1
20050822,21.0
20050823,21.0
20050824,21.3
20050825,18.9
20050826,20.6
20050827,20.8
20050828,23.1
20050829,22.4
20050830,23.8
20050831,23.0
20050901,21.8
20050902,20.2
20050903,16.2
20050904,17.0
20050905,16.6
20050906,17.0
20050907,16.1
20050908,18.5
20050909,18.6
20050910,20.6
20050911,22.2
20050912,23.0
20050913,19.4
20050914,15.2
20050915,17.8
20050916,16.6
20050917,19.2
20050918,13.8
20050919,19.5
20050920,18.7
20050921,16.1
20050922,12.7
20050923,14.2
20050924,14.4
20050925,15.7
20050926,15.9
20050927,15.6
20050928,15.9
20050929,18.0
20050930,16.4
20051001,17.7
20051002,16.8
20051003,11.4
20051004,9.7
20051005,11.6
20051006,14.7
20051007,16.0
20051008,9.8
20051009,8.8
20051010,10.0
20051011,11.3
20051012,14.7
20051013,14.1
20051014,5.2
20051015,8.3
20051016,7.3
20051017,11.0
20051018,6.0
20051019,7.4
20051020,11.2
20051021,8.9
20051022,2.6
20051023,3.7
20051024,6.8
20051025,8.9
20051026,11.4
20051027,11.5
20051028,5.6
20051029,3.1
20051030,5.9
20051031,3.4
20051101,4.0
20051102,5.1
20051103,7.2
20051104,6.9
20051105,8.0
20051106,4.9
20051107,3.5
20051108,6.8
20051109,2.5
20051110,4.8
20051111,7.0
20051112,5.8
20051113,6.5
20051114,-0.9
20051115,1.5
20051116,-1.0
20051117,0.8
20051118,1.0
20051119,2.2
20051120,0.0
20051121,0.7
20051122,-1.2
20051123,1.2
20051124,-0.2
20051125,-0.1
20051126,0.1
20051127,0.0
20051128,1.8
20051129,1.2
20051130,-1.7
20051201,-0.2
20051202,-3.5
20051203,-3.7
20051204,-9.1
20051205,-6.0
20051206,-6.2
20051207,-9.1
20051208,-9.0
20051209,-8.1
20051210,-5.4
20051211,-8.3
20051212,-7.5
20051213,-6.7
20051214,-6.4
20051215,-4.8
20051216,-4.1
20051217,-4.9
20051218,-8.6
20051219,-7.5
20051220,-5.5
20051221,-9.3
20051222,-7.3
20051223,-2.4
20051224,-6.6
20051225,-2.5
20051226,-6.2
20051227,-7.2
20051228,-2.1
20051229,-1.9
20051230,-7.3
20051231,-4.9
20060101,-6.0
20060102,-4.6
20060103,-6.4
20060104,-6.2
20060105,-9.9
20060106,-7.2
20060107,-7.1
20060108,-6.8
20060109,-7.2
20060110,-5.5
20060111,-4.3
20060112,-1.4
20060113,-4.1
20060114,-6.4
20060115,-4.5
20060116,-4.3
20060117,-6.1
20060118,-9.5
20060119,-6.6
20060120,-3.2
20060121,-4.3
20060122,-4.5
20060123,-7.4
20060124,-5.4
20060125,-6.1
20060126,-7.4
20060127,-6.1
20060128,-3.4
20060129,-0.7
20060130,-3.5
20060131,-3.8
20060201,-3.4
20060202,-9.6
20060203,-14.7
20060204,-13.3
20060205,-8.6
20060206,-4.3
20060207,-7.5
20060208,-8.9
20060209,-12.7
20060210,-8.4
20060211,-3.8
20060212,-5.6
20060213,-0.4
20060214,-2.2
20060215,-2.3
20060216,-3.6
20060217,-5.0
20060218,-6.0
20060219,-5.0
20060220,-2.4
20060221,1.8
20060222,-3.8
20060223,-1.1
20060224,-3.9
20060225,-1.5
20060226,-3.5
20060227,-5.6
20060228,-3.9
20060301,-4.1
20060302,-2.2
20060303,-4.1
20060304,-0.1
20060305,-0.8
20060306,-0.5
20060307,-2.6
20060308,3.3
20060309,-1.7
20060310,6.5
20060311,0.8
20060312,-5.1
20060313,-1.8
20060314,0.7
20060315,4.1
20060316,4.0
20060317,8.3
20060318,6.6
20060319,0.3
20060320,4.4
20060321,4.7
20060322,7.8
20060323,3.0
20060324,2.1
20060325,9.5
20060326,3.0
20060327,6.2
20060328,0.8
20060329,2.1
20060330,2.6
20060331,3.5
20060401,11.1
20060402,5.6
20060403,9.0
20060404,11.6
20060405,7.9
20060406,4.1
20060407,4.5
20060408,5.8
20060409,7.3
20060410,6.9
20060411,7.8
20060412,3.1
20060413,4.2
20060414,7.6
20060415,8.3
20060416,4.4
20060417,8.7
20060418,6.9
20060419,8.1
20060420,5.1
20060421,7.7
20060422,13.6
20060423,11.0
20060424,6.6
20060425,9.6
20060426,11.7
20060427,7.6
20060428,10.2
20060429,11.7
20060430,15.8
20060501,15.2
20060502,10.8
20060503,11.9
20060504,16.8
20060505,14.9
20060506,11.9
20060507,14.5
20060508,17.2
20060509,15.6
20060510,15.2
20060511,10.4
20060512,12.4
20060513,12.2
20060514,13.4
20060515,14.2
20060516,17.3
20060517,20.3
20060518,14.8
20060519,17.6
20060520,17.0
20060521,13.6
20060522,14.0
20060523,15.6
20060524,17.1
20060525,17.2
20060526,13.5
20060527,13.5
20060528,12.7
20060529,15.7
20060530,20.2
20060531,22.9
20060601,20.9
20060602,20.3
20060603,19.8
20060604,18.8
20060605,21.1
20060606,22.1
20060607,21.8
20060608,19.1
20060609,21.8
20060610,16.7
20060611,18.5
20060612,21.0
20060613,17.5
20060614,14.7
20060615,17.3
20060616,20.7
20060617,19.2
20060618,22.6
20060619,27.0
20060620,24.5
20060621,20.1
20060622,22.3
20060623,22.2
20060624,18.4
20060625,18.4
20060626,20.5
20060627,23.8
20060628,22.8
20060629,21.9
20060630,20.0
20060701,21.5
20060702,21.0
20060703,24.7
20060704,22.4
20060705,23.5
20060706,21.9
20060707,23.5
20060708,23.9
20060709,22.6
20060710,22.9
20060711,22.1
20060712,21.6
20060713,20.5
20060714,23.8
20060715,25.5
20060716,26.2
20060717,24.3
20060718,20.4
20060719,21.4
20060720,23.0
20060721,25.9
20060722,25.7
20060723,21.4
20060724,19.4
20060725,18.1
20060726,19.5
20060727,20.3
20060728,22.6
20060729,23.6
20060730,25.8
20060731,21.0
20060801,19.8
20060802,21.5
20060803,23.5
20060804,22.4
20060805,23.1
20060806,24.2
20060807,23.9
20060808,25.5
20060809,24.0
20060810,25.6
20060811,25.2
20060812,27.2
20060813,21.3
20060814,21.6
20060815,21.8
20060816,23.2
20060817,23.9
20060818,24.0
20060819,23.7
20060820,25.9
20060821,23.7
20060822,19.9
20060823,18.2
20060824,22.3
20060825,21.9
20060826,21.0
20060827,20.6
20060828,23.8
20060829,21.7
20060830,22.2
20060831,21.9
20060901,20.6
20060902,22.4
20060903,22.0
20060904,19.6
20060905,15.1
20060906,14.5
20060907,18.7
20060908,14.9
20060909,11.7
20060910,10.3
20060911,14.0
20060912,15.5
20060913,15.6
20060914,18.4
20060915,17.5
20060916,17.2
20060917,16.5
20060918,16.5
20060919,18.7
20060920,18.6
20060921,15.6
20060922,16.4
20060923,16.0
20060924,17.1
20060925,18.4
20060926,15.1
20060927,14.3
20060928,15.4
20060929,14.2
20060930,15.6
20061001,14.7
20061002,15.0
20061003,15.4
20061004,15.3
20061005,15.2
20061006,15.8
20061007,17.8
20061008,12.4
20061009,13.9
20061010,13.2
20061011,10.8
20061012,10.0
20061013,15.1
20061014,15.9
20061015,15.8
20061016,15.6
20061017,10.7
20061018,8.1
20061019,10.5
20061020,12.9
20061021,12.2
20061022,10.6
20061023,6.2
20061024,5.2
20061025,6.3
20061026,8.0
20061027,5.6
20061028,5.9
20061029,5.7
20061030,8.0
20061031,7.6
20061101,7.7
20061102,7.1
20061103,6.8
20061104,8.0
20061105,5.3
20061106,2.8
20061107,1.8
20061108,5.0
20061109,4.8
20061110,4.3
20061111,-0.2
20061112,1.3
20061113,4.8
20061114,1.2
20061115,5.6
20061116,2.5
20061117,5.2
20061118,1.9
20061119,1.6
20061120,3.6
20061121,1.2
20061122,1.8
20061123,0.4
20061124,-1.2
20061125,0.3
20061126,0.3
20061127,0.5
20061128,-1.5
20061129,-2.3
20061130,-3.2
20061201,-2.8
20061202,-4.0
20061203,-5.6
20061204,-5.9
20061205,-3.4
20061206,-0.7
20061207,-2.7
20061208,-2.7
20061209,-3.8
20061210,-6.5
20061211,-5.1
20061212,-4.4
20061213,-3.8
20061214,-4.7
20061215,-2.0
20061216,-5.9
20061217,-10.8
20061218,-7.8
20061219,-7.5
20061220,-3.4
20061221,-3.9
20061222,-4.9
20061223,-3.1
20061224,-4.6
20061225,-3.9
20061226,-2.5
20061227,-4.6
20061228,-8.2
20061229,-9.2
20061230,-4.6
20061231,-4.0
20070101,-10.8
20070102,-11.7
20070103,-7.9
20070104,-9.5
20070105,-8.1
20070106,-3.5
20070107,-5.3
20070108,-2.9
20070109,-5.2
20070110,-4.7
20070111,-6.1
20070112,-8.0
20070113,-7.7
20070114,-6.6
20070115,-5.9
20070116,-4.3
20070117,-4.5
20070118,-2.2
20070119,-6.4
20070120,-5.1
20070121,-5.2
20070122,-6.1
20070123,-6.7
20070124,-5.8
20070125,-5.2
20070126,-4.0
20070127,-5.7
20070128,-4.7
20070129,-4.4
20070130,-5.4
20070131,-4.4
20070201,-8.1
20070202,-5.9
20070203,-3.2
20070204,-3.9
20070205,-1.6
20070206,2.0
20070207,-1.5
20070208,0.1
20070209,-3.0
20070210,1.5
20070211,-3.3
20070212,-1.7
20070213,-1.1
20070214,-2.7
20070215,-5.2
20070216,-2.9
20070217,-3.0
20070218,-2.9
20070219,-4.1
20070220,-0.9
20070221,1.3
20070222,2.2
20070223,-1.4
20070224,-0.1
20070225,-1.0
20070226,5.5
20070227,5.2
20070228,-0.4
20070301,4.6
20070302,4.0
20070303,5.2
20070304,0.3
20070305,-6.7
20070306,-8.0
20070307,-3.6
20070308,-1.3
20070309,-1.1
20070310,-0.6
20070311,-3.2
20070312,-1.0
20070313,-0.2
20070314,1.6
20070315,1.1
20070316,3.0
20070317,-0.3
20070318,0.8
20070319,2.5
20070320,2.2
20070321,3.9
20070322,3.3
20070323,6.1
20070324,5.7
20070325,5.2
20070326,4.4
20070327,6.8
20070328,5.9
20070329,7.3
20070330,6.6
20070331,5.8
20070401,8.0
20070402,6.2
20070403,2.9
20070404,4.9
20070405,6.5
20070406,3.7
20070407,11.0
20070408,9.3
20070409,7.8
20070410,7.5
20070411,6.9
20070412,9.1
20070413,6.8
20070414,11.5
20070415,8.0
20070416,7.4
20070417,6.3
20070418,11.7
20070419,12.1
20070420,16.1
20070421,12.3
20070422,12.7
20070423,11.4
20070424,7.2
20070425,10.6
20070426,10.6
20070427,9.6
20070428,10.4
20070429,14.4
20070430,16.1
20070501,12.8
20070502,12.8
20070503,18.2
20070504,14.8
20070505,19.3
20070506,14.2
20070507,19.0
20070508,18.9
20070509,12.0
20070510,13.1
20070511,16.1
20070512,18.4
20070513,14.0
20070514,14.5
20070515,16.1
20070516,18.8
20070517,20.0
20070518,16.5
20070519,13.0
20070520,17.4
20070521,13.9
20070522,15.6
20070523,17.1
20070524,17.6
20070525,17.6
20070526,17.2
20070527,21.0
20070528,17.4
20070529,18.2
20070530,20.1
20070531,17.5
20070601,17.2
20070602,19.3
20070603,21.1
20070604,21.1
20070605,18.2
20070606,22.8
20070607,23.2
20070608,22.2
20070609,21.7
20070610,20.9
20070611,22.1
20070612,21.9
20070613,22.0
20070614,19.3
20070615,19.4
20070616,20.5
20070617,21.1
20070618,21.8
20070619,20.8
20070620,22.0
20070621,21.0
20070622,22.3
20070623,23.3
20070624,22.6
20070625,21.5
20070626,23.8
20070627,20.8
20070628,20.3
20070629,24.8
20070630,19.6
20070701,19.0
20070702,21.3
20070703,24.0
20070704,20.7
20070705,24.4
20070706,26.1
20070707,22.4
20070708,22.4
20070709,22.6
20070710,19.6
20070711,20.0
20070712,21.9
20070713,22.4
20070714,21.4
20070715,23.5
20070716,21.6
20070717,24.7
20070718,24.9
20070719,22.5
20070720,21.5
20070721,22.7
20070722,22.2
20070723,22.1
20070724,21.8
20070725,23.0
20070726,24.0
20070727,24.3
20070728,22.2
20070729,24.5
20070730,23.5
20070731,22.0
20070801,22.2
20070802,21.3
20070803,22.0
20070804,22.4
20070805,23.8
20070806,23.5
20070807,22.8
20070808,20.8
20070809,24.7
20070810,24.5
20070811,21.1
20070812,20.8
20070813,21.4
20070814,23.1
20070815,23.0
20070816,23.2
20070817,21.6
20070818,22.7
20070819,23.5
20070820,23.4
20070821,25.7
20070822,25.4
20070823,23.5
20070824,23.0
20070825,24.2
20070826,19.9
20070827,20.0
20070828,19.9
20070829,19.9
20070830,20.6
20070831,20.9
20070901,20.2
20070902,22.9
20070903,20.5
20070904,18.1
20070905,19.2
20070906,19.8
20070907,19.5
20070908,19.4
20070909,18.6
20070910,19.3
20070911,19.6
20070912,19.6
20070913,19.0
20070914,17.5
20070915,15.2
20070916,17.9
20070917,19.4
20070918,16.9
20070919,17.7
20070920,16.7
20070921,15.8
20070922,17.2
20070923,15.1
20070924,16.1
20070925,20.5
20070926,18.5
20070927,14.7
20070928,15.1
20070929,14.6
20070930,12.3
20071001,14.4
20071002,15.4
20071003,16.7
20071004,13.9
20071005,15.1
20071006,15.1
20071007,14.2
20071008,12.2
20071009,8.9
20071010,11.3
20071011,9.0
20071012,9.9
20071013,10.4
20071014,6.9
20071015,7.9
20071016,6.1
20071017,8.7
20071018,11.4
20071019,3.6
20071020,3.2
20071021,5.1
20071022,9.2
20071023,7.3
20071024,9.4
20071025,7.4
20071026,10.6
20071027,11.9
20071028,5.0
20071029,0.3
20071030,2.4
20071031,4.5
20071101,4.0
20071102,1.2
20071103,4.0
20071104,3.4
20071105,4.8
20071106,5.0
20071107,3.5
20071108,4.6
20071109,2.6
20071110,2.1
20071111,1.4
20071112,3.4
20071113,3.4
20071114,4.0
20071115,-1.1
20071116,-5.1
20071117,-2.0
20071118,-2.1
20071119,0.0
20071120,0.9
20071121,0.1
20071122,2.9
20071123,2.0
20071124,-0.2
20071125,0.2
20071126,-0.1
20071127,-2.8
20071128,-1.9
20071129,1.3
20071130,-4.0
20071201,-3.2
20071202,-1.7
20071203,-0.5
20071204,-4.6
20071205,-4.0
20071206,-0.8
20071207,-1.7
20071208,-4.4
20071209,-2.3
20071210,-0.4
20071211,0.2
20071212,-4.4
20071213,-4.5
20071214,-5.3
20071215,-4.8
20071216,-5.3
20071217,-3.6
20071218,-3.3
20071219,-4.1
20071220,-4.5
20071221,-4.3
20071222,-1.7
20071223,-2.1
20071224,-2.8
20071225,-2.8
20071226,-3.7
20071227,-2.8
20071228,-0.2
20071229,-3.5
20071230,-4.8
20071231,-3.5
20080101,-4.2
20080102,-7.3
20080103,-2.5
20080104,-5.7
20080105,-6.9
20080106,-4.3
20080107,-5.0
20080108,-3.1
20080109,-4.3
20080110,-7.5
20080111,-6.2
20080112,-5.8
20080113,-7.8
20080114,-9.1
20080115,-9.9
20080116,-8.0
20080117,-7.4
20080118,-6.4
20080119,-8.6
20080120,-5.8
20080121,-5.2
20080122,-6.7
20080123,-9.4
20080124,-8.8
20080125,-8.0
20080126,-5.5
20080127,-8.0
20080128,-3.5
20080129,-6.8
20080130,-7.7
20080131,-6.6
20080201,-4.4
20080202,-7.4
20080203,-5.9
20080204,-8.4
20080205,-5.6
20080206,-5.7
20080207,-7.1
20080208,-5.6
20080209,-7.2
20080210,-8.6
20080211,-4.2
20080212,-9.6
20080213,-7.8
20080214,-5.4
20080215,-5.7
20080216,-7.4
20080217,-4.7
20080218,-4.5
20080219,-5.0
20080220,-2.1
20080221,-2.8
20080222,1.6
20080223,-3.3
20080224,-5.2
20080225,-3.0
20080226,-1.1
20080227,0.1
20080228,-1.2
20080229,4.2
20080301,3.2
20080302,5.7
20080303,3.9
20080304,0.0
20080305,0.2
20080306,2.2
20080307,0.4
20080308,3.8
20080309,2.4
20080310,3.1
20080311,5.5
20080312,3.1
20080313,6.0
20080314,2.4
20080315,6.5
20080316,2.7
20080317,4.6
20080318,8.4
20080319,1.0
20080320,3.8
20080321,4.0
20080322,4.6
20080323,7.5
20080324,5.4
20080325,4.2
20080326,3.4
20080327,5.0
20080328,4.0
20080329,2.6
20080330,1.6
20080331,4.3
20080401,8.8
20080402,8.9
20080403,5.6
20080404,5.7
20080405,9.6
20080406,12.4
20080407,9.4
20080408,11.5
20080409,11.0
20080410,9.7
20080411,8.0
20080412,9.7
20080413,6.3
20080414,10.7
20080415,12.7
20080416,13.2
20080417,12.7
20080418,13.8
20080419,16.0
20080420,11.7
20080421,10.6
20080422,10.6
20080423,4.5
20080424,9.8
20080425,12.0
20080426,7.1
20080427,11.1
20080428,12.1
20080429,14.2
20080430,16.7
20080501,16.6
20080502,16.0
20080503,13.1
20080504,8.2
20080505,9.6
20080506,15.9
20080507,16.6
20080508,12.6
20080509,13.5
20080510,13.1
20080511,8.7
20080512,8.7
20080513,8.6
20080514,13.4
20080515,11.4
20080516,16.9
20080517,14.2
20080518,9.8
20080519,14.7
20080520,14.4
20080521,16.7
20080522,17.5
20080523,18.4
20080524,21.1
20080525,18.3
20080526,20.0
20080527,23.5
20080528,15.4
20080529,17.2
20080530,17.6
20080531,16.5
20080601,19.4
20080602,14.6
20080603,15.2
20080604,15.2
20080605,15.7
20080606,19.7
20080607,18.1
20080608,18.5
20080609,17.7
20080610,19.9
20080611,18.8
20080612,20.0
20080613,21.2
20080614,19.6
20080615,18.2
20080616,17.6
20080617,17.4
20080618,17.4
20080619,20.7
20080620,22.5
20080621,22.5
20080622,22.4
20080623,21.7
20080624,19.6
20080625,21.7
20080626,19.8
20080627,20.0
20080628,19.1
20080629,20.5
20080630,22.1
20080701,21.4
20080702,21.4
20080703,23.3
20080704,24.6
20080705,22.3
20080706,20.8
20080707,23.6
20080708,24.0
20080709,21.8
20080710,24.2
20080711,24.6
20080712,22.9
20080713,22.2
20080714,22.6
20080715,18.1
20080716,22.1
20080717,23.9
20080718,21.6
20080719,22.2
20080720,22.7
20080721,22.1
20080722,23.4
20080723,23.7
20080724,23.8
20080725,24.4
20080726,26.2
20080727,25.2
20080728,24.2
20080729,23.3
20080730,22.7
20080731,24.4
20080801,25.1
20080802,22.2
20080803,22.2
20080804,24.3
20080805,24.0
20080806,24.8
20080807,24.6
20080808,26.1
20080809,26.6
20080810,23.2
20080811,20.9
20080812,21.7
20080813,24.1
20080814,19.9
20080815,20.8
20080816,20.1
20080817,21.9
20080818,18.5
20080819,21.4
20080820,22.1
20080821,20.1
20080822,18.5
20080823,20.4
20080824,22.7
20080825,21.5
20080826,21.5
20080827,20.8
20080828,22.2
20080829,23.0
20080830,20.1
20080831,18.5
20080901,15.6
20080902,17.5
20080903,20.3
20080904,17.8
20080905,17.7
20080906,20.0
20080907,19.3
20080908,18.4
20080909,19.8
20080910,18.2
20080911,15.5
20080912,17.3
20080913,19.2
20080914,17.4
20080915,17.5
20080916,18.5
20080917,18.2
20080918,19.4
20080919,19.1
20080920,16.7
20080921,19.4
20080922,19.1
20080923,16.4
20080924,11.5
20080925,11.4
20080926,10.8
20080927,10.6
20080928,12.5
20080929,10.9
20080930,11.5
20081001,12.3
20081002,14.1
20081003,16.2
20081004,14.0
20081005,10.1
20081006,6.7
20081007,7.5
20081008,10.9
20081009,8.7
20081010,6.7
20081011,6.9
20081012,6.8
20081013,10.5
20081014,8.5
20081015,11.0
20081016,13.1
20081017,11.6
20081018,13.9
20081019,9.9
20081020,9.3
20081021,14.3
20081022,16.0
20081023,9.6
20081024,5.6
20081025,3.6
20081026,6.7
20081027,7.2
20081028,5.1
20081029,8.6
20081030,3.7
20081031,3.8
20081101,3.3
20081102,4.2
20081103,7.2
20081104,2.6
20081105,2.9
20081106,8.1
20081107,5.2
20081108,3.7
20081109,-0.9
20081110,0.3
20081111,0.3
20081112,3.0
20081113,5.3
20081114,3.2
20081115,2.3
20081116,-1.2
20081117,-2.4
20081118,-3.4
20081119,-5.6
20081120,-4.6
20081121,-1.0
20081122,-1.2
20081123,-0.6
20081124,2.3
20081125,4.3
20081126,0.4
20081127,0.9
20081128,-2.3
20081129,0.0
20081130,-0.7
20081201,1.1
20081202,-1.4
20081203,2.0
20081204,-8.6
20081205,-10.0
20081206,-8.0
20081207,-7.0
20081208,-4.6
20081209,-1.5
20081210,-0.4
20081211,-5.8
20081212,-4.2
20081213,-5.4
20081214,-6.3
20081215,-4.4
20081216,-3.8
20081217,-0.4
20081218,-6.6
20081219,-4.6
20081220,-5.4
20081221,-11.6
20081222,-13.5
20081223,-9.3
20081224,-7.8
20081225,-2.7
20081226,-7.6
20081227,-5.4
20081228,-4.5
20081229,-4.5
20081230,-5.0
20081231,-5.0
20090101,-7.9
20090102,-9.6
20090103,-7.1
20090104,-6.5
20090105,-7.9
20090106,-6.7
20090107,-8.3
20090108,-4.6
20090109,-10.1
20090110,-10.5
20090111,-6.6
20090112,-6.4
20090113,-9.3
20090114,-9.5
20090115,-10.7
20090116,-8.8
20090117,-4.2
20090118,-7.6
20090119,-6.5
20090120,-5.0
20090121,-4.6
20090122,-10.6
20090123,-11.8
20090124,-10.1
20090125,-6.7
20090126,-9.1
20090127,-9.2
20090128,-7.2
20090129,-6.1
20090130,-5.3
20090131,-6.7
20090201,-5.1
20090202,-4.8
20090203,-4.9
20090204,-6.4
20090205,-4.2
20090206,-4.4
20090207,-3.2
20090208,-3.1
20090209,-3.5
20090210,-1.8
20090211,0.1
20090212,2.1
20090213,3.3
20090214,1.2
20090215,-6.2
20090216,-5.7
20090217,-5.7
20090218,-3.9
20090219,-5.6
20090220,-4.9
20090221,-6.0
20090222,-0.7
20090223,-4.1
20090224,-2.9
20090225,-3.5
20090226,-5.7
20090227,-4.6
20090228,-3.4
20090301,-1.4
20090302,-4.0
20090303,-2.0
20090304,-1.6
20090305,1.3
20090306,-1.3
20090307,-0.9
20090308,-0.1
20090309,4.5
20090310,-0.9
20090311,0.9
20090312,4.8
20090313,-4.4
20090314,-2.5
20090315,3.0
20090316,4.4
20090317,5.3
20090318,8.4
20090319,9.4
20090320,3.1
20090321,6.4
20090322,3.6
20090323,0.9
20090324,1.0
20090325,1.3
20090326,3.1
20090327,3.2
20090328,0.4
20090329,1.2
20090330,1.3
20090331,-0.1
20090401,2.8
20090402,2.1
20090403,7.4
20090404,6.3
20090405,5.7
20090406,7.3
20090407,11.4
20090408,11.4
20090409,13.8
20090410,13.9
20090411,15.1
20090412,11.3
20090413,15.1
20090414,12.9
20090415,7.6
20090416,6.0
20090417,8.8
20090418,13.8
20090419,10.5
20090420,10.9
20090421,13.2
20090422,8.4
20090423,8.7
20090424,8.8
20090425,9.5
20090426,10.1
20090427,8.2
20090428,12.7
20090429,11.6
20090430,13.3
20090501,16.6
20090502,11.0
20090503,11.2
20090504,17.0
20090505,18.0
20090506,16.6
20090507,18.3
20090508,18.8
20090509,17.8
20090510,14.5
20090511,13.3
20090512,19.3
20090513,14.5
20090514,15.2
20090515,15.3
20090516,13.6
20090517,11.1
20090518,16.7
20090519,18.3
20090520,19.7
20090521,16.7
20090522,14.0
20090523,14.5
20090524,16.5
20090525,17.9
20090526,18.7
20090527,18.7
20090528,19.8
20090529,16.9
20090530,14.8
20090531,14.6
20090601,16.2
20090602,22.6
20090603,17.2
20090604,19.2
20090605,19.7
20090606,18.3
20090607,16.7
20090608,17.9
20090609,17.9
20090610,23.0
20090611,18.4
20090612,18.1
20090613,19.9
20090614,19.3
20090615,20.3
20090616,17.7
20090617,18.8
20090618,22.1
20090619,22.6
20090620,18.0
20090621,22.0
20090622,19.6
20090623,20.7
20090624,21.5
20090625,26.1
20090626,24.4
20090627,24.4
20090628,23.2
20090629,20.5
20090630,24.7
20090701,26.5
20090702,22.6
20090703,23.7
20090704,25.0
20090705,24.9
20090706,21.7
20090707,23.0
20090708,21.4
20090709,18.5
20090710,23.2
20090711,24.9
20090712,21.0
20090713,21.9
20090714,21.8
20090715,23.3
20090716,24.9
20090717,20.2
20090718,22.3
20090719,23.7
20090720,24.8
20090721,26.3
20090722,23.0
20090723,20.1
20090724,19.9
20090725,21.1
20090726,21.2
20090727,22.7
20090728,22.1
20090729,23.8
20090730,25.1
20090731,20.3
20090801,22.4
20090802,22.4
20090803,23.2
20090804,24.6
20090805,22.2
20090806,23.2
20090807,23.1
20090808,23.8
20090809,23.5
20090810,23.2
20090811,23.6
20090812,22.3
20090813,23.9
20090814,24.9
20090815,25.8
20090816,25.1
20090817,23.0
20090818,21.9
20090819,22.3
20090820,18.7
20090821,24.3
20090822,20.5
20090823,19.0
20090824,21.8
20090825,22.9
20090826,22.8
20090827,21.4
20090828,21.0
20090829,18.5
20090830,14.9
20090831,17.3
20090901,18.0
20090902,20.1
20090903,20.3
20090904,22.8
20090905,22.2
20090906,14.3
20090907,14.7
20090908,16.1
20090909,12.3
20090910,19.1
20090911,16.2
20090912,19.3
20090913,15.5
20090914,17.9
20090915,14.4
20090916,18.3
20090917,17.7
20090918,19.9
20090919,18.4
20090920,13.1
20090921,11.9
20090922,11.4
20090923,13.3
20090924,16.5
20090925,18.2
20090926,19.1
20090927,18.0
20090928,15.7
20090929,17.3
20090930,18.7
20091001,17.7
20091002,10.5
20091003,12.5
20091004,12.3
20091005,8.5
20091006,13.3
20091007,9.3
20091008,13.3
20091009,12.4
20091010,10.0
20091011,13.1
20091012,10.2
20091013,11.9
20091014,8.2
20091015,9.2
20091016,10.9
20091017,8.0
20091018,7.9
20091019,6.1
20091020,4.1
20091021,4.9
20091022,7.5
20091023,8.9
20091024,9.6
20091025,10.9
20091026,11.9
20091027,9.7
20091028,9.8
20091029,9.6
20091030,6.3
20091031,5.2
20091101,-0.6
20091102,-3.7
20091103,-4.8
20091104,-1.7
20091105,1.1
20091106,4.1
20091107,4.1
20091108,6.2
20091109,-0.8
20091110,-2.6
20091111,1.3
20091112,-0.9
20091113,-3.6
20091114,-0.8
20091115,-4.4
20091116,-4.3
20091117,-5.0
20091118,-6.4
20091119,-3.9
20091120,-4.1
20091121,-5.1
20091122,-4.3
20091123,-3.0
20091124,1.5
20091125,-0.5
20091126,1.4
20091127,-1.8
20091128,-3.6
20091129,-2.7
20091130,-2.5
20091201,-1.2
20091202,-1.6
20091203,-4.4
20091204,-2.0
20091205,-6.3
20091206,-5.5
20091207,-4.7
20091208,-4.8
20091209,-4.0
20091210,0.9
20091211,0.0
20091212,-5.8
20091213,-2.2
20091214,-4.6
20091215,-5.5
20091216,-7.1
20091217,-6.9
20091218,-7.5
20091219,-7.6
20091220,-4.1
20091221,-10.1
20091222,-6.7
20091223,-5.6
20091224,-4.3
20091225,-10.2
20091226,-12.1
20091227,-9.4
20091228,-11.7
20091229,-7.0
20091230,-6.2
20091231,-12.2
20100101,-10.2
20100102,-6.3
20100103,-9.9
20100104,-13.4
20100105,-15.6
20100106,-16.7
20100107,-13.5
20100108,-12.1
20100109,-13.4
20100110,-11.0
20100111,-10.0
20100112,-10.5
20100113,-13.7
20100114,-13.2
20100115,-9.2
20100116,-10.7
20100117,-9.5
20100118,-9.1
20100119,0.0
20100120,-2.4
20100121,-8.4
20100122,-6.1
20100123,-5.7
20100124,-7.7
20100125,-6.5
20100126,-9.1
20100127,-2.8
20100128,-1.8
20100129,-5.5
20100130,-2.4
20100131,-3.2
20100201,-4.2
20100202,-8.6
20100203,-9.0
20100204,-6.8
20100205,-6.3
20100206,-6.8
20100207,-6.1
20100208,-4.8
20100209,-1.7
20100210,-3.1
20100211,-4.5
20100212,-7.8
20100213,-9.5
20100214,-5.5
20100215,-9.2
20100216,-9.4
20100217,-5.3
20100218,-8.5
20100219,-6.8
20100220,-3.9
20100221,-3.3
20100222,-2.7
20100223,-4.4
20100224,0.2
20100225,3.4
20100226,-0.2
20100227,-2.7
20100228,-2.4
20100301,-4.3
20100302,-4.8
20100303,-1.9
20100304,0.3
20100305,-2.2
20100306,-4.6
20100307,-5.0
20100308,-4.6
20100309,-6.3
20100310,-6.7
20100311,-2.2
20100312,4.0
20100313,-0.8
20100314,-0.3
20100315,-0.8
20100316,-3.3
20100317,0.4
20100318,-1.4
20100319,3.3
20100320,4.9
20100321,2.4
20100322,5.3
20100323,1.6
20100324,5.6
20100325,0.6
20100326,1.0
20100327,1.6
20100328,-0.9
20100329,5.6
20100330,7.5
20100331,6.2
20100401,5.8
20100402,4.5
20100403,2.4
20100404,6.4
20100405,8.0
20100406,2.2
20100407,5.1
20100408,9.3
20100409,8.9
20100410,7.0
20100411,5.3
20100412,6.1
20100413,3.5
20100414,3.3
20100415,4.0
20100416,4.4
20100417,5.4
20100418,9.3
20100419,12.9
20100420,8.0
20100421,11.9
20100422,8.6
20100423,2.8
20100424,8.8
20100425,9.8
20100426,6.8
20100427,2.8
20100428,6.2
20100429,5.1
20100430,8.3
20100501,10.4
20100502,17.7
20100503,16.2
20100504,14.4
20100505,16.0
20100506,14.9
20100507,16.2
20100508,15.0
20100509,15.7
20100510,12.1
20100511,14.7
20100512,11.8
20100513,12.6
20100514,15.1
20100515,15.4
20100516,15.6
20100517,14.0
20100518,13.5
20100519,13.2
20100520,15.4
20100521,19.9
20100522,18.0
20100523,18.0
20100524,18.7
20100525,21.2
20100526,21.6
20100527,19.1
20100528,17.2
20100529,17.0
20100530,19.2
20100531,17.7
20100601,17.4
20100602,16.7
20100603,16.3
20100604,16.9
20100605,17.5
20100606,19.3
20100607,20.8
20100608,20.2
20100609,21.0
20100610,20.0
20100611,18.1
20100612,18.6
20100613,21.6
20100614,18.6
20100615,21.2
20100616,23.7
20100617,18.5
20100618,18.6
20100619,18.4
20100620,22.5
20100621,20.4
20100622,23.6
20100623,19.6
20100624,19.4
20100625,20.9
20100626,21.5
20100627,22.2
20100628,23.2
20100629,22.9
20100630,24.4
20100701,23.1
20100702,20.5
20100703,24.5
20100704,26.4
20100705,25.0
20100706,25.4
20100707,24.5
20100708,24.2
20100709,22.2
20100710,21.4
20100711,21.9
20100712,22.2
20100713,22.5
20100714,24.1
20100715,24.4
20100716,23.7
20100717,24.9
20100718,25.1
20100719,22.7
20100720,21.6
20100721,23.1
20100722,24.4
20100723,26.1
20100724,26.6
20100725,26.5
20100726,26.9
20100727,27.1
20100728,26.7
20100729,27.8
20100730,27.0
20100731,29.2
20100801,24.1
20100802,24.4
20100803,23.5
20100804,23.2
20100805,24.0
20100806,21.7
20100807,22.2
20100808,21.1
20100809,25.0
20100810,25.5
20100811,24.7
20100812,22.6
20100813,25.8
20100814,24.2
20100815,21.5
20100816,23.1
20100817,23.7
20100818,25.2
20100819,21.3
20100820,23.9
20100821,20.3
20100822,19.0
20100823,20.4
20100824,21.7
20100825,18.4
20100826,20.6
20100827,23.3
20100828,20.0
20100829,21.4
20100830,22.2
20100831,21.1
20100901,20.3
20100902,21.6
20100903,20.2
20100904,21.4
20100905,21.3
20100906,20.8
20100907,23.7
20100908,18.4
20100909,18.8
20100910,18.7
20100911,19.3
20100912,19.8
20100913,20.4
20100914,20.8
20100915,22.1
20100916,23.0
20100917,14.2
20100918,13.5
20100919,15.6
20100920,17.4
20100921,13.1
20100922,8.7
20100923,9.4
20100924,12.9
20100925,12.1
20100926,12.5
20100927,11.6
20100928,11.6
20100929,8.2
20100930,10.3
20101001,13.4
20101002,16.3
20101003,15.7
20101004,9.2
20101005,10.6
20101006,13.1
20101007,13.8
20101008,12.8
20101009,12.2
20101010,14.2
20101011,13.1
20101012,7.7
20101013,8.7
20101014,14.7
20101015,9.7
20101016,7.9
20101017,7.9
20101018,6.6
20101019,6.5
20101020,7.4
20101021,10.2
20101022,11.2
20101023,12.3
20101024,7.5
20101025,4.0
20101026,2.9
20101027,-0.2
20101028,0.4
20101029,2.6
20101030,3.4
20101031,3.7
20101101,5.4
20101102,1.2
20101103,1.6
20101104,4.0
20101105,3.7
20101106,5.6
20101107,8.5
20101108,3.0
20101109,-1.3
20101110,-0.3
20101111,4.9
20101112,0.9
20101113,4.2
20101114,-1.4
20101115,-3.5
20101116,-2.4
20101117,-1.0
20101118,1.2
20101119,0.9
20101120,2.6
20101121,3.2
20101122,-1.2
20101123,-1.5
20101124,-0.9
20101125,-4.8
20101126,-3.1
20101127,0.0
20101128,-3.4
20101129,-1.6
20101130,-3.3
20101201,1.1
20101202,-0.1
20101203,-5.0
20101204,-3.4
20101205,-2.1
20101206,-0.4
20101207,-4.5
20101208,-0.7
20101209,-1.6
20101210,-1.0
20101211,-5.0
20101212,-4.1
20101213,-5.4
20101214,-8.8
20101215,-11.0
20101216,-8.3
20101217,-6.8
20101218,-4.9
20101219,-3.3
20101220,-3.9
20101221,-2.1
20101222,-2.8
20101223,-7.2
20101224,-11.3
20101225,-8.4
20101226,-9.2
20101227,-7.8
20101228,-3.9
20101229,-5.2
20101230,-7.7
20101231,-8.9
20110101,-6.9
20110102,-6.8
20110103,-7.1
20110104,-8.9
20110105,-7.1
20110106,-6.7
20110107,-9.2
20110108,-5.8
20110109,-8.1
20110110,-10.3
20110111,-6.9
20110112,-10.3
20110113,-9.0
20110114,-4.8
20110115,-10.5
20110116,-11.6
20110117,-10.5
20110118,-10.4
20110119,-9.8
20110120,-10.4
20110121,-10.2
20110122,-9.9
20110123,-7.8
20110124,-10.2
20110125,-8.5
20110126,-11.4
20110127,-9.3
20110128,-8.3
20110129,-11.1
20110130,-10.3
20110131,-9.4
20110201,-6.6
20110202,-6.6
20110203,-2.9
20110204,-5.3
20110205,-6.4
20110206,-4.4
20110207,-1.7
20110208,-5.8
20110209,-6.3
20110210,-4.7
20110211,-8.3
20110212,-9.4
20110213,-6.6
20110214,-9.8
20110215,-8.3
20110216,-7.0
20110217,-4.6
20110218,-6.5
20110219,-3.7
20110220,-3.6
20110221,-2.2
20110222,-2.0
20110223,-0.9
20110224,1.1
20110225,-4.1
20110226,-2.5
20110227,-0.9
20110228,-2.7
20110301,-1.7
20110302,-3.8
20110303,-0.7
20110304,-3.3
20110305,2.3
20110306,5.8
20110307,2.2
20110308,3.1
20110309,-1.3
20110310,-0.5
20110311,1.9
20110312,3.5
20110313,5.0
20110314,5.0
20110315,1.1
20110316,-0.5
20110317,-0.1
20110318,5.3
20110319,2.1
20110320,4.7
20110321,1.8
20110322,-1.8
20110323,0.5
20110324,3.3
20110325,-0.3
20110326,2.3
20110327,3.5
20110328,4.6
20110329,1.7
20110330,4.8
20110331,7.0
20110401,4.1
20110402,3.4
20110403,1.8
20110404,3.5
20110405,6.7
20110406,10.8
20110407,9.1
20110408,3.7
20110409,8.4
20110410,11.4
20110411,7.4
20110412,8.2
20110413,10.3
20110414,11.2
20110415,16.2
20110416,9.1
20110417,15.6
20110418,11.6
20110419,7.5
20110420,10.0
20110421,10.9
20110422,7.0
20110423,8.7
20110424,7.4
20110425,11.1
20110426,9.8
20110427,7.0
20110428,11.8
20110429,13.0
20110430,12.9
20110501,15.1
20110502,10.4
20110503,14.5
20110504,14.7
20110505,13.0
20110506,9.7
20110507,14.3
20110508,12.4
20110509,11.9
20110510,14.4
20110511,13.0
20110512,16.0
20110513,17.7
20110514,16.8
20110515,16.0
20110516,11.1
20110517,16.2
20110518,18.1
20110519,16.7
20110520,16.8
20110521,11.5
20110522,12.6
20110523,14.0
20110524,16.9
20110525,17.6
20110526,17.6
20110527,14.6
20110528,19.2
20110529,21.8
20110530,20.1
20110531,22.4
20110601,21.5
20110602,19.6
20110603,23.5
20110604,20.3
20110605,17.6
20110606,22.8
20110607,19.9
20110608,18.0
20110609,20.3
20110610,22.5
20110611,17.6
20110612,17.1
20110613,20.0
20110614,23.2
20110615,22.0
20110616,19.5
20110617,20.9
20110618,20.9
20110619,20.7
20110620,21.9
20110621,25.2
20110622,26.7
20110623,20.0
20110624,17.7
20110625,19.3
20110626,19.7
20110627,19.9
20110628,22.2
20110629,23.4
20110630,23.3
20110701,22.5
20110702,24.2
20110703,23.3
20110704,23.5
20110705,25.7
20110706,25.0
20110707,20.0
20110708,21.0
20110709,20.9
20110710,24.4
20110711,23.6
20110712,24.2
20110713,23.9
20110714,24.1
20110715,21.6
20110716,22.6
20110717,21.6
20110718,22.7
20110719,23.6
20110720,22.1
20110721,23.7
20110722,24.3
20110723,26.1
20110724,24.4
20110725,24.0
20110726,24.2
20110727,23.0
20110728,25.4
20110729,23.2
20110730,21.1
20110731,23.4
20110801,25.3
20110802,24.9
20110803,20.9
20110804,22.5
20110805,24.9
20110806,24.1
20110807,24.1
20110808,24.3
20110809,21.9
20110810,22.0
20110811,24.9
20110812,25.5
20110813,24.5
20110814,23.8
20110815,24.5
20110816,22.8
20110817,22.6
20110818,21.1
20110819,20.7
20110820,19.9
20110821,21.0
20110822,21.0
20110823,21.7
20110824,21.3
20110825,21.9
20110826,20.3
20110827,21.0
20110828,18.9
20110829,20.9
20110830,24.2
20110831,23.5
20110901,19.2
20110902,19.2
20110903,21.2
20110904,19.6
20110905,18.9
20110906,20.2
20110907,21.1
20110908,17.0
20110909,16.5
20110910,14.0
20110911,13.3
20110912,13.9
20110913,18.7
20110914,18.4
20110915,17.7
20110916,18.2
20110917,15.2
20110918,11.8
20110919,10.2
20110920,10.4
20110921,10.3
20110922,10.6
20110923,13.9
20110924,14.2
20110925,14.5
20110926,15.1
20110927,15.2
20110928,17.0
20110929,16.9
20110930,11.2
20111001,9.8
20111002,7.6
20111003,5.3
20111004,9.4
20111005,11.8
20111006,10.4
20111007,9.5
20111008,12.2
20111009,16.5
20111010,15.7
20111011,15.7
20111012,13.7
20111013,13.6
20111014,11.6
20111015,10.1
20111016,8.8
20111017,6.7
20111018,7.9
20111019,10.5
20111020,12.3
20111021,10.9
20111022,10.2
20111023,9.4
20111024,2.5
20111025,1.0
20111026,5.0
20111027,4.8
20111028,5.2
20111029,5.6
20111030,6.1
20111031,10.4
20111101,12.6
20111102,7.8
20111103,10.5
20111104,12.3
20111105,10.4
20111106,8.4
20111107,5.2
20111108,9.0
20111109,5.0
20111110,0.9
20111111,2.4
20111112,8.2
20111113,5.5
20111114,0.1
20111115,1.0
20111116,2.6
20111117,5.1
20111118,5.7
20111119,2.4
20111120,-2.4
20111121,-1.8
20111122,2.4
20111123,-1.0
20111124,-4.2
20111125,-3.4
20111126,-0.9
20111127,-2.0
20111128,1.0
20111129,0.6
20111130,-2.7
20111201,-4.4
20111202,-2.3
20111203,-5.9
20111204,-3.9
20111205,-2.7
20111206,0.5
20111207,0.2
20111208,-5.1
20111209,-5.3
20111210,-5.5
20111211,-4.4
20111212,-1.9
20111213,-0.7
20111214,-3.9
20111215,-5.6
20111216,-7.9
20111217,-10.2
20111218,-6.9
20111219,-5.4
20111220,-6.5
20111221,-4.4
20111222,-4.1
20111223,-7.6
20111224,-2.6
20111225,-5.5
20111226,-7.0
20111227,-5.3
20111228,-6.2
20111229,-4.9
20111230,-3.9
20111231,-6.5
20120101,-5.1
20120102,-5.6
20120103,-5.0
20120104,-8.4
20120105,-9.9
20120106,-7.1
20120107,-4.6
20120108,-4.7
20120109,-8.4
20120110,-8.0
20120111,-10.0
20120112,-10.2
20120113,-6.8
20120114,-7.0
20120115,-5.4
20120116,-5.6
20120117,-1.3
20120118,-2.7
20120119,-2.6
20120120,-4.1
20120121,-10.7
20120122,-12.2
20120123,-13.3
20120124,-9.2
20120125,-12.5
20120126,-10.3
20120127,-9.8
20120128,-6.7
20120129,-8.6
20120130,-8.2
20120131,-7.3
20120201,-11.9
20120202,-10.7
20120203,-11.7
20120204,-7.8
20120205,-5.0
20120206,-6.5
20120207,-10.8
20120208,-8.9
20120209,-6.8
20120210,-8.5
20120211,-7.1
20120212,-4.6
20120213,-5.7
20120214,-3.2
20120215,-7.2
20120216,-3.0
20120217,-6.3
20120218,-7.2
20120219,-8.7
20120220,-6.7
20120221,-4.5
20120222,-2.0
20120223,-2.6
20120224,-3.5
20120225,-3.6
20120226,-3.5
20120227,-5.1
20120228,-2.6
20120229,-2.5
20120301,-0.2
20120302,0.3
20120303,-0.7
20120304,-2.3
20120305,-2.2
20120306,-0.5
20120307,0.0
20120308,-3.1
20120309,-4.4
20120310,-1.7
20120311,-4.2
20120312,-5.4
20120313,-3.3
20120314,2.5
20120315,-2.9
20120316,3.6
20120317,2.0
20120318,-1.2
20120319,0.3
20120320,-0.8
20120321,0.8
20120322,5.3
20120323,2.9
20120324,2.1
20120325,1.4
20120326,2.7
20120327,5.1
20120328,10.1
20120329,9.4
20120330,7.3
20120331,6.0
20120401,3.5
20120402,6.0
20120403,2.5
20120404,4.7
20120405,6.0
20120406,6.6
20120407,2.8
20120408,11.7
20120409,11.6
20120410,16.1
20120411,10.6
20120412,11.7
20120413,9.7
20120414,11.3
20120415,13.4
20120416,9.6
20120417,12.0
20120418,16.7
20120419,13.2
20120420,12.0
20120421,11.3
20120422,11.3
20120423,15.2
20120424,13.3
20120425,14.4
20120426,7.6
20120427,14.5
20120428,12.0
20120429,9.9
20120430,11.5
20120501,15.9
20120502,13.8
20120503,15.8
20120504,17.0
20120505,15.7
20120506,15.3
20120507,18.4
20120508,14.7
20120509,16.0
20120510,16.8
20120511,19.8
20120512,15.0
20120513,14.2
20120514,11.3
20120515,10.8
20120516,15.5
20120517,15.4
20120518,15.2
20120519,20.8
20120520,19.1
20120521,17.8
20120522,20.0
20120523,19.4
20120524,18.1
20120525,16.3
20120526,13.9
20120527,17.4
20120528,18.4
20120529,18.6
20120530,15.0
20120531,15.1
20120601,16.1
20120602,17.0
20120603,19.0
20120604,17.5
20120605,20.0
20120606,21.7
20120607,21.3
20120608,21.0
20120609,18.9
20120610,18.0
20120611,16.5
20120612,18.9
20120613,19.1
20120614,19.0
20120615,17.5
20120616,16.8
20120617,21.1
20120618,25.7
20120619,21.1
20120620,21.5
20120621,22.0
20120622,20.7
20120623,22.1
20120624,22.3
20120625,20.7
20120626,21.5
20120627,21.2
20120628,20.7
20120629,20.3
20120630,21.5
20120701,23.1
20120702,24.1
20120703,22.6
20120704,24.3
20120705,22.3
20120706,21.7
20120707,24.9
20120708,25.3
20120709,23.4
20120710,21.0
20120711,21.0
20120712,23.4
20120713,22.8
20120714,23.7
20120715,21.6
20120716,22.6
20120717,24.1
20120718,23.1
20120719,24.6
20120720,26.0
20120721,23.8
20120722,23.1
20120723,22.6
20120724,24.7
20120725,25.7
20120726,24.9
20120727,24.5
20120728,25.3
20120729,23.5
20120730,25.4
20120731,19.5
20120801,19.9
20120802,19.8
20120803,24.5
20120804,23.0
20120805,24.8
20120806,24.1
20120807,25.0
20120808,26.5
20120809,23.5
20120810,23.3
20120811,22.8
20120812,20.4
20120813,21.1
20120814,20.6
20120815,17.3
20120816,21.4
20120817,22.6
20120818,23.0
20120819,21.0
20120820,23.3
20120821,21.1
20120822,16.8
20120823,17.2
20120824,17.8
20120825,18.1
20120826,20.7
20120827,23.6
20120828,22.6
20120829,22.6
20120830,24.5
20120831,25.0
20120901,24.0
20120902,18.2
20120903,17.6
20120904,12.9
20120905,13.9
20120906,15.7
20120907,17.9
20120908,19.4
20120909,18.2
20120910,19.5
20120911,20.3
20120912,18.4
20120913,12.1
20120914,12.7
20120915,13.8
20120916,14.0
20120917,13.8
20120918,14.3
20120919,14.9
20120920,16.6
20120921,17.7
20120922,18.9
20120923,16.9
20120924,18.0
20120925,16.3
20120926,13.1
20120927,13.9
20120928,15.4
20120929,9.6
20120930,10.5
20121001,10.4
20121002,11.3
20121003,15.7
20121004,10.3
20121005,11.7
20121006,12.2
20121007,12.4
20121008,11.9
20121009,16.0
20121010,10.8
20121011,7.5
20121012,9.5
20121013,13.1
20121014,6.2
20121015,11.0
20121016,11.6
20121017,4.0
20121018,3.2
20121019,6.3
20121020,7.6
20121021,9.6
20121022,7.1
20121023,4.6
20121024,6.3
20121025,7.9
20121026,11.3
20121027,10.2
20121028,8.1
20121029,9.1
20121030,1.7
20121031,1.2
20121101,1.8
20121102,5.2
20121103,5.2
20121104,0.8
20121105,4.4
20121106,0.4
20121107,1.5
20121108,0.6
20121109,3.0
20121110,4.7
20121111,1.4
20121112,-2.3
20121113,0.8
20121114,-0.4
20121115,-3.2
20121116,0.9
20121117,-1.9
20121118,0.1
20121119,1.8
20121120,-1.4
20121121,-1.0
20121122,0.5
20121123,-3.4
20121124,-4.8
20121125,-1.4
20121126,-0.8
20121127,-2.8
20121128,-0.3
20121129,-5.2
20121130,-4.2
20121201,-6.2
20121202,-6.3
20121203,-5.0
20121204,-7.4
20121205,-4.1
20121206,-8.5
20121207,-6.7
20121208,-9.2
20121209,-8.5
20121210,-6.0
20121211,-8.8
20121212,-3.7
20121213,-2.1
20121214,-1.9
20121215,0.2
20121216,-1.9
20121217,-3.7
20121218,-8.5
20121219,-6.3
20121220,-7.2
20121221,-6.8
20121222,-8.0
20121223,-11.9
20121224,-13.7
20121225,-10.7
20121226,-12.6
20121227,-11.4
20121228,-8.9
20121229,-5.9
20121230,-10.6
20121231,-11.6
20130105,-14.1
20130114,-9.5
20130129,-6.0
20130202,-7.2
20130204,-5.6
20130209,-11.2
20130213,-8.0
20130215,-8.3
20130216,-6.6
20130220,-8.0
20130224,-2.8
20130227,-3.0
20130303,-4.9
20130305,0.3
20130310,-2.1
20130311,-1.0
20130315,-0.6
20130317,4.6
20130320,-3.0
20130321,-0.9
20130325,-1.9
20130326,1.4
20130330,2.9
20130403,5.4
20130406,0.8
20130407,1.9
20130416,7.7
20130420,2.7
20130421,4.9
20130422,7.5
20130424,6.1
20130426,7.6
20130429,8.9
20130501,8.2
20130505,13.6
20130516,14.5
20130517,17.0
20130520,11.7
20130523,17.0
20130525,17.8
20130527,16.4
20130530,14.9
20130603,18.5
20130608,19.4
20130610,16.4
20130612,14.6
20130613,18.3
20130614,18.7
20130615,19.5
20130617,21.7
20130619,22.0
20130623,19.3
20130627,23.4
20130629,20.2
20130630,22.3
20130702,21.4
20130703,22.7
20130705,22.2
20130707,22.5
20130708,22.5
20130712,20.8
20130717,20.8
20130719,22.9
20130724,22.2
20130728,23.7
20130731,21.0
20130802,21.6
20130805,20.3
20130809,22.9
20130812,23.7
20130814,24.2
20130816,25.7
20130819,22.8
20130911,16.4
20130912,18.0
20130913,17.9
20130916,17.6
20130927,10.8
20130928,13.3
20130929,14.4
20131003,9.8
20131009,11.7
20131011,8.0
20131012,10.4
20131016,3.1
20131017,5.0
20131018,6.0
20131024,3.9
20131104,3.2
20131112,0.5
20131117,-1.2
20131122,-2.3
20131123,-0.5
20131127,-4.1
20131128,-4.4
20131129,-4.2
20131202,-3.5
20131204,-1.6
20131229,-7.8
20131231,-3.9
20140105,-5.9
20140115,-9.1
20140118,-7.5
20140119,-3.9
20140123,-6.7
20140125,-5.4
20140130,-5.5
20140211,-11.2
20140212,-9.2
20140216,-4.2
20140221,-4.4
20140222,-1.1
20140223,0.4
20140225,-1.1
20140226,0.7
20140307,-2.7
20140310,-2.2
20140311,1.0
20140313,-2.7
20140315,2.5
20140317,5.4
20140322,4.6
20140326,9.6
20140330,8.2
20140401,8.4
20140406,5.9
20140408,9.9
20140409,12.5
20140412,7.1
20140413,9.0
20140414,11.7
20140422,9.0
20140423,14.7
20140430,12.8
20140505,6.8
20140506,9.5
20140508,10.7
20140512,9.7
20140513,15.4
20140515,10.5
20140518,15.3
20140521,18.2
20140522,19.9
20140526,16.0
20140528,16.3
20140603,16.7
20140605,20.9
20140607,14.3
20140609,15.8
20140612,19.1
20140614,18.7
20140617,17.9
20140618,19.0
20140620,18.4
20140623,17.8
20140624,21.2
20140628,20.2
20140702,20.2
20140703,22.7
20140705,22.5
20140707,23.9
20140711,22.3
20140714,21.5
20140715,23.5
20140717,22.2
20140718,24.5
20140719,26.4
20140725,21.0
20140726,23.3
20140727,23.3
20140728,23.7
20140730,22.5
20140731,23.9
20140801,24.2
20140802,25.7
20140805,19.5
20140814,17.4
20140815,19.2
20140820,21.9
20140822,21.6
20140823,21.6
20140827,19.7
20140829,18.7
20140904,16.0
20140905,18.3
20140906,20.9
20140909,15.9
20140913,17.8
20140916,13.6
20140919,14.3
20140921,17.2
20140925,15.0
20141002,8.8
20141003,12.1
20141006,6.0
20141007,9.1
20141010,13.2
20141014,4.0
20141017,6.5
20141018,7.9
20141022,7.8
20141028,4.1
20141029,6.5
20141101,7.0
20141105,2.5
20141110,-0.5
20141111,2.2
20141114,-1.7
20141122,-1.0
20141129,0.2
20141206,-6.6
20141220,-5.6
20150104,-7.0
20150117,-6.8
20150124,-2.8
20150128,-5.6
20150206,-5.0
20150209,-9.2
20150210,-6.6
20150219,-3.0
20150220,-0.2
20150223,-6.1
20150224,-4.2
20150302,-3.0
20150304,-7.3
20150310,-6.2
20150311,-4.0
20150313,-2.7
20150315,0.2
20150319,2.6
20150320,7.3
20150323,-0.8
20150327,7.6
20150329,8.5
20150402,4.4
20150403,6.8
20150404,7.4
20150409,4.3
20150410,6.5
20150414,4.5
20150415,9.3
20150417,9.1
20150420,6.3
20150422,8.5
20150424,8.7
20150425,10.6
20150426,15.8
20150429,13.6
20150505,12.1
20150507,9.7
20150510,8.5
20150511,8.9
20150513,11.9
20150516,10.9
20150522,14.9
20150523,16.3
20150525,20.3
20150531,19.5
20150603,17.3
20150605,15.4
20150608,14.6
20150611,16.4
20150612,17.9
20150614,18.2
20150620,17.6
20150621,20.9
20150622,21.4
20150623,21.8
20150626,20.6
20150627,21.5
20150703,18.0
20150705,17.7
20150707,20.7
20150708,22.1
20150710,22.9
20150716,21.2
20150718,20.8
20150719,21.3
20150720,22.6
20150722,21.2
20150723,21.8
20150725,22.7
20150726,24.0
20150728,23.4
20150731,22.3
20150802,23.0
20150804,18.7
20150806,22.0
20150808,20.2
20150810,24.7
20150813,24.0
20150816,22.4
20150829,20.0
20150901,18.7
20150905,17.0
20150908,16.7
20150911,13.7
20150916,14.9
20150917,16.8
20150921,16.8
20150923,15.2
20150926,12.7
20150927,15.3
20150930,13.7
20151006,14.1
20151009,8.1
20151010,9.8
20151013,8.2
20151022,8.3
20151103,3.0
20151107,0.7
20151109,2.6
20151111,5.8
20151117,1.1
20151118,2.6
20151130,-4.2
20151202,-2.8
20151208,-1.2
20151228,-8.2
20160120,-9.3
20160124,-15.1
20160125,-10.1
20160203,-8.5
20160210,-4.9
20160215,-7.4
20160217,-4.3
20160221,-7.2
20160222,-4.5
20160302,-1.5
20160314,-1.4
20160318,6.5
20160321,2.9
20160325,2.0
20160326,3.5
20160329,8.2
20160331,8.1
20160411,4.5
20160412,7.0
20160413,8.0
20160415,8.1
20160424,8.5
20160428,11.2
20160430,14.5
20160504,9.1
20160508,12.2
20160510,11.6
20160513,7.8
20160516,11.0
20160517,14.4
20160522,17.0
20160524,11.9
20160528,15.5
20160530,18.0
20160602,16.2
20160603,18.8
20160608,17.5
20160615,15.7
20160616,18.1
20160619,21.3
20160622,22.7
20160626,22.6
20160628,18.2
20160702,20.9
20160703,23.5
20160706,22.2
20160707,23.3
20160708,23.8
20160710,25.5
20160711,26.3
20160713,22.9
20160715,20.4
20160716,21.3
20160718,23.8
20160720,21.3
20160721,22.0
20160722,23.5
20160726,22.6
20160728,22.5
20160803,25.1
20160809,21.8
20160810,25.8
20160811,26.9
20160816,19.6
20160817,23.7
20160821,23.5
20160822,24.0
20160824,24.7
20160826,16.0
20160831,18.1
20160903,19.2
20160912,17.0
20160920,13.3
20160922,15.4
20160924,17.8
20160929,8.4
20160930,12.1
20161002,14.5
20161010,6.1
20161011,8.4
20161013,10.0
20161015,10.8
20161017,10.3
20161018,13.7
20161025,5.5
20161029,0.3
20161101,-4.0
20161112,0.6
20161115,-1.5
20161117,3.7
20161211,-5.0
20170106,-4.6
20170116,-4.4
20170118,-5.8
20170202,-10.0
20170215,-3.4
20170224,-4.2
20170227,-0.8
20170228,4.0
20170304,-1.8
20170308,-2.2
20170310,0.1
20170316,2.0
20170318,4.0
20170319,5.6
20170322,3.7
20170325,0.7
20170329,5.2
20170403,7.7
20170406,9.2
20170413,5.7
20170415,10.3
20170417,10.8
20170420,5.6
20170422,9.5
20170427,7.2
20170502,13.5
20170504,15.9
20170508,14.7
20170513,14.3
20170518,19.7
20170524,13.6
20170526,14.7
20170527,18.0
20170528,20.3
20170601,16.2
20170603,12.6
20170604,15.4
20170611,15.6
20170614,16.1
20170615,19.0
20170616,23.5
20170617,23.8
20170620,21.0
20170625,17.9
20170626,19.8
20170627,22.9
20170630,24.2
20170705,24.5
20170708,20.6
20170711,24.0
20170712,24.8
20170715,25.0
20170719,26.0
20170721,21.2
20170722,21.4
20170727,21.2
20170730,19.5
20170731,22.1
20170803,24.4
20170809,21.9
20170810,24.0
20170814,22.2
20170815,22.9
20170817,20.5
20170820,22.0
20170821,24.5
20170827,16.9
20170830,15.6
20170901,18.2
20170903,18.3
20170904,20.1
20170907,18.8
20170908,21.3
20170909,22.4
20170912,16.4
20170921,15.3
20170923,13.4
20170924,18.2
20170929,9.1
20170930,13.9
20171001,16.4
20171005,8.4
20171006,10.8
20171007,12.2
20171013,5.8
20171014,7.7
20171017,8.5
20171021,9.5
20171024,5.6
20171025,6.9
20171026,8.6
20171027,8.6
20171030,-0.4
20171031,1.7
20171104,-1.7
20171105,2.0
20171109,4.1
20171116,-4.1
20171120,-6.4
20171122,-2.3
20171123,-4.2
20171209,-3.5
20171215,-5.0
20180106,-6.3
20180112,-11.2
20180115,-5.1
20180128,-11.0
20180130,-6.6
20180208,-11.1
20180210,-10.5
20180211,-6.4
20180218,-6.2
20180225,-7.3
20180227,-0.5
20180301,-2.4
20180303,1.4
20180306,-4.1
20180309,-4.4
20180311,-3.0
20180313,2.1
20180314,7.4
20180316,-1.2
20180321,-1.6
20180322,0.7
20180325,5.5
20180327,9.4
20180330,6.4
20180402,12.8
20180405,0.4
20180408,1.7
20180409,6.5
20180411,7.5
20180412,10.8
20180416,7.1
20180417,12.8
20180420,14.3
20180425,8.6
20180426,11.9
20180428,12.9
20180504,11.2
20180506,12.9
20180509,12.4
20180510,16.4
20180513,14.3
20180514,19.5
20180515,20.4
20180516,20.5
20180519,16.5
20180523,9.7
20180524,14.6
20180525,18.4
20180527,16.0
20180602,20.3
20180604,17.3
20180605,20.5
20180606,22.6
20180608,19.0
20180610,16.2
20180611,17.4
20180614,15.2
20180615,19.5
20180616,19.8
20180617,19.9
20180618,20.9
20180623,22.9
20180701,21.2
20180703,23.2
20180704,24.7
20180706,22.2
20180708,23.1
20180710,22.7
20180712,21.0
20180713,23.5
20180714,24.4
20180719,23.6
20180720,26.8
20180724,24.0
20180726,24.0
20180728,25.5
20180729,26.5
20180731,26.9
20180804,27.4
20180809,23.3
20180810,24.3
20180812,23.7
20180813,23.8
20180815,24.3
20180825,21.7
20180826,23.4
20180831,19.4
20180904,17.8
20180905,17.7
20180910,16.6
20180912,17.4
20180925,11.5
20180930,7.6
20181005,12.6
20181008,6.2
20181013,6.2
20181014,7.7
20181020,4.1
20181027,3.3
20181103,4.4
20181107,-1.4
20181109,0.7
20181114,2.7
20181120,-1.6
20181126,-2.1
20181205,-6.8
20181210,-11.3
20181212,-12.1
20181225,-8.9
20190101,-12.4
20190107,-9.5
20190110,-9.7
20190113,-10.4
20190119,-4.5
20190121,-7.2
20190124,-5.0
20190126,-6.7
20190205,-6.5
20190207,-10.8
20190211,-10.3
20190213,-7.0
20190217,-7.7
20190218,-3.6
20190221,-6.7
20190223,-3.6
20190227,-2.4
20190228,-2.5
20190304,0.8
20190308,-0.7
20190312,-1.1
20190314,0.5
20190317,3.9
20190319,5.7
20190322,0.2
20190325,2.2
20190327,3.5
20190329,1.4
20190401,1.2
20190403,2.7
20190408,5.8
20190410,2.2
20190412,6.7
20190413,8.5
20190415,7.4
20190417,12.2
20190422,9.3
20190423,15.2
20190425,4.9
20190426,9.1
20190428,7.6
20190502,8.7
20190503,11.8
20190507,8.1
20190509,10.6
20190510,14.2
20190513,6.6
20190514,10.3
20190516,17.7
20190521,10.2
20190522,12.3
20190525,19.4
20190528,12.5
20190529,16.3
20190531,14.2
20190605,19.6
20190612,21.3
20190616,18.0
20190618,20.1
20190622,20.9
20190624,22.3
20190627,22.1
20190629,22.2
20190701,19.3
20190703,21.5
20190704,23.2
20190708,19.2
20190712,21.9
20190714,21.1
20190715,23.4
20190717,22.9
20190718,23.4
20190719,24.3
20190720,25.0
20190721,24.7
20190723,23.8
20190724,26.0
20190726,24.0
20190802,22.0
20190803,22.0
20190807,21.9
20190808,23.6
20190813,21.2
20190818,17.5
20190819,21.2
20190821,18.3
20190823,16.3
20190825,17.9
20190829,17.5
20190906,18.9
20190908,20.9
20190919,13.5
20190920,14.7
20190921,15.8
20190926,15.0
20191002,16.0
20191007,8.8
20191009,7.7
20191011,11.4
20191015,3.3
20191016,6.1
20191018,6.9
20191019,7.3
20191023,8.2
20191027,2.8
20191029,0.9
20191030,2.4
20191101,6.2
20191102,10.2
20191104,3.3
20191105,4.4
20191109,2.4
20191111,3.2
20191114,-3.2
20191115,-1.6
20191116,5.3
20191122,0.3
20191126,-6.9
20191202,-4.9
20191208,-6.0
20191209,-5.4
20191211,-8.0
20191212,-8.0
20191213,-7.1
20191215,-4.8
20191221,-9.0
20191222,-8.1
20191223,-5.2
20200101,-11.9
20200102,-10.4
20200103,-8.0
20200105,-6.0
20200106,-3.7
20200110,-6.3
20200127,-5.5
20200128,-4.2
20200201,-5.5
20200205,-8.8
20200208,-9.0
20200210,-5.0
20200211,-4.2
20200215,-5.0
20200218,-4.3
20200224,-1.4
20200228,-2.7
20200229,-0.9
20200302,-4.8
20200305,-3.1
20200306,-1.3
20200307,1.1
20200308,3.5
20200311,-1.9
20200314,-0.3
20200317,0.8
20200318,4.4
20200320,6.0
20200322,2.2
20200324,6.3
20200328,-1.1
20200330,6.3
20200331,8.2
20200402,1.7
20200403,3.7
20200405,3.9
20200406,7.0
20200408,3.7
20200409,3.8
20200411,4.0
20200414,8.9
20200418,8.7
20200421,2.9
20200422,6.1
20200424,7.1
20200428,9.2
20200430,13.8
20200501,17.5
20200503,15.8
20200505,12.1
20200506,14.5
20200507,13.3
20200510,10.8
20200511,14.7
20200513,11.9
20200514,17.7
20200518,12.9
20200519,12.8
20200521,14.8
20200522,14.8
20200524,14.4
20200526,14.2
20200528,15.4
20200601,13.8
20200602,15.8
20200607,20.0
20200612,20.8
20200615,20.3
20200619,19.1
20200620,22.4
20200626,18.7
20200627,21.1
20200704,20.7
20200706,19.6
20200707,20.0
20200710,19.2
20200711,21.8
20200712,22.0
20200716,23.3
20200720,21.8
20200725,23.1
20200727,21.3
20200729,21.4
20200730,23.4
20200806,23.3
20200808,22.6
20200810,20.9
20200811,24.0
20200812,21.3
20200813,21.3
20200814,24.0
20200816,23.3
20200817,23.7
20200820,17.7
20200821,17.5
20200822,18.3
20200823,19.6
20200824,19.5
20200828,20.5
20200829,23.1
20200904,15.6
20200905,18.6
20200913,17.8
20200914,19.9
20200919,12.7
20200930,10.7
20201003,8.5
20201006,6.2
20201008,8.7
20201010,11.3
20201013,6.0
20201015,3.7
20201020,7.2
20201024,2.3
20201030,2.8
20201031,5.8
20201106,3.5
20201107,3.7
20201111,2.5
20201112,2.9
20201116,4.7
20201117,8.0
20201129,-5.2
20201208,-9.3
20201217,-9.0
20201223,-7.5
20201227,-7.0
20210110,-9.3
20210120,-9.0
20210124,-6.8
20210218,-8.5
20210219,-4.7
20210221,2.3
20210227,-3.1
20210301,-1.2
20210302,-1.2
20210303,1.7
20210304,2.0
20210305,0.9
20210307,-3.4
20210308,-2.1
20210309,0.3
20210310,3.0
20210311,4.9
20210314,7.4
20210316,4.2
20210319,3.2
20210321,3.5
20210323,4.2
20210325,5.9
20210326,9.0
20210330,5.2
20210408,4.9
20210410,7.7
20210414,4.5
20210416,4.7
20210418,4.7
20210419,9.4
20210424,10.3
20210425,12.3
20210427,9.5
20210501,3.9
20210502,4.9
20210503,9.4
20210505,9.5
20210512,12.6
20210513,16.8
20210514,17.1
20210517,10.0
20210518,13.9
20210519,18.6
20210523,12.5
20210524,10.8
20210525,10.8
20210527,13.1
20210601,11.9
20210605,15.2
20210606,18.1
20210608,18.1
20210611,18.1
20210612,21.5
20210614,21.9
20210616,19.8
20210617,19.8
20210620,19.0
20210624,19.7
20210626,19.0
20210627,20.9
20210628,23.7
20210702,17.2
20210703,19.9
20210704,20.2
20210705,20.8
20210706,20.5
20210707,21.6
20210709,22.5
20210710,24.6
20210712,22.0
20210713,22.1
20210714,23.9
20210719,23.7
20210723,22.0
20210724,24.3
20210729,22.0
20210731,22.3
20210802,22.8
20210803,23.8
20210810,20.3
20210813,22.7
20210815,21.9
20210818,21.1
20210820,19.9
20210821,20.8
20210822,23.1
20210824,17.6
20210825,17.4
20210828,18.4
20210830,19.5
20210901,17.9
20210902,18.9
20210903,20.4
20210907,14.7
20210908,18.0
20210910,18.3
20210913,19.8
20210918,16.9
20210922,13.6
20210923,17.9
20210925,18.7
20210927,16.6
20210929,16.8
20211004,11.4
20211005,11.1
20211006,6.8
20211007,6.5
20211008,8.5
20211009,12.0
20211011,5.0
20211012,4.5
20211013,10.0
20211017,-0.2
20211020,0.8
20211021,1.4
20211024,3.3
20211025,5.9
20211030,6.5
20211102,5.5
20211103,5.5
20211104,6.6
20211105,7.9
20211107,-3.0
20211108,-2.9
20211109,-0.7
20211110,1.0
20211111,-0.3
20211114,0.8
20211118,0.7
20211202,-2.6
20211208,-2.4
20211229,-9.0
20220108,-6.4
20220109,-6.2
20220112,-8.5
20220119,-7.6
20220121,-5.3
20220122,-6.4
20220123,-6.4
20220203,-9.2
20220205,-6.9
20220214,-11.3
20220217,-9.2
20220218,-8.2
20220224,-6.4
20220225,-3.5
20220227,-1.9
20220307,-2.2
20220310,4.8
20220315,2.8
20220316,2.7
20220317,-1.1
20220318,-5.1
20220319,-5.2
20220320,-0.9
20220323,-1.1
20220324,1.9
20220326,0.4
20220327,0.8
20220328,5.6
20220401,0.2
20220403,5.3
20220407,2.7
20220408,7.5
20220410,12.4
20220416,4.5
20220417,7.9
20220419,8.8
20220420,11.5
20220423,10.1
20220424,12.8
20220425,16.5
20220427,7.8
20220428,7.8
20220429,8.9
20220503,10.9
20220504,14.5
20220507,6.7
20220509,7.8
20220511,8.4
20220513,7.0
20220516,9.1
20220519,15.0
20220522,18.2
20220524,19.0
20220527,16.1
20220528,22.0
20220602,16.6
20220603,21.2
20220605,19.0
20220607,17.0
20220610,18.2
20220611,18.8
20220613,16.5
20220614,18.3
20220615,19.3
20220616,20.0
20220617,20.0
20220619,21.8
20220620,22.8
20220621,24.9
20220622,21.4
20220625,21.6
20220626,22.3
20220628,21.0
20220629,21.0
20220630,21.6
20220701,22.2
20220702,22.8
20220704,22.3
20220705,22.7
20220707,22.2
20220711,19.6
20220712,20.6
20220713,20.6
20220719,21.7
20220722,21.5
20220723,21.5
20220724,22.8
20220728,20.4
20220729,21.4
20220730,23.7
20220801,25.6
20220802,26.4
20220805,25.1
20220806,25.1
20220807,25.1
20220808,21.0
20220810,17.9
20220811,20.8
20220812,22.9
20220816,19.9
20220817,22.6
20220818,22.9
20220820,20.2
20220823,16.5
20220828,14.9
20220902,15.7
20220903,18.1
20220908,16.6
20220909,18.8
20220911,20.2
20220916,18.6
20220917,19.6
20220921,11.2
20220922,8.1
20220925,10.1
20220926,13.0
20220930,16.2
20221002,17.2
20221007,4.6
20221008,8.5
20221009,4.5
20221011,1.9
20221012,3.9
20221013,7.6
20221015,9.1
20221019,1.6
20221021,6.9
20221025,6.6
20221026,9.5
20221029,10.6
20221101,0.9
20221102,4.4
20221105,-0.7
20221108,0.0
20221110,5.5
20221111,7.1
20221118,2.7
20221127,-0.6
20221129,-10.8
20221207,-7.6
20221220,-10.1
20221222,-10.0
20221223,-10.0
20230112,-5.1
20230126,-15.5
20230127,-10.1
20230205,-7.3
20230211,-4.6
20230217,-4.0
20230218,-4.1
20230219,-4.1
20230226,-4.4
20230307,3.9
20230310,4.7
20230313,-0.1
20230316,-1.5
20230319,1.5
20230320,5.3
20230321,7.0
20230324,3.6
20230326,0.2
20230331,9.1
20230401,10.6
20230403,12.3
20230405,7.1
20230409,7.1
20230410,10.9
20230412,6.8
20230413,10.3
20230416,4.8
20230419,10.1
20230421,6.9
20230424,5.1
20230426,2.6
20230429,5.6
20230501,10.3
20230504,15.6
20230509,12.3
20230513,11.6
20230515,17.3
20230518,14.4
20230520,17.5
20230523,13.8
20230524,18.9
20230526,16.2
20230527,17.9
20230528,17.8
20230529,18.6
20230601,16.5
20230603,17.0
20230609,17.2
20230613,17.3
20230621,19.6
20230622,21.9
20230627,21.5
20230629,20.1
20230630,22.4
20230702,24.3
20230706,21.6
20230713,22.2
20230714,22.8
20230716,23.4
20230723,20.3
20230725,22.0
20230726,23.1
20230728,24.0
20230730,22.9
20230731,22.9
20230801,24.8
20230802,25.7
20230803,26.7
20230808,24.4
20230809,25.5
20230815,24.2
20230817,23.7
20230826,19.5
20230830,18.1
20230904,21.4
20230906,22.9
20230907,23.9
20230909,19.7
20230910,19.6
20230913,15.9
20230915,16.5
20230916,19.1
20230925,13.3
20230926,15.3
20230928,10.5
20231001,9.0
20231003,11.6
20231005,6.8
20231007,9.9
20231011,9.4
20231017,8.1
20231018,9.9
20231022,4.3
20231023,6.3
20231027,6.0
20231028,7.4
20231030,9.5
20231101,10.8
20231104,9.7
20231107,-2.3
20231111,-2.6
20231114,-4.5
20231115,-2.7
20231116,0.5
20231118,-4.0
20231121,0.0
20231212,-8.4
20231221,-14.3
20231223,-13.1
20231225,-12.0
20240102,-7.0
20240105,-5.6
20240108,-9.6
20240110,-9.1
20240119,-5.2
20240123,-9.9
20240124,-8.3
20240125,-6.1
20240131,-6.0
20240213,-3.1
20240215,-4.2
20240218,-0.1
20240221,-5.7
20240223,-6.5
20240301,-8.1
20240304,-3.1
20240310,-1.3
20240315,5.6
20240320,-0.9
20240323,7.4
20240325,5.7
20240326,5.7
20240327,6.6
20240401,7.2
20240402,9.3
20240405,4.4
20240408,10.0
20240411,6.6
20240412,9.5
20240413,14.9
20240415,8.0
20240417,8.9
20240418,12.3
20240419,13.9
20240422,11.8
20240424,7.4
20240425,12.7
20240503,10.9
20240504,12.8
20240508,13.1
20240509,14.9
20240513,11.6
20240516,11.1
20240518,19.2
20240522,16.9
20240523,18.8
20240527,12.6
20240528,14.2
20240601,15.2
20240603,17.2
20240604,19.2
20240606,18.5
20240608,16.0
20240609,19.9
20240613,20.8
20240616,19.6
20240618,22.7
20240621,20.9
20240622,20.9
20240625,18.8
20240626,22.5
20240628,22.7
20240630,20.8
20240701,20.8
20240703,16.4
20240704,21.2
20240705,22.4
20240708,22.2
20240710,22.8
20240711,24.2
20240713,20.9
20240714,20.9
20240720,22.8
20240722,23.8
20240723,25.1
20240726,24.3
20240728,25.8
20240730,24.6
20240801,24.5
20240802,24.8
20240803,24.8
20240805,22.1
20240806,24.9
20240807,23.0
20240808,23.0
20240811,23.0
20240813,22.8
20240814,23.7
20240815,25.0
20240816,23.2
20240819,23.3
20240822,23.3
20240824,21.5
20240826,18.3
20240827,17.9
20240828,18.1
20240829,19.2
20240830,21.2
20240903,18.9
20240907,18.8
20240908,18.8
20240909,20.7
20240912,16.9
20240913,18.4
20240916,17.9
20240917,18.9
20240923,10.0
20240924,11.7
20240926,15.9
20241002,5.0
20241003,5.7
20241004,7.5
20241005,8.7
20241007,7.8
20241008,7.6
20241009,12.0
20241011,6.0
20241012,9.4
20241013,13.4
20241016,12.1
20241017,13.3
20241020,-0.7
20241021,1.1
20241023,2.3
20241024,4.5
20241025,6.7
20241028,2.7
20241030,5.9
20241102,7.7
20241106,0.0
20241107,1.9
20241109,4.0
20241112,4.3
20241124,4.8
20241127,-4.7
20241128,-3.6
20241207,-6.1
20241209,-7.7
20241210,-5.9
20241212,-4.7
20241213,-6.6
20241214,-6.6
20250105,-5.7
20250106,-3.3
20250111,-7.5
20250114,-9.0
20250115,-9.0
20250131,-8.1
20250206,-12.1
20250207,-12.1
20250215,-4.3
20250220,-5.4
20250224,-7.5
20250228,-2.2
20250301,2.0
20250303,-3.3
20250306,-0.2
20250309,1.8
20250313,3.9
20250314,3.6
20250316,-4.2
20250317,-2.5
20250318,-3.0
20250319,-0.3
20250321,7.1
20250322,11.1
20250323,13.6
20250324,7.2
20250326,5.7
20250328,0.7
20250404,8.5
20250408,8.4
20250410,8.9
20250413,7.3
20250415,7.6
20250417,12.7
20250419,10.2
20250420,11.2
20250425,6.2
20250426,10.6
20250429,9.1
20250430,8.4
20250501,8.4
20250506,9.6
20250507,12.5
20250511,9.0
20250512,14.8
20250514,14.7
20250518,10.4
20250519,14.2
20250520,19.1
20250522,12.8
20250523,10.4
20250524,10.4
20250526,13.5
20250530,18.7
20250602,13.3
20250604,13.3
20250605,20.0
20250608,18.0
20250611,18.5
20250612,23.0
20250615,16.9
20250616,16.9
20250617,18.6
20250621,18.7
20250622,19.8
20250628,22.6
20250629,22.6
20250630,23.7
20250701,23.9
20250702,23.9
20250703,24.7
20250708,24.6
20250709,23.4
20250711,25.0
20250716,21.2
20250717,22.5
20250718,24.4
20250721,23.2
20250722,24.1
20250725,24.2
20250726,24.5
20250728,22.9
20250801,23.4
20250803,24.9
20250804,25.7
20250805,25.7
20250806,23.0
20250807,23.0
20250810,22.1
20250816,22.4
20250817,22.4
20250819,23.0
20250820,22.8
20250822,23.4
